#
# There is insufficient memory for the Java Runtime Environment to continue.
# Native memory allocation (mmap) failed to map 160432128 bytes. Error detail: G1 virtual space
# Possible reasons:
#   The system is out of physical RAM or swap space
#   This process is running with CompressedOops enabled, and the Java Heap may be blocking the growth of the native heap
# Possible solutions:
#   Reduce memory load on the system
#   Increase physical memory or swap space
#   Check if swap backing store is full
#   Decrease Java heap size (-Xmx/-Xms)
#   Decrease number of Java threads
#   Decrease Java thread stack sizes (-Xss)
#   Set larger code cache with -XX:ReservedCodeCacheSize=
#   JVM is running with Unscaled Compressed Oops mode in which the Java heap is
#     placed in the first 4GB address space. The Java Heap base address is the
#     maximum limit for the native heap growth. Please use -XX:HeapBaseMinAddress
#     to set the Java Heap base and to place the Java Heap above 4GB virtual address.
# This output file may be truncated or incomplete.
#
#  Out of Memory Error (os_windows.cpp:3926), pid=4104, tid=19756
#
# JRE version: OpenJDK Runtime Environment (21.0.10) (build 21.0.10+-14961533-b1163.108)
# Java VM: OpenJDK 64-Bit Server VM (21.0.10+-14961533-b1163.108, mixed mode, tiered, compressed oops, compressed class ptrs, g1 gc, windows-amd64)
# No core dump will be written. Minidumps are not enabled by default on client versions of Windows
#

---------------  S U M M A R Y ------------

Command Line: --add-opens=java.base/java.lang=ALL-UNNAMED --add-opens=java.base/java.lang.invoke=ALL-UNNAMED --add-opens=java.base/java.util=ALL-UNNAMED --add-opens=java.prefs/java.util.prefs=ALL-UNNAMED --add-exports=jdk.compiler/com.sun.tools.javac.api=ALL-UNNAMED --add-exports=jdk.compiler/com.sun.tools.javac.util=ALL-UNNAMED --add-opens=java.base/java.util=ALL-UNNAMED --add-opens=java.prefs/java.util.prefs=ALL-UNNAMED --add-opens=java.base/java.nio.charset=ALL-UNNAMED --add-opens=java.base/java.net=ALL-UNNAMED --add-opens=java.base/java.util.concurrent=ALL-UNNAMED --add-opens=java.base/java.util.concurrent.atomic=ALL-UNNAMED --add-opens=java.xml/javax.xml.namespace=ALL-UNNAMED --add-opens=java.base/java.time=ALL-UNNAMED -Xmx2048m -Dfile.encoding=UTF-8 -Duser.country=US -Duser.language=en -Duser.variant -javaagent:C:\Users\Kabo\.gradle\wrapper\dists\gradle-9.3.1-bin\23ovyewtku6u96viwx3xl3oks\gradle-9.3.1\lib\agents\gradle-instrumentation-agent-9.3.1.jar org.gradle.launcher.daemon.bootstrap.GradleDaemon 9.3.1

Host: AMD Ryzen 5 5500U with Radeon Graphics         , 12 cores, 7G,  Windows 11 , 64 bit Build 26100 (10.0.26100.8521)
Time: Fri Jun 26 14:13:52 2026 Egypt Daylight Time elapsed time: 35.850082 seconds (0d 0h 0m 35s)

---------------  T H R E A D  ---------------

Current thread (0x0000020bfd6e6c30):  VMThread "VM Thread"          [id=19756, stack(0x0000001f54b00000,0x0000001f54c00000) (1024K)]

Stack: [0x0000001f54b00000,0x0000001f54c00000]
Native frames: (J=compiled Java code, j=interpreted, Vv=VM code, C=native code)
V  [jvm.dll+0x6d78a9]
V  [jvm.dll+0x8665b3]
V  [jvm.dll+0x868bde]
V  [jvm.dll+0x8692c3]
V  [jvm.dll+0x280ee6]
V  [jvm.dll+0x6d4165]
V  [jvm.dll+0x6c77fa]
V  [jvm.dll+0x358f4b]
V  [jvm.dll+0x360bc6]
V  [jvm.dll+0x3b2ea6]
V  [jvm.dll+0x3b3178]
V  [jvm.dll+0x32b65c]
V  [jvm.dll+0x32b6e7]
V  [jvm.dll+0x3715cc]
V  [jvm.dll+0x36fd7e]
V  [jvm.dll+0x32adb1]
V  [jvm.dll+0x36f480]
V  [jvm.dll+0x86f048]
V  [jvm.dll+0x870394]
V  [jvm.dll+0x8708d0]
V  [jvm.dll+0x870b63]
V  [jvm.dll+0x80fd28]
V  [jvm.dll+0x6d60fd]
C  [ucrtbase.dll+0x2cd30]
C  [KERNEL32.DLL+0x2e957]
C  [ntdll.dll+0x87c1c]

VM_Operation (0x0000001f5b8faa40): G1CollectForAllocation, mode: safepoint, requested by thread 0x0000020bad9a4880


---------------  P R O C E S S  ---------------

Threads class SMR info:
_java_thread_list=0x0000020b97d188a0, length=108, elements={
0x0000020bf2696550, 0x0000020bfd72e510, 0x0000020bfd73da40, 0x0000020bfd746a40,
0x0000020bfd732e80, 0x0000020bfd7338e0, 0x0000020bfd734340, 0x0000020bfd79f060,
0x0000020bfd7a9610, 0x0000020bfd7aa0b0, 0x0000020bfdb0def0, 0x0000020b9361cbb0,
0x0000020b938f3a50, 0x0000020bfec529c0, 0x0000020bff1bf770, 0x0000020b93e11e60,
0x0000020b93e0f070, 0x0000020b93e0f700, 0x0000020b93e10ab0, 0x0000020b93e0fd90,
0x0000020b93e11140, 0x0000020b93e10420, 0x0000020b93e117d0, 0x0000020b93e124f0,
0x0000020b943ead80, 0x0000020b943eb410, 0x0000020b943ee890, 0x0000020b943ebaa0,
0x0000020b943ef5b0, 0x0000020b943ece50, 0x0000020b943eef20, 0x0000020b943ed4e0,
0x0000020b943ec130, 0x0000020b943efc40, 0x0000020b943f02d0, 0x0000020b943f23a0,
0x0000020b943f0960, 0x0000020b943f1d10, 0x0000020b943f0ff0, 0x0000020b943f1680,
0x0000020b95455fa0, 0x0000020b95454560, 0x0000020b95455280, 0x0000020b95453840,
0x0000020b95456630, 0x0000020b95456cc0, 0x0000020b95457350, 0x0000020b95453ed0,
0x0000020b95458070, 0x0000020b95458700, 0x0000020b95458d90, 0x0000020b95455910,
0x0000020b9545ae60, 0x0000020b9545a140, 0x0000020b95459420, 0x0000020b95459ab0,
0x0000020b9545a7d0, 0x0000020b94e05880, 0x0000020b94e04b60, 0x0000020b94e044d0,
0x0000020b94e037b0, 0x0000020b94e051f0, 0x0000020b94e02400, 0x0000020b94e05f10,
0x0000020b94e02a90, 0x0000020b94e03e40, 0x0000020b94e065a0, 0x0000020b94e03120,
0x0000020b94e09a20, 0x0000020b94e072c0, 0x0000020b975facf0, 0x0000020b975fe800,
0x0000020b975fba10, 0x0000020baaf3d1e0, 0x0000020bad8bd350, 0x0000020baaf34180,
0x0000020baaf35530, 0x0000020baaf35bc0, 0x0000020baaf33460, 0x0000020baaf36250,
0x0000020baaf368e0, 0x0000020baaf36f70, 0x0000020baaf33af0, 0x0000020baaf37600,
0x0000020baaf37c90, 0x0000020baaf34810, 0x0000020baaf39040, 0x0000020baaf39d60,
0x0000020baaf396d0, 0x0000020baaf3a3f0, 0x0000020baaf3aa80, 0x0000020baaf38320,
0x0000020baaf3b110, 0x0000020baaf3b7a0, 0x0000020baaf3df00, 0x0000020baaf3be30,
0x0000020baaf3f940, 0x0000020bad9a4880, 0x0000020bad9a41f0, 0x0000020bad9a34d0,
0x0000020bad9a3b60, 0x0000020bad9a1400, 0x0000020bad9a7d00, 0x0000020bad9a6950,
0x0000020bad9a8390, 0x0000020bad9a6fe0, 0x0000020bad9a7670, 0x0000020bad9a4f10
}

Java Threads: ( => current thread )
  0x0000020bf2696550 JavaThread "main"                              [_thread_blocked, id=18488, stack(0x0000001f54400000,0x0000001f54500000) (1024K)]
  0x0000020bfd72e510 JavaThread "Common-Cleaner"             daemon [_thread_blocked, id=20944, stack(0x0000001f54c00000,0x0000001f54d00000) (1024K)]
  0x0000020bfd73da40 JavaThread "Reference Handler"          daemon [_thread_blocked, id=14752, stack(0x0000001f54d00000,0x0000001f54e00000) (1024K)]
  0x0000020bfd746a40 JavaThread "Finalizer"                  daemon [_thread_blocked, id=2624, stack(0x0000001f54e00000,0x0000001f54f00000) (1024K)]
  0x0000020bfd732e80 JavaThread "Signal Dispatcher"          daemon [_thread_blocked, id=9140, stack(0x0000001f54f00000,0x0000001f55000000) (1024K)]
  0x0000020bfd7338e0 JavaThread "Attach Listener"            daemon [_thread_blocked, id=17344, stack(0x0000001f55000000,0x0000001f55100000) (1024K)]
  0x0000020bfd734340 JavaThread "Service Thread"             daemon [_thread_blocked, id=12960, stack(0x0000001f55100000,0x0000001f55200000) (1024K)]
  0x0000020bfd79f060 JavaThread "Monitor Deflation Thread"   daemon [_thread_blocked, id=6876, stack(0x0000001f55200000,0x0000001f55300000) (1024K)]
  0x0000020bfd7a9610 JavaThread "C2 CompilerThread0"         daemon [_thread_blocked, id=10216, stack(0x0000001f55300000,0x0000001f55400000) (1024K)]
  0x0000020bfd7aa0b0 JavaThread "C1 CompilerThread0"         daemon [_thread_blocked, id=17136, stack(0x0000001f55400000,0x0000001f55500000) (1024K)]
  0x0000020bfdb0def0 JavaThread "Notification Thread"        daemon [_thread_blocked, id=8244, stack(0x0000001f55500000,0x0000001f55600000) (1024K)]
  0x0000020b9361cbb0 JavaThread "Daemon health stats"               [_thread_blocked, id=10440, stack(0x0000001f55f00000,0x0000001f56000000) (1024K)]
  0x0000020b938f3a50 JavaThread "Incoming local TCP Connector on port 58289"        [_thread_in_native, id=7996, stack(0x0000001f56000000,0x0000001f56100000) (1024K)]
  0x0000020bfec529c0 JavaThread "Daemon periodic checks"            [_thread_blocked, id=14740, stack(0x0000001f56100000,0x0000001f56200000) (1024K)]
  0x0000020bff1bf770 JavaThread "Daemon"                            [_thread_blocked, id=21628, stack(0x0000001f56200000,0x0000001f56300000) (1024K)]
  0x0000020b93e11e60 JavaThread "Handler for socket connection from /127.0.0.1:58289 to /127.0.0.1:58290"        [_thread_in_native, id=14768, stack(0x0000001f56300000,0x0000001f56400000) (1024K)]
  0x0000020b93e0f070 JavaThread "Cancel handler"                    [_thread_blocked, id=16404, stack(0x0000001f56700000,0x0000001f56800000) (1024K)]
  0x0000020b93e0f700 JavaThread "Daemon worker"                     [_thread_blocked, id=16576, stack(0x0000001f56800000,0x0000001f56900000) (1024K)]
  0x0000020b93e10ab0 JavaThread "Asynchronous log dispatcher for DefaultDaemonConnection: socket connection from /127.0.0.1:58289 to /127.0.0.1:58290"        [_thread_blocked, id=20832, stack(0x0000001f56900000,0x0000001f56a00000) (1024K)]
  0x0000020b93e0fd90 JavaThread "Stdin handler"                     [_thread_blocked, id=10212, stack(0x0000001f56a00000,0x0000001f56b00000) (1024K)]
  0x0000020b93e11140 JavaThread "Daemon client event forwarder"        [_thread_blocked, id=17772, stack(0x0000001f56b00000,0x0000001f56c00000) (1024K)]
  0x0000020b93e10420 JavaThread "Cache worker for journal cache (C:\Users\Kabo\.gradle\caches\journal-1)"        [_thread_blocked, id=6908, stack(0x0000001f56c00000,0x0000001f56d00000) (1024K)]
  0x0000020b93e117d0 JavaThread "File lock request listener"        [_thread_in_native, id=12192, stack(0x0000001f56d00000,0x0000001f56e00000) (1024K)]
  0x0000020b93e124f0 JavaThread "Cache worker for file hash cache (C:\Users\Kabo\.gradle\caches\9.3.1\fileHashes)"        [_thread_blocked, id=20900, stack(0x0000001f56e00000,0x0000001f56f00000) (1024K)]
  0x0000020b943ead80 JavaThread "Cache worker for file hash cache (D:\Depi\android_projects\24_Makany\.gradle\9.3.1\fileHashes)"        [_thread_blocked, id=2900, stack(0x0000001f56f00000,0x0000001f57000000) (1024K)]
  0x0000020b943eb410 JavaThread "Cache worker for Build Output Cleanup Cache (D:\Depi\android_projects\24_Makany\.gradle\buildOutputCleanup)"        [_thread_blocked, id=26456, stack(0x0000001f57000000,0x0000001f57100000) (1024K)]
  0x0000020b943ee890 JavaThread "File watcher server"        daemon [_thread_in_native, id=7108, stack(0x0000001f57100000,0x0000001f57200000) (1024K)]
  0x0000020b943ebaa0 JavaThread "File watcher consumer"      daemon [_thread_blocked, id=24612, stack(0x0000001f57200000,0x0000001f57300000) (1024K)]
  0x0000020b943ef5b0 JavaThread "jar transforms"                    [_thread_blocked, id=26640, stack(0x0000001f57300000,0x0000001f57400000) (1024K)]
  0x0000020b943ece50 JavaThread "jar transforms Thread 2"           [_thread_blocked, id=17704, stack(0x0000001f57400000,0x0000001f57500000) (1024K)]
  0x0000020b943eef20 JavaThread "jar transforms Thread 3"           [_thread_blocked, id=27628, stack(0x0000001f57500000,0x0000001f57600000) (1024K)]
  0x0000020b943ed4e0 JavaThread "jar transforms Thread 4"           [_thread_blocked, id=4520, stack(0x0000001f57600000,0x0000001f57700000) (1024K)]
  0x0000020b943ec130 JavaThread "jar transforms Thread 5"           [_thread_blocked, id=25828, stack(0x0000001f57700000,0x0000001f57800000) (1024K)]
  0x0000020b943efc40 JavaThread "jar transforms Thread 6"           [_thread_blocked, id=16288, stack(0x0000001f57800000,0x0000001f57900000) (1024K)]
  0x0000020b943f02d0 JavaThread "jar transforms Thread 7"           [_thread_blocked, id=25412, stack(0x0000001f57900000,0x0000001f57a00000) (1024K)]
  0x0000020b943f23a0 JavaThread "jar transforms Thread 8"           [_thread_blocked, id=24336, stack(0x0000001f57a00000,0x0000001f57b00000) (1024K)]
  0x0000020b943f0960 JavaThread "jar transforms Thread 9"           [_thread_blocked, id=10920, stack(0x0000001f57b00000,0x0000001f57c00000) (1024K)]
  0x0000020b943f1d10 JavaThread "jar transforms Thread 10"          [_thread_blocked, id=22372, stack(0x0000001f57c00000,0x0000001f57d00000) (1024K)]
  0x0000020b943f0ff0 JavaThread "jar transforms Thread 11"          [_thread_blocked, id=19216, stack(0x0000001f57d00000,0x0000001f57e00000) (1024K)]
  0x0000020b943f1680 JavaThread "jar transforms Thread 12"          [_thread_blocked, id=15988, stack(0x0000001f57e00000,0x0000001f57f00000) (1024K)]
  0x0000020b95455fa0 JavaThread "Cache worker for checksums cache (D:\Depi\android_projects\24_Makany\.gradle\9.3.1\checksums)"        [_thread_blocked, id=17592, stack(0x0000001f57f00000,0x0000001f58000000) (1024K)]
  0x0000020b95454560 JavaThread "Cache worker for file content cache (C:\Users\Kabo\.gradle\caches\9.3.1\fileContent)"        [_thread_blocked, id=15316, stack(0x0000001f58000000,0x0000001f58100000) (1024K)]
  0x0000020b95455280 JavaThread "Cache worker for cache directory md-supplier (C:\Users\Kabo\.gradle\caches\9.3.1\md-supplier)"        [_thread_blocked, id=17672, stack(0x0000001f58100000,0x0000001f58200000) (1024K)]
  0x0000020b95453840 JavaThread "Cache worker for cache directory md-rule (C:\Users\Kabo\.gradle\caches\9.3.1\md-rule)"        [_thread_blocked, id=11588, stack(0x0000001f58200000,0x0000001f58300000) (1024K)]
  0x0000020b95456630 JavaThread "Unconstrained build operations"        [_thread_blocked, id=22140, stack(0x0000001f58300000,0x0000001f58400000) (1024K)]
  0x0000020b95456cc0 JavaThread "Unconstrained build operations Thread 2"        [_thread_blocked, id=20228, stack(0x0000001f58400000,0x0000001f58500000) (1024K)]
  0x0000020b95457350 JavaThread "Unconstrained build operations Thread 3"        [_thread_blocked, id=16240, stack(0x0000001f58500000,0x0000001f58600000) (1024K)]
  0x0000020b95453ed0 JavaThread "Unconstrained build operations Thread 4"        [_thread_blocked, id=21480, stack(0x0000001f58600000,0x0000001f58700000) (1024K)]
  0x0000020b95458070 JavaThread "Unconstrained build operations Thread 5"        [_thread_blocked, id=22200, stack(0x0000001f58700000,0x0000001f58800000) (1024K)]
  0x0000020b95458700 JavaThread "Unconstrained build operations Thread 6"        [_thread_blocked, id=10192, stack(0x0000001f58800000,0x0000001f58900000) (1024K)]
  0x0000020b95458d90 JavaThread "Unconstrained build operations Thread 7"        [_thread_blocked, id=11924, stack(0x0000001f58900000,0x0000001f58a00000) (1024K)]
  0x0000020b95455910 JavaThread "Unconstrained build operations Thread 8"        [_thread_blocked, id=26344, stack(0x0000001f58a00000,0x0000001f58b00000) (1024K)]
  0x0000020b9545ae60 JavaThread "Unconstrained build operations Thread 9"        [_thread_blocked, id=9296, stack(0x0000001f58b00000,0x0000001f58c00000) (1024K)]
  0x0000020b9545a140 JavaThread "Unconstrained build operations Thread 10"        [_thread_blocked, id=26972, stack(0x0000001f58c00000,0x0000001f58d00000) (1024K)]
  0x0000020b95459420 JavaThread "Unconstrained build operations Thread 11"        [_thread_blocked, id=18960, stack(0x0000001f58d00000,0x0000001f58e00000) (1024K)]
  0x0000020b95459ab0 JavaThread "Unconstrained build operations Thread 12"        [_thread_blocked, id=20288, stack(0x0000001f58e00000,0x0000001f58f00000) (1024K)]
  0x0000020b9545a7d0 JavaThread "Unconstrained build operations Thread 13"        [_thread_blocked, id=21564, stack(0x0000001f58f00000,0x0000001f59000000) (1024K)]
  0x0000020b94e05880 JavaThread "Unconstrained build operations Thread 14"        [_thread_blocked, id=4128, stack(0x0000001f59000000,0x0000001f59100000) (1024K)]
  0x0000020b94e04b60 JavaThread "Unconstrained build operations Thread 15"        [_thread_blocked, id=16580, stack(0x0000001f59100000,0x0000001f59200000) (1024K)]
  0x0000020b94e044d0 JavaThread "Unconstrained build operations Thread 16"        [_thread_blocked, id=14532, stack(0x0000001f59200000,0x0000001f59300000) (1024K)]
  0x0000020b94e037b0 JavaThread "Unconstrained build operations Thread 17"        [_thread_blocked, id=22736, stack(0x0000001f59300000,0x0000001f59400000) (1024K)]
  0x0000020b94e051f0 JavaThread "Unconstrained build operations Thread 18"        [_thread_blocked, id=16856, stack(0x0000001f59400000,0x0000001f59500000) (1024K)]
  0x0000020b94e02400 JavaThread "Unconstrained build operations Thread 19"        [_thread_blocked, id=26532, stack(0x0000001f59500000,0x0000001f59600000) (1024K)]
  0x0000020b94e05f10 JavaThread "Unconstrained build operations Thread 20"        [_thread_blocked, id=23732, stack(0x0000001f59600000,0x0000001f59700000) (1024K)]
  0x0000020b94e02a90 JavaThread "Unconstrained build operations Thread 21"        [_thread_blocked, id=18804, stack(0x0000001f59700000,0x0000001f59800000) (1024K)]
  0x0000020b94e03e40 JavaThread "Unconstrained build operations Thread 22"        [_thread_blocked, id=20896, stack(0x0000001f59800000,0x0000001f59900000) (1024K)]
  0x0000020b94e065a0 JavaThread "Unconstrained build operations Thread 23"        [_thread_blocked, id=27612, stack(0x0000001f59900000,0x0000001f59a00000) (1024K)]
  0x0000020b94e03120 JavaThread "Unconstrained build operations Thread 24"        [_thread_blocked, id=20204, stack(0x0000001f59a00000,0x0000001f59b00000) (1024K)]
  0x0000020b94e09a20 JavaThread "Unconstrained build operations Thread 25"        [_thread_blocked, id=24268, stack(0x0000001f59b00000,0x0000001f59c00000) (1024K)]
  0x0000020b94e072c0 JavaThread "Unconstrained build operations Thread 26"        [_thread_blocked, id=11072, stack(0x0000001f59c00000,0x0000001f59d00000) (1024K)]
  0x0000020b975facf0 JavaThread "Unconstrained build operations Thread 27"        [_thread_blocked, id=24584, stack(0x0000001f59d00000,0x0000001f59e00000) (1024K)]
  0x0000020b975fe800 JavaThread "Unconstrained build operations Thread 28"        [_thread_blocked, id=18020, stack(0x0000001f59e00000,0x0000001f59f00000) (1024K)]
  0x0000020b975fba10 JavaThread "Unconstrained build operations Thread 29"        [_thread_blocked, id=19096, stack(0x0000001f59f00000,0x0000001f5a000000) (1024K)]
  0x0000020baaf3d1e0 JavaThread "Kotlin DSL Writer"                 [_thread_blocked, id=14820, stack(0x0000001f5a100000,0x0000001f5a200000) (1024K)]
  0x0000020bad8bd350 JavaThread "C2 CompilerThread1"         daemon [_thread_blocked, id=21884, stack(0x0000001f5a000000,0x0000001f5a100000) (1024K)]
  0x0000020baaf34180 JavaThread "Unconstrained build operations Thread 30"        [_thread_blocked, id=27404, stack(0x0000001f5a200000,0x0000001f5a300000) (1024K)]
  0x0000020baaf35530 JavaThread "Unconstrained build operations Thread 31"        [_thread_blocked, id=26916, stack(0x0000001f5a300000,0x0000001f5a400000) (1024K)]
  0x0000020baaf35bc0 JavaThread "Unconstrained build operations Thread 32"        [_thread_blocked, id=19564, stack(0x0000001f5a400000,0x0000001f5a500000) (1024K)]
  0x0000020baaf33460 JavaThread "Unconstrained build operations Thread 33"        [_thread_blocked, id=25804, stack(0x0000001f5a500000,0x0000001f5a600000) (1024K)]
  0x0000020baaf36250 JavaThread "Unconstrained build operations Thread 34"        [_thread_blocked, id=5116, stack(0x0000001f5a600000,0x0000001f5a700000) (1024K)]
  0x0000020baaf368e0 JavaThread "Unconstrained build operations Thread 35"        [_thread_blocked, id=24032, stack(0x0000001f5a700000,0x0000001f5a800000) (1024K)]
  0x0000020baaf36f70 JavaThread "Unconstrained build operations Thread 36"        [_thread_blocked, id=8336, stack(0x0000001f5a800000,0x0000001f5a900000) (1024K)]
  0x0000020baaf33af0 JavaThread "Unconstrained build operations Thread 37"        [_thread_blocked, id=25220, stack(0x0000001f5a900000,0x0000001f5aa00000) (1024K)]
  0x0000020baaf37600 JavaThread "Unconstrained build operations Thread 38"        [_thread_blocked, id=1520, stack(0x0000001f5aa00000,0x0000001f5ab00000) (1024K)]
  0x0000020baaf37c90 JavaThread "Unconstrained build operations Thread 39"        [_thread_blocked, id=19012, stack(0x0000001f5ab00000,0x0000001f5ac00000) (1024K)]
  0x0000020baaf34810 JavaThread "Unconstrained build operations Thread 40"        [_thread_blocked, id=20768, stack(0x0000001f5ac00000,0x0000001f5ad00000) (1024K)]
  0x0000020baaf39040 JavaThread "Unconstrained build operations Thread 41"        [_thread_blocked, id=23872, stack(0x0000001f5ad00000,0x0000001f5ae00000) (1024K)]
  0x0000020baaf39d60 JavaThread "Unconstrained build operations Thread 42"        [_thread_blocked, id=10176, stack(0x0000001f5ae00000,0x0000001f5af00000) (1024K)]
  0x0000020baaf396d0 JavaThread "Unconstrained build operations Thread 43"        [_thread_blocked, id=25484, stack(0x0000001f5af00000,0x0000001f5b000000) (1024K)]
  0x0000020baaf3a3f0 JavaThread "Unconstrained build operations Thread 44"        [_thread_blocked, id=10000, stack(0x0000001f5b000000,0x0000001f5b100000) (1024K)]
  0x0000020baaf3aa80 JavaThread "Unconstrained build operations Thread 45"        [_thread_blocked, id=22476, stack(0x0000001f5b100000,0x0000001f5b200000) (1024K)]
  0x0000020baaf38320 JavaThread "Unconstrained build operations Thread 46"        [_thread_blocked, id=15792, stack(0x0000001f5b200000,0x0000001f5b300000) (1024K)]
  0x0000020baaf3b110 JavaThread "Unconstrained build operations Thread 47"        [_thread_blocked, id=13340, stack(0x0000001f5b300000,0x0000001f5b400000) (1024K)]
  0x0000020baaf3b7a0 JavaThread "Unconstrained build operations Thread 48"        [_thread_blocked, id=17656, stack(0x0000001f5b400000,0x0000001f5b500000) (1024K)]
  0x0000020baaf3df00 JavaThread "Unconstrained build operations Thread 49"        [_thread_blocked, id=17608, stack(0x0000001f5b500000,0x0000001f5b600000) (1024K)]
  0x0000020baaf3be30 JavaThread "Unconstrained build operations Thread 50"        [_thread_blocked, id=20068, stack(0x0000001f5b600000,0x0000001f5b700000) (1024K)]
  0x0000020baaf3f940 JavaThread "Unconstrained build operations Thread 51"        [_thread_blocked, id=26292, stack(0x0000001f5b700000,0x0000001f5b800000) (1024K)]
  0x0000020bad9a4880 JavaThread "Unconstrained build operations Thread 52"        [_thread_blocked, id=20668, stack(0x0000001f5b800000,0x0000001f5b900000) (1024K)]
  0x0000020bad9a41f0 JavaThread "Unconstrained build operations Thread 53"        [_thread_blocked, id=7396, stack(0x0000001f5b900000,0x0000001f5ba00000) (1024K)]
  0x0000020bad9a34d0 JavaThread "Unconstrained build operations Thread 54"        [_thread_blocked, id=19984, stack(0x0000001f5ba00000,0x0000001f5bb00000) (1024K)]
  0x0000020bad9a3b60 JavaThread "Unconstrained build operations Thread 55"        [_thread_blocked, id=2920, stack(0x0000001f5bb00000,0x0000001f5bc00000) (1024K)]
  0x0000020bad9a1400 JavaThread "Unconstrained build operations Thread 56"        [_thread_blocked, id=24632, stack(0x0000001f5bc00000,0x0000001f5bd00000) (1024K)]
  0x0000020bad9a7d00 JavaThread "Unconstrained build operations Thread 57"        [_thread_blocked, id=5520, stack(0x0000001f5bd00000,0x0000001f5be00000) (1024K)]
  0x0000020bad9a6950 JavaThread "Unconstrained build operations Thread 58"        [_thread_blocked, id=10160, stack(0x0000001f5be00000,0x0000001f5bf00000) (1024K)]
  0x0000020bad9a8390 JavaThread "Unconstrained build operations Thread 59"        [_thread_blocked, id=10204, stack(0x0000001f5bf00000,0x0000001f5c000000) (1024K)]
  0x0000020bad9a6fe0 JavaThread "Unconstrained build operations Thread 60"        [_thread_blocked, id=15168, stack(0x0000001f5c000000,0x0000001f5c100000) (1024K)]
  0x0000020bad9a7670 JavaThread "Unconstrained build operations Thread 61"        [_thread_blocked, id=15884, stack(0x0000001f5c100000,0x0000001f5c200000) (1024K)]
  0x0000020bad9a4f10 JavaThread "Unconstrained build operations Thread 62"        [_thread_blocked, id=17572, stack(0x0000001f5c200000,0x0000001f5c300000) (1024K)]
Total: 108

Other Threads:
=>0x0000020bfd6e6c30 VMThread "VM Thread"                           [id=19756, stack(0x0000001f54b00000,0x0000001f54c00000) (1024K)]
  0x0000020bfd521030 WatcherThread "VM Periodic Task Thread"        [id=12276, stack(0x0000001f54a00000,0x0000001f54b00000) (1024K)]
  0x0000020bf4a543c0 WorkerThread "GC Thread#0"                     [id=14736, stack(0x0000001f54500000,0x0000001f54600000) (1024K)]
  0x0000020bfdfdaa20 WorkerThread "GC Thread#1"                     [id=7768, stack(0x0000001f55700000,0x0000001f55800000) (1024K)]
  0x0000020bfe1efc10 WorkerThread "GC Thread#2"                     [id=10488, stack(0x0000001f55800000,0x0000001f55900000) (1024K)]
  0x0000020bfe634670 WorkerThread "GC Thread#3"                     [id=17084, stack(0x0000001f55900000,0x0000001f55a00000) (1024K)]
  0x0000020bfe534280 WorkerThread "GC Thread#4"                     [id=18252, stack(0x0000001f55a00000,0x0000001f55b00000) (1024K)]
  0x0000020bfea71050 WorkerThread "GC Thread#5"                     [id=26380, stack(0x0000001f55b00000,0x0000001f55c00000) (1024K)]
  0x0000020bfea71400 WorkerThread "GC Thread#6"                     [id=2496, stack(0x0000001f55c00000,0x0000001f55d00000) (1024K)]
  0x0000020bfea717b0 WorkerThread "GC Thread#7"                     [id=7164, stack(0x0000001f55d00000,0x0000001f55e00000) (1024K)]
  0x0000020b93b0d6f0 WorkerThread "GC Thread#8"                     [id=416, stack(0x0000001f55e00000,0x0000001f55f00000) (1024K)]
  0x0000020b93f0c8c0 WorkerThread "GC Thread#9"                     [id=16644, stack(0x0000001f56400000,0x0000001f56500000) (1024K)]
  0x0000020bf4a652c0 ConcurrentGCThread "G1 Main Marker"            [id=18224, stack(0x0000001f54600000,0x0000001f54700000) (1024K)]
  0x0000020bf4a66b20 WorkerThread "G1 Conc#0"                       [id=3524, stack(0x0000001f54700000,0x0000001f54800000) (1024K)]
  0x0000020b93f0d020 WorkerThread "G1 Conc#1"                       [id=25888, stack(0x0000001f56500000,0x0000001f56600000) (1024K)]
  0x0000020b93f0d780 WorkerThread "G1 Conc#2"                       [id=5688, stack(0x0000001f56600000,0x0000001f56700000) (1024K)]
  0x0000020bf4abe840 ConcurrentGCThread "G1 Refine#0"               [id=26644, stack(0x0000001f54800000,0x0000001f54900000) (1024K)]
  0x0000020bfd3ec810 ConcurrentGCThread "G1 Service"                [id=13504, stack(0x0000001f54900000,0x0000001f54a00000) (1024K)]
Total: 18

Threads with active compile tasks:
C2 CompilerThread0  35890 16447       4       java.util.stream.ReferencePipeline::collect (124 bytes)
C1 CompilerThread0  35890 16634       3       org.gradle.internal.classpath.generated.InterceptorDeclaration_ConfigCacheJvmBytecode::visitMethodInsn (4679 bytes)
C2 CompilerThread1  35890 16264       4       org.gradle.internal.classpath.types.ExternalPluginsInstrumentationTypeRegistry::computeAndCacheInstrumentedSuperTypes (39 bytes)
Total: 3

VM state: at safepoint (normal execution)

VM Mutex/Monitor currently owned by a thread:  ([mutex/lock_event])
[0x00007ffc423586d0] Threads_lock - owner thread: 0x0000020bfd6e6c30
[0x00007ffc423587d0] Heap_lock - owner thread: 0x0000020bad9a4880

Heap address: 0x0000000080000000, size: 2048 MB, Compressed Oops mode: 32-bit

CDS archive(s) not mapped
Compressed class space mapped at: 0x0000000100000000-0x0000000140000000, reserved size: 1073741824
Narrow klass base: 0x0000000000000000, Narrow klass shift: 3, Narrow klass range: 0x140000000

GC Precious Log:
 CardTable entry size: 512
 Card Set container configuration: InlinePtr #cards 5 size 8 Array Of Cards #cards 12 size 40 Howl #buckets 4 coarsen threshold 1843 Howl Bitmap #cards 512 size 80 coarsen threshold 460 Card regions per heap region 1 cards per card region 2048
 CPUs: 12 total, 12 available
 Memory: 7501M
 Large Page Support: Disabled
 NUMA Support: Disabled
 Compressed Oops: Enabled (32-bit)
 Heap Region Size: 1M
 Heap Min Capacity: 8M
 Heap Initial Capacity: 118M
 Heap Max Capacity: 2G
 Pre-touch: Disabled
 Parallel Workers: 10
 Concurrent Workers: 3
 Concurrent Refinement Workers: 10
 Periodic GC: Disabled

Heap:
 garbage-first heap   total 311296K, used 194560K [0x0000000080000000, 0x0000000100000000)
  region size 1024K, 8 young (8192K), 8 survivors (8192K)
 Metaspace       used 159628K, committed 161728K, reserved 1245184K
  class space    used 20806K, committed 21824K, reserved 1048576K

Heap Regions: E=young(eden), S=young(survivor), O=old, HS=humongous(starts), HC=humongous(continues), CS=collection set, F=free, TAMS=top-at-mark-start, PB=parsable bottom
|   0|0x0000000080000000, 0x0000000080100000, 0x0000000080100000|100%|HS|  |TAMS 0x0000000080100000| PB 0x0000000080000000| Complete 
|   1|0x0000000080100000, 0x0000000080200000, 0x0000000080200000|100%|HC|  |TAMS 0x0000000080200000| PB 0x0000000080100000| Complete 
|   2|0x0000000080200000, 0x0000000080300000, 0x0000000080300000|100%|HC|  |TAMS 0x0000000080300000| PB 0x0000000080200000| Complete 
|   3|0x0000000080300000, 0x0000000080400000, 0x0000000080400000|100%|HC|  |TAMS 0x0000000080400000| PB 0x0000000080300000| Complete 
|   4|0x0000000080400000, 0x0000000080500000, 0x0000000080500000|100%| O|  |TAMS 0x0000000080500000| PB 0x0000000080400000| Untracked 
|   5|0x0000000080500000, 0x0000000080600000, 0x0000000080600000|100%| O|  |TAMS 0x0000000080600000| PB 0x0000000080500000| Untracked 
|   6|0x0000000080600000, 0x0000000080700000, 0x0000000080700000|100%| O|  |TAMS 0x0000000080700000| PB 0x0000000080600000| Untracked 
|   7|0x0000000080700000, 0x0000000080800000, 0x0000000080800000|100%|HS|  |TAMS 0x0000000080800000| PB 0x0000000080700000| Complete 
|   8|0x0000000080800000, 0x0000000080900000, 0x0000000080900000|100%| O|  |TAMS 0x0000000080900000| PB 0x0000000080800000| Untracked 
|   9|0x0000000080900000, 0x0000000080a00000, 0x0000000080a00000|100%| O|  |TAMS 0x0000000080a00000| PB 0x0000000080900000| Untracked 
|  10|0x0000000080a00000, 0x0000000080b00000, 0x0000000080b00000|100%| O|  |TAMS 0x0000000080b00000| PB 0x0000000080a00000| Untracked 
|  11|0x0000000080b00000, 0x0000000080c00000, 0x0000000080c00000|100%| O|  |TAMS 0x0000000080c00000| PB 0x0000000080b00000| Untracked 
|  12|0x0000000080c00000, 0x0000000080d00000, 0x0000000080d00000|100%| O|  |TAMS 0x0000000080d00000| PB 0x0000000080c00000| Untracked 
|  13|0x0000000080d00000, 0x0000000080e00000, 0x0000000080e00000|100%| O|  |TAMS 0x0000000080e00000| PB 0x0000000080d00000| Untracked 
|  14|0x0000000080e00000, 0x0000000080f00000, 0x0000000080f00000|100%| O|  |TAMS 0x0000000080f00000| PB 0x0000000080e00000| Untracked 
|  15|0x0000000080f00000, 0x0000000081000000, 0x0000000081000000|100%| O|  |TAMS 0x0000000081000000| PB 0x0000000080f00000| Untracked 
|  16|0x0000000081000000, 0x0000000081100000, 0x0000000081100000|100%| O|  |TAMS 0x0000000081100000| PB 0x0000000081000000| Untracked 
|  17|0x0000000081100000, 0x0000000081200000, 0x0000000081200000|100%| O|  |TAMS 0x0000000081200000| PB 0x0000000081100000| Untracked 
|  18|0x0000000081200000, 0x0000000081300000, 0x0000000081300000|100%| O|  |TAMS 0x0000000081300000| PB 0x0000000081200000| Untracked 
|  19|0x0000000081300000, 0x0000000081400000, 0x0000000081400000|100%| O|  |TAMS 0x0000000081400000| PB 0x0000000081300000| Untracked 
|  20|0x0000000081400000, 0x0000000081500000, 0x0000000081500000|100%| O|  |TAMS 0x0000000081500000| PB 0x0000000081400000| Untracked 
|  21|0x0000000081500000, 0x0000000081600000, 0x0000000081600000|100%| O|  |TAMS 0x0000000081600000| PB 0x0000000081500000| Untracked 
|  22|0x0000000081600000, 0x0000000081700000, 0x0000000081700000|100%| O|  |TAMS 0x0000000081700000| PB 0x0000000081600000| Untracked 
|  23|0x0000000081700000, 0x0000000081800000, 0x0000000081800000|100%|HS|  |TAMS 0x0000000081800000| PB 0x0000000081700000| Complete 
|  24|0x0000000081800000, 0x0000000081900000, 0x0000000081900000|100%|HC|  |TAMS 0x0000000081900000| PB 0x0000000081800000| Complete 
|  25|0x0000000081900000, 0x0000000081a00000, 0x0000000081a00000|100%|HC|  |TAMS 0x0000000081a00000| PB 0x0000000081900000| Complete 
|  26|0x0000000081a00000, 0x0000000081b00000, 0x0000000081b00000|100%|HC|  |TAMS 0x0000000081b00000| PB 0x0000000081a00000| Complete 
|  27|0x0000000081b00000, 0x0000000081c00000, 0x0000000081c00000|100%|HC|  |TAMS 0x0000000081c00000| PB 0x0000000081b00000| Complete 
|  28|0x0000000081c00000, 0x0000000081d00000, 0x0000000081d00000|100%|HC|  |TAMS 0x0000000081d00000| PB 0x0000000081c00000| Complete 
|  29|0x0000000081d00000, 0x0000000081e00000, 0x0000000081e00000|100%|HS|  |TAMS 0x0000000081e00000| PB 0x0000000081d00000| Complete 
|  30|0x0000000081e00000, 0x0000000081f00000, 0x0000000081f00000|100%|HC|  |TAMS 0x0000000081f00000| PB 0x0000000081e00000| Complete 
|  31|0x0000000081f00000, 0x0000000082000000, 0x0000000082000000|100%|HS|  |TAMS 0x0000000082000000| PB 0x0000000081f00000| Complete 
|  32|0x0000000082000000, 0x0000000082100000, 0x0000000082100000|100%|HS|  |TAMS 0x0000000082100000| PB 0x0000000082000000| Complete 
|  33|0x0000000082100000, 0x0000000082200000, 0x0000000082200000|100%|HC|  |TAMS 0x0000000082200000| PB 0x0000000082100000| Complete 
|  34|0x0000000082200000, 0x0000000082300000, 0x0000000082300000|100%|HC|  |TAMS 0x0000000082300000| PB 0x0000000082200000| Complete 
|  35|0x0000000082300000, 0x0000000082400000, 0x0000000082400000|100%|HC|  |TAMS 0x0000000082400000| PB 0x0000000082300000| Complete 
|  36|0x0000000082400000, 0x0000000082500000, 0x0000000082500000|100%|HC|  |TAMS 0x0000000082500000| PB 0x0000000082400000| Complete 
|  37|0x0000000082500000, 0x0000000082600000, 0x0000000082600000|100%|HC|  |TAMS 0x0000000082600000| PB 0x0000000082500000| Complete 
|  38|0x0000000082600000, 0x0000000082700000, 0x0000000082700000|100%| O|  |TAMS 0x0000000082700000| PB 0x0000000082600000| Untracked 
|  39|0x0000000082700000, 0x0000000082800000, 0x0000000082800000|100%| O|  |TAMS 0x0000000082800000| PB 0x0000000082700000| Untracked 
|  40|0x0000000082800000, 0x0000000082900000, 0x0000000082900000|100%| O|  |TAMS 0x0000000082900000| PB 0x0000000082800000| Untracked 
|  41|0x0000000082900000, 0x0000000082a00000, 0x0000000082a00000|100%| O|  |TAMS 0x0000000082a00000| PB 0x0000000082900000| Untracked 
|  42|0x0000000082a00000, 0x0000000082b00000, 0x0000000082b00000|100%| O|  |TAMS 0x0000000082b00000| PB 0x0000000082a00000| Untracked 
|  43|0x0000000082b00000, 0x0000000082c00000, 0x0000000082c00000|100%| O|  |TAMS 0x0000000082c00000| PB 0x0000000082b00000| Untracked 
|  44|0x0000000082c00000, 0x0000000082d00000, 0x0000000082d00000|100%| O|  |TAMS 0x0000000082d00000| PB 0x0000000082c00000| Untracked 
|  45|0x0000000082d00000, 0x0000000082e00000, 0x0000000082e00000|100%| O|  |TAMS 0x0000000082e00000| PB 0x0000000082d00000| Untracked 
|  46|0x0000000082e00000, 0x0000000082f00000, 0x0000000082f00000|100%| O|  |TAMS 0x0000000082f00000| PB 0x0000000082e00000| Untracked 
|  47|0x0000000082f00000, 0x0000000083000000, 0x0000000083000000|100%| O|  |TAMS 0x0000000083000000| PB 0x0000000082f00000| Untracked 
|  48|0x0000000083000000, 0x0000000083100000, 0x0000000083100000|100%| O|  |TAMS 0x0000000083100000| PB 0x0000000083000000| Untracked 
|  49|0x0000000083100000, 0x0000000083200000, 0x0000000083200000|100%| O|  |TAMS 0x0000000083200000| PB 0x0000000083100000| Untracked 
|  50|0x0000000083200000, 0x0000000083300000, 0x0000000083300000|100%| O|  |TAMS 0x0000000083300000| PB 0x0000000083200000| Untracked 
|  51|0x0000000083300000, 0x0000000083400000, 0x0000000083400000|100%|HS|  |TAMS 0x0000000083400000| PB 0x0000000083300000| Complete 
|  52|0x0000000083400000, 0x0000000083500000, 0x0000000083500000|100%|HC|  |TAMS 0x0000000083500000| PB 0x0000000083400000| Complete 
|  53|0x0000000083500000, 0x0000000083600000, 0x0000000083600000|100%| O|  |TAMS 0x0000000083600000| PB 0x0000000083500000| Untracked 
|  54|0x0000000083600000, 0x0000000083700000, 0x0000000083700000|100%| O|  |TAMS 0x0000000083700000| PB 0x0000000083600000| Untracked 
|  55|0x0000000083700000, 0x0000000083800000, 0x0000000083800000|100%| O|  |TAMS 0x0000000083800000| PB 0x0000000083700000| Untracked 
|  56|0x0000000083800000, 0x0000000083900000, 0x0000000083900000|100%| O|  |TAMS 0x0000000083900000| PB 0x0000000083800000| Untracked 
|  57|0x0000000083900000, 0x0000000083a00000, 0x0000000083a00000|100%| O|  |TAMS 0x0000000083a00000| PB 0x0000000083900000| Untracked 
|  58|0x0000000083a00000, 0x0000000083b00000, 0x0000000083b00000|100%| O|  |TAMS 0x0000000083b00000| PB 0x0000000083a00000| Untracked 
|  59|0x0000000083b00000, 0x0000000083c00000, 0x0000000083c00000|100%| O|  |TAMS 0x0000000083c00000| PB 0x0000000083b00000| Untracked 
|  60|0x0000000083c00000, 0x0000000083d00000, 0x0000000083d00000|100%| O|  |TAMS 0x0000000083d00000| PB 0x0000000083c00000| Untracked 
|  61|0x0000000083d00000, 0x0000000083e00000, 0x0000000083e00000|100%| O|  |TAMS 0x0000000083e00000| PB 0x0000000083d00000| Untracked 
|  62|0x0000000083e00000, 0x0000000083f00000, 0x0000000083f00000|100%| O|  |TAMS 0x0000000083f00000| PB 0x0000000083e00000| Untracked 
|  63|0x0000000083f00000, 0x0000000084000000, 0x0000000084000000|100%| O|  |TAMS 0x0000000084000000| PB 0x0000000083f00000| Untracked 
|  64|0x0000000084000000, 0x0000000084100000, 0x0000000084100000|100%| O|  |TAMS 0x0000000084100000| PB 0x0000000084000000| Untracked 
|  65|0x0000000084100000, 0x0000000084200000, 0x0000000084200000|100%| O|  |TAMS 0x0000000084200000| PB 0x0000000084100000| Untracked 
|  66|0x0000000084200000, 0x0000000084300000, 0x0000000084300000|100%| O|  |TAMS 0x0000000084300000| PB 0x0000000084200000| Untracked 
|  67|0x0000000084300000, 0x0000000084400000, 0x0000000084400000|100%| O|  |TAMS 0x0000000084400000| PB 0x0000000084300000| Untracked 
|  68|0x0000000084400000, 0x0000000084500000, 0x0000000084500000|100%| O|  |TAMS 0x0000000084500000| PB 0x0000000084400000| Untracked 
|  69|0x0000000084500000, 0x0000000084600000, 0x0000000084600000|100%| O|  |TAMS 0x0000000084600000| PB 0x0000000084500000| Untracked 
|  70|0x0000000084600000, 0x0000000084700000, 0x0000000084700000|100%| O|  |TAMS 0x0000000084700000| PB 0x0000000084600000| Untracked 
|  71|0x0000000084700000, 0x0000000084800000, 0x0000000084800000|100%| O|  |TAMS 0x0000000084800000| PB 0x0000000084700000| Untracked 
|  72|0x0000000084800000, 0x0000000084900000, 0x0000000084900000|100%| O|  |TAMS 0x0000000084900000| PB 0x0000000084800000| Untracked 
|  73|0x0000000084900000, 0x0000000084a00000, 0x0000000084a00000|100%| O|  |TAMS 0x0000000084a00000| PB 0x0000000084900000| Untracked 
|  74|0x0000000084a00000, 0x0000000084b00000, 0x0000000084b00000|100%| O|  |TAMS 0x0000000084b00000| PB 0x0000000084a00000| Untracked 
|  75|0x0000000084b00000, 0x0000000084c00000, 0x0000000084c00000|100%|HS|  |TAMS 0x0000000084c00000| PB 0x0000000084b00000| Complete 
|  76|0x0000000084c00000, 0x0000000084d00000, 0x0000000084d00000|100%|HC|  |TAMS 0x0000000084d00000| PB 0x0000000084c00000| Complete 
|  77|0x0000000084d00000, 0x0000000084e00000, 0x0000000084e00000|100%|HS|  |TAMS 0x0000000084e00000| PB 0x0000000084d00000| Complete 
|  78|0x0000000084e00000, 0x0000000084f00000, 0x0000000084f00000|100%| O|  |TAMS 0x0000000084f00000| PB 0x0000000084e00000| Untracked 
|  79|0x0000000084f00000, 0x0000000085000000, 0x0000000085000000|100%| O|  |TAMS 0x0000000085000000| PB 0x0000000084f00000| Untracked 
|  80|0x0000000085000000, 0x0000000085100000, 0x0000000085100000|100%| O|  |TAMS 0x0000000085100000| PB 0x0000000085000000| Untracked 
|  81|0x0000000085100000, 0x0000000085200000, 0x0000000085200000|100%| O|  |TAMS 0x0000000085200000| PB 0x0000000085100000| Untracked 
|  82|0x0000000085200000, 0x0000000085300000, 0x0000000085300000|100%| O|  |TAMS 0x0000000085300000| PB 0x0000000085200000| Untracked 
|  83|0x0000000085300000, 0x0000000085400000, 0x0000000085400000|100%| O|  |TAMS 0x0000000085400000| PB 0x0000000085300000| Untracked 
|  84|0x0000000085400000, 0x0000000085500000, 0x0000000085500000|100%| O|  |TAMS 0x0000000085500000| PB 0x0000000085400000| Untracked 
|  85|0x0000000085500000, 0x0000000085600000, 0x0000000085600000|100%| O|  |TAMS 0x0000000085600000| PB 0x0000000085500000| Untracked 
|  86|0x0000000085600000, 0x0000000085700000, 0x0000000085700000|100%| O|  |TAMS 0x0000000085700000| PB 0x0000000085600000| Untracked 
|  87|0x0000000085700000, 0x0000000085800000, 0x0000000085800000|100%| O|  |TAMS 0x0000000085800000| PB 0x0000000085700000| Untracked 
|  88|0x0000000085800000, 0x0000000085900000, 0x0000000085900000|100%| O|  |TAMS 0x0000000085900000| PB 0x0000000085800000| Untracked 
|  89|0x0000000085900000, 0x0000000085a00000, 0x0000000085a00000|100%| O|  |TAMS 0x0000000085a00000| PB 0x0000000085900000| Untracked 
|  90|0x0000000085a00000, 0x0000000085b00000, 0x0000000085b00000|100%| O|  |TAMS 0x0000000085b00000| PB 0x0000000085a00000| Untracked 
|  91|0x0000000085b00000, 0x0000000085c00000, 0x0000000085c00000|100%| O|  |TAMS 0x0000000085c00000| PB 0x0000000085b00000| Untracked 
|  92|0x0000000085c00000, 0x0000000085d00000, 0x0000000085d00000|100%| O|  |TAMS 0x0000000085d00000| PB 0x0000000085c00000| Untracked 
|  93|0x0000000085d00000, 0x0000000085e00000, 0x0000000085e00000|100%| O|  |TAMS 0x0000000085e00000| PB 0x0000000085d00000| Untracked 
|  94|0x0000000085e00000, 0x0000000085f00000, 0x0000000085f00000|100%| O|  |TAMS 0x0000000085f00000| PB 0x0000000085e00000| Untracked 
|  95|0x0000000085f00000, 0x0000000086000000, 0x0000000086000000|100%| O|  |TAMS 0x0000000086000000| PB 0x0000000085f00000| Untracked 
|  96|0x0000000086000000, 0x0000000086100000, 0x0000000086100000|100%| O|  |TAMS 0x0000000086100000| PB 0x0000000086000000| Untracked 
|  97|0x0000000086100000, 0x0000000086200000, 0x0000000086200000|100%| O|  |TAMS 0x0000000086200000| PB 0x0000000086100000| Untracked 
|  98|0x0000000086200000, 0x0000000086300000, 0x0000000086300000|100%| O|  |TAMS 0x0000000086300000| PB 0x0000000086200000| Untracked 
|  99|0x0000000086300000, 0x0000000086400000, 0x0000000086400000|100%| O|  |TAMS 0x0000000086400000| PB 0x0000000086300000| Untracked 
| 100|0x0000000086400000, 0x0000000086500000, 0x0000000086500000|100%|HS|  |TAMS 0x0000000086500000| PB 0x0000000086400000| Complete 
| 101|0x0000000086500000, 0x0000000086600000, 0x0000000086600000|100%| O|  |TAMS 0x0000000086600000| PB 0x0000000086500000| Untracked 
| 102|0x0000000086600000, 0x0000000086700000, 0x0000000086700000|100%| O|  |TAMS 0x0000000086700000| PB 0x0000000086600000| Untracked 
| 103|0x0000000086700000, 0x0000000086800000, 0x0000000086800000|100%| O|  |TAMS 0x0000000086800000| PB 0x0000000086700000| Untracked 
| 104|0x0000000086800000, 0x0000000086900000, 0x0000000086900000|100%| O|  |TAMS 0x0000000086900000| PB 0x0000000086800000| Untracked 
| 105|0x0000000086900000, 0x0000000086a00000, 0x0000000086a00000|100%| O|  |TAMS 0x0000000086a00000| PB 0x0000000086900000| Untracked 
| 106|0x0000000086a00000, 0x0000000086b00000, 0x0000000086b00000|100%| O|  |TAMS 0x0000000086b00000| PB 0x0000000086a00000| Untracked 
| 107|0x0000000086b00000, 0x0000000086c00000, 0x0000000086c00000|100%| O|  |TAMS 0x0000000086c00000| PB 0x0000000086b00000| Untracked 
| 108|0x0000000086c00000, 0x0000000086d00000, 0x0000000086d00000|100%| O|  |TAMS 0x0000000086d00000| PB 0x0000000086c00000| Untracked 
| 109|0x0000000086d00000, 0x0000000086e00000, 0x0000000086e00000|100%| O|  |TAMS 0x0000000086e00000| PB 0x0000000086d00000| Untracked 
| 110|0x0000000086e00000, 0x0000000086f00000, 0x0000000086f00000|100%| O|  |TAMS 0x0000000086f00000| PB 0x0000000086e00000| Untracked 
| 111|0x0000000086f00000, 0x0000000087000000, 0x0000000087000000|100%| O|  |TAMS 0x0000000087000000| PB 0x0000000086f00000| Untracked 
| 112|0x0000000087000000, 0x0000000087100000, 0x0000000087100000|100%| O|  |TAMS 0x0000000087100000| PB 0x0000000087000000| Untracked 
| 113|0x0000000087100000, 0x0000000087200000, 0x0000000087200000|100%| O|  |TAMS 0x0000000087200000| PB 0x0000000087100000| Untracked 
| 114|0x0000000087200000, 0x0000000087300000, 0x0000000087300000|100%| O|  |TAMS 0x0000000087200000| PB 0x0000000087200000| Untracked 
| 115|0x0000000087300000, 0x0000000087400000, 0x0000000087400000|100%| O|  |TAMS 0x0000000087400000| PB 0x0000000087300000| Untracked 
| 116|0x0000000087400000, 0x0000000087500000, 0x0000000087500000|100%| O|  |TAMS 0x0000000087500000| PB 0x0000000087400000| Untracked 
| 117|0x0000000087500000, 0x0000000087600000, 0x0000000087600000|100%| O|  |TAMS 0x0000000087600000| PB 0x0000000087500000| Untracked 
| 118|0x0000000087600000, 0x0000000087700000, 0x0000000087700000|100%| O|  |TAMS 0x0000000087600000| PB 0x0000000087600000| Untracked 
| 119|0x0000000087700000, 0x0000000087800000, 0x0000000087800000|100%| O|  |TAMS 0x0000000087800000| PB 0x0000000087700000| Untracked 
| 120|0x0000000087800000, 0x0000000087900000, 0x0000000087900000|100%| O|  |TAMS 0x0000000087900000| PB 0x0000000087800000| Untracked 
| 121|0x0000000087900000, 0x0000000087a00000, 0x0000000087a00000|100%| O|  |TAMS 0x0000000087a00000| PB 0x0000000087900000| Untracked 
| 122|0x0000000087a00000, 0x0000000087b00000, 0x0000000087b00000|100%| O|  |TAMS 0x0000000087b00000| PB 0x0000000087a00000| Untracked 
| 123|0x0000000087b00000, 0x0000000087c00000, 0x0000000087c00000|100%| O|  |TAMS 0x0000000087c00000| PB 0x0000000087b00000| Untracked 
| 124|0x0000000087c00000, 0x0000000087d00000, 0x0000000087d00000|100%| O|  |TAMS 0x0000000087d00000| PB 0x0000000087c00000| Untracked 
| 125|0x0000000087d00000, 0x0000000087e00000, 0x0000000087e00000|100%| O|  |TAMS 0x0000000087e00000| PB 0x0000000087d00000| Untracked 
| 126|0x0000000087e00000, 0x0000000087f00000, 0x0000000087f00000|100%| O|  |TAMS 0x0000000087f00000| PB 0x0000000087e00000| Untracked 
| 127|0x0000000087f00000, 0x0000000088000000, 0x0000000088000000|100%| O|  |TAMS 0x0000000088000000| PB 0x0000000087f00000| Untracked 
| 128|0x0000000088000000, 0x0000000088100000, 0x0000000088100000|100%| O|  |TAMS 0x0000000088000000| PB 0x0000000088000000| Untracked 
| 129|0x0000000088100000, 0x0000000088200000, 0x0000000088200000|100%| O|  |TAMS 0x0000000088200000| PB 0x0000000088100000| Untracked 
| 130|0x0000000088200000, 0x0000000088300000, 0x0000000088300000|100%| O|  |TAMS 0x0000000088300000| PB 0x0000000088200000| Untracked 
| 131|0x0000000088300000, 0x0000000088400000, 0x0000000088400000|100%| O|  |TAMS 0x0000000088400000| PB 0x0000000088300000| Untracked 
| 132|0x0000000088400000, 0x0000000088500000, 0x0000000088500000|100%| O|  |TAMS 0x0000000088500000| PB 0x0000000088400000| Untracked 
| 133|0x0000000088500000, 0x0000000088600000, 0x0000000088600000|100%| O|  |TAMS 0x0000000088600000| PB 0x0000000088500000| Untracked 
| 134|0x0000000088600000, 0x0000000088700000, 0x0000000088700000|100%| O|  |TAMS 0x00000000886de330| PB 0x0000000088600000| Untracked 
| 135|0x0000000088700000, 0x0000000088800000, 0x0000000088800000|100%| O|  |TAMS 0x0000000088800000| PB 0x0000000088700000| Untracked 
| 136|0x0000000088800000, 0x0000000088900000, 0x0000000088900000|100%| O|  |TAMS 0x0000000088800000| PB 0x0000000088800000| Untracked 
| 137|0x0000000088900000, 0x0000000088a00000, 0x0000000088a00000|100%| O|  |TAMS 0x0000000088a00000| PB 0x0000000088900000| Untracked 
| 138|0x0000000088a00000, 0x0000000088b00000, 0x0000000088b00000|100%| O|  |TAMS 0x0000000088a00000| PB 0x0000000088a00000| Untracked 
| 139|0x0000000088b00000, 0x0000000088c00000, 0x0000000088c00000|100%| O|  |TAMS 0x0000000088b00000| PB 0x0000000088b00000| Untracked 
| 140|0x0000000088c00000, 0x0000000088d00000, 0x0000000088d00000|100%| O|  |TAMS 0x0000000088c00000| PB 0x0000000088c00000| Untracked 
| 141|0x0000000088d00000, 0x0000000088e00000, 0x0000000088e00000|100%| O|  |TAMS 0x0000000088d00000| PB 0x0000000088d00000| Untracked 
| 142|0x0000000088e00000, 0x0000000088f00000, 0x0000000088f00000|100%| O|  |TAMS 0x0000000088f00000| PB 0x0000000088e00000| Untracked 
| 143|0x0000000088f00000, 0x0000000089000000, 0x0000000089000000|100%| O|  |TAMS 0x0000000089000000| PB 0x0000000088f00000| Untracked 
| 144|0x0000000089000000, 0x0000000089100000, 0x0000000089100000|100%| O|  |TAMS 0x0000000089100000| PB 0x0000000089000000| Untracked 
| 145|0x0000000089100000, 0x0000000089200000, 0x0000000089200000|100%| O|  |TAMS 0x0000000089200000| PB 0x0000000089100000| Untracked 
| 146|0x0000000089200000, 0x0000000089300000, 0x0000000089300000|100%| O|  |TAMS 0x0000000089300000| PB 0x0000000089200000| Untracked 
| 147|0x0000000089300000, 0x0000000089400000, 0x0000000089400000|100%| O|  |TAMS 0x0000000089400000| PB 0x0000000089300000| Untracked 
| 148|0x0000000089400000, 0x0000000089500000, 0x0000000089500000|100%| O|  |TAMS 0x0000000089500000| PB 0x0000000089400000| Untracked 
| 149|0x0000000089500000, 0x0000000089600000, 0x0000000089600000|100%| O|  |TAMS 0x0000000089600000| PB 0x0000000089500000| Untracked 
| 150|0x0000000089600000, 0x0000000089700000, 0x0000000089700000|100%| O|  |TAMS 0x0000000089700000| PB 0x0000000089600000| Untracked 
| 151|0x0000000089700000, 0x0000000089800000, 0x0000000089800000|100%| O|  |TAMS 0x0000000089800000| PB 0x0000000089700000| Untracked 
| 152|0x0000000089800000, 0x0000000089900000, 0x0000000089900000|100%| O|  |TAMS 0x0000000089900000| PB 0x0000000089800000| Untracked 
| 153|0x0000000089900000, 0x0000000089a00000, 0x0000000089a00000|100%| O|  |TAMS 0x0000000089900000| PB 0x0000000089900000| Untracked 
| 154|0x0000000089a00000, 0x0000000089b00000, 0x0000000089b00000|100%| O|  |TAMS 0x0000000089a00000| PB 0x0000000089a00000| Untracked 
| 155|0x0000000089b00000, 0x0000000089b00000, 0x0000000089c00000|  0%| F|  |TAMS 0x0000000089b00000| PB 0x0000000089b00000| Untracked 
| 156|0x0000000089c00000, 0x0000000089c00000, 0x0000000089d00000|  0%| F|  |TAMS 0x0000000089c00000| PB 0x0000000089c00000| Untracked 
| 157|0x0000000089d00000, 0x0000000089d00000, 0x0000000089e00000|  0%| F|  |TAMS 0x0000000089d00000| PB 0x0000000089d00000| Untracked 
| 158|0x0000000089e00000, 0x0000000089e00000, 0x0000000089f00000|  0%| F|  |TAMS 0x0000000089e00000| PB 0x0000000089e00000| Untracked 
| 159|0x0000000089f00000, 0x0000000089f00000, 0x000000008a000000|  0%| F|  |TAMS 0x0000000089f00000| PB 0x0000000089f00000| Untracked 
| 160|0x000000008a000000, 0x000000008a100000, 0x000000008a100000|100%| O|  |TAMS 0x000000008a100000| PB 0x000000008a000000| Untracked 
| 161|0x000000008a100000, 0x000000008a200000, 0x000000008a200000|100%| O|  |TAMS 0x000000008a200000| PB 0x000000008a100000| Untracked 
| 162|0x000000008a200000, 0x000000008a300000, 0x000000008a300000|100%| O|  |TAMS 0x000000008a300000| PB 0x000000008a200000| Untracked 
| 163|0x000000008a300000, 0x000000008a300000, 0x000000008a400000|  0%| F|  |TAMS 0x000000008a300000| PB 0x000000008a300000| Untracked 
| 164|0x000000008a400000, 0x000000008a400000, 0x000000008a500000|  0%| F|  |TAMS 0x000000008a400000| PB 0x000000008a400000| Untracked 
| 165|0x000000008a500000, 0x000000008a500000, 0x000000008a600000|  0%| F|  |TAMS 0x000000008a500000| PB 0x000000008a500000| Untracked 
| 166|0x000000008a600000, 0x000000008a600000, 0x000000008a700000|  0%| F|  |TAMS 0x000000008a600000| PB 0x000000008a600000| Untracked 
| 167|0x000000008a700000, 0x000000008a700000, 0x000000008a800000|  0%| F|  |TAMS 0x000000008a700000| PB 0x000000008a700000| Untracked 
| 168|0x000000008a800000, 0x000000008a800000, 0x000000008a900000|  0%| F|  |TAMS 0x000000008a800000| PB 0x000000008a800000| Untracked 
| 169|0x000000008a900000, 0x000000008aa00000, 0x000000008aa00000|100%| O|  |TAMS 0x000000008aa00000| PB 0x000000008a900000| Untracked 
| 170|0x000000008aa00000, 0x000000008ab00000, 0x000000008ab00000|100%| O|  |TAMS 0x000000008ab00000| PB 0x000000008aa00000| Untracked 
| 171|0x000000008ab00000, 0x000000008ac00000, 0x000000008ac00000|100%| O|  |TAMS 0x000000008ac00000| PB 0x000000008ab00000| Untracked 
| 172|0x000000008ac00000, 0x000000008ad00000, 0x000000008ad00000|100%| O|  |TAMS 0x000000008ad00000| PB 0x000000008ac00000| Untracked 
| 173|0x000000008ad00000, 0x000000008ae00000, 0x000000008ae00000|100%| O|  |TAMS 0x000000008ae00000| PB 0x000000008ad00000| Untracked 
| 174|0x000000008ae00000, 0x000000008af00000, 0x000000008af00000|100%| O|  |TAMS 0x000000008af00000| PB 0x000000008ae00000| Untracked 
| 175|0x000000008af00000, 0x000000008b000000, 0x000000008b000000|100%| O|  |TAMS 0x000000008b000000| PB 0x000000008af00000| Untracked 
| 176|0x000000008b000000, 0x000000008b100000, 0x000000008b100000|100%| O|  |TAMS 0x000000008b100000| PB 0x000000008b000000| Untracked 
| 177|0x000000008b100000, 0x000000008b200000, 0x000000008b200000|100%| O|  |TAMS 0x000000008b200000| PB 0x000000008b100000| Untracked 
| 178|0x000000008b200000, 0x000000008b300000, 0x000000008b300000|100%| O|  |TAMS 0x000000008b300000| PB 0x000000008b200000| Untracked 
| 179|0x000000008b300000, 0x000000008b400000, 0x000000008b400000|100%| O|  |TAMS 0x000000008b400000| PB 0x000000008b300000| Untracked 
| 180|0x000000008b400000, 0x000000008b500000, 0x000000008b500000|100%| O|  |TAMS 0x000000008b500000| PB 0x000000008b400000| Untracked 
| 181|0x000000008b500000, 0x000000008b600000, 0x000000008b600000|100%| O|  |TAMS 0x000000008b600000| PB 0x000000008b500000| Untracked 
| 182|0x000000008b600000, 0x000000008b700000, 0x000000008b700000|100%| O|  |TAMS 0x000000008b700000| PB 0x000000008b600000| Untracked 
| 183|0x000000008b700000, 0x000000008b800000, 0x000000008b800000|100%| O|  |TAMS 0x000000008b800000| PB 0x000000008b700000| Untracked 
| 184|0x000000008b800000, 0x000000008b900000, 0x000000008b900000|100%| O|  |TAMS 0x000000008b900000| PB 0x000000008b800000| Untracked 
| 185|0x000000008b900000, 0x000000008ba00000, 0x000000008ba00000|100%| O|  |TAMS 0x000000008ba00000| PB 0x000000008b900000| Untracked 
| 186|0x000000008ba00000, 0x000000008bb00000, 0x000000008bb00000|100%| O|  |TAMS 0x000000008bb00000| PB 0x000000008ba00000| Untracked 
| 187|0x000000008bb00000, 0x000000008bb00000, 0x000000008bc00000|  0%| F|  |TAMS 0x000000008bb00000| PB 0x000000008bb00000| Untracked 
| 188|0x000000008bc00000, 0x000000008bc00000, 0x000000008bd00000|  0%| F|  |TAMS 0x000000008bc00000| PB 0x000000008bc00000| Untracked 
| 189|0x000000008bd00000, 0x000000008bd00000, 0x000000008be00000|  0%| F|  |TAMS 0x000000008bd00000| PB 0x000000008bd00000| Untracked 
| 190|0x000000008be00000, 0x000000008be00000, 0x000000008bf00000|  0%| F|  |TAMS 0x000000008be00000| PB 0x000000008be00000| Untracked 
| 191|0x000000008bf00000, 0x000000008bf00000, 0x000000008c000000|  0%| F|  |TAMS 0x000000008bf00000| PB 0x000000008bf00000| Untracked 
| 192|0x000000008c000000, 0x000000008c000000, 0x000000008c100000|  0%| F|  |TAMS 0x000000008c000000| PB 0x000000008c000000| Untracked 
| 193|0x000000008c100000, 0x000000008c100000, 0x000000008c200000|  0%| F|  |TAMS 0x000000008c100000| PB 0x000000008c100000| Untracked 
| 194|0x000000008c200000, 0x000000008c200000, 0x000000008c300000|  0%| F|  |TAMS 0x000000008c200000| PB 0x000000008c200000| Untracked 
| 195|0x000000008c300000, 0x000000008c300000, 0x000000008c400000|  0%| F|  |TAMS 0x000000008c300000| PB 0x000000008c300000| Untracked 
| 196|0x000000008c400000, 0x000000008c400000, 0x000000008c500000|  0%| F|  |TAMS 0x000000008c400000| PB 0x000000008c400000| Untracked 
| 197|0x000000008c500000, 0x000000008c500000, 0x000000008c600000|  0%| F|  |TAMS 0x000000008c500000| PB 0x000000008c500000| Untracked 
| 198|0x000000008c600000, 0x000000008c600000, 0x000000008c700000|  0%| F|  |TAMS 0x000000008c600000| PB 0x000000008c600000| Untracked 
| 199|0x000000008c700000, 0x000000008c700000, 0x000000008c800000|  0%| F|  |TAMS 0x000000008c700000| PB 0x000000008c700000| Untracked 
| 200|0x000000008c800000, 0x000000008c800000, 0x000000008c900000|  0%| F|  |TAMS 0x000000008c800000| PB 0x000000008c800000| Untracked 
| 201|0x000000008c900000, 0x000000008c900000, 0x000000008ca00000|  0%| F|  |TAMS 0x000000008c900000| PB 0x000000008c900000| Untracked 
| 202|0x000000008ca00000, 0x000000008ca00000, 0x000000008cb00000|  0%| F|  |TAMS 0x000000008ca00000| PB 0x000000008ca00000| Untracked 
| 203|0x000000008cb00000, 0x000000008cb00000, 0x000000008cc00000|  0%| F|  |TAMS 0x000000008cb00000| PB 0x000000008cb00000| Untracked 
| 204|0x000000008cc00000, 0x000000008cc00000, 0x000000008cd00000|  0%| F|  |TAMS 0x000000008cc00000| PB 0x000000008cc00000| Untracked 
| 205|0x000000008cd00000, 0x000000008cd00000, 0x000000008ce00000|  0%| F|  |TAMS 0x000000008cd00000| PB 0x000000008cd00000| Untracked 
| 206|0x000000008ce00000, 0x000000008ce00000, 0x000000008cf00000|  0%| F|  |TAMS 0x000000008ce00000| PB 0x000000008ce00000| Untracked 
| 207|0x000000008cf00000, 0x000000008cf00000, 0x000000008d000000|  0%| F|  |TAMS 0x000000008cf00000| PB 0x000000008cf00000| Untracked 
| 208|0x000000008d000000, 0x000000008d000000, 0x000000008d100000|  0%| F|  |TAMS 0x000000008d000000| PB 0x000000008d000000| Untracked 
| 209|0x000000008d100000, 0x000000008d100000, 0x000000008d200000|  0%| F|  |TAMS 0x000000008d100000| PB 0x000000008d100000| Untracked 
| 210|0x000000008d200000, 0x000000008d200000, 0x000000008d300000|  0%| F|  |TAMS 0x000000008d200000| PB 0x000000008d200000| Untracked 
| 211|0x000000008d300000, 0x000000008d300000, 0x000000008d400000|  0%| F|  |TAMS 0x000000008d300000| PB 0x000000008d300000| Untracked 
| 212|0x000000008d400000, 0x000000008d500000, 0x000000008d500000|100%| S|CS|TAMS 0x000000008d400000| PB 0x000000008d400000| Complete 
| 213|0x000000008d500000, 0x000000008d600000, 0x000000008d600000|100%| S|CS|TAMS 0x000000008d500000| PB 0x000000008d500000| Complete 
| 214|0x000000008d600000, 0x000000008d700000, 0x000000008d700000|100%| S|CS|TAMS 0x000000008d600000| PB 0x000000008d600000| Complete 
| 215|0x000000008d700000, 0x000000008d800000, 0x000000008d800000|100%| S|CS|TAMS 0x000000008d700000| PB 0x000000008d700000| Complete 
| 216|0x000000008d800000, 0x000000008d800000, 0x000000008d900000|  0%| F|  |TAMS 0x000000008d800000| PB 0x000000008d800000| Untracked 
| 217|0x000000008d900000, 0x000000008d900000, 0x000000008da00000|  0%| F|  |TAMS 0x000000008d900000| PB 0x000000008d900000| Untracked 
| 218|0x000000008da00000, 0x000000008db00000, 0x000000008db00000|100%| S|CS|TAMS 0x000000008da00000| PB 0x000000008da00000| Complete 
| 219|0x000000008db00000, 0x000000008dc00000, 0x000000008dc00000|100%| S|CS|TAMS 0x000000008db00000| PB 0x000000008db00000| Complete 
| 220|0x000000008dc00000, 0x000000008dd00000, 0x000000008dd00000|100%| S|CS|TAMS 0x000000008dc00000| PB 0x000000008dc00000| Complete 
| 221|0x000000008dd00000, 0x000000008de00000, 0x000000008de00000|100%| S|CS|TAMS 0x000000008dd00000| PB 0x000000008dd00000| Complete 
| 222|0x000000008de00000, 0x000000008de00000, 0x000000008df00000|  0%| F|  |TAMS 0x000000008de00000| PB 0x000000008de00000| Untracked 
| 223|0x000000008df00000, 0x000000008df00000, 0x000000008e000000|  0%| F|  |TAMS 0x000000008df00000| PB 0x000000008df00000| Untracked 
| 224|0x000000008e000000, 0x000000008e000000, 0x000000008e100000|  0%| F|  |TAMS 0x000000008e000000| PB 0x000000008e000000| Untracked 
| 225|0x000000008e100000, 0x000000008e100000, 0x000000008e200000|  0%| F|  |TAMS 0x000000008e100000| PB 0x000000008e100000| Untracked 
| 226|0x000000008e200000, 0x000000008e200000, 0x000000008e300000|  0%| F|  |TAMS 0x000000008e200000| PB 0x000000008e200000| Untracked 
| 227|0x000000008e300000, 0x000000008e300000, 0x000000008e400000|  0%| F|  |TAMS 0x000000008e300000| PB 0x000000008e300000| Untracked 
| 228|0x000000008e400000, 0x000000008e400000, 0x000000008e500000|  0%| F|  |TAMS 0x000000008e400000| PB 0x000000008e400000| Untracked 
| 229|0x000000008e500000, 0x000000008e500000, 0x000000008e600000|  0%| F|  |TAMS 0x000000008e500000| PB 0x000000008e500000| Untracked 
| 230|0x000000008e600000, 0x000000008e600000, 0x000000008e700000|  0%| F|  |TAMS 0x000000008e600000| PB 0x000000008e600000| Untracked 
| 231|0x000000008e700000, 0x000000008e700000, 0x000000008e800000|  0%| F|  |TAMS 0x000000008e700000| PB 0x000000008e700000| Untracked 
| 232|0x000000008e800000, 0x000000008e800000, 0x000000008e900000|  0%| F|  |TAMS 0x000000008e800000| PB 0x000000008e800000| Untracked 
| 233|0x000000008e900000, 0x000000008e900000, 0x000000008ea00000|  0%| F|  |TAMS 0x000000008e900000| PB 0x000000008e900000| Untracked 
| 234|0x000000008ea00000, 0x000000008ea00000, 0x000000008eb00000|  0%| F|  |TAMS 0x000000008ea00000| PB 0x000000008ea00000| Untracked 
| 235|0x000000008eb00000, 0x000000008eb00000, 0x000000008ec00000|  0%| F|  |TAMS 0x000000008eb00000| PB 0x000000008eb00000| Untracked 
| 236|0x000000008ec00000, 0x000000008ec00000, 0x000000008ed00000|  0%| F|  |TAMS 0x000000008ec00000| PB 0x000000008ec00000| Untracked 
| 237|0x000000008ed00000, 0x000000008ed00000, 0x000000008ee00000|  0%| F|  |TAMS 0x000000008ed00000| PB 0x000000008ed00000| Untracked 
| 238|0x000000008ee00000, 0x000000008ee00000, 0x000000008ef00000|  0%| F|  |TAMS 0x000000008ee00000| PB 0x000000008ee00000| Untracked 
| 239|0x000000008ef00000, 0x000000008ef00000, 0x000000008f000000|  0%| F|  |TAMS 0x000000008ef00000| PB 0x000000008ef00000| Untracked 
| 240|0x000000008f000000, 0x000000008f000000, 0x000000008f100000|  0%| F|  |TAMS 0x000000008f000000| PB 0x000000008f000000| Untracked 
| 241|0x000000008f100000, 0x000000008f100000, 0x000000008f200000|  0%| F|  |TAMS 0x000000008f100000| PB 0x000000008f100000| Untracked 
| 242|0x000000008f200000, 0x000000008f200000, 0x000000008f300000|  0%| F|  |TAMS 0x000000008f200000| PB 0x000000008f200000| Untracked 
| 243|0x000000008f300000, 0x000000008f300000, 0x000000008f400000|  0%| F|  |TAMS 0x000000008f300000| PB 0x000000008f300000| Untracked 
| 244|0x000000008f400000, 0x000000008f400000, 0x000000008f500000|  0%| F|  |TAMS 0x000000008f400000| PB 0x000000008f400000| Untracked 
| 245|0x000000008f500000, 0x000000008f500000, 0x000000008f600000|  0%| F|  |TAMS 0x000000008f500000| PB 0x000000008f500000| Untracked 
| 246|0x000000008f600000, 0x000000008f600000, 0x000000008f700000|  0%| F|  |TAMS 0x000000008f600000| PB 0x000000008f600000| Untracked 
| 247|0x000000008f700000, 0x000000008f700000, 0x000000008f800000|  0%| F|  |TAMS 0x000000008f700000| PB 0x000000008f700000| Untracked 
| 248|0x000000008f800000, 0x000000008f800000, 0x000000008f900000|  0%| F|  |TAMS 0x000000008f800000| PB 0x000000008f800000| Untracked 
| 249|0x000000008f900000, 0x000000008f900000, 0x000000008fa00000|  0%| F|  |TAMS 0x000000008f900000| PB 0x000000008f900000| Untracked 
| 250|0x000000008fa00000, 0x000000008fa00000, 0x000000008fb00000|  0%| F|  |TAMS 0x000000008fa00000| PB 0x000000008fa00000| Untracked 
| 251|0x000000008fb00000, 0x000000008fb00000, 0x000000008fc00000|  0%| F|  |TAMS 0x000000008fb00000| PB 0x000000008fb00000| Untracked 
| 252|0x000000008fc00000, 0x000000008fc00000, 0x000000008fd00000|  0%| F|  |TAMS 0x000000008fc00000| PB 0x000000008fc00000| Untracked 
| 253|0x000000008fd00000, 0x000000008fd00000, 0x000000008fe00000|  0%| F|  |TAMS 0x000000008fd00000| PB 0x000000008fd00000| Untracked 
| 254|0x000000008fe00000, 0x000000008fe00000, 0x000000008ff00000|  0%| F|  |TAMS 0x000000008fe00000| PB 0x000000008fe00000| Untracked 
| 255|0x000000008ff00000, 0x000000008ff00000, 0x0000000090000000|  0%| F|  |TAMS 0x000000008ff00000| PB 0x000000008ff00000| Untracked 
| 256|0x0000000090000000, 0x0000000090000000, 0x0000000090100000|  0%| F|  |TAMS 0x0000000090000000| PB 0x0000000090000000| Untracked 
| 257|0x0000000090100000, 0x0000000090100000, 0x0000000090200000|  0%| F|  |TAMS 0x0000000090100000| PB 0x0000000090100000| Untracked 
| 258|0x0000000090200000, 0x0000000090200000, 0x0000000090300000|  0%| F|  |TAMS 0x0000000090200000| PB 0x0000000090200000| Untracked 
| 259|0x0000000090300000, 0x0000000090300000, 0x0000000090400000|  0%| F|  |TAMS 0x0000000090300000| PB 0x0000000090300000| Untracked 
| 260|0x0000000090400000, 0x0000000090400000, 0x0000000090500000|  0%| F|  |TAMS 0x0000000090400000| PB 0x0000000090400000| Untracked 
| 261|0x0000000090500000, 0x0000000090500000, 0x0000000090600000|  0%| F|  |TAMS 0x0000000090500000| PB 0x0000000090500000| Untracked 
| 262|0x0000000090600000, 0x0000000090600000, 0x0000000090700000|  0%| F|  |TAMS 0x0000000090600000| PB 0x0000000090600000| Untracked 
| 263|0x0000000090700000, 0x0000000090700000, 0x0000000090800000|  0%| F|  |TAMS 0x0000000090700000| PB 0x0000000090700000| Untracked 
| 264|0x0000000090800000, 0x0000000090800000, 0x0000000090900000|  0%| F|  |TAMS 0x0000000090800000| PB 0x0000000090800000| Untracked 
| 265|0x0000000090900000, 0x0000000090900000, 0x0000000090a00000|  0%| F|  |TAMS 0x0000000090900000| PB 0x0000000090900000| Untracked 
| 266|0x0000000090a00000, 0x0000000090a00000, 0x0000000090b00000|  0%| F|  |TAMS 0x0000000090a00000| PB 0x0000000090a00000| Untracked 
| 267|0x0000000090b00000, 0x0000000090b00000, 0x0000000090c00000|  0%| F|  |TAMS 0x0000000090b00000| PB 0x0000000090b00000| Untracked 
| 268|0x0000000090c00000, 0x0000000090c00000, 0x0000000090d00000|  0%| F|  |TAMS 0x0000000090c00000| PB 0x0000000090c00000| Untracked 
| 269|0x0000000090d00000, 0x0000000090d00000, 0x0000000090e00000|  0%| F|  |TAMS 0x0000000090d00000| PB 0x0000000090d00000| Untracked 
| 270|0x0000000090e00000, 0x0000000090e00000, 0x0000000090f00000|  0%| F|  |TAMS 0x0000000090e00000| PB 0x0000000090e00000| Untracked 
| 271|0x0000000090f00000, 0x0000000090f00000, 0x0000000091000000|  0%| F|  |TAMS 0x0000000090f00000| PB 0x0000000090f00000| Untracked 
| 272|0x0000000091000000, 0x0000000091000000, 0x0000000091100000|  0%| F|  |TAMS 0x0000000091000000| PB 0x0000000091000000| Untracked 
| 273|0x0000000091100000, 0x0000000091100000, 0x0000000091200000|  0%| F|  |TAMS 0x0000000091100000| PB 0x0000000091100000| Untracked 
| 274|0x0000000091200000, 0x0000000091200000, 0x0000000091300000|  0%| F|  |TAMS 0x0000000091200000| PB 0x0000000091200000| Untracked 
| 275|0x0000000091300000, 0x0000000091300000, 0x0000000091400000|  0%| F|  |TAMS 0x0000000091300000| PB 0x0000000091300000| Untracked 
| 276|0x0000000091400000, 0x0000000091400000, 0x0000000091500000|  0%| F|  |TAMS 0x0000000091400000| PB 0x0000000091400000| Untracked 
| 277|0x0000000091500000, 0x0000000091500000, 0x0000000091600000|  0%| F|  |TAMS 0x0000000091500000| PB 0x0000000091500000| Untracked 
| 278|0x0000000091600000, 0x0000000091600000, 0x0000000091700000|  0%| F|  |TAMS 0x0000000091600000| PB 0x0000000091600000| Untracked 
| 279|0x0000000091700000, 0x0000000091700000, 0x0000000091800000|  0%| F|  |TAMS 0x0000000091700000| PB 0x0000000091700000| Untracked 
| 280|0x0000000091800000, 0x0000000091800000, 0x0000000091900000|  0%| F|  |TAMS 0x0000000091800000| PB 0x0000000091800000| Untracked 
|2025|0x00000000fe900000, 0x00000000fea00000, 0x00000000fea00000|100%| O|  |TAMS 0x00000000fea00000| PB 0x00000000fe900000| Untracked 
|2026|0x00000000fea00000, 0x00000000fea00000, 0x00000000feb00000|  0%| F|  |TAMS 0x00000000fea00000| PB 0x00000000fea00000| Untracked 
|2027|0x00000000feb00000, 0x00000000feb00000, 0x00000000fec00000|  0%| F|  |TAMS 0x00000000feb00000| PB 0x00000000feb00000| Untracked 
|2028|0x00000000fec00000, 0x00000000fed00000, 0x00000000fed00000|100%| O|  |TAMS 0x00000000fed00000| PB 0x00000000fec00000| Untracked 
|2029|0x00000000fed00000, 0x00000000fee00000, 0x00000000fee00000|100%| O|  |TAMS 0x00000000fee00000| PB 0x00000000fed00000| Untracked 
|2030|0x00000000fee00000, 0x00000000fee00000, 0x00000000fef00000|  0%| F|  |TAMS 0x00000000fee00000| PB 0x00000000fee00000| Untracked 
|2031|0x00000000fef00000, 0x00000000fef00000, 0x00000000ff000000|  0%| F|  |TAMS 0x00000000fef00000| PB 0x00000000fef00000| Untracked 
|2032|0x00000000ff000000, 0x00000000ff000000, 0x00000000ff100000|  0%| F|  |TAMS 0x00000000ff000000| PB 0x00000000ff000000| Untracked 
|2033|0x00000000ff100000, 0x00000000ff100000, 0x00000000ff200000|  0%| F|  |TAMS 0x00000000ff100000| PB 0x00000000ff100000| Untracked 
|2034|0x00000000ff200000, 0x00000000ff200000, 0x00000000ff300000|  0%| F|  |TAMS 0x00000000ff200000| PB 0x00000000ff200000| Untracked 
|2035|0x00000000ff300000, 0x00000000ff300000, 0x00000000ff400000|  0%| F|  |TAMS 0x00000000ff300000| PB 0x00000000ff300000| Untracked 
|2036|0x00000000ff400000, 0x00000000ff400000, 0x00000000ff500000|  0%| F|  |TAMS 0x00000000ff400000| PB 0x00000000ff400000| Untracked 
|2037|0x00000000ff500000, 0x00000000ff500000, 0x00000000ff600000|  0%| F|  |TAMS 0x00000000ff500000| PB 0x00000000ff500000| Untracked 
|2038|0x00000000ff600000, 0x00000000ff600000, 0x00000000ff700000|  0%| F|  |TAMS 0x00000000ff600000| PB 0x00000000ff600000| Untracked 
|2039|0x00000000ff700000, 0x00000000ff700000, 0x00000000ff800000|  0%| F|  |TAMS 0x00000000ff700000| PB 0x00000000ff700000| Untracked 
|2040|0x00000000ff800000, 0x00000000ff800000, 0x00000000ff900000|  0%| F|  |TAMS 0x00000000ff800000| PB 0x00000000ff800000| Untracked 
|2041|0x00000000ff900000, 0x00000000ff900000, 0x00000000ffa00000|  0%| F|  |TAMS 0x00000000ff900000| PB 0x00000000ff900000| Untracked 
|2042|0x00000000ffa00000, 0x00000000ffa00000, 0x00000000ffb00000|  0%| F|  |TAMS 0x00000000ffa00000| PB 0x00000000ffa00000| Untracked 
|2043|0x00000000ffb00000, 0x00000000ffb00000, 0x00000000ffc00000|  0%| F|  |TAMS 0x00000000ffb00000| PB 0x00000000ffb00000| Untracked 
|2044|0x00000000ffc00000, 0x00000000ffc00000, 0x00000000ffd00000|  0%| F|  |TAMS 0x00000000ffc00000| PB 0x00000000ffc00000| Untracked 
|2045|0x00000000ffd00000, 0x00000000ffe00000, 0x00000000ffe00000|100%| O|  |TAMS 0x00000000ffe00000| PB 0x00000000ffd00000| Untracked 
|2046|0x00000000ffe00000, 0x00000000fff00000, 0x00000000fff00000|100%| O|  |TAMS 0x00000000fff00000| PB 0x00000000ffe00000| Untracked 
|2047|0x00000000fff00000, 0x0000000100000000, 0x0000000100000000|100%| O|  |TAMS 0x0000000100000000| PB 0x00000000fff00000| Untracked 

Card table byte_map: [0x0000020bf84c0000,0x0000020bf88c0000] _byte_map_base: 0x0000020bf80c0000

Marking Bits: (CMBitMap*) 0x0000020bf4a549e0
 Bits: [0x0000020bf88c0000, 0x0000020bfa8c0000)

Polling page: 0x0000020bf2810000

Metaspace:

Usage:
  Non-class:    135.57 MB used.
      Class:     20.32 MB used.
       Both:    155.89 MB used.

Virtual space:
  Non-class space:      192.00 MB reserved,     136.62 MB ( 71%) committed,  3 nodes.
      Class space:        1.00 GB reserved,      21.31 MB (  2%) committed,  1 nodes.
             Both:        1.19 GB reserved,     157.94 MB ( 13%) committed. 

Chunk freelists:
   Non-Class:  7.33 MB
       Class:  10.73 MB
        Both:  18.06 MB

MaxMetaspaceSize: unlimited
CompressedClassSpaceSize: 1.00 GB
Initial GC threshold: 21.00 MB
Current GC threshold: 261.38 MB
CDS: off
 - commit_granule_bytes: 65536.
 - commit_granule_words: 8192.
 - virtual_space_node_default_size: 8388608.
 - enlarge_chunks_in_place: 1.
 - use_allocation_guard: 0.


Internal statistics:

num_allocs_failed_limit: 9.
num_arena_births: 3902.
num_arena_deaths: 0.
num_vsnodes_births: 4.
num_vsnodes_deaths: 0.
num_space_committed: 2526.
num_space_uncommitted: 0.
num_chunks_returned_to_freelist: 9.
num_chunks_taken_from_freelist: 9935.
num_chunk_merges: 3.
num_chunk_splits: 7036.
num_chunks_enlarged: 5054.
num_inconsistent_stats: 0.

CodeHeap 'non-profiled nmethods': size=120000Kb used=7579Kb max_used=7579Kb free=112421Kb
 bounds [0x0000020b87ad0000, 0x0000020b88240000, 0x0000020b8f000000]
CodeHeap 'profiled nmethods': size=120000Kb used=31499Kb max_used=31499Kb free=88501Kb
 bounds [0x0000020b80000000, 0x0000020b81ed0000, 0x0000020b87530000]
CodeHeap 'non-nmethods': size=5760Kb used=2282Kb max_used=2339Kb free=3477Kb
 bounds [0x0000020b87530000, 0x0000020b877a0000, 0x0000020b87ad0000]
CodeCache: size=245760Kb, used=41360Kb, max_used=41417Kb, free=204399Kb
 total_blobs=15373, nmethods=14245, adapters=1031, full_count=0
Compilation: enabled, stopped_count=0, restarted_count=0

Compilation events (20 events):
Event: 35.811 Thread 0x0000020bfd7aa0b0 nmethod 16605 0x0000020b81ebc290 code [0x0000020b81ebc440, 0x0000020b81ebc578]
Event: 35.811 Thread 0x0000020bfd7aa0b0 16620       2       java.nio.charset.CharsetEncoder::implReplaceWith (1 bytes)
Event: 35.811 Thread 0x0000020bfd7aa0b0 nmethod 16620 0x0000020b81ebc610 code [0x0000020b81ebc7a0, 0x0000020b81ebc8a8]
Event: 35.811 Thread 0x0000020bfd7aa0b0 16621       2       sun.nio.cs.UTF_8$Encoder::isLegalReplacement (26 bytes)
Event: 35.812 Thread 0x0000020bfd7aa0b0 nmethod 16621 0x0000020b81ebc910 code [0x0000020b81ebcac0, 0x0000020b81ebcc40]
Event: 35.812 Thread 0x0000020bfd7aa0b0 16607       3       org.objectweb.asm.Type::<init> (26 bytes)
Event: 35.812 Thread 0x0000020bfd7aa0b0 nmethod 16607 0x0000020b81ebcd10 code [0x0000020b81ebcec0, 0x0000020b81ebd088]
Event: 35.812 Thread 0x0000020bfd7aa0b0 16625       2       org.gradle.internal.classpath.transforms.InstrumentingBackwardsCompatibilityVisitor::fixAsmObjectForBackwardsCompatibility (44 bytes)
Event: 35.812 Thread 0x0000020bfd7aa0b0 nmethod 16625 0x0000020b81ebd190 code [0x0000020b81ebd380, 0x0000020b81ebd648]
Event: 35.812 Thread 0x0000020bfd7aa0b0 16624       2       org.gradle.internal.classpath.transforms.AdhocInterceptors::visitINVOKESTATIC (780 bytes)
Event: 35.818 Thread 0x0000020bfd7aa0b0 nmethod 16624 0x0000020b81ebd810 code [0x0000020b81ebe160, 0x0000020b81ebfe98]
Event: 35.818 Thread 0x0000020bfd7aa0b0 16632       2       org.apache.commons.compress.archivers.zip.ZipArchiveOutputStream::writeCounted (9 bytes)
Event: 35.818 Thread 0x0000020bfd7aa0b0 nmethod 16632 0x0000020b81ec1b10 code [0x0000020b81ec1cc0, 0x0000020b81ec1e00]
Event: 35.818 Thread 0x0000020bfd7aa0b0 16633       2       org.objectweb.asm.MethodVisitor::visitParameterAnnotation (20 bytes)
Event: 35.819 Thread 0x0000020bfd7aa0b0 nmethod 16633 0x0000020b81ec1f10 code [0x0000020b81ec20c0, 0x0000020b81ec2230]
Event: 35.819 Thread 0x0000020bfd7aa0b0 16631       2       org.apache.commons.compress.archivers.zip.ZipShort::putShort (9 bytes)
Event: 35.819 Thread 0x0000020bfd7aa0b0 nmethod 16631 0x0000020b81ec2310 code [0x0000020b81ec24c0, 0x0000020b81ec25d0]
Event: 35.819 Thread 0x0000020bfd7aa0b0 16626       2       org.gradle.internal.classpath.transforms.InstrumentingClassTransform$InstrumentingMethodVisitor::visitINVOKESTATIC (47 bytes)
Event: 35.819 Thread 0x0000020bfd7aa0b0 nmethod 16626 0x0000020b81ec2690 code [0x0000020b81ec2860, 0x0000020b81ec2a90]
Event: 35.820 Thread 0x0000020bfd7aa0b0 16634       3       org.gradle.internal.classpath.generated.InterceptorDeclaration_ConfigCacheJvmBytecode::visitMethodInsn (4679 bytes)

GC Heap History (20 events):
Event: 27.653 GC heap after
{Heap after GC invocations=38 (full 0):
 garbage-first heap   total 224256K, used 163821K [0x0000000080000000, 0x0000000100000000)
  region size 1024K, 8 young (8192K), 8 survivors (8192K)
 Metaspace       used 137271K, committed 139136K, reserved 1179648K
  class space    used 18009K, committed 18880K, reserved 1048576K
}
Event: 28.037 GC heap before
{Heap before GC invocations=39 (full 0):
 garbage-first heap   total 275456K, used 199661K [0x0000000080000000, 0x0000000100000000)
  region size 1024K, 42 young (43008K), 8 survivors (8192K)
 Metaspace       used 137745K, committed 139584K, reserved 1179648K
  class space    used 18054K, committed 18944K, reserved 1048576K
}
Event: 28.049 GC heap after
{Heap after GC invocations=40 (full 0):
 garbage-first heap   total 275456K, used 178113K [0x0000000080000000, 0x0000000100000000)
  region size 1024K, 6 young (6144K), 6 survivors (6144K)
 Metaspace       used 137745K, committed 139584K, reserved 1179648K
  class space    used 18054K, committed 18944K, reserved 1048576K
}
Event: 29.726 GC heap before
{Heap before GC invocations=40 (full 0):
 garbage-first heap   total 275456K, used 236481K [0x0000000080000000, 0x0000000100000000)
  region size 1024K, 64 young (65536K), 6 survivors (6144K)
 Metaspace       used 145663K, committed 147584K, reserved 1179648K
  class space    used 19146K, committed 20032K, reserved 1048576K
}
Event: 29.734 GC heap after
{Heap after GC invocations=41 (full 0):
 garbage-first heap   total 275456K, used 184826K [0x0000000080000000, 0x0000000100000000)
  region size 1024K, 7 young (7168K), 7 survivors (7168K)
 Metaspace       used 145663K, committed 147584K, reserved 1179648K
  class space    used 19146K, committed 20032K, reserved 1048576K
}
Event: 30.806 GC heap before
{Heap before GC invocations=41 (full 0):
 garbage-first heap   total 275456K, used 242170K [0x0000000080000000, 0x0000000100000000)
  region size 1024K, 63 young (64512K), 7 survivors (7168K)
 Metaspace       used 150394K, committed 152448K, reserved 1245184K
  class space    used 19677K, committed 20672K, reserved 1048576K
}
Event: 30.814 GC heap after
{Heap after GC invocations=42 (full 0):
 garbage-first heap   total 275456K, used 190677K [0x0000000080000000, 0x0000000100000000)
  region size 1024K, 6 young (6144K), 6 survivors (6144K)
 Metaspace       used 150394K, committed 152448K, reserved 1245184K
  class space    used 19677K, committed 20672K, reserved 1048576K
}
Event: 31.916 GC heap before
{Heap before GC invocations=43 (full 0):
 garbage-first heap   total 291840K, used 230613K [0x0000000080000000, 0x0000000100000000)
  region size 1024K, 61 young (62464K), 6 survivors (6144K)
 Metaspace       used 156478K, committed 158528K, reserved 1245184K
  class space    used 20524K, committed 21504K, reserved 1048576K
}
Event: 31.921 GC heap after
{Heap after GC invocations=44 (full 0):
 garbage-first heap   total 291840K, used 176156K [0x0000000080000000, 0x0000000100000000)
  region size 1024K, 3 young (3072K), 3 survivors (3072K)
 Metaspace       used 156478K, committed 158528K, reserved 1245184K
  class space    used 20524K, committed 21504K, reserved 1048576K
}
Event: 32.159 GC heap before
{Heap before GC invocations=44 (full 0):
 garbage-first heap   total 291840K, used 260124K [0x0000000080000000, 0x0000000100000000)
  region size 1024K, 84 young (86016K), 3 survivors (3072K)
 Metaspace       used 156626K, committed 158720K, reserved 1245184K
  class space    used 20526K, committed 21504K, reserved 1048576K
}
Event: 32.179 GC heap after
{Heap after GC invocations=45 (full 0):
 garbage-first heap   total 296960K, used 184684K [0x0000000080000000, 0x0000000100000000)
  region size 1024K, 11 young (11264K), 11 survivors (11264K)
 Metaspace       used 156626K, committed 158720K, reserved 1245184K
  class space    used 20526K, committed 21504K, reserved 1048576K
}
Event: 34.376 GC heap before
{Heap before GC invocations=45 (full 0):
 garbage-first heap   total 296960K, used 252268K [0x0000000080000000, 0x0000000100000000)
  region size 1024K, 78 young (79872K), 11 survivors (11264K)
 Metaspace       used 158300K, committed 160384K, reserved 1245184K
  class space    used 20679K, committed 21696K, reserved 1048576K
}
Event: 34.397 GC heap after
{Heap after GC invocations=46 (full 0):
 garbage-first heap   total 296960K, used 200704K [0x0000000080000000, 0x0000000100000000)
  region size 1024K, 10 young (10240K), 10 survivors (10240K)
 Metaspace       used 158300K, committed 160384K, reserved 1245184K
  class space    used 20679K, committed 21696K, reserved 1048576K
}
Event: 34.732 GC heap before
{Heap before GC invocations=47 (full 0):
 garbage-first heap   total 311296K, used 246784K [0x0000000080000000, 0x0000000100000000)
  region size 1024K, 70 young (71680K), 10 survivors (10240K)
 Metaspace       used 158709K, committed 160768K, reserved 1245184K
  class space    used 20722K, committed 21696K, reserved 1048576K
}
Event: 34.744 GC heap after
{Heap after GC invocations=48 (full 0):
 garbage-first heap   total 311296K, used 191255K [0x0000000080000000, 0x0000000100000000)
  region size 1024K, 5 young (5120K), 5 survivors (5120K)
 Metaspace       used 158709K, committed 160768K, reserved 1245184K
  class space    used 20722K, committed 21696K, reserved 1048576K
}
Event: 35.109 GC heap before
{Heap before GC invocations=48 (full 0):
 garbage-first heap   total 311296K, used 264983K [0x0000000080000000, 0x0000000100000000)
  region size 1024K, 78 young (79872K), 5 survivors (5120K)
 Metaspace       used 158788K, committed 160832K, reserved 1245184K
  class space    used 20728K, committed 21696K, reserved 1048576K
}
Event: 35.128 GC heap after
{Heap after GC invocations=49 (full 0):
 garbage-first heap   total 311296K, used 180023K [0x0000000080000000, 0x0000000100000000)
  region size 1024K, 10 young (10240K), 10 survivors (10240K)
 Metaspace       used 158788K, committed 160832K, reserved 1245184K
  class space    used 20728K, committed 21696K, reserved 1048576K
}
Event: 35.497 GC heap before
{Heap before GC invocations=49 (full 0):
 garbage-first heap   total 311296K, used 258871K [0x0000000080000000, 0x0000000100000000)
  region size 1024K, 88 young (90112K), 10 survivors (10240K)
 Metaspace       used 158952K, committed 161088K, reserved 1245184K
  class space    used 20741K, committed 21760K, reserved 1048576K
}
Event: 35.518 GC heap after
{Heap after GC invocations=50 (full 0):
 garbage-first heap   total 311296K, used 187256K [0x0000000080000000, 0x0000000100000000)
  region size 1024K, 11 young (11264K), 11 survivors (11264K)
 Metaspace       used 158952K, committed 161088K, reserved 1245184K
  class space    used 20741K, committed 21760K, reserved 1048576K
}
Event: 35.833 GC heap before
{Heap before GC invocations=50 (full 0):
 garbage-first heap   total 311296K, used 264056K [0x0000000080000000, 0x0000000100000000)
  region size 1024K, 87 young (89088K), 11 survivors (11264K)
 Metaspace       used 159628K, committed 161728K, reserved 1245184K
  class space    used 20806K, committed 21824K, reserved 1048576K
}

Dll operation events (3 events):
Event: 0.015 Loaded shared library C:\Program Files\Android\Android Studio\jbr\bin\java.dll
Event: 0.022 Loaded shared library C:\Program Files\Android\Android Studio\jbr\bin\zip.dll
Event: 1.284 Loaded shared library C:\Program Files\Android\Android Studio\jbr\bin\verify.dll

Deoptimization events (20 events):
Event: 35.725 Thread 0x0000020bad9a4f10 DEOPT PACKING pc=0x0000020b87af6c88 sp=0x0000001f5c2f9d80
Event: 35.725 Thread 0x0000020bad9a4f10 DEOPT UNPACKING pc=0x0000020b875843a2 sp=0x0000001f5c2f9c20 mode 2
Event: 35.725 Thread 0x0000020bad9a4f10 Uncommon trap: trap_request=0xffffff45 fr.pc=0x0000020b87ddf368 relative=0x0000000000000628
Event: 35.725 Thread 0x0000020bad9a4f10 Uncommon trap: reason=unstable_if action=reinterpret pc=0x0000020b87ddf368 method=org.objectweb.asm.Type.getArgumentsAndReturnSizes(Ljava/lang/String;)I @ 19 c2
Event: 35.725 Thread 0x0000020bad9a4f10 DEOPT PACKING pc=0x0000020b87ddf368 sp=0x0000001f5c2f9cd0
Event: 35.725 Thread 0x0000020bad9a4f10 DEOPT UNPACKING pc=0x0000020b875843a2 sp=0x0000001f5c2f9c58 mode 2
Event: 35.745 Thread 0x0000020bad9a4f10 Uncommon trap: trap_request=0xffffff45 fr.pc=0x0000020b87e7236c relative=0x000000000000014c
Event: 35.745 Thread 0x0000020bad9a4f10 Uncommon trap: reason=unstable_if action=reinterpret pc=0x0000020b87e7236c method=org.objectweb.asm.ByteVector.putByteArray([BII)Lorg/objectweb/asm/ByteVector; @ 20 c2
Event: 35.745 Thread 0x0000020bad9a4f10 DEOPT PACKING pc=0x0000020b87e7236c sp=0x0000001f5c2f9e10
Event: 35.745 Thread 0x0000020bad9a4f10 DEOPT UNPACKING pc=0x0000020b875843a2 sp=0x0000001f5c2f9de0 mode 2
Event: 35.745 Thread 0x0000020bad9a4f10 Uncommon trap: trap_request=0xffffff45 fr.pc=0x0000020b87fe097c relative=0x0000000000000afc
Event: 35.745 Thread 0x0000020bad9a4f10 Uncommon trap: reason=unstable_if action=reinterpret pc=0x0000020b87fe097c method=org.objectweb.asm.Label.resolve([BLorg/objectweb/asm/ByteVector;I)Z @ 81 c2
Event: 35.745 Thread 0x0000020bad9a4f10 DEOPT PACKING pc=0x0000020b87fe097c sp=0x0000001f5c2f9f10
Event: 35.745 Thread 0x0000020bad9a4f10 DEOPT UNPACKING pc=0x0000020b875843a2 sp=0x0000001f5c2f9e38 mode 2
Event: 35.745 Thread 0x0000020bad9a4f10 Uncommon trap: trap_request=0xffffff45 fr.pc=0x0000020b87deaf60 relative=0x0000000000000240
Event: 35.745 Thread 0x0000020bad9a4f10 Uncommon trap: reason=unstable_if action=reinterpret pc=0x0000020b87deaf60 method=org.objectweb.asm.Label.resolve([BLorg/objectweb/asm/ByteVector;I)Z @ 81 c2
Event: 35.745 Thread 0x0000020bad9a4f10 DEOPT PACKING pc=0x0000020b87deaf60 sp=0x0000001f5c2f9ea0
Event: 35.745 Thread 0x0000020bad9a4f10 DEOPT UNPACKING pc=0x0000020b875843a2 sp=0x0000001f5c2f9e30 mode 2
Event: 35.772 Thread 0x0000020bad9a7670 DEOPT PACKING pc=0x0000020b811079ed sp=0x0000001f5c1faee0
Event: 35.772 Thread 0x0000020bad9a7670 DEOPT UNPACKING pc=0x0000020b87584b42 sp=0x0000001f5c1fa418 mode 0

Classes loaded (20 events):
Event: 33.392 Loading class sun/security/ssl/SSLEngineOutputRecord$HandshakeFragment
Event: 33.393 Loading class sun/security/ssl/SSLEngineOutputRecord$HandshakeFragment done
Event: 33.393 Loading class sun/security/ssl/SSLEngineOutputRecord$HandshakeMemo
Event: 33.393 Loading class sun/security/ssl/SSLEngineOutputRecord$RecordMemo
Event: 33.393 Loading class sun/security/ssl/SSLEngineOutputRecord$RecordMemo done
Event: 33.393 Loading class sun/security/ssl/SSLEngineOutputRecord$HandshakeMemo done
Event: 33.479 Loading class sun/security/ssl/PreSharedKeyExtension$SHPreSharedKeySpec
Event: 33.480 Loading class sun/security/ssl/PreSharedKeyExtension$SHPreSharedKeySpec done
Event: 34.211 Loading class java/util/LinkedList$LLSpliterator
Event: 34.212 Loading class java/util/LinkedList$LLSpliterator done
Event: 34.497 Loading class java/util/concurrent/atomic/Striped64$Cell
Event: 34.498 Loading class java/util/concurrent/atomic/Striped64$Cell done
Event: 34.891 Loading class java/util/TreeMap$EntrySpliterator
Event: 34.892 Loading class java/util/TreeMap$EntrySpliterator done
Event: 35.569 Loading class java/util/Collections$UnmodifiableSortedMap
Event: 35.571 Loading class java/util/Collections$UnmodifiableSortedMap done
Event: 35.573 Loading class java/util/zip/Deflater
Event: 35.573 Loading class java/util/zip/Deflater done
Event: 35.576 Loading class java/util/zip/Deflater$DeflaterZStreamRef
Event: 35.576 Loading class java/util/zip/Deflater$DeflaterZStreamRef done

Classes unloaded (0 events):
No events

Classes redefined (0 events):
No events

Internal exceptions (20 events):
Event: 35.814 Thread 0x0000020bad9a1400 Exception <a 'sun/nio/fs/WindowsException'{0x000000008e53fae8}> (0x000000008e53fae8) 
thrown [s\src\hotspot\share\prims\jni.cpp, line 537]
Event: 35.815 Thread 0x0000020bad9a1400 Exception <a 'sun/nio/fs/WindowsException'{0x000000008e540db0}> (0x000000008e540db0) 
thrown [s\src\hotspot\share\prims\jni.cpp, line 537]
Event: 35.815 Thread 0x0000020b93e0f700 Exception <a 'sun/nio/fs/WindowsException'{0x000000008e65e2e0}> (0x000000008e65e2e0) 
thrown [s\src\hotspot\share\prims\jni.cpp, line 537]
Event: 35.818 Thread 0x0000020bad9a8390 Exception <a 'sun/nio/fs/WindowsException'{0x000000008e4520d0}> (0x000000008e4520d0) 
thrown [s\src\hotspot\share\prims\jni.cpp, line 537]
Event: 35.818 Thread 0x0000020bad9a4880 Exception <a 'sun/nio/fs/WindowsException'{0x000000008e870798}> (0x000000008e870798) 
thrown [s\src\hotspot\share\prims\jni.cpp, line 537]
Event: 35.819 Thread 0x0000020bad9a4880 Exception <a 'sun/nio/fs/WindowsException'{0x000000008e8715d0}> (0x000000008e8715d0) 
thrown [s\src\hotspot\share\prims\jni.cpp, line 537]
Event: 35.819 Thread 0x0000020bad9a4880 Exception <a 'sun/nio/fs/WindowsException'{0x000000008e872618}> (0x000000008e872618) 
thrown [s\src\hotspot\share\prims\jni.cpp, line 537]
Event: 35.819 Thread 0x0000020b93e0f700 Exception <a 'sun/nio/fs/WindowsException'{0x000000008e6672a8}> (0x000000008e6672a8) 
thrown [s\src\hotspot\share\prims\jni.cpp, line 537]
Event: 35.819 Thread 0x0000020bad9a4880 Exception <a 'sun/nio/fs/WindowsException'{0x000000008e335c88}> (0x000000008e335c88) 
thrown [s\src\hotspot\share\prims\jni.cpp, line 537]
Event: 35.819 Thread 0x0000020b93e0f700 Exception <a 'sun/nio/fs/WindowsException'{0x000000008e669660}> (0x000000008e669660) 
thrown [s\src\hotspot\share\prims\jni.cpp, line 537]
Event: 35.820 Thread 0x0000020b93e0f700 Exception <a 'sun/nio/fs/WindowsException'{0x000000008e66bc28}> (0x000000008e66bc28) 
thrown [s\src\hotspot\share\prims\jni.cpp, line 537]
Event: 35.820 Thread 0x0000020b93e0f700 Exception <a 'sun/nio/fs/WindowsException'{0x000000008e66e470}> (0x000000008e66e470) 
thrown [s\src\hotspot\share\prims\jni.cpp, line 537]
Event: 35.823 Thread 0x0000020bad9a1400 Exception <a 'sun/nio/fs/WindowsException'{0x000000008e349ae0}> (0x000000008e349ae0) 
thrown [s\src\hotspot\share\prims\jni.cpp, line 537]
Event: 35.824 Thread 0x0000020bad9a7670 Exception <a 'sun/nio/fs/WindowsException'{0x000000008e238730}> (0x000000008e238730) 
thrown [s\src\hotspot\share\prims\jni.cpp, line 537]
Event: 35.825 Thread 0x0000020bad9a1400 Exception <a 'sun/nio/fs/WindowsException'{0x000000008e34e4b0}> (0x000000008e34e4b0) 
thrown [s\src\hotspot\share\prims\jni.cpp, line 537]
Event: 35.828 Thread 0x0000020b93e0f700 Exception <a 'sun/nio/fs/WindowsException'{0x000000008e3a5090}> (0x000000008e3a5090) 
thrown [s\src\hotspot\share\prims\jni.cpp, line 537]
Event: 35.831 Thread 0x0000020bad9a6fe0 Exception <a 'sun/nio/fs/WindowsException'{0x000000008de45248}> (0x000000008de45248) 
thrown [s\src\hotspot\share\prims\jni.cpp, line 537]
Event: 35.832 Thread 0x0000020bad9a1400 Exception <a 'sun/nio/fs/WindowsException'{0x000000008dfbc658}> (0x000000008dfbc658) 
thrown [s\src\hotspot\share\prims\jni.cpp, line 537]
Event: 35.832 Thread 0x0000020b93e0f700 Exception <a 'sun/nio/fs/WindowsException'{0x000000008e3aafa0}> (0x000000008e3aafa0) 
thrown [s\src\hotspot\share\prims\jni.cpp, line 537]
Event: 35.832 Thread 0x0000020bad9a1400 Exception <a 'sun/nio/fs/WindowsException'{0x000000008deeaf48}> (0x000000008deeaf48) 
thrown [s\src\hotspot\share\prims\jni.cpp, line 537]

ZGC Phase Switch (0 events):
No events

VM Operations (20 events):
Event: 33.965 Executing safepoint VM operation: ICBufferFull done
Event: 34.302 Executing safepoint VM operation: ICBufferFull
Event: 34.302 Executing safepoint VM operation: ICBufferFull done
Event: 34.376 Executing safepoint VM operation: G1CollectForAllocation (G1 Evacuation Pause)
Event: 34.397 Executing safepoint VM operation: G1CollectForAllocation (G1 Evacuation Pause) done
Event: 34.488 Executing safepoint VM operation: G1PauseRemark
Event: 34.496 Executing safepoint VM operation: G1PauseRemark done
Event: 34.564 Executing safepoint VM operation: G1PauseCleanup
Event: 34.565 Executing safepoint VM operation: G1PauseCleanup done
Event: 34.732 Executing safepoint VM operation: G1CollectForAllocation (G1 Evacuation Pause)
Event: 34.744 Executing safepoint VM operation: G1CollectForAllocation (G1 Evacuation Pause) done
Event: 35.109 Executing safepoint VM operation: G1CollectForAllocation (G1 Evacuation Pause)
Event: 35.128 Executing safepoint VM operation: G1CollectForAllocation (G1 Evacuation Pause) done
Event: 35.333 Executing safepoint VM operation: ICBufferFull
Event: 35.334 Executing safepoint VM operation: ICBufferFull done
Event: 35.497 Executing safepoint VM operation: G1CollectForAllocation (G1 Evacuation Pause)
Event: 35.518 Executing safepoint VM operation: G1CollectForAllocation (G1 Evacuation Pause) done
Event: 35.626 Executing non-safepoint VM operation: HandshakeAllThreads (Deoptimize)
Event: 35.643 Executing non-safepoint VM operation: HandshakeAllThreads (Deoptimize) done
Event: 35.832 Executing safepoint VM operation: G1CollectForAllocation (G1 Evacuation Pause)

Memory protections (0 events):
No events

Nmethod flushes (20 events):
Event: 34.494 Thread 0x0000020bfd6e6c30 flushing  nmethod 0x0000020b87ba8090
Event: 34.494 Thread 0x0000020bfd6e6c30 flushing  nmethod 0x0000020b87dfe710
Event: 34.494 Thread 0x0000020bfd6e6c30 flushing  nmethod 0x0000020b88113610
Event: 34.494 Thread 0x0000020bfd6e6c30 flushing  nmethod 0x0000020b8019bb90
Event: 34.494 Thread 0x0000020bfd6e6c30 flushing  nmethod 0x0000020b8027d890
Event: 34.494 Thread 0x0000020bfd6e6c30 flushing  nmethod 0x0000020b8064fe10
Event: 34.494 Thread 0x0000020bfd6e6c30 flushing  nmethod 0x0000020b806e3810
Event: 34.494 Thread 0x0000020bfd6e6c30 flushing  nmethod 0x0000020b80a2e490
Event: 34.494 Thread 0x0000020bfd6e6c30 flushing  nmethod 0x0000020b80ad0510
Event: 34.494 Thread 0x0000020bfd6e6c30 flushing  nmethod 0x0000020b80b45210
Event: 34.494 Thread 0x0000020bfd6e6c30 flushing  nmethod 0x0000020b80b4bf90
Event: 34.494 Thread 0x0000020bfd6e6c30 flushing  nmethod 0x0000020b80d78f90
Event: 34.494 Thread 0x0000020bfd6e6c30 flushing  nmethod 0x0000020b80fc1510
Event: 34.494 Thread 0x0000020bfd6e6c30 flushing  nmethod 0x0000020b811ffc10
Event: 34.494 Thread 0x0000020bfd6e6c30 flushing  nmethod 0x0000020b8163db90
Event: 34.494 Thread 0x0000020bfd6e6c30 flushing  nmethod 0x0000020b816a3310
Event: 34.494 Thread 0x0000020bfd6e6c30 flushing  nmethod 0x0000020b816a5a90
Event: 34.494 Thread 0x0000020bfd6e6c30 flushing  nmethod 0x0000020b81808890
Event: 34.494 Thread 0x0000020bfd6e6c30 flushing  nmethod 0x0000020b81808d10
Event: 34.494 Thread 0x0000020bfd6e6c30 flushing  nmethod 0x0000020b81809510

Events (20 events):
Event: 34.313 Thread 0x0000020b93e0f700 Thread added: 0x0000020baaf396d0
Event: 34.315 Thread 0x0000020b93e0f700 Thread added: 0x0000020baaf3a3f0
Event: 34.317 Thread 0x0000020b93e0f700 Thread added: 0x0000020baaf3aa80
Event: 34.319 Thread 0x0000020b93e0f700 Thread added: 0x0000020baaf38320
Event: 34.322 Thread 0x0000020b93e0f700 Thread added: 0x0000020baaf3b110
Event: 34.325 Thread 0x0000020b93e0f700 Thread added: 0x0000020baaf3b7a0
Event: 34.327 Thread 0x0000020b93e0f700 Thread added: 0x0000020baaf3df00
Event: 34.331 Thread 0x0000020b93e0f700 Thread added: 0x0000020baaf3be30
Event: 34.334 Thread 0x0000020b93e0f700 Thread added: 0x0000020baaf3f940
Event: 34.683 Thread 0x0000020b93e0f700 Thread added: 0x0000020bad9a4880
Event: 34.684 Thread 0x0000020b93e0f700 Thread added: 0x0000020bad9a41f0
Event: 34.685 Thread 0x0000020b93e0f700 Thread added: 0x0000020bad9a34d0
Event: 34.685 Thread 0x0000020b93e0f700 Thread added: 0x0000020bad9a3b60
Event: 34.686 Thread 0x0000020b93e0f700 Thread added: 0x0000020bad9a1400
Event: 34.687 Thread 0x0000020b93e0f700 Thread added: 0x0000020bad9a7d00
Event: 34.689 Thread 0x0000020b93e0f700 Thread added: 0x0000020bad9a6950
Event: 34.690 Thread 0x0000020b93e0f700 Thread added: 0x0000020bad9a8390
Event: 34.691 Thread 0x0000020b93e0f700 Thread added: 0x0000020bad9a6fe0
Event: 34.692 Thread 0x0000020b93e0f700 Thread added: 0x0000020bad9a7670
Event: 34.693 Thread 0x0000020b93e0f700 Thread added: 0x0000020bad9a4f10


Dynamic libraries:
0x00007ff651490000 - 0x00007ff65149a000 	C:\Program Files\Android\Android Studio\jbr\bin\java.exe
0x00007ffd4d620000 - 0x00007ffd4d886000 	C:\WINDOWS\SYSTEM32\ntdll.dll
0x00007ffd4c0c0000 - 0x00007ffd4c189000 	C:\WINDOWS\System32\KERNEL32.DLL
0x00007ffd4a970000 - 0x00007ffd4ad6a000 	C:\WINDOWS\System32\KERNELBASE.dll
0x00007ffd4b240000 - 0x00007ffd4b38c000 	C:\WINDOWS\System32\ucrtbase.dll
0x00007ffd23190000 - 0x00007ffd231a8000 	C:\Program Files\Android\Android Studio\jbr\bin\jli.dll
0x00007ffd41ab0000 - 0x00007ffd41acb000 	C:\Program Files\Android\Android Studio\jbr\bin\VCRUNTIME140.dll
0x00007ffd4c6b0000 - 0x00007ffd4c877000 	C:\WINDOWS\System32\USER32.dll
0x00007ffd319a0000 - 0x00007ffd31c32000 	C:\WINDOWS\WinSxS\amd64_microsoft.windows.common-controls_6595b64144ccf1df_6.0.26100.8521_none_3e08b75ce33403b3\COMCTL32.dll
0x00007ffd4ad70000 - 0x00007ffd4ad97000 	C:\WINDOWS\System32\win32u.dll
0x00007ffd4c290000 - 0x00007ffd4c2bb000 	C:\WINDOWS\System32\GDI32.dll
0x00007ffd4d470000 - 0x00007ffd4d519000 	C:\WINDOWS\System32\msvcrt.dll
0x00007ffd4af20000 - 0x00007ffd4b04b000 	C:\WINDOWS\System32\gdi32full.dll
0x00007ffd4b050000 - 0x00007ffd4b0f3000 	C:\WINDOWS\System32\msvcp_win.dll
0x00007ffd4bec0000 - 0x00007ffd4bef2000 	C:\WINDOWS\System32\IMM32.DLL
0x00007ffd47850000 - 0x00007ffd4785c000 	C:\Program Files\Android\Android Studio\jbr\bin\vcruntime140_1.dll
0x00007ffd266c0000 - 0x00007ffd2674d000 	C:\Program Files\Android\Android Studio\jbr\bin\msvcp140.dll
0x00007ffc417a0000 - 0x00007ffc42436000 	C:\Program Files\Android\Android Studio\jbr\bin\server\jvm.dll
0x00007ffd4d3b0000 - 0x00007ffd4d466000 	C:\WINDOWS\System32\ADVAPI32.dll
0x00007ffd4d530000 - 0x00007ffd4d5da000 	C:\WINDOWS\System32\sechost.dll
0x00007ffd4bf10000 - 0x00007ffd4c028000 	C:\WINDOWS\System32\RPCRT4.dll
0x00007ffd4c030000 - 0x00007ffd4c0b0000 	C:\WINDOWS\System32\WS2_32.dll
0x00007ffd4a730000 - 0x00007ffd4a78e000 	C:\WINDOWS\SYSTEM32\POWRPROF.dll
0x00007ffd41610000 - 0x00007ffd41646000 	C:\WINDOWS\SYSTEM32\WINMM.dll
0x00007ffd43270000 - 0x00007ffd4327b000 	C:\WINDOWS\SYSTEM32\VERSION.dll
0x00007ffd4a710000 - 0x00007ffd4a724000 	C:\WINDOWS\SYSTEM32\UMPDC.dll
0x00007ffd49600000 - 0x00007ffd4961b000 	C:\WINDOWS\SYSTEM32\kernel.appcore.dll
0x00007ffd41b00000 - 0x00007ffd41b0a000 	C:\Program Files\Android\Android Studio\jbr\bin\jimage.dll
0x00007ffd40770000 - 0x00007ffd409b2000 	C:\WINDOWS\SYSTEM32\DBGHELP.DLL
0x00007ffd4c320000 - 0x00007ffd4c6a3000 	C:\WINDOWS\System32\combase.dll
0x00007ffd4bb80000 - 0x00007ffd4bc59000 	C:\WINDOWS\System32\OLEAUT32.dll
0x00007ffd31190000 - 0x00007ffd311cb000 	C:\WINDOWS\SYSTEM32\dbgcore.DLL
0x00007ffd4b190000 - 0x00007ffd4b238000 	C:\WINDOWS\System32\bcryptPrimitives.dll
0x00007ffd426d0000 - 0x00007ffd426de000 	C:\Program Files\Android\Android Studio\jbr\bin\instrument.dll
0x00007ffd35080000 - 0x00007ffd350a0000 	C:\Program Files\Android\Android Studio\jbr\bin\java.dll
0x00007ffd2ce90000 - 0x00007ffd2cea8000 	C:\Program Files\Android\Android Studio\jbr\bin\zip.dll
0x00007ffd4c880000 - 0x00007ffd4d004000 	C:\WINDOWS\System32\SHELL32.dll
0x00007ffd48430000 - 0x00007ffd48cb0000 	C:\WINDOWS\SYSTEM32\windows.storage.dll
0x00007ffd4ba80000 - 0x00007ffd4bb76000 	C:\WINDOWS\System32\SHCORE.dll
0x00007ffd4d1f0000 - 0x00007ffd4d257000 	C:\WINDOWS\System32\shlwapi.dll
0x00007ffd4a7d0000 - 0x00007ffd4a7f9000 	C:\WINDOWS\SYSTEM32\profapi.dll
0x00007ffd41ae0000 - 0x00007ffd41af0000 	C:\Program Files\Android\Android Studio\jbr\bin\net.dll
0x00007ffd43670000 - 0x00007ffd43799000 	C:\WINDOWS\SYSTEM32\WINHTTP.dll
0x00007ffd49b50000 - 0x00007ffd49bbc000 	C:\WINDOWS\system32\mswsock.dll
0x00007ffd29de0000 - 0x00007ffd29df6000 	C:\Program Files\Android\Android Studio\jbr\bin\nio.dll
0x00007ffd3bf30000 - 0x00007ffd3bf40000 	C:\Program Files\Android\Android Studio\jbr\bin\verify.dll
0x00007ffd3bec0000 - 0x00007ffd3bee7000 	C:\Users\Kabo\.gradle\native\660c5614fbf4a5f2a75b1949f50a0caf5cd603558e7d8a26e50b933a0cfb79d1\windows-amd64\native-platform.dll
0x00007ffd0dd70000 - 0x00007ffd0dde7000 	C:\Users\Kabo\.gradle\native\0.2.8\x86_64-windows-gnu\gradle-fileevents.dll
0x00007ffd41530000 - 0x00007ffd41539000 	C:\Program Files\Android\Android Studio\jbr\bin\management.dll
0x00007ffd40c80000 - 0x00007ffd40c8b000 	C:\Program Files\Android\Android Studio\jbr\bin\management_ext.dll
0x00007ffd4d520000 - 0x00007ffd4d528000 	C:\WINDOWS\System32\PSAPI.DLL
0x00007ffd48fe0000 - 0x00007ffd49013000 	C:\WINDOWS\SYSTEM32\IPHLPAPI.DLL
0x00007ffd4beb0000 - 0x00007ffd4beba000 	C:\WINDOWS\System32\NSI.dll
0x00007ffd41aa0000 - 0x00007ffd41aa9000 	C:\Program Files\Android\Android Studio\jbr\bin\extnet.dll
0x00007ffd49f50000 - 0x00007ffd49f6b000 	C:\WINDOWS\SYSTEM32\CRYPTSP.dll
0x00007ffd49560000 - 0x00007ffd49599000 	C:\WINDOWS\system32\rsaenh.dll
0x00007ffd49c00000 - 0x00007ffd49c33000 	C:\WINDOWS\SYSTEM32\USERENV.dll
0x00007ffd4a7a0000 - 0x00007ffd4a7ca000 	C:\WINDOWS\SYSTEM32\bcrypt.dll
0x00007ffd49db0000 - 0x00007ffd49dbc000 	C:\WINDOWS\SYSTEM32\CRYPTBASE.dll
0x00007ffd1c010000 - 0x00007ffd1c018000 	C:\WINDOWS\system32\wshunix.dll
0x00007ffd49020000 - 0x00007ffd4916a000 	C:\WINDOWS\SYSTEM32\DNSAPI.dll
0x00007ffd49990000 - 0x00007ffd4999d000 	C:\WINDOWS\SYSTEM32\DSPARSE.dll
0x00007ffd43280000 - 0x00007ffd4328b000 	C:\Windows\System32\rasadhlp.dll
0x00007ffd442c0000 - 0x00007ffd44346000 	C:\WINDOWS\System32\fwpuclnt.dll

JVMTI agents:
C:\Users\Kabo\.gradle\wrapper\dists\gradle-9.3.1-bin\23ovyewtku6u96viwx3xl3oks\gradle-9.3.1\lib\agents\gradle-instrumentation-agent-9.3.1.jar path:C:\Program Files\Android\Android Studio\jbr\bin\instrument.dll, loaded, initialized, instrumentlib options:none

dbghelp: loaded successfully - version: 4.0.5 - missing functions: none
symbol engine: initialized successfully - sym options: 0x614 - pdb path: .;C:\Program Files\Android\Android Studio\jbr\bin;C:\WINDOWS\SYSTEM32;C:\WINDOWS\WinSxS\amd64_microsoft.windows.common-controls_6595b64144ccf1df_6.0.26100.8521_none_3e08b75ce33403b3;C:\Program Files\Android\Android Studio\jbr\bin\server;C:\Users\Kabo\.gradle\native\660c5614fbf4a5f2a75b1949f50a0caf5cd603558e7d8a26e50b933a0cfb79d1\windows-amd64;C:\Users\Kabo\.gradle\native\0.2.8\x86_64-windows-gnu

VM Arguments:
jvm_args: --add-opens=java.base/java.lang=ALL-UNNAMED --add-opens=java.base/java.lang.invoke=ALL-UNNAMED --add-opens=java.base/java.util=ALL-UNNAMED --add-opens=java.prefs/java.util.prefs=ALL-UNNAMED --add-exports=jdk.compiler/com.sun.tools.javac.api=ALL-UNNAMED --add-exports=jdk.compiler/com.sun.tools.javac.util=ALL-UNNAMED --add-opens=java.base/java.util=ALL-UNNAMED --add-opens=java.prefs/java.util.prefs=ALL-UNNAMED --add-opens=java.base/java.nio.charset=ALL-UNNAMED --add-opens=java.base/java.net=ALL-UNNAMED --add-opens=java.base/java.util.concurrent=ALL-UNNAMED --add-opens=java.base/java.util.concurrent.atomic=ALL-UNNAMED --add-opens=java.xml/javax.xml.namespace=ALL-UNNAMED --add-opens=java.base/java.time=ALL-UNNAMED -Xmx2048m -Dfile.encoding=UTF-8 -Duser.country=US -Duser.language=en -Duser.variant -javaagent:C:\Users\Kabo\.gradle\wrapper\dists\gradle-9.3.1-bin\23ovyewtku6u96viwx3xl3oks\gradle-9.3.1\lib\agents\gradle-instrumentation-agent-9.3.1.jar 
java_command: org.gradle.launcher.daemon.bootstrap.GradleDaemon 9.3.1
java_class_path (initial): C:\Users\Kabo\.gradle\wrapper\dists\gradle-9.3.1-bin\23ovyewtku6u96viwx3xl3oks\gradle-9.3.1\lib\gradle-daemon-main-9.3.1.jar
Launcher Type: SUN_STANDARD

[Global flags]
     intx CICompilerCount                          = 4                                         {product} {ergonomic}
     uint ConcGCThreads                            = 3                                         {product} {ergonomic}
     uint G1ConcRefinementThreads                  = 10                                        {product} {ergonomic}
   size_t G1HeapRegionSize                         = 1048576                                   {product} {ergonomic}
    uintx GCDrainStackTargetSize                   = 64                                        {product} {ergonomic}
   size_t InitialHeapSize                          = 123731968                                 {product} {ergonomic}
   size_t MarkStackSize                            = 4194304                                   {product} {ergonomic}
   size_t MaxHeapSize                              = 2147483648                                {product} {command line}
   size_t MaxNewSize                               = 1287651328                                {product} {ergonomic}
   size_t MinHeapDeltaBytes                        = 1048576                                   {product} {ergonomic}
   size_t MinHeapSize                              = 8388608                                   {product} {ergonomic}
    uintx NonNMethodCodeHeapSize                   = 5839372                                {pd product} {ergonomic}
    uintx NonProfiledCodeHeapSize                  = 122909434                              {pd product} {ergonomic}
    uintx ProfiledCodeHeapSize                     = 122909434                              {pd product} {ergonomic}
    uintx ReservedCodeCacheSize                    = 251658240                              {pd product} {ergonomic}
     bool SegmentedCodeCache                       = true                                      {product} {ergonomic}
   size_t SoftMaxHeapSize                          = 2147483648                             {manageable} {ergonomic}
     bool UseCompressedOops                        = true                           {product lp64_product} {ergonomic}
     bool UseG1GC                                  = true                                      {product} {ergonomic}
     bool UseLargePagesIndividualAllocation        = false                                  {pd product} {ergonomic}

Logging:
Log output configuration:
 #0: stdout all=warning uptime,level,tags foldmultilines=false
 #1: stderr all=off uptime,level,tags foldmultilines=false

Release file:
JAVA_VERSION="21.0.10" 
MODULES="java.base java.compiler java.datatransfer java.xml java.prefs java.desktop java.instrument java.logging java.management java.security.sasl java.naming java.rmi java.management.rmi java.net.http java.scripting java.security.jgss java.transaction.xa java.sql java.sql.rowset java.xml.crypto java.se java.smartcardio jdk.accessibility jdk.internal.jvmstat jdk.attach jdk.charsets jdk.internal.opt jdk.zipfs jdk.compiler jdk.crypto.ec jdk.crypto.cryptoki jdk.dynalink jdk.hotspot.agent jdk.httpserver jdk.internal.ed jdk.internal.le jdk.internal.vm.ci jdk.jartool jdk.javadoc jdk.jcmd jdk.jdeps jdk.jdwp.agent jdk.jdi jdk.jfr jdk.jlink jdk.jsobject jdk.localedata jdk.management jdk.management.agent jdk.management.jfr jdk.naming.dns jdk.naming.rmi jdk.net jdk.sctp jdk.security.auth jdk.security.jgss jdk.unsupported jdk.unsupported.desktop jdk.xml.dom" 
IMPLEMENTOR="JetBrains s.r.o." 
JAVA_RUNTIME_VERSION="21.0.10+-14961533-b1163.108" 
LIBC="default" 
OS_ARCH="x86_64" 
OS_NAME="Windows" 
SOURCE=".:git:1351622c2ff2" 

Environment Variables:
JAVA_HOME=C:\Program Files\Java\jdk-23
PATH=C:\Program Files (x86)\NVIDIA Corporation\PhysX\Common;C:\Program Files\Common Files\Oracle\Java\javapath;C:\WINDOWS\system32;C:\WINDOWS;C:\WINDOWS\System32\Wbem;C:\WINDOWS\System32\WindowsPowerShell\v1.0\;C:\WINDOWS\System32\OpenSSH\;C:\msys64\mingw64\bin;C:\Program Files\Git\cmd;C:\Program Files\nodejs\;D:\sql\160\Tools\Binn\;C:\Program Files\Microsoft SQL Server\160\Tools\Binn\;C:\Program Files\Microsoft SQL Server\Client SDK\ODBC\170\Tools\Binn\;C:\Program Files\Microsoft SQL Server\160\DTS\Binn\;C:\Users\Kabo\AppData\Local\Microsoft\WindowsApps;C:\flutter\flutter\bin;C:\Program Files\Git\bin;C:\dart-sdk\bin;C:\Users\Kabo\AppData\Local\Android\Sdk;C:\cmdline-tools\latest\bin;C:\Users\Kabo\AppData\Local\Programs\Microsoft VS Code\bin;C:\Program Files\Java\jdk-23\bin;D:\Program Files\CLion 2025.1.3\bin;;C:\Users\Kabo\AppData\Local\Pub\Cache\bin;C:\Users\Kabo\AppData\Roaming\npm;C:\Users\Kabo\AppData\Local\GitHubDesktop\bin
USERNAME=Kabo
OS=Windows_NT
PROCESSOR_IDENTIFIER=AMD64 Family 23 Model 104 Stepping 1, AuthenticAMD
TMP=C:\Users\Kabo\AppData\Local\Temp
TEMP=C:\Users\Kabo\AppData\Local\Temp




Periodic native trim disabled

JNI global refs:
JNI global refs: 30, weak refs: 42

JNI global refs memory usage: 835, weak refs: 833

Process memory usage:
Resident Set Size: 591876K (7% of 7681736K total physical memory with 439228K free physical memory)

OOME stack traces (most recent first):
Classloader memory used:
Loader org.gradle.internal.classloader.VisitableURLClassLoader                         : 105M
Loader bootstrap                                                                       : 29083K
Loader org.gradle.initialization.MixInLegacyTypesClassLoader                           : 11411K
Loader jdk.internal.loader.ClassLoaders$AppClassLoader                                 : 7987K
Loader org.gradle.internal.classloader.VisitableURLClassLoader                         : 1100K
Loader jdk.internal.loader.ClassLoaders$PlatformClassLoader                            : 897K
Loader org.gradle.internal.classloader.VisitableURLClassLoader$InstrumentingVisitableURLClassLoader: 739K
Loader jdk.internal.jrtfs.JrtFileSystemProvider$JrtFsLoader                            : 340K
Loader jdk.internal.reflect.DelegatingClassLoader                                      : 283K
Loader org.gradle.groovy.scripts.internal.DefaultScriptCompilationHandler$ScriptClassLoader: 92640B

Classes loaded by more than one classloader:
Class org.gradle.internal.IoActions                                                   : loaded 3 times (x 71B)
Class org.gradle.api.Action                                                           : loaded 3 times (x 70B)
Class org.gradle.internal.Cast                                                        : loaded 3 times (x 71B)
Class org.gradle.api.GradleException                                                  : loaded 3 times (x 82B)
Class Program                                                                         : loaded 3 times (x 72B)
Class jdk.internal.jimage.decompressor.StringSharingDecompressorFactory               : loaded 2 times (x 74B)
Class com.google.common.collect.UnmodifiableListIterator                              : loaded 2 times (x 95B)
Class ijInit1_7kuqguvl5i0dzr882g47jaebj$_run_closure1                                 : loaded 2 times (x 140B)
Class org.gradle.internal.operations.MultipleBuildOperationFailures                   : loaded 2 times (x 95B)
Class org.gradle.internal.classloader.DefaultClassLoaderFactory                       : loaded 2 times (x 82B)
Class kotlin.collections.AbstractList$Companion                                       : loaded 2 times (x 71B)
Class org.gradle.internal.classloader.ClassLoaderVisitor                              : loaded 2 times (x 76B)
Class org.gradle.api.internal.classpath.EffectiveClassPath                            : loaded 2 times (x 90B)
Class org.gradle.tooling.internal.gradle.DefaultProjectIdentifier                     : loaded 2 times (x 86B)
Class org.gradle.api.internal.DefaultClassPathProvider                                : loaded 2 times (x 76B)
Class sync_studio_tooling4_62mqf76bqk51ksz7yzno9qod8$_run_closure1                    : loaded 2 times (x 139B)
Class [Lorg.gradle.api.internal.ClassPathProvider;                                    : loaded 2 times (x 69B)
Class org.gradle.api.internal.ClassPathProvider                                       : loaded 2 times (x 70B)
Class jdk.internal.jrtfs.SystemImage                                                  : loaded 2 times (x 74B)
Class org.gradle.internal.service.UnknownServiceException                             : loaded 2 times (x 83B)
Class jdk.internal.jimage.ImageReader$LinkNode                                        : loaded 2 times (x 84B)
Class org.gradle.internal.classpath.TransformedClassPath                              : loaded 2 times (x 96B)
Class org.gradle.internal.classloader.InstrumentingClassLoader                        : loaded 2 times (x 70B)
Class jdk.internal.jrtfs.SystemImage$1                                                : loaded 2 times (x 78B)
Class com.google.common.collect.Iterators$ArrayItr                                    : loaded 2 times (x 97B)
Class kotlin.enums.EnumEntriesList                                                    : loaded 2 times (x 223B)
Class jdk.internal.jrtfs.SystemImage$2                                                : loaded 2 times (x 76B)
Class com.google.common.collect.UnmodifiableIterator                                  : loaded 2 times (x 80B)
Class org.gradle.internal.service.ServiceLocator                                      : loaded 2 times (x 70B)
Class jdk.internal.jrtfs.JrtFileSystemProvider                                        : loaded 2 times (x 101B)
Class com.intellij.gradle.toolingExtension.util.GradleVersionUtil                     : loaded 2 times (x 71B)
Class com.google.common.collect.Iterators$SingletonIterator                           : loaded 2 times (x 81B)
Class org.gradle.tooling.model.UnsupportedMethodException                             : loaded 2 times (x 82B)
Class sync_studio_tooling4_62mqf76bqk51ksz7yzno9qod8                                  : loaded 2 times (x 171B)
Class com.google.common.collect.Iterators                                             : loaded 2 times (x 71B)
Class jdk.internal.jimage.ImageLocation                                               : loaded 2 times (x 90B)
Class jdk.internal.jrtfs.JrtDirectoryStream$1                                         : loaded 2 times (x 83B)
Class com.google.common.collect.Lists$StringAsImmutableList                           : loaded 2 times (x 207B)
Class ijInit1_7kuqguvl5i0dzr882g47jaebj                                               : loaded 2 times (x 171B)
Class jdk.internal.jimage.ImageBufferCache$1                                          : loaded 2 times (x 83B)
Class org.gradle.internal.time.DefaultTimer                                           : loaded 2 times (x 80B)
Class org.gradle.internal.classloader.ClasspathUtil$1                                 : loaded 2 times (x 76B)
Class jdk.internal.jimage.ImageBufferCache$2                                          : loaded 2 times (x 91B)
Class org.gradle.api.internal.classpath.DefaultModuleRegistry$DefaultModule           : loaded 2 times (x 86B)
Class com.google.common.collect.AbstractIterator                                      : loaded 2 times (x 82B)
Class com.google.common.collect.AbstractIndexedListIterator                           : loaded 2 times (x 96B)
Class org.gradle.internal.time.DefaultCountdownTimer                                  : loaded 2 times (x 88B)
Class org.gradle.tooling.internal.gradle.DefaultBuildIdentifier                       : loaded 2 times (x 79B)
Class org.gradle.api.internal.classpath.Module                                        : loaded 2 times (x 70B)
Class org.gradle.api.internal.classpath.UnknownModuleException                        : loaded 2 times (x 82B)
Class jdk.internal.jimage.ImageHeader                                                 : loaded 2 times (x 71B)
Class org.gradle.tooling.internal.gradle.GradleProjectIdentity                        : loaded 2 times (x 70B)
Class org.gradle.api.internal.DefaultClassPathRegistry                                : loaded 2 times (x 76B)
Class org.gradle.api.internal.ClassPathRegistry                                       : loaded 2 times (x 70B)
Class org.gradle.internal.classpath.DefaultClassPath$ImmutableUniqueList              : loaded 2 times (x 199B)
Class jdk.internal.jimage.decompressor.ResourceDecompressor                           : loaded 2 times (x 70B)
Class org.gradle.api.internal.classpath.ManifestUtil                                  : loaded 2 times (x 71B)
Class org.gradle.internal.classloader.ClassLoaderHierarchy                            : loaded 2 times (x 70B)
Class org.gradle.internal.classpath.ClassPath                                         : loaded 2 times (x 70B)
Class jdk.internal.jimage.ImageStringsReader                                          : loaded 2 times (x 80B)
Class com.google.common.collect.Iterators$1                                           : loaded 2 times (x 81B)
Class org.gradle.tooling.model.Model                                                  : loaded 2 times (x 70B)
Class kotlin.UninitializedPropertyAccessException                                     : loaded 2 times (x 82B)
Class jdk.internal.jimage.ImageReader                                                 : loaded 2 times (x 75B)
Class jdk.internal.jimage.ImageReader$SharedImageReader                               : loaded 2 times (x 95B)
Class com.google.common.collect.Iterators$4                                           : loaded 2 times (x 82B)
Class org.gradle.api.internal.classpath.ModuleRegistry                                : loaded 2 times (x 70B)
Class org.gradle.internal.installation.GradleInstallation$1                           : loaded 2 times (x 75B)
Class jdk.internal.jimage.decompressor.ResourceDecompressorFactory                    : loaded 2 times (x 74B)
Class com.google.common.collect.Iterators$5                                           : loaded 2 times (x 82B)
Class jdk.internal.jimage.ImageReader$Node                                            : loaded 2 times (x 84B)
Class com.google.common.collect.ImmutableCollection                                   : loaded 2 times (x 125B)
Class org.gradle.api.internal.classpath.DefaultModuleRegistry                         : loaded 2 times (x 86B)
Class jdk.internal.jimage.BasicImageReader$1                                          : loaded 2 times (x 77B)
Class com.google.common.collect.Lists                                                 : loaded 2 times (x 71B)
Class com.google.common.collect.Iterators$9                                           : loaded 2 times (x 81B)
Class jdk.internal.jimage.decompressor.Decompressor                                   : loaded 2 times (x 72B)
Class jdk.internal.jimage.ImageReader$Resource                                        : loaded 2 times (x 84B)
Class org.gradle.internal.time.MonotonicClock                                         : loaded 2 times (x 77B)
Class org.gradle.internal.service.ServiceLookupException                              : loaded 2 times (x 82B)
Class jdk.internal.jrtfs.JrtFileAttributes                                            : loaded 2 times (x 83B)
Class org.gradle.internal.classloader.ClassLoaderFactory                              : loaded 2 times (x 70B)
Class org.gradle.internal.service.CachingServiceLocator                               : loaded 2 times (x 82B)
Class org.gradle.internal.time.TimeSource                                             : loaded 2 times (x 70B)
Class org.gradle.tooling.internal.gradle.GradleBuildIdentity                          : loaded 2 times (x 70B)
Class kotlin.enums.EnumEntries                                                        : loaded 2 times (x 70B)
Class org.gradle.internal.exceptions.ResolutionProvider                               : loaded 2 times (x 70B)
Class jdk.internal.jimage.ImageBufferCache                                            : loaded 2 times (x 71B)
Class jdk.internal.jrtfs.JrtPath                                                      : loaded 2 times (x 118B)
Class org.gradle.tooling.model.ProjectIdentifier                                      : loaded 2 times (x 70B)
Class org.gradle.internal.classloader.ClasspathUtil                                   : loaded 2 times (x 71B)
Class org.gradle.internal.time.TimeSource$1                                           : loaded 2 times (x 77B)
Class kotlin.jvm.internal.DefaultConstructorMarker                                    : loaded 2 times (x 71B)
Class org.gradle.api.specs.Spec                                                       : loaded 2 times (x 70B)
Class jdk.internal.jimage.ImageReader$SharedImageReader$LocationVisitor               : loaded 2 times (x 70B)
Class jdk.internal.jimage.decompressor.ResourceDecompressorRepository                 : loaded 2 times (x 71B)
Class com.intellij.gradle.toolingExtension.impl.model.utilDummyModel.DummyModel       : loaded 2 times (x 70B)
Class org.gradle.internal.time.Clock                                                  : loaded 2 times (x 70B)
Class jdk.internal.jimage.ImageReader$Directory                                       : loaded 2 times (x 84B)
Class kotlin.collections.AbstractList                                                 : loaded 2 times (x 197B)
Class kotlin.collections.AbstractCollection                                           : loaded 2 times (x 117B)
Class org.gradle.internal.classloader.VisitableURLClassLoader$InstrumentingVisitableURLClassLoader: loaded 2 times (x 123B)
Class org.gradle.internal.classloader.VisitableURLClassLoader$Spec                    : loaded 2 times (x 74B)
Class org.gradle.internal.classpath.DefaultClassPath                                  : loaded 2 times (x 90B)
Class jdk.internal.jimage.decompressor.ZipDecompressorFactory                         : loaded 2 times (x 74B)
Class org.gradle.util.internal.DefaultGradleVersion                                   : loaded 2 times (x 82B)
Class org.gradle.internal.classloader.ClassLoaderSpec                                 : loaded 2 times (x 71B)
Class Settings_gradle$1$1                                                             : loaded 2 times (x 74B)
Class org.gradle.internal.classloader.VisitableURLClassLoader                         : loaded 2 times (x 117B)
Class Settings_gradle                                                                 : loaded 2 times (x 124B)
Class jdk.internal.jimage.BasicImageReader                                            : loaded 2 times (x 95B)
Class org.gradle.internal.classloader.FilteringClassLoader                            : loaded 2 times (x 105B)
Class jdk.internal.jimage.decompressor.ZipDecompressor                                : loaded 2 times (x 75B)
Class org.gradle.internal.classpath.DefaultClassPath$ImmutableUniqueList$Builder      : loaded 2 times (x 75B)
Class Settings_gradle$1                                                               : loaded 2 times (x 74B)
Class org.gradle.internal.exceptions.NonGradleCauseExceptionsHolder                   : loaded 2 times (x 70B)
Class jdk.internal.jimage.ImageStrings                                                : loaded 2 times (x 70B)
Class kotlin.NotImplementedError                                                      : loaded 2 times (x 82B)
Class kotlin.enums.EnumEntriesKt                                                      : loaded 2 times (x 71B)
Class org.gradle.internal.classloader.SystemClassLoaderSpec                           : loaded 2 times (x 71B)
Class org.gradle.internal.exceptions.MultiCauseException                              : loaded 2 times (x 70B)
Class org.gradle.internal.time.CountdownTimer                                         : loaded 2 times (x 70B)
Class kotlin.jvm.internal.Intrinsics                                                  : loaded 2 times (x 71B)
Class jdk.internal.jrtfs.JrtFileSystem                                                : loaded 2 times (x 102B)
Class org.gradle.tooling.model.ProjectModel                                           : loaded 2 times (x 70B)
Class jdk.internal.jimage.decompressor.CompressedResourceHeader                       : loaded 2 times (x 71B)
Class kotlin.KotlinNullPointerException                                               : loaded 2 times (x 83B)
Class org.gradle.internal.exceptions.DefaultMultiCauseException                       : loaded 2 times (x 95B)
Class com.google.common.base.Preconditions                                            : loaded 2 times (x 71B)
Class com.google.common.collect.PeekingIterator                                       : loaded 2 times (x 70B)
Class org.gradle.internal.time.Time                                                   : loaded 2 times (x 71B)
Class org.gradle.api.internal.classpath.GlobalCacheRootsProvider                      : loaded 2 times (x 70B)
Class org.gradle.tooling.model.BuildIdentifier                                        : loaded 2 times (x 70B)
Class kotlin.NoWhenBranchMatchedException                                             : loaded 2 times (x 82B)
Class org.gradle.internal.time.Timer                                                  : loaded 2 times (x 70B)
Class kotlin.jvm.internal.markers.KMappedMarker                                       : loaded 2 times (x 70B)
Class org.gradle.internal.installation.CurrentGradleInstallationLocator               : loaded 2 times (x 71B)
Class com.google.common.collect.ImmutableList                                         : loaded 2 times (x 206B)
Class org.gradle.internal.service.DefaultServiceLocator                               : loaded 2 times (x 83B)
Class jdk.internal.jrtfs.JrtDirectoryStream                                           : loaded 2 times (x 89B)
Class org.gradle.util.GradleVersion                                                   : loaded 2 times (x 81B)
Class org.gradle.internal.installation.CurrentGradleInstallation                      : loaded 2 times (x 73B)
Class org.gradle.util.internal.GUtil                                                  : loaded 2 times (x 71B)
Class com.google.common.collect.Iterators$MergingIterator                             : loaded 2 times (x 81B)
Class org.gradle.internal.installation.GradleInstallation                             : loaded 2 times (x 75B)
Class jdk.internal.jimage.decompressor.ResourceDecompressor$StringsProvider           : loaded 2 times (x 70B)

---------------  S Y S T E M  ---------------

OS:
 Windows 11 , 64 bit Build 26100 (10.0.26100.8521)
OS uptime: 6 days 19:21 hours
Hyper-V role detected

CPU: total 12 (initial active 12) (12 cores per cpu, 2 threads per core) family 23 model 104 stepping 1 microcode 0x8608109, cx8, cmov, fxsr, ht, mmx, 3dnowpref, sse, sse2, sse3, ssse3, sse4a, sse4.1, sse4.2, popcnt, lzcnt, tsc, tscinvbit, avx, avx2, aes, clmul, bmi1, bmi2, adx, sha, fma, vzeroupper, clflush, clflushopt, hv, rdtscp, rdpid, f16c
Processor Information for the first 12 processors :
  Max Mhz: 2100, Current Mhz: 2100, Mhz Limit: 2100

Memory: 4k page, system-wide physical 7501M (445M free)
TotalPageFile size 21837M (AvailPageFile size 144M)
current process WorkingSet (physical memory assigned to process): 581M, peak: 592M
current process commit charge ("private bytes"): 721M, peak: 872M

vm_info: OpenJDK 64-Bit Server VM (21.0.10+-14961533-b1163.108) for windows-amd64 JRE (21.0.10+-14961533-b1163.108), built on 2026-03-02T19:58:50Z by "builder" with MS VC++ 16.10 / 16.11 (VS2019)

END.
