#
# There is insufficient memory for the Java Runtime Environment to continue.
# Native memory allocation (malloc) failed to allocate 1065456 bytes. Error detail: Chunk::new
# Possible reasons:
#   The system is out of physical RAM or swap space
#   This process is running with CompressedOops enabled, and the Java Heap may be blocking the growth of the native heap
# Possible solutions:
#   Reduce memory load on the system
#   Increase physical memory or swap space
#   Check if swap backing store is full
#   Decrease Java heap size (-Xmx/-Xms)
#   Decrease number of Java threads
#   Decrease Java thread stack sizes (-Xss)
#   Set larger code cache with -XX:ReservedCodeCacheSize=
#   JVM is running with Unscaled Compressed Oops mode in which the Java heap is
#     placed in the first 4GB address space. The Java Heap base address is the
#     maximum limit for the native heap growth. Please use -XX:HeapBaseMinAddress
#     to set the Java Heap base and to place the Java Heap above 4GB virtual address.
# This output file may be truncated or incomplete.
#
#  Out of Memory Error (arena.cpp:168), pid=12776, tid=21360
#
# JRE version: OpenJDK Runtime Environment (21.0.10) (build 21.0.10+-14961533-b1163.108)
# Java VM: OpenJDK 64-Bit Server VM (21.0.10+-14961533-b1163.108, mixed mode, tiered, compressed oops, compressed class ptrs, g1 gc, windows-amd64)
# No core dump will be written. Minidumps are not enabled by default on client versions of Windows
#

---------------  S U M M A R Y ------------

Command Line: --add-opens=java.base/java.lang=ALL-UNNAMED --add-opens=java.base/java.lang.invoke=ALL-UNNAMED --add-opens=java.base/java.util=ALL-UNNAMED --add-opens=java.prefs/java.util.prefs=ALL-UNNAMED --add-exports=jdk.compiler/com.sun.tools.javac.api=ALL-UNNAMED --add-exports=jdk.compiler/com.sun.tools.javac.util=ALL-UNNAMED --add-opens=java.base/java.util=ALL-UNNAMED --add-opens=java.prefs/java.util.prefs=ALL-UNNAMED --add-opens=java.base/java.nio.charset=ALL-UNNAMED --add-opens=java.base/java.net=ALL-UNNAMED --add-opens=java.base/java.util.concurrent=ALL-UNNAMED --add-opens=java.base/java.util.concurrent.atomic=ALL-UNNAMED --add-opens=java.xml/javax.xml.namespace=ALL-UNNAMED --add-opens=java.base/java.time=ALL-UNNAMED -Xmx2048m -Dfile.encoding=UTF-8 -Duser.country=US -Duser.language=en -Duser.variant -javaagent:C:\Users\Kabo\.gradle\wrapper\dists\gradle-9.3.1-bin\23ovyewtku6u96viwx3xl3oks\gradle-9.3.1\lib\agents\gradle-instrumentation-agent-9.3.1.jar org.gradle.launcher.daemon.bootstrap.GradleDaemon 9.3.1

Host: AMD Ryzen 5 5500U with Radeon Graphics         , 12 cores, 7G,  Windows 11 , 64 bit Build 26100 (10.0.26100.8246)
Time: Sat May  9 20:37:17 2026 Egypt Daylight Time elapsed time: 224.434924 seconds (0d 0h 3m 44s)

---------------  T H R E A D  ---------------

Current thread (0x000002a1e23f7b30):  JavaThread "C2 CompilerThread0" daemon [_thread_in_native, id=21360, stack(0x000000a537700000,0x000000a537800000) (1024K)]


Current CompileTask:
C2:224505 46134       4       org.gradle.api.internal.artifacts.transform.AbstractTransformedArtifactSet::visit (104 bytes)

Stack: [0x000000a537700000,0x000000a537800000]
Native frames: (J=compiled Java code, j=interpreted, Vv=VM code, C=native code)
V  [jvm.dll+0x6d78a9]
V  [jvm.dll+0x8665b3]
V  [jvm.dll+0x868bde]
V  [jvm.dll+0x8692c3]
V  [jvm.dll+0x280ee6]
V  [jvm.dll+0xc07cd]
V  [jvm.dll+0xc0d03]
V  [jvm.dll+0x3ba091]
V  [jvm.dll+0x1e0052]
V  [jvm.dll+0x249d24]
V  [jvm.dll+0x2491a1]
V  [jvm.dll+0x1c76e4]
V  [jvm.dll+0x25891e]
V  [jvm.dll+0x256e66]
V  [jvm.dll+0x3f513e]
V  [jvm.dll+0x80fd28]
V  [jvm.dll+0x6d60fd]
C  [ucrtbase.dll+0x37b0]
C  [KERNEL32.DLL+0x2e8d7]
C  [ntdll.dll+0x8c3fc]


---------------  P R O C E S S  ---------------

Threads class SMR info:
_java_thread_list=0x000002a184661c00, length=231, elements={
0x000002a1ca6acbb0, 0x000002a1e239b080, 0x000002a1e239dd00, 0x000002a1e239e760,
0x000002a1e23c16e0, 0x000002a1e23ed330, 0x000002a1e23ee900, 0x000002a1e23d4560,
0x000002a1e23f7b30, 0x000002a1e23f9140, 0x000002a1e26d8580, 0x000002a1e7c97210,
0x000002a1e8214290, 0x000002a1e91cd8a0, 0x000002a1e29b0d20, 0x000002a1e90680d0,
0x000002a1e9068df0, 0x000002a1e9069480, 0x000002a1e9068760, 0x000002a1eae41050,
0x000002a1eae3ef80, 0x000002a1eae3e260, 0x000002a1eae3e8f0, 0x000002a1eae3dbd0,
0x000002a1eae3f610, 0x000002a1eae42a90, 0x000002a1eae416e0, 0x000002a1eae41d70,
0x000002a1eae42400, 0x000002a1eae43120, 0x000002a1eae3fca0, 0x000002a1eae44b60,
0x000002a1eae437b0, 0x000002a1eae444d0, 0x000002a1ea0b8270, 0x000002a1861e25a0,
0x000002a1861e0b60, 0x000002a18562c720, 0x000002a18562c090, 0x000002a18562cdb0,
0x000002a18562d440, 0x000002a185d019e0, 0x000002a185d03ab0, 0x000002a185d02d90,
0x000002a185d04e60, 0x000002a185d02070, 0x000002a185d02700, 0x000002a185d03420,
0x000002a185d04140, 0x000002a185d047d0, 0x000002a1e8864e90, 0x000002a1e8862730,
0x000002a1e8864800, 0x000002a1e8865520, 0x000002a1e88620a0, 0x000002a185b78300,
0x000002a1ebe7bbd0, 0x000002a1ebe78de0, 0x000002a1ebe79b00, 0x000002a1ebe78750,
0x000002a1ebe7a820, 0x000002a18b5327b0, 0x000002a1863b8400, 0x000002a1863bb1f0,
0x000002a1863b8a90, 0x000002a1e8862dc0, 0x000002a1e8863450, 0x000002a18600fbf0,
0x000002a18600eed0, 0x000002a1863bb880, 0x000002a1863b9120, 0x000002a1863b97b0,
0x000002a1863b9e40, 0x000002a1863ba4d0, 0x000002a1863bab60, 0x000002a186b7cc60,
0x000002a186b7d2f0, 0x000002a186b7d980, 0x000002a186b7a500, 0x000002a186b7ab90,
0x000002a185a88cb0, 0x000002a185a8b410, 0x000002a185a89340, 0x000002a185a8c130,
0x000002a185a8ccc0, 0x000002a185a8e070, 0x000002a185a8d350, 0x000002a185a8d9e0,
0x000002a1e81e9910, 0x000002a185ffa0c0, 0x000002a1e8863ae0, 0x000002a185a8baa0,
0x000002a18bbc72c0, 0x000002a18bbc5f10, 0x000002a18bbc7fe0, 0x000002a186035e10,
0x000002a186034a60, 0x000002a1860343d0, 0x000002a186035780, 0x000002a1860364a0,
0x000002a186033020, 0x000002a186036b30, 0x000002a1860336b0, 0x000002a1e8864170,
0x000002a186037850, 0x000002a186039290, 0x000002a186039fb0, 0x000002a186039920,
0x000002a186038570, 0x000002a18603a640, 0x000002a186037ee0, 0x000002a186038c00,
0x000002a1860371c0, 0x000002a18603cda0, 0x000002a18603e150, 0x000002a18bbc65a0,
0x000002a18bbc7950, 0x000002a19133fd30, 0x000002a191342b20, 0x000002a191341e00,
0x000002a191341770, 0x000002a191342490, 0x000002a1913410e0, 0x000002a1913403c0,
0x000002a1913431b0, 0x000002a191340a50, 0x000002a1e81ec070, 0x000002a1e81e8bf0,
0x000002a18b532e40, 0x000002a18b532120, 0x000002a18b5334d0, 0x000002a18b5306e0,
0x000002a18b530050, 0x000002a18b530d70, 0x000002a18b531a90, 0x000002a18b531400,
0x000002a186b4d140, 0x000002a18b31fb90, 0x000002a18b320220, 0x000002a18b3208b0,
0x000002a18b320f40, 0x000002a18b3215d0, 0x000002a18b31e7e0, 0x000002a18b31ee70,
0x000002a185d81a70, 0x000002a185d82100, 0x000002a185d82790, 0x000002a186b4b070,
0x000002a186b4e4f0, 0x000002a186b4bd90, 0x000002a186b4cab0, 0x000002a186b4de60,
0x000002a186b4d7d0, 0x000002a186b4b700, 0x000002a186b4c420, 0x000002a18591cad0,
0x000002a18591d160, 0x000002a18591de80, 0x000002a18591d7f0, 0x000002a1861e11f0,
0x000002a18603c080, 0x000002a18603b9f0, 0x000002a18603c710, 0x000002a18603d430,
0x000002a18603b360, 0x000002a18603dac0, 0x000002a186040220, 0x000002a186040f40,
0x000002a18603f500, 0x000002a186041c60, 0x000002a1860415d0, 0x000002a185b79020,
0x000002a185b78990, 0x000002a185b768c0, 0x000002a185b75ba0, 0x000002a185b76230,
0x000002a185b775e0, 0x000002a185b76f50, 0x000002a185b77c70, 0x000002a1ebe7aeb0,
0x000002a1ebe7b540, 0x000002a1ebe79470, 0x000002a18603e7e0, 0x000002a18603fb90,
0x000002a18bbc6c30, 0x000002a18bbc8670, 0x000002a18bbc8d00, 0x000002a18bbc9390,
0x000002a18ba661b0, 0x000002a18ba64e00, 0x000002a18ba65b20, 0x000002a191127500,
0x000002a191125430, 0x000002a184cba780, 0x000002a184cba0f0, 0x000002a1860e5d80,
0x000002a1863c0420, 0x000002a1863c0ab0, 0x000002a1863c1140, 0x000002a190fe00b0,
0x000002a186045770, 0x000002a1863c24f0, 0x000002a18bf26cc0, 0x000002a186043d30,
0x000002a1f1dc9e60, 0x000002a1863beb70, 0x000002a1ebe7a190, 0x000002a185ffa750,
0x000002a1ea0bbd80, 0x000002a1ea0bc410, 0x000002a1ea0c1ff0, 0x000002a188d2ce80,
0x000002a188d2d510, 0x000002a188d2dba0, 0x000002a188d2a720, 0x000002a188d2e230,
0x000002a1890d0170, 0x000002a189faf0d0, 0x000002a189fb0c10, 0x000002a18aa46970,
0x000002a18aa47d20, 0x000002a18aa47000, 0x000002a185a8ad80, 0x000002a185a8a060,
0x000002a185a899d0, 0x000002a185a8a6f0, 0x000002a1880c1820, 0x000002a1880c1eb0,
0x000002a1880c2540, 0x000002a1880c2bd0, 0x000002a1880c3260
}

Java Threads: ( => current thread )
  0x000002a1ca6acbb0 JavaThread "main"                              [_thread_blocked, id=25360, stack(0x000000a536800000,0x000000a536900000) (1024K)]
  0x000002a1e239b080 JavaThread "Common-Cleaner"             daemon [_thread_blocked, id=2076, stack(0x000000a537000000,0x000000a537100000) (1024K)]
  0x000002a1e239dd00 JavaThread "Reference Handler"          daemon [_thread_blocked, id=16188, stack(0x000000a537100000,0x000000a537200000) (1024K)]
  0x000002a1e239e760 JavaThread "Finalizer"                  daemon [_thread_blocked, id=12328, stack(0x000000a537200000,0x000000a537300000) (1024K)]
  0x000002a1e23c16e0 JavaThread "Signal Dispatcher"          daemon [_thread_blocked, id=13264, stack(0x000000a537300000,0x000000a537400000) (1024K)]
  0x000002a1e23ed330 JavaThread "Attach Listener"            daemon [_thread_blocked, id=16220, stack(0x000000a537400000,0x000000a537500000) (1024K)]
  0x000002a1e23ee900 JavaThread "Service Thread"             daemon [_thread_blocked, id=23588, stack(0x000000a537500000,0x000000a537600000) (1024K)]
  0x000002a1e23d4560 JavaThread "Monitor Deflation Thread"   daemon [_thread_blocked, id=16636, stack(0x000000a537600000,0x000000a537700000) (1024K)]
=>0x000002a1e23f7b30 JavaThread "C2 CompilerThread0"         daemon [_thread_in_native, id=21360, stack(0x000000a537700000,0x000000a537800000) (1024K)]
  0x000002a1e23f9140 JavaThread "C1 CompilerThread0"         daemon [_thread_in_native, id=3988, stack(0x000000a537800000,0x000000a537900000) (1024K)]
  0x000002a1e26d8580 JavaThread "Notification Thread"        daemon [_thread_blocked, id=6012, stack(0x000000a537900000,0x000000a537a00000) (1024K)]
  0x000002a1e7c97210 JavaThread "Daemon health stats"               [_thread_blocked, id=18872, stack(0x000000a538300000,0x000000a538400000) (1024K)]
  0x000002a1e8214290 JavaThread "Incoming local TCP Connector on port 56361"        [_thread_in_native, id=28484, stack(0x000000a538400000,0x000000a538500000) (1024K)]
  0x000002a1e91cd8a0 JavaThread "Daemon periodic checks"            [_thread_blocked, id=30768, stack(0x000000a538500000,0x000000a538600000) (1024K)]
  0x000002a1e29b0d20 JavaThread "Daemon"                            [_thread_blocked, id=27548, stack(0x000000a538600000,0x000000a538700000) (1024K)]
  0x000002a1e90680d0 JavaThread "Daemon worker"                     [_thread_blocked, id=7672, stack(0x000000a538c00000,0x000000a538d00000) (1024K)]
  0x000002a1e9068df0 JavaThread "Cache worker for journal cache (C:\Users\Kabo\.gradle\caches\journal-1)"        [_thread_blocked, id=15980, stack(0x000000a539000000,0x000000a539100000) (1024K)]
  0x000002a1e9069480 JavaThread "File lock request listener"        [_thread_in_native, id=13112, stack(0x000000a539100000,0x000000a539200000) (1024K)]
  0x000002a1e9068760 JavaThread "Cache worker for file hash cache (C:\Users\Kabo\.gradle\caches\9.3.1\fileHashes)"        [_thread_blocked, id=8484, stack(0x000000a539200000,0x000000a539300000) (1024K)]
  0x000002a1eae41050 JavaThread "File watcher server"        daemon [_thread_in_native, id=15304, stack(0x000000a539500000,0x000000a539600000) (1024K)]
  0x000002a1eae3ef80 JavaThread "File watcher consumer"      daemon [_thread_blocked, id=17792, stack(0x000000a539600000,0x000000a539700000) (1024K)]
  0x000002a1eae3e260 JavaThread "jar transforms"                    [_thread_blocked, id=24656, stack(0x000000a539700000,0x000000a539800000) (1024K)]
  0x000002a1eae3e8f0 JavaThread "jar transforms Thread 2"           [_thread_blocked, id=6664, stack(0x000000a539800000,0x000000a539900000) (1024K)]
  0x000002a1eae3dbd0 JavaThread "jar transforms Thread 3"           [_thread_blocked, id=13592, stack(0x000000a539900000,0x000000a539a00000) (1024K)]
  0x000002a1eae3f610 JavaThread "jar transforms Thread 4"           [_thread_blocked, id=16376, stack(0x000000a539a00000,0x000000a539b00000) (1024K)]
  0x000002a1eae42a90 JavaThread "jar transforms Thread 5"           [_thread_blocked, id=4552, stack(0x000000a539b00000,0x000000a539c00000) (1024K)]
  0x000002a1eae416e0 JavaThread "jar transforms Thread 6"           [_thread_blocked, id=6220, stack(0x000000a539c00000,0x000000a539d00000) (1024K)]
  0x000002a1eae41d70 JavaThread "jar transforms Thread 7"           [_thread_blocked, id=29608, stack(0x000000a539d00000,0x000000a539e00000) (1024K)]
  0x000002a1eae42400 JavaThread "jar transforms Thread 8"           [_thread_blocked, id=22096, stack(0x000000a539e00000,0x000000a539f00000) (1024K)]
  0x000002a1eae43120 JavaThread "jar transforms Thread 9"           [_thread_blocked, id=24776, stack(0x000000a539f00000,0x000000a53a000000) (1024K)]
  0x000002a1eae3fca0 JavaThread "jar transforms Thread 10"          [_thread_blocked, id=23160, stack(0x000000a53a000000,0x000000a53a100000) (1024K)]
  0x000002a1eae44b60 JavaThread "jar transforms Thread 11"          [_thread_blocked, id=31648, stack(0x000000a53a100000,0x000000a53a200000) (1024K)]
  0x000002a1eae437b0 JavaThread "jar transforms Thread 12"          [_thread_blocked, id=17416, stack(0x000000a53a200000,0x000000a53a300000) (1024K)]
  0x000002a1eae444d0 JavaThread "Cache worker for file content cache (C:\Users\Kabo\.gradle\caches\9.3.1\fileContent)"        [_thread_blocked, id=30952, stack(0x000000a53a400000,0x000000a53a500000) (1024K)]
  0x000002a1ea0b8270 JavaThread "Memory manager"                    [_thread_blocked, id=17460, stack(0x000000a53c400000,0x000000a53c500000) (1024K)]
  0x000002a1861e25a0 JavaThread "Handler for socket connection from /127.0.0.1:56361 to /127.0.0.1:56230"        [_thread_in_native, id=16496, stack(0x000000a536500000,0x000000a536600000) (1024K)]
  0x000002a1861e0b60 JavaThread "Cancel handler"                    [_thread_blocked, id=23976, stack(0x000000a536600000,0x000000a536700000) (1024K)]
  0x000002a18562c720 JavaThread "Asynchronous log dispatcher for DefaultDaemonConnection: socket connection from /127.0.0.1:56361 to /127.0.0.1:56230"        [_thread_blocked, id=16352, stack(0x000000a536700000,0x000000a536800000) (1024K)]
  0x000002a18562c090 JavaThread "Stdin handler"                     [_thread_blocked, id=22492, stack(0x000000a538700000,0x000000a538800000) (1024K)]
  0x000002a18562cdb0 JavaThread "Daemon client event forwarder"        [_thread_blocked, id=10604, stack(0x000000a538b00000,0x000000a538c00000) (1024K)]
  0x000002a18562d440 JavaThread "Cache worker for file hash cache (D:\android_projects\24_Makany\.gradle\9.3.1\fileHashes)"        [_thread_blocked, id=21412, stack(0x000000a538d00000,0x000000a538e00000) (1024K)]
  0x000002a185d019e0 JavaThread "Cache worker for Build Output Cleanup Cache (D:\android_projects\24_Makany\.gradle\buildOutputCleanup)"        [_thread_blocked, id=17948, stack(0x000000a538e00000,0x000000a538f00000) (1024K)]
  0x000002a185d03ab0 JavaThread "Cache worker for checksums cache (D:\android_projects\24_Makany\.gradle\9.3.1\checksums)"        [_thread_blocked, id=13888, stack(0x000000a538f00000,0x000000a539000000) (1024K)]
  0x000002a185d02d90 JavaThread "Cache worker for cache directory md-supplier (C:\Users\Kabo\.gradle\caches\9.3.1\md-supplier)"        [_thread_blocked, id=12008, stack(0x000000a539300000,0x000000a539400000) (1024K)]
  0x000002a185d04e60 JavaThread "Cache worker for cache directory md-rule (C:\Users\Kabo\.gradle\caches\9.3.1\md-rule)"        [_thread_blocked, id=388, stack(0x000000a539400000,0x000000a539500000) (1024K)]
  0x000002a185d02070 JavaThread "Unconstrained build operations"        [_thread_blocked, id=17772, stack(0x000000a53a300000,0x000000a53a400000) (1024K)]
  0x000002a185d02700 JavaThread "Unconstrained build operations Thread 2"        [_thread_blocked, id=11548, stack(0x000000a53a500000,0x000000a53a600000) (1024K)]
  0x000002a185d03420 JavaThread "Unconstrained build operations Thread 3"        [_thread_blocked, id=28392, stack(0x000000a53a600000,0x000000a53a700000) (1024K)]
  0x000002a185d04140 JavaThread "Unconstrained build operations Thread 4"        [_thread_blocked, id=30068, stack(0x000000a53a700000,0x000000a53a800000) (1024K)]
  0x000002a185d047d0 JavaThread "Unconstrained build operations Thread 5"        [_thread_blocked, id=21912, stack(0x000000a53a800000,0x000000a53a900000) (1024K)]
  0x000002a1e8864e90 JavaThread "Unconstrained build operations Thread 6"        [_thread_blocked, id=8772, stack(0x000000a53a900000,0x000000a53aa00000) (1024K)]
  0x000002a1e8862730 JavaThread "Unconstrained build operations Thread 7"        [_thread_blocked, id=17232, stack(0x000000a53aa00000,0x000000a53ab00000) (1024K)]
  0x000002a1e8864800 JavaThread "Unconstrained build operations Thread 8"        [_thread_blocked, id=8592, stack(0x000000a53ab00000,0x000000a53ac00000) (1024K)]
  0x000002a1e8865520 JavaThread "Unconstrained build operations Thread 9"        [_thread_blocked, id=22852, stack(0x000000a53ac00000,0x000000a53ad00000) (1024K)]
  0x000002a1e88620a0 JavaThread "Unconstrained build operations Thread 10"        [_thread_blocked, id=10452, stack(0x000000a53ad00000,0x000000a53ae00000) (1024K)]
  0x000002a185b78300 JavaThread "Unconstrained build operations Thread 11"        [_thread_blocked, id=3256, stack(0x000000a537a00000,0x000000a537b00000) (1024K)]
  0x000002a1ebe7bbd0 JavaThread "Unconstrained build operations Thread 12"        [_thread_blocked, id=9804, stack(0x000000a53ae00000,0x000000a53af00000) (1024K)]
  0x000002a1ebe78de0 JavaThread "Unconstrained build operations Thread 13"        [_thread_blocked, id=20952, stack(0x000000a53af00000,0x000000a53b000000) (1024K)]
  0x000002a1ebe79b00 JavaThread "Unconstrained build operations Thread 14"        [_thread_blocked, id=26832, stack(0x000000a53b000000,0x000000a53b100000) (1024K)]
  0x000002a1ebe78750 JavaThread "Unconstrained build operations Thread 15"        [_thread_blocked, id=1512, stack(0x000000a53b100000,0x000000a53b200000) (1024K)]
  0x000002a1ebe7a820 JavaThread "Unconstrained build operations Thread 16"        [_thread_blocked, id=21916, stack(0x000000a53b200000,0x000000a53b300000) (1024K)]
  0x000002a18b5327b0 JavaThread "Unconstrained build operations Thread 17"        [_thread_blocked, id=21572, stack(0x000000a53b300000,0x000000a53b400000) (1024K)]
  0x000002a1863b8400 JavaThread "Unconstrained build operations Thread 18"        [_thread_blocked, id=2584, stack(0x000000a53b400000,0x000000a53b500000) (1024K)]
  0x000002a1863bb1f0 JavaThread "Unconstrained build operations Thread 19"        [_thread_blocked, id=840, stack(0x000000a53b500000,0x000000a53b600000) (1024K)]
  0x000002a1863b8a90 JavaThread "Unconstrained build operations Thread 20"        [_thread_blocked, id=27136, stack(0x000000a53b600000,0x000000a53b700000) (1024K)]
  0x000002a1e8862dc0 JavaThread "Unconstrained build operations Thread 21"        [_thread_blocked, id=17048, stack(0x000000a53b700000,0x000000a53b800000) (1024K)]
  0x000002a1e8863450 JavaThread "Unconstrained build operations Thread 22"        [_thread_blocked, id=19768, stack(0x000000a53b800000,0x000000a53b900000) (1024K)]
  0x000002a18600fbf0 JavaThread "Unconstrained build operations Thread 23"        [_thread_blocked, id=12208, stack(0x000000a53b900000,0x000000a53ba00000) (1024K)]
  0x000002a18600eed0 JavaThread "Unconstrained build operations Thread 24"        [_thread_blocked, id=29284, stack(0x000000a53ba00000,0x000000a53bb00000) (1024K)]
  0x000002a1863bb880 JavaThread "Unconstrained build operations Thread 25"        [_thread_blocked, id=12444, stack(0x000000a53bb00000,0x000000a53bc00000) (1024K)]
  0x000002a1863b9120 JavaThread "Unconstrained build operations Thread 26"        [_thread_blocked, id=26876, stack(0x000000a53bc00000,0x000000a53bd00000) (1024K)]
  0x000002a1863b97b0 JavaThread "Unconstrained build operations Thread 27"        [_thread_blocked, id=18844, stack(0x000000a53bd00000,0x000000a53be00000) (1024K)]
  0x000002a1863b9e40 JavaThread "Unconstrained build operations Thread 28"        [_thread_blocked, id=16328, stack(0x000000a53be00000,0x000000a53bf00000) (1024K)]
  0x000002a1863ba4d0 JavaThread "Unconstrained build operations Thread 29"        [_thread_blocked, id=17624, stack(0x000000a53bf00000,0x000000a53c000000) (1024K)]
  0x000002a1863bab60 JavaThread "Unconstrained build operations Thread 30"        [_thread_blocked, id=25328, stack(0x000000a53c000000,0x000000a53c100000) (1024K)]
  0x000002a186b7cc60 JavaThread "Unconstrained build operations Thread 31"        [_thread_blocked, id=8284, stack(0x000000a53c200000,0x000000a53c300000) (1024K)]
  0x000002a186b7d2f0 JavaThread "Unconstrained build operations Thread 32"        [_thread_blocked, id=26432, stack(0x000000a53c300000,0x000000a53c400000) (1024K)]
  0x000002a186b7d980 JavaThread "Unconstrained build operations Thread 33"        [_thread_blocked, id=21368, stack(0x000000a53c500000,0x000000a53c600000) (1024K)]
  0x000002a186b7a500 JavaThread "Unconstrained build operations Thread 34"        [_thread_blocked, id=3532, stack(0x000000a53c600000,0x000000a53c700000) (1024K)]
  0x000002a186b7ab90 JavaThread "Unconstrained build operations Thread 35"        [_thread_blocked, id=25576, stack(0x000000a53c700000,0x000000a53c800000) (1024K)]
  0x000002a185a88cb0 JavaThread "Unconstrained build operations Thread 36"        [_thread_blocked, id=28408, stack(0x000000a53c800000,0x000000a53c900000) (1024K)]
  0x000002a185a8b410 JavaThread "Unconstrained build operations Thread 37"        [_thread_blocked, id=8060, stack(0x000000a53c900000,0x000000a53ca00000) (1024K)]
  0x000002a185a89340 JavaThread "Unconstrained build operations Thread 38"        [_thread_blocked, id=30848, stack(0x000000a53ca00000,0x000000a53cb00000) (1024K)]
  0x000002a185a8c130 JavaThread "Unconstrained build operations Thread 39"        [_thread_blocked, id=18976, stack(0x000000a53cb00000,0x000000a53cc00000) (1024K)]
  0x000002a185a8ccc0 JavaThread "Unconstrained build operations Thread 40"        [_thread_blocked, id=11908, stack(0x000000a53cc00000,0x000000a53cd00000) (1024K)]
  0x000002a185a8e070 JavaThread "Unconstrained build operations Thread 41"        [_thread_blocked, id=31488, stack(0x000000a53cd00000,0x000000a53ce00000) (1024K)]
  0x000002a185a8d350 JavaThread "Unconstrained build operations Thread 42"        [_thread_blocked, id=27552, stack(0x000000a53ce00000,0x000000a53cf00000) (1024K)]
  0x000002a185a8d9e0 JavaThread "Unconstrained build operations Thread 43"        [_thread_blocked, id=8816, stack(0x000000a53cf00000,0x000000a53d000000) (1024K)]
  0x000002a1e81e9910 JavaThread "Unconstrained build operations Thread 44"        [_thread_blocked, id=14224, stack(0x000000a53d000000,0x000000a53d100000) (1024K)]
  0x000002a185ffa0c0 JavaThread "build event listener"              [_thread_blocked, id=19588, stack(0x000000a53d100000,0x000000a53d200000) (1024K)]
  0x000002a1e8863ae0 JavaThread "build event listener"              [_thread_blocked, id=27332, stack(0x000000a53d300000,0x000000a53d400000) (1024K)]
  0x000002a185a8baa0 JavaThread "included builds"                   [_thread_blocked, id=29508, stack(0x000000a53d400000,0x000000a53d500000) (1024K)]
  0x000002a18bbc72c0 JavaThread "Execution worker"                  [_thread_blocked, id=18860, stack(0x000000a53d500000,0x000000a53d600000) (1024K)]
  0x000002a18bbc5f10 JavaThread "Execution worker Thread 2"         [_thread_blocked, id=29436, stack(0x000000a53d600000,0x000000a53d700000) (1024K)]
  0x000002a18bbc7fe0 JavaThread "Execution worker Thread 3"         [_thread_blocked, id=23476, stack(0x000000a53d700000,0x000000a53d800000) (1024K)]
  0x000002a186035e10 JavaThread "Execution worker Thread 4"         [_thread_blocked, id=7952, stack(0x000000a53d800000,0x000000a53d900000) (1024K)]
  0x000002a186034a60 JavaThread "Execution worker Thread 5"         [_thread_blocked, id=24020, stack(0x000000a53d900000,0x000000a53da00000) (1024K)]
  0x000002a1860343d0 JavaThread "Execution worker Thread 6"         [_thread_blocked, id=30388, stack(0x000000a53da00000,0x000000a53db00000) (1024K)]
  0x000002a186035780 JavaThread "Execution worker Thread 7"         [_thread_blocked, id=14460, stack(0x000000a53db00000,0x000000a53dc00000) (1024K)]
  0x000002a1860364a0 JavaThread "Execution worker Thread 8"         [_thread_blocked, id=2356, stack(0x000000a53dc00000,0x000000a53dd00000) (1024K)]
  0x000002a186033020 JavaThread "Execution worker Thread 9"         [_thread_blocked, id=20112, stack(0x000000a53dd00000,0x000000a53de00000) (1024K)]
  0x000002a186036b30 JavaThread "Execution worker Thread 10"        [_thread_blocked, id=31316, stack(0x000000a53de00000,0x000000a53df00000) (1024K)]
  0x000002a1860336b0 JavaThread "Execution worker Thread 11"        [_thread_blocked, id=7880, stack(0x000000a53df00000,0x000000a53e000000) (1024K)]
  0x000002a1e8864170 JavaThread "Cache worker for execution history cache (D:\android_projects\24_Makany\.gradle\9.3.1\executionHistory)"        [_thread_blocked, id=10212, stack(0x000000a53e000000,0x000000a53e100000) (1024K)]
  0x000002a186037850 JavaThread "Unconstrained build operations Thread 45"        [_thread_blocked, id=26244, stack(0x000000a53e100000,0x000000a53e200000) (1024K)]
  0x000002a186039290 JavaThread "Unconstrained build operations Thread 46"        [_thread_blocked, id=11828, stack(0x000000a53e200000,0x000000a53e300000) (1024K)]
  0x000002a186039fb0 JavaThread "Unconstrained build operations Thread 47"        [_thread_blocked, id=13796, stack(0x000000a53e300000,0x000000a53e400000) (1024K)]
  0x000002a186039920 JavaThread "Unconstrained build operations Thread 48"        [_thread_blocked, id=420, stack(0x000000a53e400000,0x000000a53e500000) (1024K)]
  0x000002a186038570 JavaThread "Unconstrained build operations Thread 49"        [_thread_blocked, id=11124, stack(0x000000a53e500000,0x000000a53e600000) (1024K)]
  0x000002a18603a640 JavaThread "Unconstrained build operations Thread 50"        [_thread_blocked, id=30408, stack(0x000000a53e600000,0x000000a53e700000) (1024K)]
  0x000002a186037ee0 JavaThread "Unconstrained build operations Thread 51"        [_thread_blocked, id=26292, stack(0x000000a53e700000,0x000000a53e800000) (1024K)]
  0x000002a186038c00 JavaThread "Unconstrained build operations Thread 52"        [_thread_blocked, id=7336, stack(0x000000a53e800000,0x000000a53e900000) (1024K)]
  0x000002a1860371c0 JavaThread "Unconstrained build operations Thread 53"        [_thread_blocked, id=17208, stack(0x000000a53e900000,0x000000a53ea00000) (1024K)]
  0x000002a18603cda0 JavaThread "Unconstrained build operations Thread 54"        [_thread_blocked, id=25092, stack(0x000000a53ea00000,0x000000a53eb00000) (1024K)]
  0x000002a18603e150 JavaThread "Unconstrained build operations Thread 55"        [_thread_blocked, id=17084, stack(0x000000a53eb00000,0x000000a53ec00000) (1024K)]
  0x000002a18bbc65a0 JavaThread "Unconstrained build operations Thread 56"        [_thread_blocked, id=18908, stack(0x000000a53ec00000,0x000000a53ed00000) (1024K)]
  0x000002a18bbc7950 JavaThread "Unconstrained build operations Thread 57"        [_thread_blocked, id=23952, stack(0x000000a53ed00000,0x000000a53ee00000) (1024K)]
  0x000002a19133fd30 JavaThread "Unconstrained build operations Thread 58"        [_thread_blocked, id=7540, stack(0x000000a53ee00000,0x000000a53ef00000) (1024K)]
  0x000002a191342b20 JavaThread "Unconstrained build operations Thread 59"        [_thread_blocked, id=28620, stack(0x000000a53ef00000,0x000000a53f000000) (1024K)]
  0x000002a191341e00 JavaThread "Unconstrained build operations Thread 60"        [_thread_blocked, id=18248, stack(0x000000a53f000000,0x000000a53f100000) (1024K)]
  0x000002a191341770 JavaThread "Unconstrained build operations Thread 61"        [_thread_blocked, id=5328, stack(0x000000a53f100000,0x000000a53f200000) (1024K)]
  0x000002a191342490 JavaThread "Unconstrained build operations Thread 62"        [_thread_blocked, id=22424, stack(0x000000a53f200000,0x000000a53f300000) (1024K)]
  0x000002a1913410e0 JavaThread "Unconstrained build operations Thread 63"        [_thread_blocked, id=6544, stack(0x000000a53f300000,0x000000a53f400000) (1024K)]
  0x000002a1913403c0 JavaThread "Unconstrained build operations Thread 64"        [_thread_blocked, id=19088, stack(0x000000a53f400000,0x000000a53f500000) (1024K)]
  0x000002a1913431b0 JavaThread "Unconstrained build operations Thread 65"        [_thread_blocked, id=26000, stack(0x000000a53f500000,0x000000a53f600000) (1024K)]
  0x000002a191340a50 JavaThread "Unconstrained build operations Thread 66"        [_thread_blocked, id=23852, stack(0x000000a53f600000,0x000000a53f700000) (1024K)]
  0x000002a1e81ec070 JavaThread "Unconstrained build operations Thread 67"        [_thread_blocked, id=6376, stack(0x000000a53f700000,0x000000a53f800000) (1024K)]
  0x000002a1e81e8bf0 JavaThread "Unconstrained build operations Thread 68"        [_thread_blocked, id=22140, stack(0x000000a53f800000,0x000000a53f900000) (1024K)]
  0x000002a18b532e40 JavaThread "Unconstrained build operations Thread 69"        [_thread_blocked, id=3336, stack(0x000000a53f900000,0x000000a53fa00000) (1024K)]
  0x000002a18b532120 JavaThread "Unconstrained build operations Thread 70"        [_thread_blocked, id=25580, stack(0x000000a53fa00000,0x000000a53fb00000) (1024K)]
  0x000002a18b5334d0 JavaThread "Unconstrained build operations Thread 71"        [_thread_blocked, id=17080, stack(0x000000a53fb00000,0x000000a53fc00000) (1024K)]
  0x000002a18b5306e0 JavaThread "Unconstrained build operations Thread 72"        [_thread_blocked, id=22608, stack(0x000000a53fc00000,0x000000a53fd00000) (1024K)]
  0x000002a18b530050 JavaThread "Unconstrained build operations Thread 73"        [_thread_blocked, id=25416, stack(0x000000a53fd00000,0x000000a53fe00000) (1024K)]
  0x000002a18b530d70 JavaThread "Unconstrained build operations Thread 74"        [_thread_blocked, id=22804, stack(0x000000a53fe00000,0x000000a53ff00000) (1024K)]
  0x000002a18b531a90 JavaThread "Unconstrained build operations Thread 75"        [_thread_blocked, id=896, stack(0x000000a53ff00000,0x000000a540000000) (1024K)]
  0x000002a18b531400 JavaThread "Unconstrained build operations Thread 76"        [_thread_blocked, id=30048, stack(0x000000a540000000,0x000000a540100000) (1024K)]
  0x000002a186b4d140 JavaThread "Unconstrained build operations Thread 77"        [_thread_blocked, id=14680, stack(0x000000a540100000,0x000000a540200000) (1024K)]
  0x000002a18b31fb90 JavaThread "WorkerExecutor Queue"              [_thread_blocked, id=18808, stack(0x000000a540300000,0x000000a540400000) (1024K)]
  0x000002a18b320220 JavaThread "WorkerExecutor Queue Thread 2"        [_thread_blocked, id=15292, stack(0x000000a540400000,0x000000a540500000) (1024K)]
  0x000002a18b3208b0 JavaThread "WorkerExecutor Queue Thread 3"        [_thread_blocked, id=17376, stack(0x000000a540500000,0x000000a540600000) (1024K)]
  0x000002a18b320f40 JavaThread "WorkerExecutor Queue Thread 4"        [_thread_blocked, id=15244, stack(0x000000a540600000,0x000000a540700000) (1024K)]
  0x000002a18b3215d0 JavaThread "WorkerExecutor Queue Thread 5"        [_thread_blocked, id=15320, stack(0x000000a540700000,0x000000a540800000) (1024K)]
  0x000002a18b31e7e0 JavaThread "WorkerExecutor Queue Thread 6"        [_thread_blocked, id=28572, stack(0x000000a540800000,0x000000a540900000) (1024K)]
  0x000002a18b31ee70 JavaThread "WorkerExecutor Queue Thread 8"        [_thread_blocked, id=16076, stack(0x000000a540a00000,0x000000a540b00000) (1024K)]
  0x000002a185d81a70 JavaThread "WorkerExecutor Queue Thread 9"        [_thread_blocked, id=29240, stack(0x000000a540b00000,0x000000a540c00000) (1024K)]
  0x000002a185d82100 JavaThread "WorkerExecutor Queue Thread 10"        [_thread_blocked, id=29256, stack(0x000000a540c00000,0x000000a540d00000) (1024K)]
  0x000002a185d82790 JavaThread "WorkerExecutor Queue Thread 11"        [_thread_blocked, id=12324, stack(0x000000a540d00000,0x000000a540e00000) (1024K)]
  0x000002a186b4b070 JavaThread "WorkerExecutor Queue Thread 12"        [_thread_blocked, id=20012, stack(0x000000a540e00000,0x000000a540f00000) (1024K)]
  0x000002a186b4e4f0 JavaThread "Unconstrained build operations Thread 78"        [_thread_blocked, id=21112, stack(0x000000a540f00000,0x000000a541000000) (1024K)]
  0x000002a186b4bd90 JavaThread "Unconstrained build operations Thread 79"        [_thread_blocked, id=15024, stack(0x000000a541000000,0x000000a541100000) (1024K)]
  0x000002a186b4cab0 JavaThread "Unconstrained build operations Thread 80"        [_thread_blocked, id=21476, stack(0x000000a541100000,0x000000a541200000) (1024K)]
  0x000002a186b4de60 JavaThread "Unconstrained build operations Thread 81"        [_thread_blocked, id=24100, stack(0x000000a541200000,0x000000a541300000) (1024K)]
  0x000002a186b4d7d0 JavaThread "Unconstrained build operations Thread 82"        [_thread_blocked, id=5496, stack(0x000000a541300000,0x000000a541400000) (1024K)]
  0x000002a186b4b700 JavaThread "Unconstrained build operations Thread 83"        [_thread_blocked, id=21868, stack(0x000000a541400000,0x000000a541500000) (1024K)]
  0x000002a186b4c420 JavaThread "Unconstrained build operations Thread 84"        [_thread_blocked, id=30688, stack(0x000000a541500000,0x000000a541600000) (1024K)]
  0x000002a18591cad0 JavaThread "Unconstrained build operations Thread 85"        [_thread_blocked, id=13156, stack(0x000000a541600000,0x000000a541700000) (1024K)]
  0x000002a18591d160 JavaThread "Unconstrained build operations Thread 86"        [_thread_blocked, id=9156, stack(0x000000a541700000,0x000000a541800000) (1024K)]
  0x000002a18591de80 JavaThread "Unconstrained build operations Thread 87"        [_thread_blocked, id=11512, stack(0x000000a541800000,0x000000a541900000) (1024K)]
  0x000002a18591d7f0 JavaThread "Unconstrained build operations Thread 88"        [_thread_blocked, id=15644, stack(0x000000a541900000,0x000000a541a00000) (1024K)]
  0x000002a1861e11f0 JavaThread "Unconstrained build operations Thread 89"        [_thread_blocked, id=10108, stack(0x000000a541a00000,0x000000a541b00000) (1024K)]
  0x000002a18603c080 JavaThread "Unconstrained build operations Thread 90"        [_thread_blocked, id=7264, stack(0x000000a541b00000,0x000000a541c00000) (1024K)]
  0x000002a18603b9f0 JavaThread "Unconstrained build operations Thread 91"        [_thread_blocked, id=18072, stack(0x000000a541c00000,0x000000a541d00000) (1024K)]
  0x000002a18603c710 JavaThread "Unconstrained build operations Thread 92"        [_thread_blocked, id=23752, stack(0x000000a541d00000,0x000000a541e00000) (1024K)]
  0x000002a18603d430 JavaThread "Unconstrained build operations Thread 93"        [_thread_blocked, id=31448, stack(0x000000a541e00000,0x000000a541f00000) (1024K)]
  0x000002a18603b360 JavaThread "Unconstrained build operations Thread 94"        [_thread_blocked, id=28228, stack(0x000000a541f00000,0x000000a542000000) (1024K)]
  0x000002a18603dac0 JavaThread "Unconstrained build operations Thread 95"        [_thread_blocked, id=13824, stack(0x000000a542000000,0x000000a542100000) (1024K)]
  0x000002a186040220 JavaThread "Unconstrained build operations Thread 96"        [_thread_blocked, id=13108, stack(0x000000a542100000,0x000000a542200000) (1024K)]
  0x000002a186040f40 JavaThread "Unconstrained build operations Thread 97"        [_thread_blocked, id=20464, stack(0x000000a542200000,0x000000a542300000) (1024K)]
  0x000002a18603f500 JavaThread "Unconstrained build operations Thread 98"        [_thread_blocked, id=18396, stack(0x000000a542300000,0x000000a542400000) (1024K)]
  0x000002a186041c60 JavaThread "Unconstrained build operations Thread 99"        [_thread_blocked, id=3480, stack(0x000000a542400000,0x000000a542500000) (1024K)]
  0x000002a1860415d0 JavaThread "Unconstrained build operations Thread 100"        [_thread_blocked, id=20976, stack(0x000000a542500000,0x000000a542600000) (1024K)]
  0x000002a185b79020 JavaThread "Unconstrained build operations Thread 101"        [_thread_blocked, id=3840, stack(0x000000a542600000,0x000000a542700000) (1024K)]
  0x000002a185b78990 JavaThread "Unconstrained build operations Thread 102"        [_thread_blocked, id=18864, stack(0x000000a542700000,0x000000a542800000) (1024K)]
  0x000002a185b768c0 JavaThread "Unconstrained build operations Thread 103"        [_thread_blocked, id=27852, stack(0x000000a542800000,0x000000a542900000) (1024K)]
  0x000002a185b75ba0 JavaThread "Unconstrained build operations Thread 104"        [_thread_blocked, id=13384, stack(0x000000a542900000,0x000000a542a00000) (1024K)]
  0x000002a185b76230 JavaThread "Unconstrained build operations Thread 105"        [_thread_blocked, id=16372, stack(0x000000a542a00000,0x000000a542b00000) (1024K)]
  0x000002a185b775e0 JavaThread "Unconstrained build operations Thread 106"        [_thread_blocked, id=2476, stack(0x000000a542b00000,0x000000a542c00000) (1024K)]
  0x000002a185b76f50 JavaThread "Unconstrained build operations Thread 107"        [_thread_blocked, id=5972, stack(0x000000a542c00000,0x000000a542d00000) (1024K)]
  0x000002a185b77c70 JavaThread "Unconstrained build operations Thread 108"        [_thread_blocked, id=25932, stack(0x000000a542d00000,0x000000a542e00000) (1024K)]
  0x000002a1ebe7aeb0 JavaThread "Unconstrained build operations Thread 109"        [_thread_blocked, id=11048, stack(0x000000a542e00000,0x000000a542f00000) (1024K)]
  0x000002a1ebe7b540 JavaThread "Unconstrained build operations Thread 110"        [_thread_blocked, id=31480, stack(0x000000a542f00000,0x000000a543000000) (1024K)]
  0x000002a1ebe79470 JavaThread "Unconstrained build operations Thread 111"        [_thread_blocked, id=30272, stack(0x000000a543000000,0x000000a543100000) (1024K)]
  0x000002a18603e7e0 JavaThread "Unconstrained build operations Thread 112"        [_thread_blocked, id=23356, stack(0x000000a543100000,0x000000a543200000) (1024K)]
  0x000002a18603fb90 JavaThread "Unconstrained build operations Thread 113"        [_thread_blocked, id=4320, stack(0x000000a543200000,0x000000a543300000) (1024K)]
  0x000002a18bbc6c30 JavaThread "Unconstrained build operations Thread 114"        [_thread_blocked, id=2404, stack(0x000000a543300000,0x000000a543400000) (1024K)]
  0x000002a18bbc8670 JavaThread "Unconstrained build operations Thread 115"        [_thread_blocked, id=23236, stack(0x000000a543400000,0x000000a543500000) (1024K)]
  0x000002a18bbc8d00 JavaThread "Unconstrained build operations Thread 116"        [_thread_blocked, id=15072, stack(0x000000a543500000,0x000000a543600000) (1024K)]
  0x000002a18bbc9390 JavaThread "Unconstrained build operations Thread 117"        [_thread_blocked, id=19124, stack(0x000000a543600000,0x000000a543700000) (1024K)]
  0x000002a18ba661b0 JavaThread "Unconstrained build operations Thread 118"        [_thread_blocked, id=17156, stack(0x000000a543700000,0x000000a543800000) (1024K)]
  0x000002a18ba64e00 JavaThread "Unconstrained build operations Thread 119"        [_thread_blocked, id=17196, stack(0x000000a543800000,0x000000a543900000) (1024K)]
  0x000002a18ba65b20 JavaThread "Unconstrained build operations Thread 120"        [_thread_blocked, id=17312, stack(0x000000a543900000,0x000000a543a00000) (1024K)]
  0x000002a191127500 JavaThread "Periodic tasks thread"      daemon [_thread_blocked, id=30220, stack(0x000000a540200000,0x000000a540300000) (1024K)]
  0x000002a191125430 JavaThread "ApplicationImpl pooled thread 1" daemon [_thread_blocked, id=6196, stack(0x000000a543a00000,0x000000a543b00000) (1024K)]
  0x000002a184cba780 JavaThread "Java2D Disposer"            daemon [_thread_blocked, id=17572, stack(0x000000a543f00000,0x000000a544000000) (1024K)]
  0x000002a184cba0f0 JavaThread "AWT-Windows"                daemon [_thread_in_native, id=29880, stack(0x000000a544100000,0x000000a544200000) (1024K)]
  0x000002a1860e5d80 JavaThread "WorkerExecutor Queue Thread 13"        [_thread_blocked, id=24744, stack(0x000000a544200000,0x000000a544300000) (1024K)]
  0x000002a1863c0420 JavaThread "ForkJoinPool-1-worker-1"    daemon [_thread_blocked, id=24844, stack(0x000000a540900000,0x000000a540a00000) (1024K)]
  0x000002a1863c0ab0 JavaThread "ForkJoinPool-1-worker-2"    daemon [_thread_blocked, id=25484, stack(0x000000a544300000,0x000000a544400000) (1024K)]
  0x000002a1863c1140 JavaThread "ForkJoinPool-1-worker-3"    daemon [_thread_blocked, id=14772, stack(0x000000a544400000,0x000000a544500000) (1024K)]
  0x000002a190fe00b0 JavaThread "ForkJoinPool-1-worker-4"    daemon [_thread_blocked, id=5636, stack(0x000000a544500000,0x000000a544600000) (1024K)]
  0x000002a186045770 JavaThread "ForkJoinPool-1-worker-5"    daemon [_thread_blocked, id=14288, stack(0x000000a544600000,0x000000a544700000) (1024K)]
  0x000002a1863c24f0 JavaThread "ForkJoinPool-1-worker-6"    daemon [_thread_blocked, id=412, stack(0x000000a544700000,0x000000a544800000) (1024K)]
  0x000002a18bf26cc0 JavaThread "ForkJoinPool-1-worker-7"    daemon [_thread_blocked, id=4272, stack(0x000000a544800000,0x000000a544900000) (1024K)]
  0x000002a186043d30 JavaThread "ForkJoinPool-1-worker-8"    daemon [_thread_blocked, id=22480, stack(0x000000a544900000,0x000000a544a00000) (1024K)]
  0x000002a1f1dc9e60 JavaThread "ForkJoinPool-1-worker-9"    daemon [_thread_blocked, id=31468, stack(0x000000a544a00000,0x000000a544b00000) (1024K)]
  0x000002a1863beb70 JavaThread "ForkJoinPool-1-worker-10"   daemon [_thread_blocked, id=28308, stack(0x000000a544b00000,0x000000a544c00000) (1024K)]
  0x000002a1ebe7a190 JavaThread "ForkJoinPool-1-worker-11"   daemon [_thread_blocked, id=14176, stack(0x000000a544c00000,0x000000a544d00000) (1024K)]
  0x000002a185ffa750 JavaThread "ForkJoinPool-1-worker-12"   daemon [_thread_blocked, id=11188, stack(0x000000a544d00000,0x000000a544e00000) (1024K)]
  0x000002a1ea0bbd80 JavaThread "pool-6-thread-1"                   [_thread_blocked, id=15552, stack(0x000000a53d200000,0x000000a53d300000) (1024K)]
  0x000002a1ea0bc410 JavaThread "stderr"                            [_thread_in_native, id=30876, stack(0x000000a544000000,0x000000a544100000) (1024K)]
  0x000002a1ea0c1ff0 JavaThread "stdout"                            [_thread_in_native, id=11316, stack(0x000000a544e00000,0x000000a544f00000) (1024K)]
  0x000002a188d2ce80 JavaThread "RMI Scheduler(0)"           daemon [_thread_blocked, id=21420, stack(0x000000a544f00000,0x000000a545000000) (1024K)]
  0x000002a188d2d510 JavaThread "RMI RenewClean-[127.0.0.1:17643,org.jetbrains.kotlin.daemon.common.LoopbackNetworkInterface$ClientLoopbackSocketFactory@67d06881]" daemon [_thread_blocked, id=30872, stack(0x000000a545000000,0x000000a545100000) (1024K)]
  0x000002a188d2dba0 JavaThread "RMI GC Daemon"              daemon [_thread_blocked, id=27820, stack(0x000000a545100000,0x000000a545200000) (1024K)]
  0x000002a188d2a720 JavaThread "RMI TCP Accept-0"           daemon [_thread_in_native, id=8372, stack(0x000000a545200000,0x000000a545300000) (1024K)]
  0x000002a188d2e230 JavaThread "RMI Reaper"                        [_thread_blocked, id=2620, stack(0x000000a545300000,0x000000a545400000) (1024K)]
  0x000002a1890d0170 JavaThread "RMI TCP Connection(2)-127.0.0.1" daemon [_thread_in_native, id=20116, stack(0x000000a545400000,0x000000a545500000) (1024K)]
  0x000002a189faf0d0 JavaThread "C2 CompilerThread1"         daemon [_thread_in_native, id=23268, stack(0x000000a543b00000,0x000000a543c00000) (1024K)]
  0x000002a189fb0c10 JavaThread "C2 CompilerThread2"         daemon [_thread_in_native, id=19960, stack(0x000000a543c00000,0x000000a543d00000) (1024K)]
  0x000002a18aa46970 JavaThread "Cache worker for Java compile cache (C:\Users\Kabo\.gradle\caches\9.3.1\javaCompile)"        [_thread_in_native, id=13920, stack(0x000000a543d00000,0x000000a543e00000) (1024K)]
  0x000002a18aa47d20 JavaThread "Build operations"                  [_thread_blocked, id=6592, stack(0x000000a543e00000,0x000000a543f00000) (1024K)]
  0x000002a18aa47000 JavaThread "Build operations Thread 2"         [_thread_in_Java, id=28632, stack(0x000000a545500000,0x000000a545600000) (1024K)]
  0x000002a185a8ad80 JavaThread "Build operations Thread 3"         [_thread_blocked, id=14308, stack(0x000000a545600000,0x000000a545700000) (1024K)]
  0x000002a185a8a060 JavaThread "Build operations Thread 4"         [_thread_blocked, id=28684, stack(0x000000a545700000,0x000000a545800000) (1024K)]
  0x000002a185a899d0 JavaThread "Build operations Thread 5"         [_thread_blocked, id=6824, stack(0x000000a545800000,0x000000a545900000) (1024K)]
  0x000002a185a8a6f0 JavaThread "Build operations Thread 6"         [_thread_blocked, id=3476, stack(0x000000a545900000,0x000000a545a00000) (1024K)]
  0x000002a1880c1820 JavaThread "Build operations Thread 7"         [_thread_blocked, id=4560, stack(0x000000a545a00000,0x000000a545b00000) (1024K)]
  0x000002a1880c1eb0 JavaThread "Build operations Thread 8"         [_thread_blocked, id=26464, stack(0x000000a545b00000,0x000000a545c00000) (1024K)]
  0x000002a1880c2540 JavaThread "Build operations Thread 9"         [_thread_blocked, id=31240, stack(0x000000a545c00000,0x000000a545d00000) (1024K)]
  0x000002a1880c2bd0 JavaThread "Build operations Thread 10"        [_thread_blocked, id=10092, stack(0x000000a545d00000,0x000000a545e00000) (1024K)]
  0x000002a1880c3260 JavaThread "Build operations Thread 11"        [_thread_blocked, id=19428, stack(0x000000a545e00000,0x000000a545f00000) (1024K)]
Total: 231

Other Threads:
  0x000002a1e232ba40 VMThread "VM Thread"                           [id=20264, stack(0x000000a536f00000,0x000000a537000000) (1024K)]
  0x000002a1e219c6a0 WatcherThread "VM Periodic Task Thread"        [id=1240, stack(0x000000a536e00000,0x000000a536f00000) (1024K)]
  0x000002a1ca705050 WorkerThread "GC Thread#0"                     [id=20860, stack(0x000000a536900000,0x000000a536a00000) (1024K)]
  0x000002a1e271eb10 WorkerThread "GC Thread#1"                     [id=20884, stack(0x000000a537b00000,0x000000a537c00000) (1024K)]
  0x000002a1e2863040 WorkerThread "GC Thread#2"                     [id=7100, stack(0x000000a537c00000,0x000000a537d00000) (1024K)]
  0x000002a1e7399a40 WorkerThread "GC Thread#3"                     [id=20760, stack(0x000000a537d00000,0x000000a537e00000) (1024K)]
  0x000002a1e7141c30 WorkerThread "GC Thread#4"                     [id=26912, stack(0x000000a537e00000,0x000000a537f00000) (1024K)]
  0x000002a1e8b08e10 WorkerThread "GC Thread#5"                     [id=9708, stack(0x000000a537f00000,0x000000a538000000) (1024K)]
  0x000002a1e8b091c0 WorkerThread "GC Thread#6"                     [id=9924, stack(0x000000a538000000,0x000000a538100000) (1024K)]
  0x000002a1e8eb7b80 WorkerThread "GC Thread#7"                     [id=19192, stack(0x000000a538100000,0x000000a538200000) (1024K)]
  0x000002a1e7cba950 WorkerThread "GC Thread#8"                     [id=12748, stack(0x000000a538200000,0x000000a538300000) (1024K)]
  0x000002a1e7aefe70 WorkerThread "GC Thread#9"                     [id=18640, stack(0x000000a538800000,0x000000a538900000) (1024K)]
  0x000002a1ca715f50 ConcurrentGCThread "G1 Main Marker"            [id=12244, stack(0x000000a536a00000,0x000000a536b00000) (1024K)]
  0x000002a1ca7177b0 WorkerThread "G1 Conc#0"                       [id=31716, stack(0x000000a536b00000,0x000000a536c00000) (1024K)]
  0x000002a1e7aefac0 WorkerThread "G1 Conc#1"                       [id=9508, stack(0x000000a538900000,0x000000a538a00000) (1024K)]
  0x000002a1e7aef710 WorkerThread "G1 Conc#2"                       [id=20740, stack(0x000000a538a00000,0x000000a538b00000) (1024K)]
  0x000002a1e206f9a0 ConcurrentGCThread "G1 Refine#0"               [id=29700, stack(0x000000a536c00000,0x000000a536d00000) (1024K)]
  0x000002a1e20712e0 ConcurrentGCThread "G1 Service"                [id=11568, stack(0x000000a536d00000,0x000000a536e00000) (1024K)]
Total: 18

Threads with active compile tasks:
C2 CompilerThread0  226065 46134       4       org.gradle.api.internal.artifacts.transform.AbstractTransformedArtifactSet::visit (104 bytes)
C1 CompilerThread0  226065 46252       2       org.objectweb.asm.Type::getReturnTypeOffset (64 bytes)
C2 CompilerThread1  226065 45892       4       org.objectweb.asm.ClassReader::readCode (5117 bytes)
C2 CompilerThread2  226065 46185       4       org.gradle.internal.serialize.HierarchicalNameSerializer::readName (51 bytes)
Total: 4

VM state: not at safepoint (normal execution)

VM Mutex/Monitor currently owned by a thread:  ([mutex/lock_event])
[0x00007ffcc35670d0] MethodCompileQueue_lock - owner thread: 0x000002a1e23f9140
[0x00007ffcc35685d0] CodeCache_lock - owner thread: 0x000002a1e23f9140
[0x00007ffcc3568750] Compile_lock - owner thread: 0x000002a1e23f9140

Heap address: 0x0000000080000000, size: 2048 MB, Compressed Oops mode: 32-bit

CDS archive(s) not mapped
Compressed class space mapped at: 0x0000000100000000-0x0000000140000000, reserved size: 1073741824
Narrow klass base: 0x0000000000000000, Narrow klass shift: 3, Narrow klass range: 0x140000000

GC Precious Log:
 CardTable entry size: 512
 Card Set container configuration: InlinePtr #cards 5 size 8 Array Of Cards #cards 12 size 40 Howl #buckets 4 coarsen threshold 1843 Howl Bitmap #cards 512 size 80 coarsen threshold 460 Card regions per heap region 1 cards per card region 2048
 CPUs: 12 total, 12 available
 Memory: 7501M
 Large Page Support: Disabled
 NUMA Support: Disabled
 Compressed Oops: Enabled (32-bit)
 Heap Region Size: 1M
 Heap Min Capacity: 8M
 Heap Initial Capacity: 118M
 Heap Max Capacity: 2G
 Pre-touch: Disabled
 Parallel Workers: 10
 Concurrent Workers: 3
 Concurrent Refinement Workers: 10
 Periodic GC: Disabled

Heap:
 garbage-first heap   total 1857536K, used 978808K [0x0000000080000000, 0x0000000100000000)
  region size 1024K, 196 young (200704K), 18 survivors (18432K)
 Metaspace       used 311592K, committed 314688K, reserved 1376256K
  class space    used 40702K, committed 42176K, reserved 1048576K

Heap Regions: E=young(eden), S=young(survivor), O=old, HS=humongous(starts), HC=humongous(continues), CS=collection set, F=free, TAMS=top-at-mark-start, PB=parsable bottom
|   0|0x0000000080000000, 0x0000000080100000, 0x0000000080100000|100%|HS|  |TAMS 0x0000000080000000| PB 0x0000000080000000| Complete 
|   1|0x0000000080100000, 0x0000000080200000, 0x0000000080200000|100%|HC|  |TAMS 0x0000000080100000| PB 0x0000000080100000| Complete 
|   2|0x0000000080200000, 0x0000000080300000, 0x0000000080300000|100%|HC|  |TAMS 0x0000000080200000| PB 0x0000000080200000| Complete 
|   3|0x0000000080300000, 0x0000000080400000, 0x0000000080400000|100%|HC|  |TAMS 0x0000000080300000| PB 0x0000000080300000| Complete 
|   4|0x0000000080400000, 0x0000000080500000, 0x0000000080500000|100%| O|  |TAMS 0x0000000080400000| PB 0x0000000080400000| Untracked 
|   5|0x0000000080500000, 0x0000000080600000, 0x0000000080600000|100%| O|  |TAMS 0x0000000080500000| PB 0x0000000080500000| Untracked 
|   6|0x0000000080600000, 0x0000000080700000, 0x0000000080700000|100%| O|  |TAMS 0x0000000080600000| PB 0x0000000080600000| Untracked 
|   7|0x0000000080700000, 0x0000000080800000, 0x0000000080800000|100%|HS|  |TAMS 0x0000000080700000| PB 0x0000000080700000| Complete 
|   8|0x0000000080800000, 0x0000000080900000, 0x0000000080900000|100%| O|  |TAMS 0x0000000080800000| PB 0x0000000080800000| Untracked 
|   9|0x0000000080900000, 0x0000000080a00000, 0x0000000080a00000|100%| O|  |TAMS 0x0000000080900000| PB 0x0000000080900000| Untracked 
|  10|0x0000000080a00000, 0x0000000080b00000, 0x0000000080b00000|100%| O|  |TAMS 0x0000000080a00000| PB 0x0000000080a00000| Untracked 
|  11|0x0000000080b00000, 0x0000000080c00000, 0x0000000080c00000|100%| O|  |TAMS 0x0000000080b00000| PB 0x0000000080b00000| Untracked 
|  12|0x0000000080c00000, 0x0000000080d00000, 0x0000000080d00000|100%| O|  |TAMS 0x0000000080c00000| PB 0x0000000080c00000| Untracked 
|  13|0x0000000080d00000, 0x0000000080e00000, 0x0000000080e00000|100%| O|  |TAMS 0x0000000080d00000| PB 0x0000000080d00000| Untracked 
|  14|0x0000000080e00000, 0x0000000080f00000, 0x0000000080f00000|100%| O|  |TAMS 0x0000000080e00000| PB 0x0000000080e00000| Untracked 
|  15|0x0000000080f00000, 0x0000000081000000, 0x0000000081000000|100%| O|  |TAMS 0x0000000080f00000| PB 0x0000000080f00000| Untracked 
|  16|0x0000000081000000, 0x0000000081100000, 0x0000000081100000|100%| O|  |TAMS 0x0000000081000000| PB 0x0000000081000000| Untracked 
|  17|0x0000000081100000, 0x0000000081200000, 0x0000000081200000|100%| O|  |TAMS 0x0000000081100000| PB 0x0000000081100000| Untracked 
|  18|0x0000000081200000, 0x0000000081300000, 0x0000000081300000|100%| O|  |TAMS 0x0000000081200000| PB 0x0000000081200000| Untracked 
|  19|0x0000000081300000, 0x0000000081400000, 0x0000000081400000|100%| O|  |TAMS 0x0000000081300000| PB 0x0000000081300000| Untracked 
|  20|0x0000000081400000, 0x0000000081500000, 0x0000000081500000|100%| O|  |TAMS 0x0000000081400000| PB 0x0000000081400000| Untracked 
|  21|0x0000000081500000, 0x0000000081600000, 0x0000000081600000|100%| O|  |TAMS 0x0000000081500000| PB 0x0000000081500000| Untracked 
|  22|0x0000000081600000, 0x0000000081700000, 0x0000000081700000|100%| O|  |TAMS 0x0000000081600000| PB 0x0000000081600000| Untracked 
|  23|0x0000000081700000, 0x0000000081800000, 0x0000000081800000|100%|HS|  |TAMS 0x0000000081700000| PB 0x0000000081700000| Complete 
|  24|0x0000000081800000, 0x0000000081900000, 0x0000000081900000|100%|HC|  |TAMS 0x0000000081800000| PB 0x0000000081800000| Complete 
|  25|0x0000000081900000, 0x0000000081a00000, 0x0000000081a00000|100%|HC|  |TAMS 0x0000000081900000| PB 0x0000000081900000| Complete 
|  26|0x0000000081a00000, 0x0000000081b00000, 0x0000000081b00000|100%|HC|  |TAMS 0x0000000081a00000| PB 0x0000000081a00000| Complete 
|  27|0x0000000081b00000, 0x0000000081c00000, 0x0000000081c00000|100%|HC|  |TAMS 0x0000000081b00000| PB 0x0000000081b00000| Complete 
|  28|0x0000000081c00000, 0x0000000081d00000, 0x0000000081d00000|100%|HC|  |TAMS 0x0000000081c00000| PB 0x0000000081c00000| Complete 
|  29|0x0000000081d00000, 0x0000000081e00000, 0x0000000081e00000|100%|HS|  |TAMS 0x0000000081d00000| PB 0x0000000081d00000| Complete 
|  30|0x0000000081e00000, 0x0000000081f00000, 0x0000000081f00000|100%|HC|  |TAMS 0x0000000081e00000| PB 0x0000000081e00000| Complete 
|  31|0x0000000081f00000, 0x0000000082000000, 0x0000000082000000|100%|HS|  |TAMS 0x0000000081f00000| PB 0x0000000081f00000| Complete 
|  32|0x0000000082000000, 0x0000000082100000, 0x0000000082100000|100%|HS|  |TAMS 0x0000000082000000| PB 0x0000000082000000| Complete 
|  33|0x0000000082100000, 0x0000000082200000, 0x0000000082200000|100%|HC|  |TAMS 0x0000000082100000| PB 0x0000000082100000| Complete 
|  34|0x0000000082200000, 0x0000000082300000, 0x0000000082300000|100%|HC|  |TAMS 0x0000000082200000| PB 0x0000000082200000| Complete 
|  35|0x0000000082300000, 0x0000000082400000, 0x0000000082400000|100%|HC|  |TAMS 0x0000000082300000| PB 0x0000000082300000| Complete 
|  36|0x0000000082400000, 0x0000000082500000, 0x0000000082500000|100%|HC|  |TAMS 0x0000000082400000| PB 0x0000000082400000| Complete 
|  37|0x0000000082500000, 0x0000000082600000, 0x0000000082600000|100%|HC|  |TAMS 0x0000000082500000| PB 0x0000000082500000| Complete 
|  38|0x0000000082600000, 0x0000000082700000, 0x0000000082700000|100%|HS|  |TAMS 0x0000000082600000| PB 0x0000000082600000| Complete 
|  39|0x0000000082700000, 0x0000000082800000, 0x0000000082800000|100%|HC|  |TAMS 0x0000000082700000| PB 0x0000000082700000| Complete 
|  40|0x0000000082800000, 0x0000000082900000, 0x0000000082900000|100%|HS|  |TAMS 0x0000000082800000| PB 0x0000000082800000| Complete 
|  41|0x0000000082900000, 0x0000000082a00000, 0x0000000082a00000|100%| O|  |TAMS 0x0000000082900000| PB 0x0000000082900000| Untracked 
|  42|0x0000000082a00000, 0x0000000082b00000, 0x0000000082b00000|100%| O|  |TAMS 0x0000000082a00000| PB 0x0000000082a00000| Untracked 
|  43|0x0000000082b00000, 0x0000000082c00000, 0x0000000082c00000|100%| O|  |TAMS 0x0000000082b00000| PB 0x0000000082b00000| Untracked 
|  44|0x0000000082c00000, 0x0000000082d00000, 0x0000000082d00000|100%| O|  |TAMS 0x0000000082c00000| PB 0x0000000082c00000| Untracked 
|  45|0x0000000082d00000, 0x0000000082e00000, 0x0000000082e00000|100%| O|  |TAMS 0x0000000082d00000| PB 0x0000000082d00000| Untracked 
|  46|0x0000000082e00000, 0x0000000082f00000, 0x0000000082f00000|100%| O|  |TAMS 0x0000000082e00000| PB 0x0000000082e00000| Untracked 
|  47|0x0000000082f00000, 0x0000000083000000, 0x0000000083000000|100%| O|  |TAMS 0x0000000082f00000| PB 0x0000000082f00000| Untracked 
|  48|0x0000000083000000, 0x0000000083100000, 0x0000000083100000|100%| O|  |TAMS 0x0000000083000000| PB 0x0000000083000000| Untracked 
|  49|0x0000000083100000, 0x0000000083200000, 0x0000000083200000|100%| O|  |TAMS 0x0000000083100000| PB 0x0000000083100000| Untracked 
|  50|0x0000000083200000, 0x0000000083300000, 0x0000000083300000|100%| O|  |TAMS 0x0000000083200000| PB 0x0000000083200000| Untracked 
|  51|0x0000000083300000, 0x0000000083400000, 0x0000000083400000|100%|HS|  |TAMS 0x0000000083300000| PB 0x0000000083300000| Complete 
|  52|0x0000000083400000, 0x0000000083500000, 0x0000000083500000|100%|HC|  |TAMS 0x0000000083400000| PB 0x0000000083400000| Complete 
|  53|0x0000000083500000, 0x0000000083600000, 0x0000000083600000|100%| O|  |TAMS 0x0000000083500000| PB 0x0000000083500000| Untracked 
|  54|0x0000000083600000, 0x0000000083700000, 0x0000000083700000|100%| O|  |TAMS 0x0000000083600000| PB 0x0000000083600000| Untracked 
|  55|0x0000000083700000, 0x0000000083800000, 0x0000000083800000|100%| O|  |TAMS 0x0000000083700000| PB 0x0000000083700000| Untracked 
|  56|0x0000000083800000, 0x0000000083900000, 0x0000000083900000|100%| O|  |TAMS 0x0000000083800000| PB 0x0000000083800000| Untracked 
|  57|0x0000000083900000, 0x0000000083a00000, 0x0000000083a00000|100%| O|  |TAMS 0x0000000083900000| PB 0x0000000083900000| Untracked 
|  58|0x0000000083a00000, 0x0000000083b00000, 0x0000000083b00000|100%| O|  |TAMS 0x0000000083a00000| PB 0x0000000083a00000| Untracked 
|  59|0x0000000083b00000, 0x0000000083c00000, 0x0000000083c00000|100%| O|  |TAMS 0x0000000083b00000| PB 0x0000000083b00000| Untracked 
|  60|0x0000000083c00000, 0x0000000083d00000, 0x0000000083d00000|100%| O|  |TAMS 0x0000000083c00000| PB 0x0000000083c00000| Untracked 
|  61|0x0000000083d00000, 0x0000000083e00000, 0x0000000083e00000|100%| O|  |TAMS 0x0000000083d00000| PB 0x0000000083d00000| Untracked 
|  62|0x0000000083e00000, 0x0000000083f00000, 0x0000000083f00000|100%| O|  |TAMS 0x0000000083e00000| PB 0x0000000083e00000| Untracked 
|  63|0x0000000083f00000, 0x0000000084000000, 0x0000000084000000|100%| O|  |TAMS 0x0000000083f00000| PB 0x0000000083f00000| Untracked 
|  64|0x0000000084000000, 0x0000000084100000, 0x0000000084100000|100%| O|  |TAMS 0x0000000084000000| PB 0x0000000084000000| Untracked 
|  65|0x0000000084100000, 0x0000000084200000, 0x0000000084200000|100%|HS|  |TAMS 0x0000000084100000| PB 0x0000000084100000| Complete 
|  66|0x0000000084200000, 0x0000000084300000, 0x0000000084300000|100%| O|  |TAMS 0x0000000084200000| PB 0x0000000084200000| Untracked 
|  67|0x0000000084300000, 0x0000000084400000, 0x0000000084400000|100%| O|  |TAMS 0x0000000084300000| PB 0x0000000084300000| Untracked 
|  68|0x0000000084400000, 0x0000000084500000, 0x0000000084500000|100%| O|  |TAMS 0x0000000084400000| PB 0x0000000084400000| Untracked 
|  69|0x0000000084500000, 0x0000000084600000, 0x0000000084600000|100%| O|  |TAMS 0x0000000084500000| PB 0x0000000084500000| Untracked 
|  70|0x0000000084600000, 0x0000000084700000, 0x0000000084700000|100%| O|  |TAMS 0x0000000084600000| PB 0x0000000084600000| Untracked 
|  71|0x0000000084700000, 0x0000000084800000, 0x0000000084800000|100%| O|  |TAMS 0x0000000084700000| PB 0x0000000084700000| Untracked 
|  72|0x0000000084800000, 0x0000000084900000, 0x0000000084900000|100%| O|  |TAMS 0x0000000084800000| PB 0x0000000084800000| Untracked 
|  73|0x0000000084900000, 0x0000000084a00000, 0x0000000084a00000|100%| O|  |TAMS 0x0000000084900000| PB 0x0000000084900000| Untracked 
|  74|0x0000000084a00000, 0x0000000084b00000, 0x0000000084b00000|100%| O|  |TAMS 0x0000000084a00000| PB 0x0000000084a00000| Untracked 
|  75|0x0000000084b00000, 0x0000000084c00000, 0x0000000084c00000|100%| O|  |TAMS 0x0000000084b00000| PB 0x0000000084b00000| Untracked 
|  76|0x0000000084c00000, 0x0000000084d00000, 0x0000000084d00000|100%| O|  |TAMS 0x0000000084c00000| PB 0x0000000084c00000| Untracked 
|  77|0x0000000084d00000, 0x0000000084e00000, 0x0000000084e00000|100%| O|  |TAMS 0x0000000084d00000| PB 0x0000000084d00000| Untracked 
|  78|0x0000000084e00000, 0x0000000084f00000, 0x0000000084f00000|100%| O|  |TAMS 0x0000000084e00000| PB 0x0000000084e00000| Untracked 
|  79|0x0000000084f00000, 0x0000000085000000, 0x0000000085000000|100%| O|  |TAMS 0x0000000084f00000| PB 0x0000000084f00000| Untracked 
|  80|0x0000000085000000, 0x0000000085100000, 0x0000000085100000|100%| O|  |TAMS 0x0000000085000000| PB 0x0000000085000000| Untracked 
|  81|0x0000000085100000, 0x0000000085200000, 0x0000000085200000|100%| O|  |TAMS 0x0000000085100000| PB 0x0000000085100000| Untracked 
|  82|0x0000000085200000, 0x0000000085300000, 0x0000000085300000|100%| O|  |TAMS 0x0000000085200000| PB 0x0000000085200000| Untracked 
|  83|0x0000000085300000, 0x0000000085400000, 0x0000000085400000|100%| O|  |TAMS 0x0000000085300000| PB 0x0000000085300000| Untracked 
|  84|0x0000000085400000, 0x0000000085500000, 0x0000000085500000|100%| O|  |TAMS 0x0000000085400000| PB 0x0000000085400000| Untracked 
|  85|0x0000000085500000, 0x0000000085600000, 0x0000000085600000|100%| O|  |TAMS 0x0000000085500000| PB 0x0000000085500000| Untracked 
|  86|0x0000000085600000, 0x0000000085700000, 0x0000000085700000|100%| O|  |TAMS 0x0000000085600000| PB 0x0000000085600000| Untracked 
|  87|0x0000000085700000, 0x0000000085800000, 0x0000000085800000|100%| O|  |TAMS 0x0000000085700000| PB 0x0000000085700000| Untracked 
|  88|0x0000000085800000, 0x0000000085900000, 0x0000000085900000|100%| O|  |TAMS 0x0000000085800000| PB 0x0000000085800000| Untracked 
|  89|0x0000000085900000, 0x0000000085a00000, 0x0000000085a00000|100%| O|  |TAMS 0x0000000085900000| PB 0x0000000085900000| Untracked 
|  90|0x0000000085a00000, 0x0000000085b00000, 0x0000000085b00000|100%| O|  |TAMS 0x0000000085a00000| PB 0x0000000085a00000| Untracked 
|  91|0x0000000085b00000, 0x0000000085c00000, 0x0000000085c00000|100%| O|  |TAMS 0x0000000085b00000| PB 0x0000000085b00000| Untracked 
|  92|0x0000000085c00000, 0x0000000085d00000, 0x0000000085d00000|100%| O|  |TAMS 0x0000000085c00000| PB 0x0000000085c00000| Untracked 
|  93|0x0000000085d00000, 0x0000000085e00000, 0x0000000085e00000|100%| O|  |TAMS 0x0000000085d00000| PB 0x0000000085d00000| Untracked 
|  94|0x0000000085e00000, 0x0000000085f00000, 0x0000000085f00000|100%| O|  |TAMS 0x0000000085e00000| PB 0x0000000085e00000| Untracked 
|  95|0x0000000085f00000, 0x0000000086000000, 0x0000000086000000|100%| O|  |TAMS 0x0000000085f00000| PB 0x0000000085f00000| Untracked 
|  96|0x0000000086000000, 0x0000000086100000, 0x0000000086100000|100%| O|  |TAMS 0x0000000086000000| PB 0x0000000086000000| Untracked 
|  97|0x0000000086100000, 0x0000000086200000, 0x0000000086200000|100%| O|  |TAMS 0x0000000086100000| PB 0x0000000086100000| Untracked 
|  98|0x0000000086200000, 0x0000000086300000, 0x0000000086300000|100%| O|  |TAMS 0x0000000086200000| PB 0x0000000086200000| Untracked 
|  99|0x0000000086300000, 0x0000000086400000, 0x0000000086400000|100%| O|  |TAMS 0x0000000086300000| PB 0x0000000086300000| Untracked 
| 100|0x0000000086400000, 0x0000000086500000, 0x0000000086500000|100%| O|  |TAMS 0x0000000086400000| PB 0x0000000086400000| Untracked 
| 101|0x0000000086500000, 0x0000000086600000, 0x0000000086600000|100%| O|  |TAMS 0x0000000086500000| PB 0x0000000086500000| Untracked 
| 102|0x0000000086600000, 0x0000000086700000, 0x0000000086700000|100%| O|  |TAMS 0x0000000086600000| PB 0x0000000086600000| Untracked 
| 103|0x0000000086700000, 0x0000000086800000, 0x0000000086800000|100%| O|  |TAMS 0x0000000086700000| PB 0x0000000086700000| Untracked 
| 104|0x0000000086800000, 0x0000000086900000, 0x0000000086900000|100%| O|  |TAMS 0x0000000086800000| PB 0x0000000086800000| Untracked 
| 105|0x0000000086900000, 0x0000000086a00000, 0x0000000086a00000|100%| O|  |TAMS 0x0000000086900000| PB 0x0000000086900000| Untracked 
| 106|0x0000000086a00000, 0x0000000086b00000, 0x0000000086b00000|100%| O|  |TAMS 0x0000000086a00000| PB 0x0000000086a00000| Untracked 
| 107|0x0000000086b00000, 0x0000000086c00000, 0x0000000086c00000|100%| O|  |TAMS 0x0000000086b00000| PB 0x0000000086b00000| Untracked 
| 108|0x0000000086c00000, 0x0000000086d00000, 0x0000000086d00000|100%| O|  |TAMS 0x0000000086c00000| PB 0x0000000086c00000| Untracked 
| 109|0x0000000086d00000, 0x0000000086e00000, 0x0000000086e00000|100%| O|  |TAMS 0x0000000086d00000| PB 0x0000000086d00000| Untracked 
| 110|0x0000000086e00000, 0x0000000086f00000, 0x0000000086f00000|100%| O|  |TAMS 0x0000000086e00000| PB 0x0000000086e00000| Untracked 
| 111|0x0000000086f00000, 0x0000000087000000, 0x0000000087000000|100%| O|  |TAMS 0x0000000086f00000| PB 0x0000000086f00000| Untracked 
| 112|0x0000000087000000, 0x0000000087100000, 0x0000000087100000|100%| O|  |TAMS 0x0000000087000000| PB 0x0000000087000000| Untracked 
| 113|0x0000000087100000, 0x0000000087200000, 0x0000000087200000|100%| O|  |TAMS 0x0000000087100000| PB 0x0000000087100000| Untracked 
| 114|0x0000000087200000, 0x0000000087300000, 0x0000000087300000|100%| O|  |TAMS 0x0000000087200000| PB 0x0000000087200000| Untracked 
| 115|0x0000000087300000, 0x0000000087400000, 0x0000000087400000|100%| O|  |TAMS 0x0000000087300000| PB 0x0000000087300000| Untracked 
| 116|0x0000000087400000, 0x0000000087500000, 0x0000000087500000|100%| O|  |TAMS 0x0000000087400000| PB 0x0000000087400000| Untracked 
| 117|0x0000000087500000, 0x0000000087600000, 0x0000000087600000|100%| O|  |TAMS 0x0000000087500000| PB 0x0000000087500000| Untracked 
| 118|0x0000000087600000, 0x0000000087700000, 0x0000000087700000|100%| O|  |TAMS 0x0000000087600000| PB 0x0000000087600000| Untracked 
| 119|0x0000000087700000, 0x0000000087800000, 0x0000000087800000|100%| O|Cm|TAMS 0x0000000087700000| PB 0x0000000087700000| Complete 
| 120|0x0000000087800000, 0x0000000087900000, 0x0000000087900000|100%| O|  |TAMS 0x0000000087800000| PB 0x0000000087800000| Untracked 
| 121|0x0000000087900000, 0x0000000087a00000, 0x0000000087a00000|100%| O|  |TAMS 0x0000000087900000| PB 0x0000000087900000| Untracked 
| 122|0x0000000087a00000, 0x0000000087b00000, 0x0000000087b00000|100%| O|  |TAMS 0x0000000087a00000| PB 0x0000000087a00000| Untracked 
| 123|0x0000000087b00000, 0x0000000087c00000, 0x0000000087c00000|100%| O|  |TAMS 0x0000000087b00000| PB 0x0000000087b00000| Untracked 
| 124|0x0000000087c00000, 0x0000000087d00000, 0x0000000087d00000|100%| O|  |TAMS 0x0000000087c00000| PB 0x0000000087c00000| Untracked 
| 125|0x0000000087d00000, 0x0000000087e00000, 0x0000000087e00000|100%| O|  |TAMS 0x0000000087d00000| PB 0x0000000087d00000| Untracked 
| 126|0x0000000087e00000, 0x0000000087f00000, 0x0000000087f00000|100%| O|  |TAMS 0x0000000087e00000| PB 0x0000000087e00000| Untracked 
| 127|0x0000000087f00000, 0x0000000088000000, 0x0000000088000000|100%| O|  |TAMS 0x0000000087f00000| PB 0x0000000087f00000| Untracked 
| 128|0x0000000088000000, 0x00000000880b0180, 0x0000000088100000| 68%| O|  |TAMS 0x0000000088000000| PB 0x0000000088000000| Untracked 
| 129|0x0000000088100000, 0x0000000088200000, 0x0000000088200000|100%| O|  |TAMS 0x0000000088100000| PB 0x0000000088100000| Untracked 
| 130|0x0000000088200000, 0x0000000088300000, 0x0000000088300000|100%| O|  |TAMS 0x0000000088200000| PB 0x0000000088200000| Untracked 
| 131|0x0000000088300000, 0x0000000088300000, 0x0000000088400000|  0%| F|  |TAMS 0x0000000088300000| PB 0x0000000088300000| Untracked 
| 132|0x0000000088400000, 0x0000000088500000, 0x0000000088500000|100%|HS|  |TAMS 0x0000000088400000| PB 0x0000000088400000| Complete 
| 133|0x0000000088500000, 0x0000000088600000, 0x0000000088600000|100%|HS|  |TAMS 0x0000000088500000| PB 0x0000000088500000| Complete 
| 134|0x0000000088600000, 0x0000000088700000, 0x0000000088700000|100%|HS|  |TAMS 0x0000000088600000| PB 0x0000000088600000| Complete 
| 135|0x0000000088700000, 0x0000000088800000, 0x0000000088800000|100%|HS|  |TAMS 0x0000000088700000| PB 0x0000000088700000| Complete 
| 136|0x0000000088800000, 0x0000000088900000, 0x0000000088900000|100%|HC|  |TAMS 0x0000000088800000| PB 0x0000000088800000| Complete 
| 137|0x0000000088900000, 0x0000000088a00000, 0x0000000088a00000|100%|HS|  |TAMS 0x0000000088900000| PB 0x0000000088900000| Complete 
| 138|0x0000000088a00000, 0x0000000088b00000, 0x0000000088b00000|100%|HS|  |TAMS 0x0000000088a00000| PB 0x0000000088a00000| Complete 
| 139|0x0000000088b00000, 0x0000000088c00000, 0x0000000088c00000|100%| O|  |TAMS 0x0000000088b00000| PB 0x0000000088b00000| Untracked 
| 140|0x0000000088c00000, 0x0000000088d00000, 0x0000000088d00000|100%|HS|  |TAMS 0x0000000088c00000| PB 0x0000000088c00000| Complete 
| 141|0x0000000088d00000, 0x0000000088e00000, 0x0000000088e00000|100%| O|  |TAMS 0x0000000088d00000| PB 0x0000000088d00000| Untracked 
| 142|0x0000000088e00000, 0x0000000088f00000, 0x0000000088f00000|100%| O|Cm|TAMS 0x0000000088e00000| PB 0x0000000088e00000| Complete 
| 143|0x0000000088f00000, 0x0000000089000000, 0x0000000089000000|100%| O|  |TAMS 0x0000000088f00000| PB 0x0000000088f00000| Untracked 
| 144|0x0000000089000000, 0x0000000089100000, 0x0000000089100000|100%| O|  |TAMS 0x0000000089000000| PB 0x0000000089000000| Untracked 
| 145|0x0000000089100000, 0x0000000089200000, 0x0000000089200000|100%| O|  |TAMS 0x0000000089100000| PB 0x0000000089100000| Untracked 
| 146|0x0000000089200000, 0x0000000089300000, 0x0000000089300000|100%| O|Cm|TAMS 0x0000000089200000| PB 0x0000000089200000| Complete 
| 147|0x0000000089300000, 0x0000000089400000, 0x0000000089400000|100%|HS|  |TAMS 0x0000000089300000| PB 0x0000000089300000| Complete 
| 148|0x0000000089400000, 0x0000000089500000, 0x0000000089500000|100%|HC|  |TAMS 0x0000000089400000| PB 0x0000000089400000| Complete 
| 149|0x0000000089500000, 0x0000000089600000, 0x0000000089600000|100%| O|  |TAMS 0x0000000089500000| PB 0x0000000089500000| Untracked 
| 150|0x0000000089600000, 0x0000000089700000, 0x0000000089700000|100%| O|  |TAMS 0x0000000089600000| PB 0x0000000089600000| Untracked 
| 151|0x0000000089700000, 0x0000000089800000, 0x0000000089800000|100%| O|  |TAMS 0x0000000089700000| PB 0x0000000089700000| Untracked 
| 152|0x0000000089800000, 0x0000000089900000, 0x0000000089900000|100%| O|  |TAMS 0x0000000089800000| PB 0x0000000089800000| Untracked 
| 153|0x0000000089900000, 0x0000000089a00000, 0x0000000089a00000|100%| O|  |TAMS 0x0000000089900000| PB 0x0000000089900000| Untracked 
| 154|0x0000000089a00000, 0x0000000089b00000, 0x0000000089b00000|100%| O|  |TAMS 0x0000000089a00000| PB 0x0000000089a00000| Untracked 
| 155|0x0000000089b00000, 0x0000000089c00000, 0x0000000089c00000|100%| O|  |TAMS 0x0000000089b00000| PB 0x0000000089b00000| Untracked 
| 156|0x0000000089c00000, 0x0000000089d00000, 0x0000000089d00000|100%| O|  |TAMS 0x0000000089c00000| PB 0x0000000089c00000| Untracked 
| 157|0x0000000089d00000, 0x0000000089e00000, 0x0000000089e00000|100%| O|  |TAMS 0x0000000089d00000| PB 0x0000000089d00000| Untracked 
| 158|0x0000000089e00000, 0x0000000089f00000, 0x0000000089f00000|100%| O|  |TAMS 0x0000000089e00000| PB 0x0000000089e00000| Untracked 
| 159|0x0000000089f00000, 0x000000008a000000, 0x000000008a000000|100%| O|  |TAMS 0x0000000089f00000| PB 0x0000000089f00000| Untracked 
| 160|0x000000008a000000, 0x000000008a100000, 0x000000008a100000|100%| O|  |TAMS 0x000000008a000000| PB 0x000000008a000000| Untracked 
| 161|0x000000008a100000, 0x000000008a200000, 0x000000008a200000|100%| O|  |TAMS 0x000000008a100000| PB 0x000000008a100000| Untracked 
| 162|0x000000008a200000, 0x000000008a300000, 0x000000008a300000|100%| O|  |TAMS 0x000000008a200000| PB 0x000000008a200000| Untracked 
| 163|0x000000008a300000, 0x000000008a400000, 0x000000008a400000|100%| O|  |TAMS 0x000000008a300000| PB 0x000000008a300000| Untracked 
| 164|0x000000008a400000, 0x000000008a400000, 0x000000008a500000|  0%| F|  |TAMS 0x000000008a400000| PB 0x000000008a400000| Untracked 
| 165|0x000000008a500000, 0x000000008a600000, 0x000000008a600000|100%| O|  |TAMS 0x000000008a500000| PB 0x000000008a500000| Untracked 
| 166|0x000000008a600000, 0x000000008a700000, 0x000000008a700000|100%| O|  |TAMS 0x000000008a600000| PB 0x000000008a600000| Untracked 
| 167|0x000000008a700000, 0x000000008a800000, 0x000000008a800000|100%| O|  |TAMS 0x000000008a700000| PB 0x000000008a700000| Untracked 
| 168|0x000000008a800000, 0x000000008a900000, 0x000000008a900000|100%| O|  |TAMS 0x000000008a800000| PB 0x000000008a800000| Untracked 
| 169|0x000000008a900000, 0x000000008aa00000, 0x000000008aa00000|100%| O|  |TAMS 0x000000008a900000| PB 0x000000008a900000| Untracked 
| 170|0x000000008aa00000, 0x000000008ab00000, 0x000000008ab00000|100%| O|  |TAMS 0x000000008aa00000| PB 0x000000008aa00000| Untracked 
| 171|0x000000008ab00000, 0x000000008ac00000, 0x000000008ac00000|100%| O|  |TAMS 0x000000008ab00000| PB 0x000000008ab00000| Untracked 
| 172|0x000000008ac00000, 0x000000008ad00000, 0x000000008ad00000|100%| O|  |TAMS 0x000000008ac00000| PB 0x000000008ac00000| Untracked 
| 173|0x000000008ad00000, 0x000000008ae00000, 0x000000008ae00000|100%| O|  |TAMS 0x000000008ad00000| PB 0x000000008ad00000| Untracked 
| 174|0x000000008ae00000, 0x000000008af00000, 0x000000008af00000|100%| O|  |TAMS 0x000000008ae00000| PB 0x000000008ae00000| Untracked 
| 175|0x000000008af00000, 0x000000008af00000, 0x000000008b000000|  0%| F|  |TAMS 0x000000008af00000| PB 0x000000008af00000| Untracked 
| 176|0x000000008b000000, 0x000000008b100000, 0x000000008b100000|100%| O|  |TAMS 0x000000008b000000| PB 0x000000008b000000| Untracked 
| 177|0x000000008b100000, 0x000000008b200000, 0x000000008b200000|100%| O|  |TAMS 0x000000008b100000| PB 0x000000008b100000| Untracked 
| 178|0x000000008b200000, 0x000000008b200000, 0x000000008b300000|  0%| F|  |TAMS 0x000000008b200000| PB 0x000000008b200000| Untracked 
| 179|0x000000008b300000, 0x000000008b400000, 0x000000008b400000|100%| O|  |TAMS 0x000000008b300000| PB 0x000000008b300000| Untracked 
| 180|0x000000008b400000, 0x000000008b500000, 0x000000008b500000|100%| O|  |TAMS 0x000000008b400000| PB 0x000000008b400000| Untracked 
| 181|0x000000008b500000, 0x000000008b600000, 0x000000008b600000|100%| O|  |TAMS 0x000000008b500000| PB 0x000000008b500000| Untracked 
| 182|0x000000008b600000, 0x000000008b700000, 0x000000008b700000|100%| O|  |TAMS 0x000000008b600000| PB 0x000000008b600000| Untracked 
| 183|0x000000008b700000, 0x000000008b800000, 0x000000008b800000|100%| O|  |TAMS 0x000000008b700000| PB 0x000000008b700000| Untracked 
| 184|0x000000008b800000, 0x000000008b900000, 0x000000008b900000|100%| O|  |TAMS 0x000000008b800000| PB 0x000000008b800000| Untracked 
| 185|0x000000008b900000, 0x000000008b900000, 0x000000008ba00000|  0%| F|  |TAMS 0x000000008b900000| PB 0x000000008b900000| Untracked 
| 186|0x000000008ba00000, 0x000000008bb00000, 0x000000008bb00000|100%| O|  |TAMS 0x000000008ba00000| PB 0x000000008ba00000| Untracked 
| 187|0x000000008bb00000, 0x000000008bc00000, 0x000000008bc00000|100%| O|  |TAMS 0x000000008bb00000| PB 0x000000008bb00000| Untracked 
| 188|0x000000008bc00000, 0x000000008bd00000, 0x000000008bd00000|100%| O|  |TAMS 0x000000008bc00000| PB 0x000000008bc00000| Untracked 
| 189|0x000000008bd00000, 0x000000008be00000, 0x000000008be00000|100%| O|  |TAMS 0x000000008bd00000| PB 0x000000008bd00000| Untracked 
| 190|0x000000008be00000, 0x000000008bf00000, 0x000000008bf00000|100%| O|  |TAMS 0x000000008be00000| PB 0x000000008be00000| Untracked 
| 191|0x000000008bf00000, 0x000000008c000000, 0x000000008c000000|100%| O|  |TAMS 0x000000008bf00000| PB 0x000000008bf00000| Untracked 
| 192|0x000000008c000000, 0x000000008c100000, 0x000000008c100000|100%| O|  |TAMS 0x000000008c000000| PB 0x000000008c000000| Untracked 
| 193|0x000000008c100000, 0x000000008c200000, 0x000000008c200000|100%| O|  |TAMS 0x000000008c100000| PB 0x000000008c100000| Untracked 
| 194|0x000000008c200000, 0x000000008c300000, 0x000000008c300000|100%| O|  |TAMS 0x000000008c200000| PB 0x000000008c200000| Untracked 
| 195|0x000000008c300000, 0x000000008c400000, 0x000000008c400000|100%| O|  |TAMS 0x000000008c300000| PB 0x000000008c300000| Untracked 
| 196|0x000000008c400000, 0x000000008c500000, 0x000000008c500000|100%| O|  |TAMS 0x000000008c400000| PB 0x000000008c400000| Untracked 
| 197|0x000000008c500000, 0x000000008c600000, 0x000000008c600000|100%| O|  |TAMS 0x000000008c500000| PB 0x000000008c500000| Untracked 
| 198|0x000000008c600000, 0x000000008c700000, 0x000000008c700000|100%| O|  |TAMS 0x000000008c600000| PB 0x000000008c600000| Untracked 
| 199|0x000000008c700000, 0x000000008c800000, 0x000000008c800000|100%| O|  |TAMS 0x000000008c700000| PB 0x000000008c700000| Untracked 
| 200|0x000000008c800000, 0x000000008c900000, 0x000000008c900000|100%| O|  |TAMS 0x000000008c800000| PB 0x000000008c800000| Untracked 
| 201|0x000000008c900000, 0x000000008ca00000, 0x000000008ca00000|100%| O|  |TAMS 0x000000008c900000| PB 0x000000008c900000| Untracked 
| 202|0x000000008ca00000, 0x000000008ca00000, 0x000000008cb00000|  0%| F|  |TAMS 0x000000008ca00000| PB 0x000000008ca00000| Untracked 
| 203|0x000000008cb00000, 0x000000008cb00000, 0x000000008cc00000|  0%| F|  |TAMS 0x000000008cb00000| PB 0x000000008cb00000| Untracked 
| 204|0x000000008cc00000, 0x000000008cd00000, 0x000000008cd00000|100%|HS|  |TAMS 0x000000008cc00000| PB 0x000000008cc00000| Complete 
| 205|0x000000008cd00000, 0x000000008ce00000, 0x000000008ce00000|100%|HC|  |TAMS 0x000000008cd00000| PB 0x000000008cd00000| Complete 
| 206|0x000000008ce00000, 0x000000008cf00000, 0x000000008cf00000|100%| O|  |TAMS 0x000000008ce00000| PB 0x000000008ce00000| Untracked 
| 207|0x000000008cf00000, 0x000000008d000000, 0x000000008d000000|100%| O|  |TAMS 0x000000008cf00000| PB 0x000000008cf00000| Untracked 
| 208|0x000000008d000000, 0x000000008d000000, 0x000000008d100000|  0%| F|  |TAMS 0x000000008d000000| PB 0x000000008d000000| Untracked 
| 209|0x000000008d100000, 0x000000008d200000, 0x000000008d200000|100%| O|  |TAMS 0x000000008d100000| PB 0x000000008d100000| Untracked 
| 210|0x000000008d200000, 0x000000008d300000, 0x000000008d300000|100%| O|  |TAMS 0x000000008d200000| PB 0x000000008d200000| Untracked 
| 211|0x000000008d300000, 0x000000008d400000, 0x000000008d400000|100%| O|  |TAMS 0x000000008d300000| PB 0x000000008d300000| Untracked 
| 212|0x000000008d400000, 0x000000008d500000, 0x000000008d500000|100%| O|  |TAMS 0x000000008d400000| PB 0x000000008d400000| Untracked 
| 213|0x000000008d500000, 0x000000008d600000, 0x000000008d600000|100%| O|  |TAMS 0x000000008d500000| PB 0x000000008d500000| Untracked 
| 214|0x000000008d600000, 0x000000008d700000, 0x000000008d700000|100%| O|  |TAMS 0x000000008d600000| PB 0x000000008d600000| Untracked 
| 215|0x000000008d700000, 0x000000008d800000, 0x000000008d800000|100%| O|  |TAMS 0x000000008d700000| PB 0x000000008d700000| Untracked 
| 216|0x000000008d800000, 0x000000008d900000, 0x000000008d900000|100%| O|  |TAMS 0x000000008d800000| PB 0x000000008d800000| Untracked 
| 217|0x000000008d900000, 0x000000008da00000, 0x000000008da00000|100%| O|  |TAMS 0x000000008d900000| PB 0x000000008d900000| Untracked 
| 218|0x000000008da00000, 0x000000008db00000, 0x000000008db00000|100%| O|  |TAMS 0x000000008da00000| PB 0x000000008da00000| Untracked 
| 219|0x000000008db00000, 0x000000008dc00000, 0x000000008dc00000|100%| O|  |TAMS 0x000000008db00000| PB 0x000000008db00000| Untracked 
| 220|0x000000008dc00000, 0x000000008dd00000, 0x000000008dd00000|100%| O|  |TAMS 0x000000008dc00000| PB 0x000000008dc00000| Untracked 
| 221|0x000000008dd00000, 0x000000008de00000, 0x000000008de00000|100%| O|  |TAMS 0x000000008dd00000| PB 0x000000008dd00000| Untracked 
| 222|0x000000008de00000, 0x000000008df00000, 0x000000008df00000|100%| O|  |TAMS 0x000000008de00000| PB 0x000000008de00000| Untracked 
| 223|0x000000008df00000, 0x000000008e000000, 0x000000008e000000|100%| O|  |TAMS 0x000000008df00000| PB 0x000000008df00000| Untracked 
| 224|0x000000008e000000, 0x000000008e000000, 0x000000008e100000|  0%| F|  |TAMS 0x000000008e000000| PB 0x000000008e000000| Untracked 
| 225|0x000000008e100000, 0x000000008e200000, 0x000000008e200000|100%| O|  |TAMS 0x000000008e100000| PB 0x000000008e100000| Untracked 
| 226|0x000000008e200000, 0x000000008e200000, 0x000000008e300000|  0%| F|  |TAMS 0x000000008e200000| PB 0x000000008e200000| Untracked 
| 227|0x000000008e300000, 0x000000008e400000, 0x000000008e400000|100%| O|  |TAMS 0x000000008e300000| PB 0x000000008e300000| Untracked 
| 228|0x000000008e400000, 0x000000008e400000, 0x000000008e500000|  0%| F|  |TAMS 0x000000008e400000| PB 0x000000008e400000| Untracked 
| 229|0x000000008e500000, 0x000000008e500000, 0x000000008e600000|  0%| F|  |TAMS 0x000000008e500000| PB 0x000000008e500000| Untracked 
| 230|0x000000008e600000, 0x000000008e600000, 0x000000008e700000|  0%| F|  |TAMS 0x000000008e600000| PB 0x000000008e600000| Untracked 
| 231|0x000000008e700000, 0x000000008e700000, 0x000000008e800000|  0%| F|  |TAMS 0x000000008e700000| PB 0x000000008e700000| Untracked 
| 232|0x000000008e800000, 0x000000008e800000, 0x000000008e900000|  0%| F|  |TAMS 0x000000008e800000| PB 0x000000008e800000| Untracked 
| 233|0x000000008e900000, 0x000000008e900000, 0x000000008ea00000|  0%| F|  |TAMS 0x000000008e900000| PB 0x000000008e900000| Untracked 
| 234|0x000000008ea00000, 0x000000008ea00000, 0x000000008eb00000|  0%| F|  |TAMS 0x000000008ea00000| PB 0x000000008ea00000| Untracked 
| 235|0x000000008eb00000, 0x000000008eb00000, 0x000000008ec00000|  0%| F|  |TAMS 0x000000008eb00000| PB 0x000000008eb00000| Untracked 
| 236|0x000000008ec00000, 0x000000008ec00000, 0x000000008ed00000|  0%| F|  |TAMS 0x000000008ec00000| PB 0x000000008ec00000| Untracked 
| 237|0x000000008ed00000, 0x000000008ed00000, 0x000000008ee00000|  0%| F|  |TAMS 0x000000008ed00000| PB 0x000000008ed00000| Untracked 
| 238|0x000000008ee00000, 0x000000008ef00000, 0x000000008ef00000|100%| O|  |TAMS 0x000000008ee00000| PB 0x000000008ee00000| Untracked 
| 239|0x000000008ef00000, 0x000000008f000000, 0x000000008f000000|100%| O|  |TAMS 0x000000008ef00000| PB 0x000000008ef00000| Untracked 
| 240|0x000000008f000000, 0x000000008f000000, 0x000000008f100000|  0%| F|  |TAMS 0x000000008f000000| PB 0x000000008f000000| Untracked 
| 241|0x000000008f100000, 0x000000008f200000, 0x000000008f200000|100%| O|  |TAMS 0x000000008f100000| PB 0x000000008f100000| Untracked 
| 242|0x000000008f200000, 0x000000008f300000, 0x000000008f300000|100%| O|  |TAMS 0x000000008f200000| PB 0x000000008f200000| Untracked 
| 243|0x000000008f300000, 0x000000008f400000, 0x000000008f400000|100%| O|  |TAMS 0x000000008f300000| PB 0x000000008f300000| Untracked 
| 244|0x000000008f400000, 0x000000008f500000, 0x000000008f500000|100%| O|  |TAMS 0x000000008f400000| PB 0x000000008f400000| Untracked 
| 245|0x000000008f500000, 0x000000008f600000, 0x000000008f600000|100%| O|  |TAMS 0x000000008f500000| PB 0x000000008f500000| Untracked 
| 246|0x000000008f600000, 0x000000008f700000, 0x000000008f700000|100%| O|  |TAMS 0x000000008f600000| PB 0x000000008f600000| Untracked 
| 247|0x000000008f700000, 0x000000008f800000, 0x000000008f800000|100%| O|  |TAMS 0x000000008f700000| PB 0x000000008f700000| Untracked 
| 248|0x000000008f800000, 0x000000008f900000, 0x000000008f900000|100%| O|  |TAMS 0x000000008f800000| PB 0x000000008f800000| Untracked 
| 249|0x000000008f900000, 0x000000008fa00000, 0x000000008fa00000|100%| O|  |TAMS 0x000000008f900000| PB 0x000000008f900000| Untracked 
| 250|0x000000008fa00000, 0x000000008fb00000, 0x000000008fb00000|100%| O|  |TAMS 0x000000008fa00000| PB 0x000000008fa00000| Untracked 
| 251|0x000000008fb00000, 0x000000008fc00000, 0x000000008fc00000|100%| O|  |TAMS 0x000000008fb00000| PB 0x000000008fb00000| Untracked 
| 252|0x000000008fc00000, 0x000000008fd00000, 0x000000008fd00000|100%| O|  |TAMS 0x000000008fc00000| PB 0x000000008fc00000| Untracked 
| 253|0x000000008fd00000, 0x000000008fe00000, 0x000000008fe00000|100%| O|  |TAMS 0x000000008fd00000| PB 0x000000008fd00000| Untracked 
| 254|0x000000008fe00000, 0x000000008ff00000, 0x000000008ff00000|100%| O|  |TAMS 0x000000008fe00000| PB 0x000000008fe00000| Untracked 
| 255|0x000000008ff00000, 0x0000000090000000, 0x0000000090000000|100%| O|  |TAMS 0x000000008ff00000| PB 0x000000008ff00000| Untracked 
| 256|0x0000000090000000, 0x0000000090000000, 0x0000000090100000|  0%| F|  |TAMS 0x0000000090000000| PB 0x0000000090000000| Untracked 
| 257|0x0000000090100000, 0x0000000090200000, 0x0000000090200000|100%| O|  |TAMS 0x0000000090100000| PB 0x0000000090100000| Untracked 
| 258|0x0000000090200000, 0x0000000090300000, 0x0000000090300000|100%| O|  |TAMS 0x0000000090200000| PB 0x0000000090200000| Untracked 
| 259|0x0000000090300000, 0x0000000090400000, 0x0000000090400000|100%| O|  |TAMS 0x0000000090300000| PB 0x0000000090300000| Untracked 
| 260|0x0000000090400000, 0x0000000090500000, 0x0000000090500000|100%| O|  |TAMS 0x0000000090400000| PB 0x0000000090400000| Untracked 
| 261|0x0000000090500000, 0x0000000090600000, 0x0000000090600000|100%| O|  |TAMS 0x0000000090500000| PB 0x0000000090500000| Untracked 
| 262|0x0000000090600000, 0x0000000090700000, 0x0000000090700000|100%| O|  |TAMS 0x0000000090600000| PB 0x0000000090600000| Untracked 
| 263|0x0000000090700000, 0x0000000090800000, 0x0000000090800000|100%| O|  |TAMS 0x0000000090700000| PB 0x0000000090700000| Untracked 
| 264|0x0000000090800000, 0x0000000090900000, 0x0000000090900000|100%| O|  |TAMS 0x0000000090800000| PB 0x0000000090800000| Untracked 
| 265|0x0000000090900000, 0x0000000090a00000, 0x0000000090a00000|100%| O|  |TAMS 0x0000000090900000| PB 0x0000000090900000| Untracked 
| 266|0x0000000090a00000, 0x0000000090b00000, 0x0000000090b00000|100%| O|  |TAMS 0x0000000090a00000| PB 0x0000000090a00000| Untracked 
| 267|0x0000000090b00000, 0x0000000090c00000, 0x0000000090c00000|100%| O|Cm|TAMS 0x0000000090b00000| PB 0x0000000090b00000| Complete 
| 268|0x0000000090c00000, 0x0000000090d00000, 0x0000000090d00000|100%|HS|  |TAMS 0x0000000090c00000| PB 0x0000000090c00000| Complete 
| 269|0x0000000090d00000, 0x0000000090e00000, 0x0000000090e00000|100%|HC|  |TAMS 0x0000000090d00000| PB 0x0000000090d00000| Complete 
| 270|0x0000000090e00000, 0x0000000090f00000, 0x0000000090f00000|100%|HC|  |TAMS 0x0000000090e00000| PB 0x0000000090e00000| Complete 
| 271|0x0000000090f00000, 0x0000000091000000, 0x0000000091000000|100%|HC|  |TAMS 0x0000000090f00000| PB 0x0000000090f00000| Complete 
| 272|0x0000000091000000, 0x0000000091100000, 0x0000000091100000|100%|HC|  |TAMS 0x0000000091000000| PB 0x0000000091000000| Complete 
| 273|0x0000000091100000, 0x0000000091100000, 0x0000000091200000|  0%| F|  |TAMS 0x0000000091100000| PB 0x0000000091100000| Untracked 
| 274|0x0000000091200000, 0x0000000091200000, 0x0000000091300000|  0%| F|  |TAMS 0x0000000091200000| PB 0x0000000091200000| Untracked 
| 275|0x0000000091300000, 0x0000000091300000, 0x0000000091400000|  0%| F|  |TAMS 0x0000000091300000| PB 0x0000000091300000| Untracked 
| 276|0x0000000091400000, 0x0000000091400000, 0x0000000091500000|  0%| F|  |TAMS 0x0000000091400000| PB 0x0000000091400000| Untracked 
| 277|0x0000000091500000, 0x0000000091500000, 0x0000000091600000|  0%| F|  |TAMS 0x0000000091500000| PB 0x0000000091500000| Untracked 
| 278|0x0000000091600000, 0x0000000091600000, 0x0000000091700000|  0%| F|  |TAMS 0x0000000091600000| PB 0x0000000091600000| Untracked 
| 279|0x0000000091700000, 0x0000000091700000, 0x0000000091800000|  0%| F|  |TAMS 0x0000000091700000| PB 0x0000000091700000| Untracked 
| 280|0x0000000091800000, 0x0000000091800000, 0x0000000091900000|  0%| F|  |TAMS 0x0000000091800000| PB 0x0000000091800000| Untracked 
| 281|0x0000000091900000, 0x0000000091900000, 0x0000000091a00000|  0%| F|  |TAMS 0x0000000091900000| PB 0x0000000091900000| Untracked 
| 282|0x0000000091a00000, 0x0000000091a00000, 0x0000000091b00000|  0%| F|  |TAMS 0x0000000091a00000| PB 0x0000000091a00000| Untracked 
| 283|0x0000000091b00000, 0x0000000091b00000, 0x0000000091c00000|  0%| F|  |TAMS 0x0000000091b00000| PB 0x0000000091b00000| Untracked 
| 284|0x0000000091c00000, 0x0000000091c00000, 0x0000000091d00000|  0%| F|  |TAMS 0x0000000091c00000| PB 0x0000000091c00000| Untracked 
| 285|0x0000000091d00000, 0x0000000091d00000, 0x0000000091e00000|  0%| F|  |TAMS 0x0000000091d00000| PB 0x0000000091d00000| Untracked 
| 286|0x0000000091e00000, 0x0000000091e00000, 0x0000000091f00000|  0%| F|  |TAMS 0x0000000091e00000| PB 0x0000000091e00000| Untracked 
| 287|0x0000000091f00000, 0x0000000091f00000, 0x0000000092000000|  0%| F|  |TAMS 0x0000000091f00000| PB 0x0000000091f00000| Untracked 
| 288|0x0000000092000000, 0x0000000092000000, 0x0000000092100000|  0%| F|  |TAMS 0x0000000092000000| PB 0x0000000092000000| Untracked 
| 289|0x0000000092100000, 0x0000000092100000, 0x0000000092200000|  0%| F|  |TAMS 0x0000000092100000| PB 0x0000000092100000| Untracked 
| 290|0x0000000092200000, 0x0000000092200000, 0x0000000092300000|  0%| F|  |TAMS 0x0000000092200000| PB 0x0000000092200000| Untracked 
| 291|0x0000000092300000, 0x0000000092300000, 0x0000000092400000|  0%| F|  |TAMS 0x0000000092300000| PB 0x0000000092300000| Untracked 
| 292|0x0000000092400000, 0x0000000092400000, 0x0000000092500000|  0%| F|  |TAMS 0x0000000092400000| PB 0x0000000092400000| Untracked 
| 293|0x0000000092500000, 0x0000000092500000, 0x0000000092600000|  0%| F|  |TAMS 0x0000000092500000| PB 0x0000000092500000| Untracked 
| 294|0x0000000092600000, 0x0000000092600000, 0x0000000092700000|  0%| F|  |TAMS 0x0000000092600000| PB 0x0000000092600000| Untracked 
| 295|0x0000000092700000, 0x0000000092700000, 0x0000000092800000|  0%| F|  |TAMS 0x0000000092700000| PB 0x0000000092700000| Untracked 
| 296|0x0000000092800000, 0x0000000092800000, 0x0000000092900000|  0%| F|  |TAMS 0x0000000092800000| PB 0x0000000092800000| Untracked 
| 297|0x0000000092900000, 0x0000000092900000, 0x0000000092a00000|  0%| F|  |TAMS 0x0000000092900000| PB 0x0000000092900000| Untracked 
| 298|0x0000000092a00000, 0x0000000092a00000, 0x0000000092b00000|  0%| F|  |TAMS 0x0000000092a00000| PB 0x0000000092a00000| Untracked 
| 299|0x0000000092b00000, 0x0000000092b00000, 0x0000000092c00000|  0%| F|  |TAMS 0x0000000092b00000| PB 0x0000000092b00000| Untracked 
| 300|0x0000000092c00000, 0x0000000092c00000, 0x0000000092d00000|  0%| F|  |TAMS 0x0000000092c00000| PB 0x0000000092c00000| Untracked 
| 301|0x0000000092d00000, 0x0000000092d00000, 0x0000000092e00000|  0%| F|  |TAMS 0x0000000092d00000| PB 0x0000000092d00000| Untracked 
| 302|0x0000000092e00000, 0x0000000092e00000, 0x0000000092f00000|  0%| F|  |TAMS 0x0000000092e00000| PB 0x0000000092e00000| Untracked 
| 303|0x0000000092f00000, 0x0000000092f00000, 0x0000000093000000|  0%| F|  |TAMS 0x0000000092f00000| PB 0x0000000092f00000| Untracked 
| 304|0x0000000093000000, 0x0000000093000000, 0x0000000093100000|  0%| F|  |TAMS 0x0000000093000000| PB 0x0000000093000000| Untracked 
| 305|0x0000000093100000, 0x0000000093100000, 0x0000000093200000|  0%| F|  |TAMS 0x0000000093100000| PB 0x0000000093100000| Untracked 
| 306|0x0000000093200000, 0x0000000093200000, 0x0000000093300000|  0%| F|  |TAMS 0x0000000093200000| PB 0x0000000093200000| Untracked 
| 307|0x0000000093300000, 0x0000000093300000, 0x0000000093400000|  0%| F|  |TAMS 0x0000000093300000| PB 0x0000000093300000| Untracked 
| 308|0x0000000093400000, 0x0000000093400000, 0x0000000093500000|  0%| F|  |TAMS 0x0000000093400000| PB 0x0000000093400000| Untracked 
| 309|0x0000000093500000, 0x0000000093500000, 0x0000000093600000|  0%| F|  |TAMS 0x0000000093500000| PB 0x0000000093500000| Untracked 
| 310|0x0000000093600000, 0x0000000093600000, 0x0000000093700000|  0%| F|  |TAMS 0x0000000093600000| PB 0x0000000093600000| Untracked 
| 311|0x0000000093700000, 0x0000000093700000, 0x0000000093800000|  0%| F|  |TAMS 0x0000000093700000| PB 0x0000000093700000| Untracked 
| 312|0x0000000093800000, 0x0000000093800000, 0x0000000093900000|  0%| F|  |TAMS 0x0000000093800000| PB 0x0000000093800000| Untracked 
| 313|0x0000000093900000, 0x0000000093900000, 0x0000000093a00000|  0%| F|  |TAMS 0x0000000093900000| PB 0x0000000093900000| Untracked 
| 314|0x0000000093a00000, 0x0000000093a00000, 0x0000000093b00000|  0%| F|  |TAMS 0x0000000093a00000| PB 0x0000000093a00000| Untracked 
| 315|0x0000000093b00000, 0x0000000093b00000, 0x0000000093c00000|  0%| F|  |TAMS 0x0000000093b00000| PB 0x0000000093b00000| Untracked 
| 316|0x0000000093c00000, 0x0000000093c00000, 0x0000000093d00000|  0%| F|  |TAMS 0x0000000093c00000| PB 0x0000000093c00000| Untracked 
| 317|0x0000000093d00000, 0x0000000093d00000, 0x0000000093e00000|  0%| F|  |TAMS 0x0000000093d00000| PB 0x0000000093d00000| Untracked 
| 318|0x0000000093e00000, 0x0000000093e00000, 0x0000000093f00000|  0%| F|  |TAMS 0x0000000093e00000| PB 0x0000000093e00000| Untracked 
| 319|0x0000000093f00000, 0x0000000093f00000, 0x0000000094000000|  0%| F|  |TAMS 0x0000000093f00000| PB 0x0000000093f00000| Untracked 
| 320|0x0000000094000000, 0x0000000094000000, 0x0000000094100000|  0%| F|  |TAMS 0x0000000094000000| PB 0x0000000094000000| Untracked 
| 321|0x0000000094100000, 0x0000000094100000, 0x0000000094200000|  0%| F|  |TAMS 0x0000000094100000| PB 0x0000000094100000| Untracked 
| 322|0x0000000094200000, 0x0000000094200000, 0x0000000094300000|  0%| F|  |TAMS 0x0000000094200000| PB 0x0000000094200000| Untracked 
| 323|0x0000000094300000, 0x0000000094300000, 0x0000000094400000|  0%| F|  |TAMS 0x0000000094300000| PB 0x0000000094300000| Untracked 
| 324|0x0000000094400000, 0x0000000094400000, 0x0000000094500000|  0%| F|  |TAMS 0x0000000094400000| PB 0x0000000094400000| Untracked 
| 325|0x0000000094500000, 0x0000000094500000, 0x0000000094600000|  0%| F|  |TAMS 0x0000000094500000| PB 0x0000000094500000| Untracked 
| 326|0x0000000094600000, 0x0000000094600000, 0x0000000094700000|  0%| F|  |TAMS 0x0000000094600000| PB 0x0000000094600000| Untracked 
| 327|0x0000000094700000, 0x0000000094800000, 0x0000000094800000|100%| O|Cm|TAMS 0x0000000094700000| PB 0x0000000094700000| Complete 
| 328|0x0000000094800000, 0x0000000094900000, 0x0000000094900000|100%| O|Cm|TAMS 0x0000000094800000| PB 0x0000000094800000| Complete 
| 329|0x0000000094900000, 0x0000000094a00000, 0x0000000094a00000|100%| O|Cm|TAMS 0x0000000094900000| PB 0x0000000094900000| Complete 
| 330|0x0000000094a00000, 0x0000000094b00000, 0x0000000094b00000|100%| O|  |TAMS 0x0000000094a00000| PB 0x0000000094a00000| Untracked 
| 331|0x0000000094b00000, 0x0000000094c00000, 0x0000000094c00000|100%| O|  |TAMS 0x0000000094b00000| PB 0x0000000094b00000| Untracked 
| 332|0x0000000094c00000, 0x0000000094d00000, 0x0000000094d00000|100%| O|Cm|TAMS 0x0000000094c00000| PB 0x0000000094c00000| Complete 
| 333|0x0000000094d00000, 0x0000000094e00000, 0x0000000094e00000|100%| O|Cm|TAMS 0x0000000094d00000| PB 0x0000000094d00000| Complete 
| 334|0x0000000094e00000, 0x0000000094f00000, 0x0000000094f00000|100%| O|Cm|TAMS 0x0000000094e00000| PB 0x0000000094e00000| Complete 
| 335|0x0000000094f00000, 0x0000000095000000, 0x0000000095000000|100%| O|Cm|TAMS 0x0000000094f00000| PB 0x0000000094f00000| Complete 
| 336|0x0000000095000000, 0x0000000095100000, 0x0000000095100000|100%| O|  |TAMS 0x0000000095000000| PB 0x0000000095000000| Untracked 
| 337|0x0000000095100000, 0x0000000095200000, 0x0000000095200000|100%| O|Cm|TAMS 0x0000000095100000| PB 0x0000000095100000| Complete 
| 338|0x0000000095200000, 0x0000000095300000, 0x0000000095300000|100%| O|  |TAMS 0x0000000095200000| PB 0x0000000095200000| Untracked 
| 339|0x0000000095300000, 0x0000000095400000, 0x0000000095400000|100%| O|Cm|TAMS 0x0000000095300000| PB 0x0000000095300000| Complete 
| 340|0x0000000095400000, 0x0000000095400000, 0x0000000095500000|  0%| F|  |TAMS 0x0000000095400000| PB 0x0000000095400000| Untracked 
| 341|0x0000000095500000, 0x0000000095500000, 0x0000000095600000|  0%| F|  |TAMS 0x0000000095500000| PB 0x0000000095500000| Untracked 
| 342|0x0000000095600000, 0x0000000095600000, 0x0000000095700000|  0%| F|  |TAMS 0x0000000095600000| PB 0x0000000095600000| Untracked 
| 343|0x0000000095700000, 0x0000000095800000, 0x0000000095800000|100%| O|  |TAMS 0x0000000095700000| PB 0x0000000095700000| Untracked 
| 344|0x0000000095800000, 0x0000000095900000, 0x0000000095900000|100%| O|Cm|TAMS 0x0000000095800000| PB 0x0000000095800000| Complete 
| 345|0x0000000095900000, 0x0000000095900000, 0x0000000095a00000|  0%| F|  |TAMS 0x0000000095900000| PB 0x0000000095900000| Untracked 
| 346|0x0000000095a00000, 0x0000000095b00000, 0x0000000095b00000|100%| O|Cm|TAMS 0x0000000095a00000| PB 0x0000000095a00000| Complete 
| 347|0x0000000095b00000, 0x0000000095c00000, 0x0000000095c00000|100%| O|Cm|TAMS 0x0000000095b00000| PB 0x0000000095b00000| Complete 
| 348|0x0000000095c00000, 0x0000000095d00000, 0x0000000095d00000|100%| O|Cm|TAMS 0x0000000095c00000| PB 0x0000000095c00000| Complete 
| 349|0x0000000095d00000, 0x0000000095e00000, 0x0000000095e00000|100%| O|Cm|TAMS 0x0000000095d00000| PB 0x0000000095d00000| Complete 
| 350|0x0000000095e00000, 0x0000000095f00000, 0x0000000095f00000|100%| O|Cm|TAMS 0x0000000095e00000| PB 0x0000000095e00000| Complete 
| 351|0x0000000095f00000, 0x0000000096000000, 0x0000000096000000|100%| O|  |TAMS 0x0000000095f00000| PB 0x0000000095f00000| Untracked 
| 352|0x0000000096000000, 0x0000000096000000, 0x0000000096100000|  0%| F|  |TAMS 0x0000000096000000| PB 0x0000000096000000| Untracked 
| 353|0x0000000096100000, 0x0000000096200000, 0x0000000096200000|100%| O|  |TAMS 0x0000000096100000| PB 0x0000000096100000| Untracked 
| 354|0x0000000096200000, 0x0000000096300000, 0x0000000096300000|100%| O|  |TAMS 0x0000000096200000| PB 0x0000000096200000| Untracked 
| 355|0x0000000096300000, 0x0000000096400000, 0x0000000096400000|100%| O|Cm|TAMS 0x0000000096300000| PB 0x0000000096300000| Complete 
| 356|0x0000000096400000, 0x0000000096400000, 0x0000000096500000|  0%| F|  |TAMS 0x0000000096400000| PB 0x0000000096400000| Untracked 
| 357|0x0000000096500000, 0x0000000096500000, 0x0000000096600000|  0%| F|  |TAMS 0x0000000096500000| PB 0x0000000096500000| Untracked 
| 358|0x0000000096600000, 0x0000000096600000, 0x0000000096700000|  0%| F|  |TAMS 0x0000000096600000| PB 0x0000000096600000| Untracked 
| 359|0x0000000096700000, 0x0000000096700000, 0x0000000096800000|  0%| F|  |TAMS 0x0000000096700000| PB 0x0000000096700000| Untracked 
| 360|0x0000000096800000, 0x0000000096900000, 0x0000000096900000|100%| O|  |TAMS 0x0000000096800000| PB 0x0000000096800000| Untracked 
| 361|0x0000000096900000, 0x0000000096900000, 0x0000000096a00000|  0%| F|  |TAMS 0x0000000096900000| PB 0x0000000096900000| Untracked 
| 362|0x0000000096a00000, 0x0000000096a00000, 0x0000000096b00000|  0%| F|  |TAMS 0x0000000096a00000| PB 0x0000000096a00000| Untracked 
| 363|0x0000000096b00000, 0x0000000096c00000, 0x0000000096c00000|100%| O|  |TAMS 0x0000000096b00000| PB 0x0000000096b00000| Untracked 
| 364|0x0000000096c00000, 0x0000000096c00000, 0x0000000096d00000|  0%| F|  |TAMS 0x0000000096c00000| PB 0x0000000096c00000| Untracked 
| 365|0x0000000096d00000, 0x0000000096d00000, 0x0000000096e00000|  0%| F|  |TAMS 0x0000000096d00000| PB 0x0000000096d00000| Untracked 
| 366|0x0000000096e00000, 0x0000000096f00000, 0x0000000096f00000|100%| O|Cm|TAMS 0x0000000096e00000| PB 0x0000000096e00000| Complete 
| 367|0x0000000096f00000, 0x0000000097000000, 0x0000000097000000|100%| O|Cm|TAMS 0x0000000096f00000| PB 0x0000000096f00000| Complete 
| 368|0x0000000097000000, 0x0000000097100000, 0x0000000097100000|100%| O|  |TAMS 0x0000000097000000| PB 0x0000000097000000| Untracked 
| 369|0x0000000097100000, 0x0000000097200000, 0x0000000097200000|100%| O|Cm|TAMS 0x0000000097100000| PB 0x0000000097100000| Complete 
| 370|0x0000000097200000, 0x0000000097300000, 0x0000000097300000|100%| O|  |TAMS 0x0000000097200000| PB 0x0000000097200000| Untracked 
| 371|0x0000000097300000, 0x0000000097400000, 0x0000000097400000|100%| O|Cm|TAMS 0x0000000097300000| PB 0x0000000097300000| Complete 
| 372|0x0000000097400000, 0x0000000097500000, 0x0000000097500000|100%| O|Cm|TAMS 0x0000000097400000| PB 0x0000000097400000| Complete 
| 373|0x0000000097500000, 0x0000000097600000, 0x0000000097600000|100%| O|Cm|TAMS 0x0000000097500000| PB 0x0000000097500000| Complete 
| 374|0x0000000097600000, 0x0000000097600000, 0x0000000097700000|  0%| F|  |TAMS 0x0000000097600000| PB 0x0000000097600000| Untracked 
| 375|0x0000000097700000, 0x0000000097700000, 0x0000000097800000|  0%| F|  |TAMS 0x0000000097700000| PB 0x0000000097700000| Untracked 
| 376|0x0000000097800000, 0x0000000097800000, 0x0000000097900000|  0%| F|  |TAMS 0x0000000097800000| PB 0x0000000097800000| Untracked 
| 377|0x0000000097900000, 0x0000000097900000, 0x0000000097a00000|  0%| F|  |TAMS 0x0000000097900000| PB 0x0000000097900000| Untracked 
| 378|0x0000000097a00000, 0x0000000097a00000, 0x0000000097b00000|  0%| F|  |TAMS 0x0000000097a00000| PB 0x0000000097a00000| Untracked 
| 379|0x0000000097b00000, 0x0000000097b00000, 0x0000000097c00000|  0%| F|  |TAMS 0x0000000097b00000| PB 0x0000000097b00000| Untracked 
| 380|0x0000000097c00000, 0x0000000097d00000, 0x0000000097d00000|100%| O|Cm|TAMS 0x0000000097c00000| PB 0x0000000097c00000| Complete 
| 381|0x0000000097d00000, 0x0000000097d00000, 0x0000000097e00000|  0%| F|  |TAMS 0x0000000097d00000| PB 0x0000000097d00000| Untracked 
| 382|0x0000000097e00000, 0x0000000097f00000, 0x0000000097f00000|100%| O|  |TAMS 0x0000000097e00000| PB 0x0000000097e00000| Untracked 
| 383|0x0000000097f00000, 0x0000000098000000, 0x0000000098000000|100%| O|  |TAMS 0x0000000097f00000| PB 0x0000000097f00000| Untracked 
| 384|0x0000000098000000, 0x0000000098100000, 0x0000000098100000|100%| O|  |TAMS 0x0000000098000000| PB 0x0000000098000000| Untracked 
| 385|0x0000000098100000, 0x0000000098200000, 0x0000000098200000|100%| O|  |TAMS 0x0000000098100000| PB 0x0000000098100000| Untracked 
| 386|0x0000000098200000, 0x0000000098300000, 0x0000000098300000|100%| O|Cm|TAMS 0x0000000098200000| PB 0x0000000098200000| Complete 
| 387|0x0000000098300000, 0x0000000098400000, 0x0000000098400000|100%| O|Cm|TAMS 0x0000000098300000| PB 0x0000000098300000| Complete 
| 388|0x0000000098400000, 0x0000000098500000, 0x0000000098500000|100%| O|Cm|TAMS 0x0000000098400000| PB 0x0000000098400000| Complete 
| 389|0x0000000098500000, 0x0000000098600000, 0x0000000098600000|100%| O|Cm|TAMS 0x0000000098500000| PB 0x0000000098500000| Complete 
| 390|0x0000000098600000, 0x0000000098600000, 0x0000000098700000|  0%| F|  |TAMS 0x0000000098600000| PB 0x0000000098600000| Untracked 
| 391|0x0000000098700000, 0x0000000098800000, 0x0000000098800000|100%| O|Cm|TAMS 0x0000000098700000| PB 0x0000000098700000| Complete 
| 392|0x0000000098800000, 0x0000000098900000, 0x0000000098900000|100%| O|Cm|TAMS 0x0000000098800000| PB 0x0000000098800000| Complete 
| 393|0x0000000098900000, 0x0000000098900000, 0x0000000098a00000|  0%| F|  |TAMS 0x0000000098900000| PB 0x0000000098900000| Untracked 
| 394|0x0000000098a00000, 0x0000000098a00000, 0x0000000098b00000|  0%| F|  |TAMS 0x0000000098a00000| PB 0x0000000098a00000| Untracked 
| 395|0x0000000098b00000, 0x0000000098b00000, 0x0000000098c00000|  0%| F|  |TAMS 0x0000000098b00000| PB 0x0000000098b00000| Untracked 
| 396|0x0000000098c00000, 0x0000000098c00000, 0x0000000098d00000|  0%| F|  |TAMS 0x0000000098c00000| PB 0x0000000098c00000| Untracked 
| 397|0x0000000098d00000, 0x0000000098d00000, 0x0000000098e00000|  0%| F|  |TAMS 0x0000000098d00000| PB 0x0000000098d00000| Untracked 
| 398|0x0000000098e00000, 0x0000000098e00000, 0x0000000098f00000|  0%| F|  |TAMS 0x0000000098e00000| PB 0x0000000098e00000| Untracked 
| 399|0x0000000098f00000, 0x0000000099000000, 0x0000000099000000|100%| O|Cm|TAMS 0x0000000098f00000| PB 0x0000000098f00000| Complete 
| 400|0x0000000099000000, 0x0000000099000000, 0x0000000099100000|  0%| F|  |TAMS 0x0000000099000000| PB 0x0000000099000000| Untracked 
| 401|0x0000000099100000, 0x0000000099100000, 0x0000000099200000|  0%| F|  |TAMS 0x0000000099100000| PB 0x0000000099100000| Untracked 
| 402|0x0000000099200000, 0x0000000099200000, 0x0000000099300000|  0%| F|  |TAMS 0x0000000099200000| PB 0x0000000099200000| Untracked 
| 403|0x0000000099300000, 0x0000000099400000, 0x0000000099400000|100%| O|Cm|TAMS 0x0000000099300000| PB 0x0000000099300000| Complete 
| 404|0x0000000099400000, 0x0000000099400000, 0x0000000099500000|  0%| F|  |TAMS 0x0000000099400000| PB 0x0000000099400000| Untracked 
| 405|0x0000000099500000, 0x0000000099600000, 0x0000000099600000|100%| O|Cm|TAMS 0x0000000099500000| PB 0x0000000099500000| Complete 
| 406|0x0000000099600000, 0x0000000099600000, 0x0000000099700000|  0%| F|  |TAMS 0x0000000099600000| PB 0x0000000099600000| Untracked 
| 407|0x0000000099700000, 0x0000000099800000, 0x0000000099800000|100%| O|Cm|TAMS 0x0000000099700000| PB 0x0000000099700000| Complete 
| 408|0x0000000099800000, 0x0000000099900000, 0x0000000099900000|100%| O|Cm|TAMS 0x0000000099800000| PB 0x0000000099800000| Complete 
| 409|0x0000000099900000, 0x0000000099a00000, 0x0000000099a00000|100%| O|Cm|TAMS 0x0000000099900000| PB 0x0000000099900000| Complete 
| 410|0x0000000099a00000, 0x0000000099b00000, 0x0000000099b00000|100%| O|Cm|TAMS 0x0000000099a00000| PB 0x0000000099a00000| Complete 
| 411|0x0000000099b00000, 0x0000000099c00000, 0x0000000099c00000|100%| O|Cm|TAMS 0x0000000099b00000| PB 0x0000000099b00000| Complete 
| 412|0x0000000099c00000, 0x0000000099d00000, 0x0000000099d00000|100%| O|  |TAMS 0x0000000099c00000| PB 0x0000000099c00000| Untracked 
| 413|0x0000000099d00000, 0x0000000099d00000, 0x0000000099e00000|  0%| F|  |TAMS 0x0000000099d00000| PB 0x0000000099d00000| Untracked 
| 414|0x0000000099e00000, 0x0000000099f00000, 0x0000000099f00000|100%| O|  |TAMS 0x0000000099e00000| PB 0x0000000099e00000| Untracked 
| 415|0x0000000099f00000, 0x000000009a000000, 0x000000009a000000|100%| O|Cm|TAMS 0x0000000099f00000| PB 0x0000000099f00000| Complete 
| 416|0x000000009a000000, 0x000000009a100000, 0x000000009a100000|100%| O|  |TAMS 0x000000009a000000| PB 0x000000009a000000| Untracked 
| 417|0x000000009a100000, 0x000000009a200000, 0x000000009a200000|100%| O|Cm|TAMS 0x000000009a100000| PB 0x000000009a100000| Complete 
| 418|0x000000009a200000, 0x000000009a300000, 0x000000009a300000|100%| O|  |TAMS 0x000000009a200000| PB 0x000000009a200000| Untracked 
| 419|0x000000009a300000, 0x000000009a400000, 0x000000009a400000|100%| O|  |TAMS 0x000000009a300000| PB 0x000000009a300000| Untracked 
| 420|0x000000009a400000, 0x000000009a500000, 0x000000009a500000|100%| O|  |TAMS 0x000000009a400000| PB 0x000000009a400000| Untracked 
| 421|0x000000009a500000, 0x000000009a600000, 0x000000009a600000|100%| O|  |TAMS 0x000000009a500000| PB 0x000000009a500000| Untracked 
| 422|0x000000009a600000, 0x000000009a700000, 0x000000009a700000|100%| O|  |TAMS 0x000000009a600000| PB 0x000000009a600000| Untracked 
| 423|0x000000009a700000, 0x000000009a800000, 0x000000009a800000|100%| O|Cm|TAMS 0x000000009a700000| PB 0x000000009a700000| Complete 
| 424|0x000000009a800000, 0x000000009a900000, 0x000000009a900000|100%| O|  |TAMS 0x000000009a800000| PB 0x000000009a800000| Untracked 
| 425|0x000000009a900000, 0x000000009aa00000, 0x000000009aa00000|100%| O|  |TAMS 0x000000009a900000| PB 0x000000009a900000| Untracked 
| 426|0x000000009aa00000, 0x000000009ab00000, 0x000000009ab00000|100%| O|  |TAMS 0x000000009aa00000| PB 0x000000009aa00000| Untracked 
| 427|0x000000009ab00000, 0x000000009ac00000, 0x000000009ac00000|100%| O|  |TAMS 0x000000009ab00000| PB 0x000000009ab00000| Untracked 
| 428|0x000000009ac00000, 0x000000009ad00000, 0x000000009ad00000|100%| O|  |TAMS 0x000000009ac00000| PB 0x000000009ac00000| Untracked 
| 429|0x000000009ad00000, 0x000000009ae00000, 0x000000009ae00000|100%| O|  |TAMS 0x000000009ad00000| PB 0x000000009ad00000| Untracked 
| 430|0x000000009ae00000, 0x000000009af00000, 0x000000009af00000|100%| O|  |TAMS 0x000000009ae00000| PB 0x000000009ae00000| Untracked 
| 431|0x000000009af00000, 0x000000009b000000, 0x000000009b000000|100%| O|  |TAMS 0x000000009af00000| PB 0x000000009af00000| Untracked 
| 432|0x000000009b000000, 0x000000009b100000, 0x000000009b100000|100%| O|Cm|TAMS 0x000000009b000000| PB 0x000000009b000000| Complete 
| 433|0x000000009b100000, 0x000000009b200000, 0x000000009b200000|100%| O|Cm|TAMS 0x000000009b100000| PB 0x000000009b100000| Complete 
| 434|0x000000009b200000, 0x000000009b300000, 0x000000009b300000|100%| O|  |TAMS 0x000000009b200000| PB 0x000000009b200000| Untracked 
| 435|0x000000009b300000, 0x000000009b400000, 0x000000009b400000|100%| O|Cm|TAMS 0x000000009b300000| PB 0x000000009b300000| Complete 
| 436|0x000000009b400000, 0x000000009b500000, 0x000000009b500000|100%| O|Cm|TAMS 0x000000009b400000| PB 0x000000009b400000| Complete 
| 437|0x000000009b500000, 0x000000009b600000, 0x000000009b600000|100%| O|Cm|TAMS 0x000000009b500000| PB 0x000000009b500000| Complete 
| 438|0x000000009b600000, 0x000000009b700000, 0x000000009b700000|100%| O|Cm|TAMS 0x000000009b600000| PB 0x000000009b600000| Complete 
| 439|0x000000009b700000, 0x000000009b800000, 0x000000009b800000|100%| O|  |TAMS 0x000000009b700000| PB 0x000000009b700000| Untracked 
| 440|0x000000009b800000, 0x000000009b900000, 0x000000009b900000|100%| O|Cm|TAMS 0x000000009b800000| PB 0x000000009b800000| Complete 
| 441|0x000000009b900000, 0x000000009ba00000, 0x000000009ba00000|100%| O|  |TAMS 0x000000009b900000| PB 0x000000009b900000| Untracked 
| 442|0x000000009ba00000, 0x000000009bb00000, 0x000000009bb00000|100%| O|  |TAMS 0x000000009ba00000| PB 0x000000009ba00000| Untracked 
| 443|0x000000009bb00000, 0x000000009bb00000, 0x000000009bc00000|  0%| F|  |TAMS 0x000000009bb00000| PB 0x000000009bb00000| Untracked 
| 444|0x000000009bc00000, 0x000000009bd00000, 0x000000009bd00000|100%| O|Cm|TAMS 0x000000009bc00000| PB 0x000000009bc00000| Complete 
| 445|0x000000009bd00000, 0x000000009bd00000, 0x000000009be00000|  0%| F|  |TAMS 0x000000009bd00000| PB 0x000000009bd00000| Untracked 
| 446|0x000000009be00000, 0x000000009bf00000, 0x000000009bf00000|100%| O|Cm|TAMS 0x000000009be00000| PB 0x000000009be00000| Complete 
| 447|0x000000009bf00000, 0x000000009bf00000, 0x000000009c000000|  0%| F|  |TAMS 0x000000009bf00000| PB 0x000000009bf00000| Untracked 
| 448|0x000000009c000000, 0x000000009c100000, 0x000000009c100000|100%| O|Cm|TAMS 0x000000009c000000| PB 0x000000009c000000| Complete 
| 449|0x000000009c100000, 0x000000009c200000, 0x000000009c200000|100%| O|Cm|TAMS 0x000000009c100000| PB 0x000000009c100000| Complete 
| 450|0x000000009c200000, 0x000000009c300000, 0x000000009c300000|100%| O|Cm|TAMS 0x000000009c200000| PB 0x000000009c200000| Complete 
| 451|0x000000009c300000, 0x000000009c400000, 0x000000009c400000|100%| O|  |TAMS 0x000000009c300000| PB 0x000000009c300000| Untracked 
| 452|0x000000009c400000, 0x000000009c500000, 0x000000009c500000|100%| O|Cm|TAMS 0x000000009c400000| PB 0x000000009c400000| Complete 
| 453|0x000000009c500000, 0x000000009c600000, 0x000000009c600000|100%| O|Cm|TAMS 0x000000009c500000| PB 0x000000009c500000| Complete 
| 454|0x000000009c600000, 0x000000009c700000, 0x000000009c700000|100%| O|  |TAMS 0x000000009c600000| PB 0x000000009c600000| Untracked 
| 455|0x000000009c700000, 0x000000009c800000, 0x000000009c800000|100%| O|Cm|TAMS 0x000000009c700000| PB 0x000000009c700000| Complete 
| 456|0x000000009c800000, 0x000000009c900000, 0x000000009c900000|100%| O|Cm|TAMS 0x000000009c800000| PB 0x000000009c800000| Complete 
| 457|0x000000009c900000, 0x000000009ca00000, 0x000000009ca00000|100%| O|Cm|TAMS 0x000000009c900000| PB 0x000000009c900000| Complete 
| 458|0x000000009ca00000, 0x000000009cb00000, 0x000000009cb00000|100%| O|Cm|TAMS 0x000000009ca00000| PB 0x000000009ca00000| Complete 
| 459|0x000000009cb00000, 0x000000009cc00000, 0x000000009cc00000|100%|HS|  |TAMS 0x000000009cb00000| PB 0x000000009cb00000| Complete 
| 460|0x000000009cc00000, 0x000000009cd00000, 0x000000009cd00000|100%|HC|  |TAMS 0x000000009cc00000| PB 0x000000009cc00000| Complete 
| 461|0x000000009cd00000, 0x000000009ce00000, 0x000000009ce00000|100%|HC|  |TAMS 0x000000009cd00000| PB 0x000000009cd00000| Complete 
| 462|0x000000009ce00000, 0x000000009ce00000, 0x000000009cf00000|  0%| F|  |TAMS 0x000000009ce00000| PB 0x000000009ce00000| Untracked 
| 463|0x000000009cf00000, 0x000000009cf00000, 0x000000009d000000|  0%| F|  |TAMS 0x000000009cf00000| PB 0x000000009cf00000| Untracked 
| 464|0x000000009d000000, 0x000000009d100000, 0x000000009d100000|100%| O|Cm|TAMS 0x000000009d000000| PB 0x000000009d000000| Complete 
| 465|0x000000009d100000, 0x000000009d200000, 0x000000009d200000|100%| O|Cm|TAMS 0x000000009d100000| PB 0x000000009d100000| Complete 
| 466|0x000000009d200000, 0x000000009d300000, 0x000000009d300000|100%| O|Cm|TAMS 0x000000009d200000| PB 0x000000009d200000| Complete 
| 467|0x000000009d300000, 0x000000009d400000, 0x000000009d400000|100%| O|Cm|TAMS 0x000000009d300000| PB 0x000000009d300000| Complete 
| 468|0x000000009d400000, 0x000000009d500000, 0x000000009d500000|100%| O|Cm|TAMS 0x000000009d400000| PB 0x000000009d400000| Complete 
| 469|0x000000009d500000, 0x000000009d600000, 0x000000009d600000|100%| O|Cm|TAMS 0x000000009d500000| PB 0x000000009d500000| Complete 
| 470|0x000000009d600000, 0x000000009d700000, 0x000000009d700000|100%| O|Cm|TAMS 0x000000009d600000| PB 0x000000009d600000| Complete 
| 471|0x000000009d700000, 0x000000009d700000, 0x000000009d800000|  0%| F|  |TAMS 0x000000009d700000| PB 0x000000009d700000| Untracked 
| 472|0x000000009d800000, 0x000000009d900000, 0x000000009d900000|100%| O|Cm|TAMS 0x000000009d800000| PB 0x000000009d800000| Complete 
| 473|0x000000009d900000, 0x000000009d900000, 0x000000009da00000|  0%| F|  |TAMS 0x000000009d900000| PB 0x000000009d900000| Untracked 
| 474|0x000000009da00000, 0x000000009db00000, 0x000000009db00000|100%| O|  |TAMS 0x000000009da00000| PB 0x000000009da00000| Untracked 
| 475|0x000000009db00000, 0x000000009dc00000, 0x000000009dc00000|100%| O|Cm|TAMS 0x000000009db00000| PB 0x000000009db00000| Complete 
| 476|0x000000009dc00000, 0x000000009dd00000, 0x000000009dd00000|100%| O|Cm|TAMS 0x000000009dc00000| PB 0x000000009dc00000| Complete 
| 477|0x000000009dd00000, 0x000000009dd00000, 0x000000009de00000|  0%| F|  |TAMS 0x000000009dd00000| PB 0x000000009dd00000| Untracked 
| 478|0x000000009de00000, 0x000000009de00000, 0x000000009df00000|  0%| F|  |TAMS 0x000000009de00000| PB 0x000000009de00000| Untracked 
| 479|0x000000009df00000, 0x000000009e000000, 0x000000009e000000|100%| O|  |TAMS 0x000000009df00000| PB 0x000000009df00000| Untracked 
| 480|0x000000009e000000, 0x000000009e100000, 0x000000009e100000|100%| O|Cm|TAMS 0x000000009e000000| PB 0x000000009e000000| Complete 
| 481|0x000000009e100000, 0x000000009e200000, 0x000000009e200000|100%| O|Cm|TAMS 0x000000009e100000| PB 0x000000009e100000| Complete 
| 482|0x000000009e200000, 0x000000009e200000, 0x000000009e300000|  0%| F|  |TAMS 0x000000009e200000| PB 0x000000009e200000| Untracked 
| 483|0x000000009e300000, 0x000000009e400000, 0x000000009e400000|100%| O|  |TAMS 0x000000009e300000| PB 0x000000009e300000| Untracked 
| 484|0x000000009e400000, 0x000000009e500000, 0x000000009e500000|100%| O|Cm|TAMS 0x000000009e400000| PB 0x000000009e400000| Complete 
| 485|0x000000009e500000, 0x000000009e600000, 0x000000009e600000|100%| O|Cm|TAMS 0x000000009e500000| PB 0x000000009e500000| Complete 
| 486|0x000000009e600000, 0x000000009e700000, 0x000000009e700000|100%| O|Cm|TAMS 0x000000009e600000| PB 0x000000009e600000| Complete 
| 487|0x000000009e700000, 0x000000009e800000, 0x000000009e800000|100%| O|Cm|TAMS 0x000000009e700000| PB 0x000000009e700000| Complete 
| 488|0x000000009e800000, 0x000000009e900000, 0x000000009e900000|100%| O|Cm|TAMS 0x000000009e800000| PB 0x000000009e800000| Complete 
| 489|0x000000009e900000, 0x000000009ea00000, 0x000000009ea00000|100%| O|Cm|TAMS 0x000000009e900000| PB 0x000000009e900000| Complete 
| 490|0x000000009ea00000, 0x000000009eb00000, 0x000000009eb00000|100%| O|Cm|TAMS 0x000000009ea00000| PB 0x000000009ea00000| Complete 
| 491|0x000000009eb00000, 0x000000009eb00000, 0x000000009ec00000|  0%| F|  |TAMS 0x000000009eb00000| PB 0x000000009eb00000| Untracked 
| 492|0x000000009ec00000, 0x000000009ed00000, 0x000000009ed00000|100%| O|Cm|TAMS 0x000000009ec00000| PB 0x000000009ec00000| Complete 
| 493|0x000000009ed00000, 0x000000009ee00000, 0x000000009ee00000|100%| O|Cm|TAMS 0x000000009ed00000| PB 0x000000009ed00000| Complete 
| 494|0x000000009ee00000, 0x000000009ef00000, 0x000000009ef00000|100%| O|Cm|TAMS 0x000000009ee00000| PB 0x000000009ee00000| Complete 
| 495|0x000000009ef00000, 0x000000009f000000, 0x000000009f000000|100%| O|  |TAMS 0x000000009ef00000| PB 0x000000009ef00000| Untracked 
| 496|0x000000009f000000, 0x000000009f100000, 0x000000009f100000|100%| O|  |TAMS 0x000000009f000000| PB 0x000000009f000000| Untracked 
| 497|0x000000009f100000, 0x000000009f200000, 0x000000009f200000|100%| O|  |TAMS 0x000000009f100000| PB 0x000000009f100000| Untracked 
| 498|0x000000009f200000, 0x000000009f200000, 0x000000009f300000|  0%| F|  |TAMS 0x000000009f200000| PB 0x000000009f200000| Untracked 
| 499|0x000000009f300000, 0x000000009f300000, 0x000000009f400000|  0%| F|  |TAMS 0x000000009f300000| PB 0x000000009f300000| Untracked 
| 500|0x000000009f400000, 0x000000009f400000, 0x000000009f500000|  0%| F|  |TAMS 0x000000009f400000| PB 0x000000009f400000| Untracked 
| 501|0x000000009f500000, 0x000000009f600000, 0x000000009f600000|100%| O|Cm|TAMS 0x000000009f500000| PB 0x000000009f500000| Complete 
| 502|0x000000009f600000, 0x000000009f700000, 0x000000009f700000|100%| O|Cm|TAMS 0x000000009f600000| PB 0x000000009f600000| Complete 
| 503|0x000000009f700000, 0x000000009f700000, 0x000000009f800000|  0%| F|  |TAMS 0x000000009f700000| PB 0x000000009f700000| Untracked 
| 504|0x000000009f800000, 0x000000009f900000, 0x000000009f900000|100%| O|  |TAMS 0x000000009f800000| PB 0x000000009f800000| Untracked 
| 505|0x000000009f900000, 0x000000009fa00000, 0x000000009fa00000|100%| O|  |TAMS 0x000000009f900000| PB 0x000000009f900000| Untracked 
| 506|0x000000009fa00000, 0x000000009fb00000, 0x000000009fb00000|100%| O|  |TAMS 0x000000009fa00000| PB 0x000000009fa00000| Untracked 
| 507|0x000000009fb00000, 0x000000009fc00000, 0x000000009fc00000|100%| O|  |TAMS 0x000000009fb00000| PB 0x000000009fb00000| Untracked 
| 508|0x000000009fc00000, 0x000000009fc00000, 0x000000009fd00000|  0%| F|  |TAMS 0x000000009fc00000| PB 0x000000009fc00000| Untracked 
| 509|0x000000009fd00000, 0x000000009fe00000, 0x000000009fe00000|100%| O|  |TAMS 0x000000009fd00000| PB 0x000000009fd00000| Untracked 
| 510|0x000000009fe00000, 0x000000009ff00000, 0x000000009ff00000|100%| O|  |TAMS 0x000000009fe00000| PB 0x000000009fe00000| Untracked 
| 511|0x000000009ff00000, 0x00000000a0000000, 0x00000000a0000000|100%| O|  |TAMS 0x000000009ff00000| PB 0x000000009ff00000| Untracked 
| 512|0x00000000a0000000, 0x00000000a0100000, 0x00000000a0100000|100%| O|  |TAMS 0x00000000a0000000| PB 0x00000000a0000000| Untracked 
| 513|0x00000000a0100000, 0x00000000a0100000, 0x00000000a0200000|  0%| F|  |TAMS 0x00000000a0100000| PB 0x00000000a0100000| Untracked 
| 514|0x00000000a0200000, 0x00000000a0200000, 0x00000000a0300000|  0%| F|  |TAMS 0x00000000a0200000| PB 0x00000000a0200000| Untracked 
| 515|0x00000000a0300000, 0x00000000a0400000, 0x00000000a0400000|100%| O|  |TAMS 0x00000000a0300000| PB 0x00000000a0300000| Untracked 
| 516|0x00000000a0400000, 0x00000000a0500000, 0x00000000a0500000|100%| O|  |TAMS 0x00000000a0400000| PB 0x00000000a0400000| Untracked 
| 517|0x00000000a0500000, 0x00000000a0600000, 0x00000000a0600000|100%| O|  |TAMS 0x00000000a0500000| PB 0x00000000a0500000| Untracked 
| 518|0x00000000a0600000, 0x00000000a0700000, 0x00000000a0700000|100%| O|Cm|TAMS 0x00000000a0600000| PB 0x00000000a0600000| Complete 
| 519|0x00000000a0700000, 0x00000000a0800000, 0x00000000a0800000|100%| O|  |TAMS 0x00000000a0700000| PB 0x00000000a0700000| Untracked 
| 520|0x00000000a0800000, 0x00000000a0900000, 0x00000000a0900000|100%| O|  |TAMS 0x00000000a0800000| PB 0x00000000a0800000| Untracked 
| 521|0x00000000a0900000, 0x00000000a0a00000, 0x00000000a0a00000|100%| O|  |TAMS 0x00000000a0900000| PB 0x00000000a0900000| Untracked 
| 522|0x00000000a0a00000, 0x00000000a0b00000, 0x00000000a0b00000|100%| O|  |TAMS 0x00000000a0a00000| PB 0x00000000a0a00000| Untracked 
| 523|0x00000000a0b00000, 0x00000000a0c00000, 0x00000000a0c00000|100%| O|  |TAMS 0x00000000a0b00000| PB 0x00000000a0b00000| Untracked 
| 524|0x00000000a0c00000, 0x00000000a0d00000, 0x00000000a0d00000|100%| O|  |TAMS 0x00000000a0c00000| PB 0x00000000a0c00000| Untracked 
| 525|0x00000000a0d00000, 0x00000000a0e00000, 0x00000000a0e00000|100%| O|  |TAMS 0x00000000a0d00000| PB 0x00000000a0d00000| Untracked 
| 526|0x00000000a0e00000, 0x00000000a0f00000, 0x00000000a0f00000|100%| O|  |TAMS 0x00000000a0e00000| PB 0x00000000a0e00000| Untracked 
| 527|0x00000000a0f00000, 0x00000000a1000000, 0x00000000a1000000|100%| O|  |TAMS 0x00000000a0f00000| PB 0x00000000a0f00000| Untracked 
| 528|0x00000000a1000000, 0x00000000a1100000, 0x00000000a1100000|100%| O|Cm|TAMS 0x00000000a1000000| PB 0x00000000a1000000| Complete 
| 529|0x00000000a1100000, 0x00000000a1200000, 0x00000000a1200000|100%| O|  |TAMS 0x00000000a1100000| PB 0x00000000a1100000| Untracked 
| 530|0x00000000a1200000, 0x00000000a1300000, 0x00000000a1300000|100%| O|  |TAMS 0x00000000a1200000| PB 0x00000000a1200000| Untracked 
| 531|0x00000000a1300000, 0x00000000a1400000, 0x00000000a1400000|100%| O|Cm|TAMS 0x00000000a1300000| PB 0x00000000a1300000| Complete 
| 532|0x00000000a1400000, 0x00000000a1500000, 0x00000000a1500000|100%| O|  |TAMS 0x00000000a1400000| PB 0x00000000a1400000| Untracked 
| 533|0x00000000a1500000, 0x00000000a1600000, 0x00000000a1600000|100%| O|  |TAMS 0x00000000a1500000| PB 0x00000000a1500000| Untracked 
| 534|0x00000000a1600000, 0x00000000a1700000, 0x00000000a1700000|100%| O|  |TAMS 0x00000000a1600000| PB 0x00000000a1600000| Untracked 
| 535|0x00000000a1700000, 0x00000000a1800000, 0x00000000a1800000|100%| O|  |TAMS 0x00000000a1700000| PB 0x00000000a1700000| Untracked 
| 536|0x00000000a1800000, 0x00000000a1900000, 0x00000000a1900000|100%| O|  |TAMS 0x00000000a1800000| PB 0x00000000a1800000| Untracked 
| 537|0x00000000a1900000, 0x00000000a1a00000, 0x00000000a1a00000|100%| O|  |TAMS 0x00000000a1900000| PB 0x00000000a1900000| Untracked 
| 538|0x00000000a1a00000, 0x00000000a1b00000, 0x00000000a1b00000|100%| O|  |TAMS 0x00000000a1a00000| PB 0x00000000a1a00000| Untracked 
| 539|0x00000000a1b00000, 0x00000000a1c00000, 0x00000000a1c00000|100%| O|  |TAMS 0x00000000a1b00000| PB 0x00000000a1b00000| Untracked 
| 540|0x00000000a1c00000, 0x00000000a1d00000, 0x00000000a1d00000|100%| O|  |TAMS 0x00000000a1c00000| PB 0x00000000a1c00000| Untracked 
| 541|0x00000000a1d00000, 0x00000000a1e00000, 0x00000000a1e00000|100%| O|  |TAMS 0x00000000a1d00000| PB 0x00000000a1d00000| Untracked 
| 542|0x00000000a1e00000, 0x00000000a1f00000, 0x00000000a1f00000|100%| O|  |TAMS 0x00000000a1e00000| PB 0x00000000a1e00000| Untracked 
| 543|0x00000000a1f00000, 0x00000000a2000000, 0x00000000a2000000|100%| O|  |TAMS 0x00000000a1f00000| PB 0x00000000a1f00000| Untracked 
| 544|0x00000000a2000000, 0x00000000a2100000, 0x00000000a2100000|100%| O|  |TAMS 0x00000000a2000000| PB 0x00000000a2000000| Untracked 
| 545|0x00000000a2100000, 0x00000000a2200000, 0x00000000a2200000|100%| O|  |TAMS 0x00000000a2100000| PB 0x00000000a2100000| Untracked 
| 546|0x00000000a2200000, 0x00000000a2300000, 0x00000000a2300000|100%| O|  |TAMS 0x00000000a2200000| PB 0x00000000a2200000| Untracked 
| 547|0x00000000a2300000, 0x00000000a2400000, 0x00000000a2400000|100%| O|Cm|TAMS 0x00000000a2300000| PB 0x00000000a2300000| Complete 
| 548|0x00000000a2400000, 0x00000000a2500000, 0x00000000a2500000|100%| O|  |TAMS 0x00000000a2400000| PB 0x00000000a2400000| Untracked 
| 549|0x00000000a2500000, 0x00000000a2600000, 0x00000000a2600000|100%| O|Cm|TAMS 0x00000000a2500000| PB 0x00000000a2500000| Complete 
| 550|0x00000000a2600000, 0x00000000a2700000, 0x00000000a2700000|100%| O|Cm|TAMS 0x00000000a2600000| PB 0x00000000a2600000| Complete 
| 551|0x00000000a2700000, 0x00000000a2700000, 0x00000000a2800000|  0%| F|  |TAMS 0x00000000a2700000| PB 0x00000000a2700000| Untracked 
| 552|0x00000000a2800000, 0x00000000a2900000, 0x00000000a2900000|100%| O|  |TAMS 0x00000000a2800000| PB 0x00000000a2800000| Untracked 
| 553|0x00000000a2900000, 0x00000000a2a00000, 0x00000000a2a00000|100%| O|  |TAMS 0x00000000a2900000| PB 0x00000000a2900000| Untracked 
| 554|0x00000000a2a00000, 0x00000000a2b00000, 0x00000000a2b00000|100%| O|  |TAMS 0x00000000a2a00000| PB 0x00000000a2a00000| Untracked 
| 555|0x00000000a2b00000, 0x00000000a2c00000, 0x00000000a2c00000|100%| O|  |TAMS 0x00000000a2b00000| PB 0x00000000a2b00000| Untracked 
| 556|0x00000000a2c00000, 0x00000000a2d00000, 0x00000000a2d00000|100%| O|  |TAMS 0x00000000a2c00000| PB 0x00000000a2c00000| Untracked 
| 557|0x00000000a2d00000, 0x00000000a2e00000, 0x00000000a2e00000|100%| O|  |TAMS 0x00000000a2d00000| PB 0x00000000a2d00000| Untracked 
| 558|0x00000000a2e00000, 0x00000000a2f00000, 0x00000000a2f00000|100%| O|  |TAMS 0x00000000a2e00000| PB 0x00000000a2e00000| Untracked 
| 559|0x00000000a2f00000, 0x00000000a3000000, 0x00000000a3000000|100%| O|  |TAMS 0x00000000a2f00000| PB 0x00000000a2f00000| Untracked 
| 560|0x00000000a3000000, 0x00000000a3100000, 0x00000000a3100000|100%| O|  |TAMS 0x00000000a3000000| PB 0x00000000a3000000| Untracked 
| 561|0x00000000a3100000, 0x00000000a3200000, 0x00000000a3200000|100%| O|  |TAMS 0x00000000a3100000| PB 0x00000000a3100000| Untracked 
| 562|0x00000000a3200000, 0x00000000a3300000, 0x00000000a3300000|100%| O|  |TAMS 0x00000000a3200000| PB 0x00000000a3200000| Untracked 
| 563|0x00000000a3300000, 0x00000000a3400000, 0x00000000a3400000|100%| O|Cm|TAMS 0x00000000a3300000| PB 0x00000000a3300000| Complete 
| 564|0x00000000a3400000, 0x00000000a3500000, 0x00000000a3500000|100%| O|  |TAMS 0x00000000a3400000| PB 0x00000000a3400000| Untracked 
| 565|0x00000000a3500000, 0x00000000a3600000, 0x00000000a3600000|100%| O|Cm|TAMS 0x00000000a3500000| PB 0x00000000a3500000| Complete 
| 566|0x00000000a3600000, 0x00000000a3700000, 0x00000000a3700000|100%| O|  |TAMS 0x00000000a3600000| PB 0x00000000a3600000| Untracked 
| 567|0x00000000a3700000, 0x00000000a3700000, 0x00000000a3800000|  0%| F|  |TAMS 0x00000000a3700000| PB 0x00000000a3700000| Untracked 
| 568|0x00000000a3800000, 0x00000000a3900000, 0x00000000a3900000|100%| O|Cm|TAMS 0x00000000a3800000| PB 0x00000000a3800000| Complete 
| 569|0x00000000a3900000, 0x00000000a3900000, 0x00000000a3a00000|  0%| F|  |TAMS 0x00000000a3900000| PB 0x00000000a3900000| Untracked 
| 570|0x00000000a3a00000, 0x00000000a3b00000, 0x00000000a3b00000|100%| O|  |TAMS 0x00000000a3a00000| PB 0x00000000a3a00000| Untracked 
| 571|0x00000000a3b00000, 0x00000000a3c00000, 0x00000000a3c00000|100%| O|Cm|TAMS 0x00000000a3b00000| PB 0x00000000a3b00000| Complete 
| 572|0x00000000a3c00000, 0x00000000a3d00000, 0x00000000a3d00000|100%| O|  |TAMS 0x00000000a3c00000| PB 0x00000000a3c00000| Untracked 
| 573|0x00000000a3d00000, 0x00000000a3e00000, 0x00000000a3e00000|100%| O|  |TAMS 0x00000000a3d00000| PB 0x00000000a3d00000| Untracked 
| 574|0x00000000a3e00000, 0x00000000a3f00000, 0x00000000a3f00000|100%| O|Cm|TAMS 0x00000000a3e00000| PB 0x00000000a3e00000| Complete 
| 575|0x00000000a3f00000, 0x00000000a4000000, 0x00000000a4000000|100%| O|  |TAMS 0x00000000a3f00000| PB 0x00000000a3f00000| Untracked 
| 576|0x00000000a4000000, 0x00000000a4000000, 0x00000000a4100000|  0%| F|  |TAMS 0x00000000a4000000| PB 0x00000000a4000000| Untracked 
| 577|0x00000000a4100000, 0x00000000a4200000, 0x00000000a4200000|100%| O|  |TAMS 0x00000000a4100000| PB 0x00000000a4100000| Untracked 
| 578|0x00000000a4200000, 0x00000000a4300000, 0x00000000a4300000|100%| O|Cm|TAMS 0x00000000a4200000| PB 0x00000000a4200000| Complete 
| 579|0x00000000a4300000, 0x00000000a4300000, 0x00000000a4400000|  0%| F|  |TAMS 0x00000000a4300000| PB 0x00000000a4300000| Untracked 
| 580|0x00000000a4400000, 0x00000000a4400000, 0x00000000a4500000|  0%| F|  |TAMS 0x00000000a4400000| PB 0x00000000a4400000| Untracked 
| 581|0x00000000a4500000, 0x00000000a4500000, 0x00000000a4600000|  0%| F|  |TAMS 0x00000000a4500000| PB 0x00000000a4500000| Untracked 
| 582|0x00000000a4600000, 0x00000000a4600000, 0x00000000a4700000|  0%| F|  |TAMS 0x00000000a4600000| PB 0x00000000a4600000| Untracked 
| 583|0x00000000a4700000, 0x00000000a4700000, 0x00000000a4800000|  0%| F|  |TAMS 0x00000000a4700000| PB 0x00000000a4700000| Untracked 
| 584|0x00000000a4800000, 0x00000000a4900000, 0x00000000a4900000|100%| O|  |TAMS 0x00000000a4800000| PB 0x00000000a4800000| Untracked 
| 585|0x00000000a4900000, 0x00000000a4a00000, 0x00000000a4a00000|100%| O|Cm|TAMS 0x00000000a4900000| PB 0x00000000a4900000| Complete 
| 586|0x00000000a4a00000, 0x00000000a4b00000, 0x00000000a4b00000|100%| O|  |TAMS 0x00000000a4a00000| PB 0x00000000a4a00000| Untracked 
| 587|0x00000000a4b00000, 0x00000000a4c00000, 0x00000000a4c00000|100%| O|Cm|TAMS 0x00000000a4b00000| PB 0x00000000a4b00000| Complete 
| 588|0x00000000a4c00000, 0x00000000a4d00000, 0x00000000a4d00000|100%| O|  |TAMS 0x00000000a4c00000| PB 0x00000000a4c00000| Untracked 
| 589|0x00000000a4d00000, 0x00000000a4e00000, 0x00000000a4e00000|100%| O|Cm|TAMS 0x00000000a4d00000| PB 0x00000000a4d00000| Complete 
| 590|0x00000000a4e00000, 0x00000000a4f00000, 0x00000000a4f00000|100%| O|  |TAMS 0x00000000a4e00000| PB 0x00000000a4e00000| Untracked 
| 591|0x00000000a4f00000, 0x00000000a5000000, 0x00000000a5000000|100%| O|Cm|TAMS 0x00000000a4f00000| PB 0x00000000a4f00000| Complete 
| 592|0x00000000a5000000, 0x00000000a5100000, 0x00000000a5100000|100%| O|  |TAMS 0x00000000a5000000| PB 0x00000000a5000000| Untracked 
| 593|0x00000000a5100000, 0x00000000a5200000, 0x00000000a5200000|100%| O|Cm|TAMS 0x00000000a5100000| PB 0x00000000a5100000| Complete 
| 594|0x00000000a5200000, 0x00000000a5300000, 0x00000000a5300000|100%| O|Cm|TAMS 0x00000000a5200000| PB 0x00000000a5200000| Complete 
| 595|0x00000000a5300000, 0x00000000a5400000, 0x00000000a5400000|100%| O|Cm|TAMS 0x00000000a5300000| PB 0x00000000a5300000| Complete 
| 596|0x00000000a5400000, 0x00000000a5500000, 0x00000000a5500000|100%| O|  |TAMS 0x00000000a5400000| PB 0x00000000a5400000| Untracked 
| 597|0x00000000a5500000, 0x00000000a5600000, 0x00000000a5600000|100%| O|Cm|TAMS 0x00000000a5500000| PB 0x00000000a5500000| Complete 
| 598|0x00000000a5600000, 0x00000000a5700000, 0x00000000a5700000|100%| O|  |TAMS 0x00000000a5600000| PB 0x00000000a5600000| Untracked 
| 599|0x00000000a5700000, 0x00000000a5800000, 0x00000000a5800000|100%| O|Cm|TAMS 0x00000000a5700000| PB 0x00000000a5700000| Complete 
| 600|0x00000000a5800000, 0x00000000a5800000, 0x00000000a5900000|  0%| F|  |TAMS 0x00000000a5800000| PB 0x00000000a5800000| Untracked 
| 601|0x00000000a5900000, 0x00000000a5a00000, 0x00000000a5a00000|100%| O|Cm|TAMS 0x00000000a5900000| PB 0x00000000a5900000| Complete 
| 602|0x00000000a5a00000, 0x00000000a5a00000, 0x00000000a5b00000|  0%| F|  |TAMS 0x00000000a5a00000| PB 0x00000000a5a00000| Untracked 
| 603|0x00000000a5b00000, 0x00000000a5c00000, 0x00000000a5c00000|100%| O|Cm|TAMS 0x00000000a5b00000| PB 0x00000000a5b00000| Complete 
| 604|0x00000000a5c00000, 0x00000000a5d00000, 0x00000000a5d00000|100%| O|Cm|TAMS 0x00000000a5c00000| PB 0x00000000a5c00000| Complete 
| 605|0x00000000a5d00000, 0x00000000a5e00000, 0x00000000a5e00000|100%| O|Cm|TAMS 0x00000000a5d00000| PB 0x00000000a5d00000| Complete 
| 606|0x00000000a5e00000, 0x00000000a5f00000, 0x00000000a5f00000|100%| O|Cm|TAMS 0x00000000a5e00000| PB 0x00000000a5e00000| Complete 
| 607|0x00000000a5f00000, 0x00000000a6000000, 0x00000000a6000000|100%| O|Cm|TAMS 0x00000000a5f00000| PB 0x00000000a5f00000| Complete 
| 608|0x00000000a6000000, 0x00000000a6100000, 0x00000000a6100000|100%| O|Cm|TAMS 0x00000000a6000000| PB 0x00000000a6000000| Complete 
| 609|0x00000000a6100000, 0x00000000a6200000, 0x00000000a6200000|100%| O|Cm|TAMS 0x00000000a6100000| PB 0x00000000a6100000| Complete 
| 610|0x00000000a6200000, 0x00000000a6300000, 0x00000000a6300000|100%| O|Cm|TAMS 0x00000000a6200000| PB 0x00000000a6200000| Complete 
| 611|0x00000000a6300000, 0x00000000a6400000, 0x00000000a6400000|100%| O|Cm|TAMS 0x00000000a6300000| PB 0x00000000a6300000| Complete 
| 612|0x00000000a6400000, 0x00000000a6500000, 0x00000000a6500000|100%| O|Cm|TAMS 0x00000000a6400000| PB 0x00000000a6400000| Complete 
| 613|0x00000000a6500000, 0x00000000a6600000, 0x00000000a6600000|100%| O|Cm|TAMS 0x00000000a6500000| PB 0x00000000a6500000| Complete 
| 614|0x00000000a6600000, 0x00000000a6700000, 0x00000000a6700000|100%| O|Cm|TAMS 0x00000000a6600000| PB 0x00000000a6600000| Complete 
| 615|0x00000000a6700000, 0x00000000a6800000, 0x00000000a6800000|100%| O|Cm|TAMS 0x00000000a6700000| PB 0x00000000a6700000| Complete 
| 616|0x00000000a6800000, 0x00000000a6900000, 0x00000000a6900000|100%| O|Cm|TAMS 0x00000000a6800000| PB 0x00000000a6800000| Complete 
| 617|0x00000000a6900000, 0x00000000a6a00000, 0x00000000a6a00000|100%| O|Cm|TAMS 0x00000000a6900000| PB 0x00000000a6900000| Complete 
| 618|0x00000000a6a00000, 0x00000000a6b00000, 0x00000000a6b00000|100%| O|Cm|TAMS 0x00000000a6a00000| PB 0x00000000a6a00000| Complete 
| 619|0x00000000a6b00000, 0x00000000a6c00000, 0x00000000a6c00000|100%| O|Cm|TAMS 0x00000000a6b00000| PB 0x00000000a6b00000| Complete 
| 620|0x00000000a6c00000, 0x00000000a6d00000, 0x00000000a6d00000|100%| O|Cm|TAMS 0x00000000a6c00000| PB 0x00000000a6c00000| Complete 
| 621|0x00000000a6d00000, 0x00000000a6e00000, 0x00000000a6e00000|100%| O|Cm|TAMS 0x00000000a6d00000| PB 0x00000000a6d00000| Complete 
| 622|0x00000000a6e00000, 0x00000000a6f00000, 0x00000000a6f00000|100%| O|Cm|TAMS 0x00000000a6e00000| PB 0x00000000a6e00000| Complete 
| 623|0x00000000a6f00000, 0x00000000a7000000, 0x00000000a7000000|100%| O|Cm|TAMS 0x00000000a6f00000| PB 0x00000000a6f00000| Complete 
| 624|0x00000000a7000000, 0x00000000a7100000, 0x00000000a7100000|100%| O|Cm|TAMS 0x00000000a7000000| PB 0x00000000a7000000| Complete 
| 625|0x00000000a7100000, 0x00000000a7200000, 0x00000000a7200000|100%| O|Cm|TAMS 0x00000000a7100000| PB 0x00000000a7100000| Complete 
| 626|0x00000000a7200000, 0x00000000a7300000, 0x00000000a7300000|100%| O|Cm|TAMS 0x00000000a7200000| PB 0x00000000a7200000| Complete 
| 627|0x00000000a7300000, 0x00000000a7400000, 0x00000000a7400000|100%| O|Cm|TAMS 0x00000000a7300000| PB 0x00000000a7300000| Complete 
| 628|0x00000000a7400000, 0x00000000a7500000, 0x00000000a7500000|100%| O|Cm|TAMS 0x00000000a7400000| PB 0x00000000a7400000| Complete 
| 629|0x00000000a7500000, 0x00000000a7600000, 0x00000000a7600000|100%| O|Cm|TAMS 0x00000000a7500000| PB 0x00000000a7500000| Complete 
| 630|0x00000000a7600000, 0x00000000a7700000, 0x00000000a7700000|100%| O|Cm|TAMS 0x00000000a7600000| PB 0x00000000a7600000| Complete 
| 631|0x00000000a7700000, 0x00000000a7800000, 0x00000000a7800000|100%| O|Cm|TAMS 0x00000000a7700000| PB 0x00000000a7700000| Complete 
| 632|0x00000000a7800000, 0x00000000a7900000, 0x00000000a7900000|100%| O|Cm|TAMS 0x00000000a7800000| PB 0x00000000a7800000| Complete 
| 633|0x00000000a7900000, 0x00000000a7a00000, 0x00000000a7a00000|100%| O|Cm|TAMS 0x00000000a7900000| PB 0x00000000a7900000| Complete 
| 634|0x00000000a7a00000, 0x00000000a7b00000, 0x00000000a7b00000|100%| O|Cm|TAMS 0x00000000a7a00000| PB 0x00000000a7a00000| Complete 
| 635|0x00000000a7b00000, 0x00000000a7c00000, 0x00000000a7c00000|100%| O|Cm|TAMS 0x00000000a7b00000| PB 0x00000000a7b00000| Complete 
| 636|0x00000000a7c00000, 0x00000000a7d00000, 0x00000000a7d00000|100%| O|Cm|TAMS 0x00000000a7c00000| PB 0x00000000a7c00000| Complete 
| 637|0x00000000a7d00000, 0x00000000a7e00000, 0x00000000a7e00000|100%| O|Cm|TAMS 0x00000000a7d00000| PB 0x00000000a7d00000| Complete 
| 638|0x00000000a7e00000, 0x00000000a7f00000, 0x00000000a7f00000|100%| O|Cm|TAMS 0x00000000a7e00000| PB 0x00000000a7e00000| Complete 
| 639|0x00000000a7f00000, 0x00000000a8000000, 0x00000000a8000000|100%| O|Cm|TAMS 0x00000000a7f00000| PB 0x00000000a7f00000| Complete 
| 640|0x00000000a8000000, 0x00000000a8100000, 0x00000000a8100000|100%| O|Cm|TAMS 0x00000000a8000000| PB 0x00000000a8000000| Complete 
| 641|0x00000000a8100000, 0x00000000a8200000, 0x00000000a8200000|100%| O|Cm|TAMS 0x00000000a8100000| PB 0x00000000a8100000| Complete 
| 642|0x00000000a8200000, 0x00000000a8300000, 0x00000000a8300000|100%| O|Cm|TAMS 0x00000000a8200000| PB 0x00000000a8200000| Complete 
| 643|0x00000000a8300000, 0x00000000a8400000, 0x00000000a8400000|100%| O|Cm|TAMS 0x00000000a8300000| PB 0x00000000a8300000| Complete 
| 644|0x00000000a8400000, 0x00000000a8500000, 0x00000000a8500000|100%| O|Cm|TAMS 0x00000000a8400000| PB 0x00000000a8400000| Complete 
| 645|0x00000000a8500000, 0x00000000a8600000, 0x00000000a8600000|100%| O|Cm|TAMS 0x00000000a8500000| PB 0x00000000a8500000| Complete 
| 646|0x00000000a8600000, 0x00000000a8700000, 0x00000000a8700000|100%| O|Cm|TAMS 0x00000000a8600000| PB 0x00000000a8600000| Complete 
| 647|0x00000000a8700000, 0x00000000a8800000, 0x00000000a8800000|100%| O|Cm|TAMS 0x00000000a8700000| PB 0x00000000a8700000| Complete 
| 648|0x00000000a8800000, 0x00000000a8900000, 0x00000000a8900000|100%| O|Cm|TAMS 0x00000000a8800000| PB 0x00000000a8800000| Complete 
| 649|0x00000000a8900000, 0x00000000a8a00000, 0x00000000a8a00000|100%| O|Cm|TAMS 0x00000000a8900000| PB 0x00000000a8900000| Complete 
| 650|0x00000000a8a00000, 0x00000000a8b00000, 0x00000000a8b00000|100%| O|Cm|TAMS 0x00000000a8a00000| PB 0x00000000a8a00000| Complete 
| 651|0x00000000a8b00000, 0x00000000a8c00000, 0x00000000a8c00000|100%| O|Cm|TAMS 0x00000000a8b00000| PB 0x00000000a8b00000| Complete 
| 652|0x00000000a8c00000, 0x00000000a8d00000, 0x00000000a8d00000|100%| O|Cm|TAMS 0x00000000a8c00000| PB 0x00000000a8c00000| Complete 
| 653|0x00000000a8d00000, 0x00000000a8e00000, 0x00000000a8e00000|100%| O|Cm|TAMS 0x00000000a8d00000| PB 0x00000000a8d00000| Complete 
| 654|0x00000000a8e00000, 0x00000000a8f00000, 0x00000000a8f00000|100%| O|Cm|TAMS 0x00000000a8e00000| PB 0x00000000a8e00000| Complete 
| 655|0x00000000a8f00000, 0x00000000a9000000, 0x00000000a9000000|100%| O|Cm|TAMS 0x00000000a8f00000| PB 0x00000000a8f00000| Complete 
| 656|0x00000000a9000000, 0x00000000a9100000, 0x00000000a9100000|100%| O|Cm|TAMS 0x00000000a9000000| PB 0x00000000a9000000| Complete 
| 657|0x00000000a9100000, 0x00000000a9200000, 0x00000000a9200000|100%| O|Cm|TAMS 0x00000000a9100000| PB 0x00000000a9100000| Complete 
| 658|0x00000000a9200000, 0x00000000a9300000, 0x00000000a9300000|100%| O|Cm|TAMS 0x00000000a9200000| PB 0x00000000a9200000| Complete 
| 659|0x00000000a9300000, 0x00000000a9400000, 0x00000000a9400000|100%| O|Cm|TAMS 0x00000000a9300000| PB 0x00000000a9300000| Complete 
| 660|0x00000000a9400000, 0x00000000a9500000, 0x00000000a9500000|100%| O|Cm|TAMS 0x00000000a9400000| PB 0x00000000a9400000| Complete 
| 661|0x00000000a9500000, 0x00000000a9600000, 0x00000000a9600000|100%| O|Cm|TAMS 0x00000000a9500000| PB 0x00000000a9500000| Complete 
| 662|0x00000000a9600000, 0x00000000a9700000, 0x00000000a9700000|100%| O|Cm|TAMS 0x00000000a9600000| PB 0x00000000a9600000| Complete 
| 663|0x00000000a9700000, 0x00000000a9800000, 0x00000000a9800000|100%| O|Cm|TAMS 0x00000000a9700000| PB 0x00000000a9700000| Complete 
| 664|0x00000000a9800000, 0x00000000a9900000, 0x00000000a9900000|100%| O|Cm|TAMS 0x00000000a9800000| PB 0x00000000a9800000| Complete 
| 665|0x00000000a9900000, 0x00000000a9a00000, 0x00000000a9a00000|100%| O|Cm|TAMS 0x00000000a9900000| PB 0x00000000a9900000| Complete 
| 666|0x00000000a9a00000, 0x00000000a9b00000, 0x00000000a9b00000|100%| O|Cm|TAMS 0x00000000a9a00000| PB 0x00000000a9a00000| Complete 
| 667|0x00000000a9b00000, 0x00000000a9c00000, 0x00000000a9c00000|100%| O|Cm|TAMS 0x00000000a9b00000| PB 0x00000000a9b00000| Complete 
| 668|0x00000000a9c00000, 0x00000000a9d00000, 0x00000000a9d00000|100%| O|Cm|TAMS 0x00000000a9c00000| PB 0x00000000a9c00000| Complete 
| 669|0x00000000a9d00000, 0x00000000a9e00000, 0x00000000a9e00000|100%| O|Cm|TAMS 0x00000000a9d00000| PB 0x00000000a9d00000| Complete 
| 670|0x00000000a9e00000, 0x00000000a9f00000, 0x00000000a9f00000|100%| O|Cm|TAMS 0x00000000a9e00000| PB 0x00000000a9e00000| Complete 
| 671|0x00000000a9f00000, 0x00000000aa000000, 0x00000000aa000000|100%| O|Cm|TAMS 0x00000000a9f00000| PB 0x00000000a9f00000| Complete 
| 672|0x00000000aa000000, 0x00000000aa100000, 0x00000000aa100000|100%| O|Cm|TAMS 0x00000000aa000000| PB 0x00000000aa000000| Complete 
| 673|0x00000000aa100000, 0x00000000aa200000, 0x00000000aa200000|100%| O|Cm|TAMS 0x00000000aa100000| PB 0x00000000aa100000| Complete 
| 674|0x00000000aa200000, 0x00000000aa300000, 0x00000000aa300000|100%| O|Cm|TAMS 0x00000000aa200000| PB 0x00000000aa200000| Complete 
| 675|0x00000000aa300000, 0x00000000aa400000, 0x00000000aa400000|100%| O|Cm|TAMS 0x00000000aa300000| PB 0x00000000aa300000| Complete 
| 676|0x00000000aa400000, 0x00000000aa500000, 0x00000000aa500000|100%| O|Cm|TAMS 0x00000000aa400000| PB 0x00000000aa400000| Complete 
| 677|0x00000000aa500000, 0x00000000aa600000, 0x00000000aa600000|100%| O|Cm|TAMS 0x00000000aa500000| PB 0x00000000aa500000| Complete 
| 678|0x00000000aa600000, 0x00000000aa700000, 0x00000000aa700000|100%| O|Cm|TAMS 0x00000000aa600000| PB 0x00000000aa600000| Complete 
| 679|0x00000000aa700000, 0x00000000aa800000, 0x00000000aa800000|100%| O|Cm|TAMS 0x00000000aa700000| PB 0x00000000aa700000| Complete 
| 680|0x00000000aa800000, 0x00000000aa900000, 0x00000000aa900000|100%| O|Cm|TAMS 0x00000000aa800000| PB 0x00000000aa800000| Complete 
| 681|0x00000000aa900000, 0x00000000aaa00000, 0x00000000aaa00000|100%| O|Cm|TAMS 0x00000000aa900000| PB 0x00000000aa900000| Complete 
| 682|0x00000000aaa00000, 0x00000000aab00000, 0x00000000aab00000|100%| O|  |TAMS 0x00000000aaa00000| PB 0x00000000aaa00000| Untracked 
| 683|0x00000000aab00000, 0x00000000aac00000, 0x00000000aac00000|100%| O|Cm|TAMS 0x00000000aab00000| PB 0x00000000aab00000| Complete 
| 684|0x00000000aac00000, 0x00000000aac00000, 0x00000000aad00000|  0%| F|  |TAMS 0x00000000aac00000| PB 0x00000000aac00000| Untracked 
| 685|0x00000000aad00000, 0x00000000aae00000, 0x00000000aae00000|100%| O|Cm|TAMS 0x00000000aad00000| PB 0x00000000aad00000| Complete 
| 686|0x00000000aae00000, 0x00000000aaf00000, 0x00000000aaf00000|100%| O|Cm|TAMS 0x00000000aae00000| PB 0x00000000aae00000| Complete 
| 687|0x00000000aaf00000, 0x00000000ab000000, 0x00000000ab000000|100%| O|Cm|TAMS 0x00000000aaf00000| PB 0x00000000aaf00000| Complete 
| 688|0x00000000ab000000, 0x00000000ab100000, 0x00000000ab100000|100%| O|Cm|TAMS 0x00000000ab000000| PB 0x00000000ab000000| Complete 
| 689|0x00000000ab100000, 0x00000000ab200000, 0x00000000ab200000|100%| O|Cm|TAMS 0x00000000ab100000| PB 0x00000000ab100000| Complete 
| 690|0x00000000ab200000, 0x00000000ab200000, 0x00000000ab300000|  0%| F|  |TAMS 0x00000000ab200000| PB 0x00000000ab200000| Untracked 
| 691|0x00000000ab300000, 0x00000000ab400000, 0x00000000ab400000|100%| O|Cm|TAMS 0x00000000ab300000| PB 0x00000000ab300000| Complete 
| 692|0x00000000ab400000, 0x00000000ab500000, 0x00000000ab500000|100%| O|Cm|TAMS 0x00000000ab400000| PB 0x00000000ab400000| Complete 
| 693|0x00000000ab500000, 0x00000000ab600000, 0x00000000ab600000|100%| O|Cm|TAMS 0x00000000ab500000| PB 0x00000000ab500000| Complete 
| 694|0x00000000ab600000, 0x00000000ab700000, 0x00000000ab700000|100%| O|Cm|TAMS 0x00000000ab600000| PB 0x00000000ab600000| Complete 
| 695|0x00000000ab700000, 0x00000000ab800000, 0x00000000ab800000|100%| O|Cm|TAMS 0x00000000ab700000| PB 0x00000000ab700000| Complete 
| 696|0x00000000ab800000, 0x00000000ab800000, 0x00000000ab900000|  0%| F|  |TAMS 0x00000000ab800000| PB 0x00000000ab800000| Untracked 
| 697|0x00000000ab900000, 0x00000000aba00000, 0x00000000aba00000|100%| O|Cm|TAMS 0x00000000ab900000| PB 0x00000000ab900000| Complete 
| 698|0x00000000aba00000, 0x00000000abb00000, 0x00000000abb00000|100%| O|Cm|TAMS 0x00000000aba00000| PB 0x00000000aba00000| Complete 
| 699|0x00000000abb00000, 0x00000000abb00000, 0x00000000abc00000|  0%| F|  |TAMS 0x00000000abb00000| PB 0x00000000abb00000| Untracked 
| 700|0x00000000abc00000, 0x00000000abc00000, 0x00000000abd00000|  0%| F|  |TAMS 0x00000000abc00000| PB 0x00000000abc00000| Untracked 
| 701|0x00000000abd00000, 0x00000000abd00000, 0x00000000abe00000|  0%| F|  |TAMS 0x00000000abd00000| PB 0x00000000abd00000| Untracked 
| 702|0x00000000abe00000, 0x00000000abe00000, 0x00000000abf00000|  0%| F|  |TAMS 0x00000000abe00000| PB 0x00000000abe00000| Untracked 
| 703|0x00000000abf00000, 0x00000000ac000000, 0x00000000ac000000|100%| O|Cm|TAMS 0x00000000abf00000| PB 0x00000000abf00000| Complete 
| 704|0x00000000ac000000, 0x00000000ac000000, 0x00000000ac100000|  0%| F|  |TAMS 0x00000000ac000000| PB 0x00000000ac000000| Untracked 
| 705|0x00000000ac100000, 0x00000000ac100000, 0x00000000ac200000|  0%| F|  |TAMS 0x00000000ac100000| PB 0x00000000ac100000| Untracked 
| 706|0x00000000ac200000, 0x00000000ac200000, 0x00000000ac300000|  0%| F|  |TAMS 0x00000000ac200000| PB 0x00000000ac200000| Untracked 
| 707|0x00000000ac300000, 0x00000000ac400000, 0x00000000ac400000|100%| O|Cm|TAMS 0x00000000ac300000| PB 0x00000000ac300000| Complete 
| 708|0x00000000ac400000, 0x00000000ac500000, 0x00000000ac500000|100%| O|Cm|TAMS 0x00000000ac400000| PB 0x00000000ac400000| Complete 
| 709|0x00000000ac500000, 0x00000000ac600000, 0x00000000ac600000|100%| O|Cm|TAMS 0x00000000ac500000| PB 0x00000000ac500000| Complete 
| 710|0x00000000ac600000, 0x00000000ac700000, 0x00000000ac700000|100%| O|Cm|TAMS 0x00000000ac600000| PB 0x00000000ac600000| Complete 
| 711|0x00000000ac700000, 0x00000000ac800000, 0x00000000ac800000|100%| O|Cm|TAMS 0x00000000ac700000| PB 0x00000000ac700000| Complete 
| 712|0x00000000ac800000, 0x00000000ac800000, 0x00000000ac900000|  0%| F|  |TAMS 0x00000000ac800000| PB 0x00000000ac800000| Untracked 
| 713|0x00000000ac900000, 0x00000000ac900000, 0x00000000aca00000|  0%| F|  |TAMS 0x00000000ac900000| PB 0x00000000ac900000| Untracked 
| 714|0x00000000aca00000, 0x00000000aca00000, 0x00000000acb00000|  0%| F|  |TAMS 0x00000000aca00000| PB 0x00000000aca00000| Untracked 
| 715|0x00000000acb00000, 0x00000000acb00000, 0x00000000acc00000|  0%| F|  |TAMS 0x00000000acb00000| PB 0x00000000acb00000| Untracked 
| 716|0x00000000acc00000, 0x00000000acc00000, 0x00000000acd00000|  0%| F|  |TAMS 0x00000000acc00000| PB 0x00000000acc00000| Untracked 
| 717|0x00000000acd00000, 0x00000000acd00000, 0x00000000ace00000|  0%| F|  |TAMS 0x00000000acd00000| PB 0x00000000acd00000| Untracked 
| 718|0x00000000ace00000, 0x00000000ace00000, 0x00000000acf00000|  0%| F|  |TAMS 0x00000000ace00000| PB 0x00000000ace00000| Untracked 
| 719|0x00000000acf00000, 0x00000000acf00000, 0x00000000ad000000|  0%| F|  |TAMS 0x00000000acf00000| PB 0x00000000acf00000| Untracked 
| 720|0x00000000ad000000, 0x00000000ad100000, 0x00000000ad100000|100%| O|Cm|TAMS 0x00000000ad000000| PB 0x00000000ad000000| Complete 
| 721|0x00000000ad100000, 0x00000000ad200000, 0x00000000ad200000|100%| O|Cm|TAMS 0x00000000ad100000| PB 0x00000000ad100000| Complete 
| 722|0x00000000ad200000, 0x00000000ad300000, 0x00000000ad300000|100%| O|Cm|TAMS 0x00000000ad200000| PB 0x00000000ad200000| Complete 
| 723|0x00000000ad300000, 0x00000000ad400000, 0x00000000ad400000|100%| O|Cm|TAMS 0x00000000ad300000| PB 0x00000000ad300000| Complete 
| 724|0x00000000ad400000, 0x00000000ad500000, 0x00000000ad500000|100%| O|Cm|TAMS 0x00000000ad400000| PB 0x00000000ad400000| Complete 
| 725|0x00000000ad500000, 0x00000000ad600000, 0x00000000ad600000|100%| O|Cm|TAMS 0x00000000ad500000| PB 0x00000000ad500000| Complete 
| 726|0x00000000ad600000, 0x00000000ad700000, 0x00000000ad700000|100%| O|Cm|TAMS 0x00000000ad600000| PB 0x00000000ad600000| Complete 
| 727|0x00000000ad700000, 0x00000000ad800000, 0x00000000ad800000|100%| O|Cm|TAMS 0x00000000ad700000| PB 0x00000000ad700000| Complete 
| 728|0x00000000ad800000, 0x00000000ad900000, 0x00000000ad900000|100%| O|Cm|TAMS 0x00000000ad800000| PB 0x00000000ad800000| Complete 
| 729|0x00000000ad900000, 0x00000000ada00000, 0x00000000ada00000|100%| O|Cm|TAMS 0x00000000ad900000| PB 0x00000000ad900000| Complete 
| 730|0x00000000ada00000, 0x00000000adb00000, 0x00000000adb00000|100%| O|Cm|TAMS 0x00000000ada00000| PB 0x00000000ada00000| Complete 
| 731|0x00000000adb00000, 0x00000000adc00000, 0x00000000adc00000|100%| O|Cm|TAMS 0x00000000adb00000| PB 0x00000000adb00000| Complete 
| 732|0x00000000adc00000, 0x00000000add00000, 0x00000000add00000|100%| O|Cm|TAMS 0x00000000adc00000| PB 0x00000000adc00000| Complete 
| 733|0x00000000add00000, 0x00000000ade00000, 0x00000000ade00000|100%| O|Cm|TAMS 0x00000000add00000| PB 0x00000000add00000| Complete 
| 734|0x00000000ade00000, 0x00000000adf00000, 0x00000000adf00000|100%| O|Cm|TAMS 0x00000000ade00000| PB 0x00000000ade00000| Complete 
| 735|0x00000000adf00000, 0x00000000ae000000, 0x00000000ae000000|100%| O|Cm|TAMS 0x00000000adf00000| PB 0x00000000adf00000| Complete 
| 736|0x00000000ae000000, 0x00000000ae100000, 0x00000000ae100000|100%| O|Cm|TAMS 0x00000000ae000000| PB 0x00000000ae000000| Complete 
| 737|0x00000000ae100000, 0x00000000ae200000, 0x00000000ae200000|100%| O|Cm|TAMS 0x00000000ae100000| PB 0x00000000ae100000| Complete 
| 738|0x00000000ae200000, 0x00000000ae300000, 0x00000000ae300000|100%| O|Cm|TAMS 0x00000000ae200000| PB 0x00000000ae200000| Complete 
| 739|0x00000000ae300000, 0x00000000ae400000, 0x00000000ae400000|100%| O|Cm|TAMS 0x00000000ae300000| PB 0x00000000ae300000| Complete 
| 740|0x00000000ae400000, 0x00000000ae500000, 0x00000000ae500000|100%| O|Cm|TAMS 0x00000000ae400000| PB 0x00000000ae400000| Complete 
| 741|0x00000000ae500000, 0x00000000ae600000, 0x00000000ae600000|100%| O|Cm|TAMS 0x00000000ae500000| PB 0x00000000ae500000| Complete 
| 742|0x00000000ae600000, 0x00000000ae700000, 0x00000000ae700000|100%| O|Cm|TAMS 0x00000000ae600000| PB 0x00000000ae600000| Complete 
| 743|0x00000000ae700000, 0x00000000ae800000, 0x00000000ae800000|100%| O|Cm|TAMS 0x00000000ae700000| PB 0x00000000ae700000| Complete 
| 744|0x00000000ae800000, 0x00000000ae900000, 0x00000000ae900000|100%| O|Cm|TAMS 0x00000000ae800000| PB 0x00000000ae800000| Complete 
| 745|0x00000000ae900000, 0x00000000aea00000, 0x00000000aea00000|100%| O|Cm|TAMS 0x00000000ae900000| PB 0x00000000ae900000| Complete 
| 746|0x00000000aea00000, 0x00000000aeb00000, 0x00000000aeb00000|100%| O|Cm|TAMS 0x00000000aea00000| PB 0x00000000aea00000| Complete 
| 747|0x00000000aeb00000, 0x00000000aec00000, 0x00000000aec00000|100%| O|Cm|TAMS 0x00000000aeb00000| PB 0x00000000aeb00000| Complete 
| 748|0x00000000aec00000, 0x00000000aed00000, 0x00000000aed00000|100%| O|Cm|TAMS 0x00000000aec00000| PB 0x00000000aec00000| Complete 
| 749|0x00000000aed00000, 0x00000000aee00000, 0x00000000aee00000|100%| O|Cm|TAMS 0x00000000aed00000| PB 0x00000000aed00000| Complete 
| 750|0x00000000aee00000, 0x00000000aef00000, 0x00000000aef00000|100%| O|Cm|TAMS 0x00000000aee00000| PB 0x00000000aee00000| Complete 
| 751|0x00000000aef00000, 0x00000000af000000, 0x00000000af000000|100%| O|Cm|TAMS 0x00000000aef00000| PB 0x00000000aef00000| Complete 
| 752|0x00000000af000000, 0x00000000af100000, 0x00000000af100000|100%| O|Cm|TAMS 0x00000000af000000| PB 0x00000000af000000| Complete 
| 753|0x00000000af100000, 0x00000000af200000, 0x00000000af200000|100%| O|Cm|TAMS 0x00000000af100000| PB 0x00000000af100000| Complete 
| 754|0x00000000af200000, 0x00000000af300000, 0x00000000af300000|100%| O|Cm|TAMS 0x00000000af200000| PB 0x00000000af200000| Complete 
| 755|0x00000000af300000, 0x00000000af300000, 0x00000000af400000|  0%| F|  |TAMS 0x00000000af300000| PB 0x00000000af300000| Untracked 
| 756|0x00000000af400000, 0x00000000af400000, 0x00000000af500000|  0%| F|  |TAMS 0x00000000af400000| PB 0x00000000af400000| Untracked 
| 757|0x00000000af500000, 0x00000000af500000, 0x00000000af600000|  0%| F|  |TAMS 0x00000000af500000| PB 0x00000000af500000| Untracked 
| 758|0x00000000af600000, 0x00000000af600000, 0x00000000af700000|  0%| F|  |TAMS 0x00000000af600000| PB 0x00000000af600000| Untracked 
| 759|0x00000000af700000, 0x00000000af700000, 0x00000000af800000|  0%| F|  |TAMS 0x00000000af700000| PB 0x00000000af700000| Untracked 
| 760|0x00000000af800000, 0x00000000af800000, 0x00000000af900000|  0%| F|  |TAMS 0x00000000af800000| PB 0x00000000af800000| Untracked 
| 761|0x00000000af900000, 0x00000000af900000, 0x00000000afa00000|  0%| F|  |TAMS 0x00000000af900000| PB 0x00000000af900000| Untracked 
| 762|0x00000000afa00000, 0x00000000afa00000, 0x00000000afb00000|  0%| F|  |TAMS 0x00000000afa00000| PB 0x00000000afa00000| Untracked 
| 763|0x00000000afb00000, 0x00000000afb00000, 0x00000000afc00000|  0%| F|  |TAMS 0x00000000afb00000| PB 0x00000000afb00000| Untracked 
| 764|0x00000000afc00000, 0x00000000afc00000, 0x00000000afd00000|  0%| F|  |TAMS 0x00000000afc00000| PB 0x00000000afc00000| Untracked 
| 765|0x00000000afd00000, 0x00000000afd00000, 0x00000000afe00000|  0%| F|  |TAMS 0x00000000afd00000| PB 0x00000000afd00000| Untracked 
| 766|0x00000000afe00000, 0x00000000afe00000, 0x00000000aff00000|  0%| F|  |TAMS 0x00000000afe00000| PB 0x00000000afe00000| Untracked 
| 767|0x00000000aff00000, 0x00000000aff00000, 0x00000000b0000000|  0%| F|  |TAMS 0x00000000aff00000| PB 0x00000000aff00000| Untracked 
| 768|0x00000000b0000000, 0x00000000b0000000, 0x00000000b0100000|  0%| F|  |TAMS 0x00000000b0000000| PB 0x00000000b0000000| Untracked 
| 769|0x00000000b0100000, 0x00000000b0200000, 0x00000000b0200000|100%|HS|  |TAMS 0x00000000b0100000| PB 0x00000000b0100000| Complete 
| 770|0x00000000b0200000, 0x00000000b0300000, 0x00000000b0300000|100%|HC|  |TAMS 0x00000000b0200000| PB 0x00000000b0200000| Complete 
| 771|0x00000000b0300000, 0x00000000b0300000, 0x00000000b0400000|  0%| F|  |TAMS 0x00000000b0300000| PB 0x00000000b0300000| Untracked 
| 772|0x00000000b0400000, 0x00000000b0500000, 0x00000000b0500000|100%| O|Cm|TAMS 0x00000000b0400000| PB 0x00000000b0400000| Complete 
| 773|0x00000000b0500000, 0x00000000b0600000, 0x00000000b0600000|100%|HS|  |TAMS 0x00000000b0500000| PB 0x00000000b0500000| Complete 
| 774|0x00000000b0600000, 0x00000000b0600000, 0x00000000b0700000|  0%| F|  |TAMS 0x00000000b0600000| PB 0x00000000b0600000| Untracked 
| 775|0x00000000b0700000, 0x00000000b0700000, 0x00000000b0800000|  0%| F|  |TAMS 0x00000000b0700000| PB 0x00000000b0700000| Untracked 
| 776|0x00000000b0800000, 0x00000000b0900000, 0x00000000b0900000|100%|HS|  |TAMS 0x00000000b0800000| PB 0x00000000b0800000| Complete 
| 777|0x00000000b0900000, 0x00000000b0a00000, 0x00000000b0a00000|100%|HS|  |TAMS 0x00000000b0900000| PB 0x00000000b0900000| Complete 
| 778|0x00000000b0a00000, 0x00000000b0a00000, 0x00000000b0b00000|  0%| F|  |TAMS 0x00000000b0a00000| PB 0x00000000b0a00000| Untracked 
| 779|0x00000000b0b00000, 0x00000000b0b00000, 0x00000000b0c00000|  0%| F|  |TAMS 0x00000000b0b00000| PB 0x00000000b0b00000| Untracked 
| 780|0x00000000b0c00000, 0x00000000b0c00000, 0x00000000b0d00000|  0%| F|  |TAMS 0x00000000b0c00000| PB 0x00000000b0c00000| Untracked 
| 781|0x00000000b0d00000, 0x00000000b0d00000, 0x00000000b0e00000|  0%| F|  |TAMS 0x00000000b0d00000| PB 0x00000000b0d00000| Untracked 
| 782|0x00000000b0e00000, 0x00000000b0e00000, 0x00000000b0f00000|  0%| F|  |TAMS 0x00000000b0e00000| PB 0x00000000b0e00000| Untracked 
| 783|0x00000000b0f00000, 0x00000000b0f00000, 0x00000000b1000000|  0%| F|  |TAMS 0x00000000b0f00000| PB 0x00000000b0f00000| Untracked 
| 784|0x00000000b1000000, 0x00000000b1000000, 0x00000000b1100000|  0%| F|  |TAMS 0x00000000b1000000| PB 0x00000000b1000000| Untracked 
| 785|0x00000000b1100000, 0x00000000b1100000, 0x00000000b1200000|  0%| F|  |TAMS 0x00000000b1100000| PB 0x00000000b1100000| Untracked 
| 786|0x00000000b1200000, 0x00000000b1200000, 0x00000000b1300000|  0%| F|  |TAMS 0x00000000b1200000| PB 0x00000000b1200000| Untracked 
| 787|0x00000000b1300000, 0x00000000b1300000, 0x00000000b1400000|  0%| F|  |TAMS 0x00000000b1300000| PB 0x00000000b1300000| Untracked 
| 788|0x00000000b1400000, 0x00000000b1400000, 0x00000000b1500000|  0%| F|  |TAMS 0x00000000b1400000| PB 0x00000000b1400000| Untracked 
| 789|0x00000000b1500000, 0x00000000b1500000, 0x00000000b1600000|  0%| F|  |TAMS 0x00000000b1500000| PB 0x00000000b1500000| Untracked 
| 790|0x00000000b1600000, 0x00000000b1600000, 0x00000000b1700000|  0%| F|  |TAMS 0x00000000b1600000| PB 0x00000000b1600000| Untracked 
| 791|0x00000000b1700000, 0x00000000b1700000, 0x00000000b1800000|  0%| F|  |TAMS 0x00000000b1700000| PB 0x00000000b1700000| Untracked 
| 792|0x00000000b1800000, 0x00000000b1800000, 0x00000000b1900000|  0%| F|  |TAMS 0x00000000b1800000| PB 0x00000000b1800000| Untracked 
| 793|0x00000000b1900000, 0x00000000b1900000, 0x00000000b1a00000|  0%| F|  |TAMS 0x00000000b1900000| PB 0x00000000b1900000| Untracked 
| 794|0x00000000b1a00000, 0x00000000b1a00000, 0x00000000b1b00000|  0%| F|  |TAMS 0x00000000b1a00000| PB 0x00000000b1a00000| Untracked 
| 795|0x00000000b1b00000, 0x00000000b1b00000, 0x00000000b1c00000|  0%| F|  |TAMS 0x00000000b1b00000| PB 0x00000000b1b00000| Untracked 
| 796|0x00000000b1c00000, 0x00000000b1c00000, 0x00000000b1d00000|  0%| F|  |TAMS 0x00000000b1c00000| PB 0x00000000b1c00000| Untracked 
| 797|0x00000000b1d00000, 0x00000000b1d00000, 0x00000000b1e00000|  0%| F|  |TAMS 0x00000000b1d00000| PB 0x00000000b1d00000| Untracked 
| 798|0x00000000b1e00000, 0x00000000b1e00000, 0x00000000b1f00000|  0%| F|  |TAMS 0x00000000b1e00000| PB 0x00000000b1e00000| Untracked 
| 799|0x00000000b1f00000, 0x00000000b1f00000, 0x00000000b2000000|  0%| F|  |TAMS 0x00000000b1f00000| PB 0x00000000b1f00000| Untracked 
| 800|0x00000000b2000000, 0x00000000b2000000, 0x00000000b2100000|  0%| F|  |TAMS 0x00000000b2000000| PB 0x00000000b2000000| Untracked 
| 801|0x00000000b2100000, 0x00000000b2100000, 0x00000000b2200000|  0%| F|  |TAMS 0x00000000b2100000| PB 0x00000000b2100000| Untracked 
| 802|0x00000000b2200000, 0x00000000b2200000, 0x00000000b2300000|  0%| F|  |TAMS 0x00000000b2200000| PB 0x00000000b2200000| Untracked 
| 803|0x00000000b2300000, 0x00000000b2300000, 0x00000000b2400000|  0%| F|  |TAMS 0x00000000b2300000| PB 0x00000000b2300000| Untracked 
| 804|0x00000000b2400000, 0x00000000b2400000, 0x00000000b2500000|  0%| F|  |TAMS 0x00000000b2400000| PB 0x00000000b2400000| Untracked 
| 805|0x00000000b2500000, 0x00000000b2500000, 0x00000000b2600000|  0%| F|  |TAMS 0x00000000b2500000| PB 0x00000000b2500000| Untracked 
| 806|0x00000000b2600000, 0x00000000b2600000, 0x00000000b2700000|  0%| F|  |TAMS 0x00000000b2600000| PB 0x00000000b2600000| Untracked 
| 807|0x00000000b2700000, 0x00000000b2700000, 0x00000000b2800000|  0%| F|  |TAMS 0x00000000b2700000| PB 0x00000000b2700000| Untracked 
| 808|0x00000000b2800000, 0x00000000b2800000, 0x00000000b2900000|  0%| F|  |TAMS 0x00000000b2800000| PB 0x00000000b2800000| Untracked 
| 809|0x00000000b2900000, 0x00000000b2900000, 0x00000000b2a00000|  0%| F|  |TAMS 0x00000000b2900000| PB 0x00000000b2900000| Untracked 
| 810|0x00000000b2a00000, 0x00000000b2a00000, 0x00000000b2b00000|  0%| F|  |TAMS 0x00000000b2a00000| PB 0x00000000b2a00000| Untracked 
| 811|0x00000000b2b00000, 0x00000000b2b00000, 0x00000000b2c00000|  0%| F|  |TAMS 0x00000000b2b00000| PB 0x00000000b2b00000| Untracked 
| 812|0x00000000b2c00000, 0x00000000b2c00000, 0x00000000b2d00000|  0%| F|  |TAMS 0x00000000b2c00000| PB 0x00000000b2c00000| Untracked 
| 813|0x00000000b2d00000, 0x00000000b2e00000, 0x00000000b2e00000|100%| O|Cm|TAMS 0x00000000b2d00000| PB 0x00000000b2d00000| Complete 
| 814|0x00000000b2e00000, 0x00000000b2f00000, 0x00000000b2f00000|100%|HS|  |TAMS 0x00000000b2e00000| PB 0x00000000b2e00000| Complete 
| 815|0x00000000b2f00000, 0x00000000b3000000, 0x00000000b3000000|100%|HS|  |TAMS 0x00000000b2f00000| PB 0x00000000b2f00000| Complete 
| 816|0x00000000b3000000, 0x00000000b3100000, 0x00000000b3100000|100%|HS|  |TAMS 0x00000000b3000000| PB 0x00000000b3000000| Complete 
| 817|0x00000000b3100000, 0x00000000b3200000, 0x00000000b3200000|100%|HC|  |TAMS 0x00000000b3100000| PB 0x00000000b3100000| Complete 
| 818|0x00000000b3200000, 0x00000000b3300000, 0x00000000b3300000|100%| O|  |TAMS 0x00000000b3200000| PB 0x00000000b3200000| Untracked 
| 819|0x00000000b3300000, 0x00000000b3400000, 0x00000000b3400000|100%| O|  |TAMS 0x00000000b3300000| PB 0x00000000b3300000| Untracked 
| 820|0x00000000b3400000, 0x00000000b3500000, 0x00000000b3500000|100%| O|  |TAMS 0x00000000b3400000| PB 0x00000000b3400000| Untracked 
| 821|0x00000000b3500000, 0x00000000b3600000, 0x00000000b3600000|100%| O|  |TAMS 0x00000000b3500000| PB 0x00000000b3500000| Untracked 
| 822|0x00000000b3600000, 0x00000000b3700000, 0x00000000b3700000|100%| O|  |TAMS 0x00000000b3600000| PB 0x00000000b3600000| Untracked 
| 823|0x00000000b3700000, 0x00000000b3800000, 0x00000000b3800000|100%| O|  |TAMS 0x00000000b3700000| PB 0x00000000b3700000| Untracked 
| 824|0x00000000b3800000, 0x00000000b3900000, 0x00000000b3900000|100%| O|  |TAMS 0x00000000b3800000| PB 0x00000000b3800000| Untracked 
| 825|0x00000000b3900000, 0x00000000b3a00000, 0x00000000b3a00000|100%| O|  |TAMS 0x00000000b3900000| PB 0x00000000b3900000| Untracked 
| 826|0x00000000b3a00000, 0x00000000b3b00000, 0x00000000b3b00000|100%| O|  |TAMS 0x00000000b3a00000| PB 0x00000000b3a00000| Untracked 
| 827|0x00000000b3b00000, 0x00000000b3c00000, 0x00000000b3c00000|100%| O|  |TAMS 0x00000000b3b00000| PB 0x00000000b3b00000| Untracked 
| 828|0x00000000b3c00000, 0x00000000b3d00000, 0x00000000b3d00000|100%| O|  |TAMS 0x00000000b3c00000| PB 0x00000000b3c00000| Untracked 
| 829|0x00000000b3d00000, 0x00000000b3e00000, 0x00000000b3e00000|100%| O|  |TAMS 0x00000000b3d00000| PB 0x00000000b3d00000| Untracked 
| 830|0x00000000b3e00000, 0x00000000b3f00000, 0x00000000b3f00000|100%| O|  |TAMS 0x00000000b3e00000| PB 0x00000000b3e00000| Untracked 
| 831|0x00000000b3f00000, 0x00000000b4000000, 0x00000000b4000000|100%| O|  |TAMS 0x00000000b3f00000| PB 0x00000000b3f00000| Untracked 
| 832|0x00000000b4000000, 0x00000000b4100000, 0x00000000b4100000|100%| O|  |TAMS 0x00000000b4000000| PB 0x00000000b4000000| Untracked 
| 833|0x00000000b4100000, 0x00000000b4200000, 0x00000000b4200000|100%| O|  |TAMS 0x00000000b4100000| PB 0x00000000b4100000| Untracked 
| 834|0x00000000b4200000, 0x00000000b4300000, 0x00000000b4300000|100%| O|  |TAMS 0x00000000b4200000| PB 0x00000000b4200000| Untracked 
| 835|0x00000000b4300000, 0x00000000b4400000, 0x00000000b4400000|100%| O|  |TAMS 0x00000000b4300000| PB 0x00000000b4300000| Untracked 
| 836|0x00000000b4400000, 0x00000000b4500000, 0x00000000b4500000|100%| O|  |TAMS 0x00000000b4400000| PB 0x00000000b4400000| Untracked 
| 837|0x00000000b4500000, 0x00000000b4600000, 0x00000000b4600000|100%| O|  |TAMS 0x00000000b4500000| PB 0x00000000b4500000| Untracked 
| 838|0x00000000b4600000, 0x00000000b4700000, 0x00000000b4700000|100%| O|  |TAMS 0x00000000b4600000| PB 0x00000000b4600000| Untracked 
| 839|0x00000000b4700000, 0x00000000b4800000, 0x00000000b4800000|100%| O|  |TAMS 0x00000000b4700000| PB 0x00000000b4700000| Untracked 
| 840|0x00000000b4800000, 0x00000000b4900000, 0x00000000b4900000|100%| O|  |TAMS 0x00000000b4800000| PB 0x00000000b4800000| Untracked 
| 841|0x00000000b4900000, 0x00000000b4a00000, 0x00000000b4a00000|100%| O|  |TAMS 0x00000000b4900000| PB 0x00000000b4900000| Untracked 
| 842|0x00000000b4a00000, 0x00000000b4b00000, 0x00000000b4b00000|100%| O|Cm|TAMS 0x00000000b4a00000| PB 0x00000000b4a00000| Complete 
| 843|0x00000000b4b00000, 0x00000000b4c00000, 0x00000000b4c00000|100%| O|Cm|TAMS 0x00000000b4b00000| PB 0x00000000b4b00000| Complete 
| 844|0x00000000b4c00000, 0x00000000b4d00000, 0x00000000b4d00000|100%| O|Cm|TAMS 0x00000000b4c00000| PB 0x00000000b4c00000| Complete 
| 845|0x00000000b4d00000, 0x00000000b4d00000, 0x00000000b4e00000|  0%| F|  |TAMS 0x00000000b4d00000| PB 0x00000000b4d00000| Untracked 
| 846|0x00000000b4e00000, 0x00000000b4e00000, 0x00000000b4f00000|  0%| F|  |TAMS 0x00000000b4e00000| PB 0x00000000b4e00000| Untracked 
| 847|0x00000000b4f00000, 0x00000000b4f00000, 0x00000000b5000000|  0%| F|  |TAMS 0x00000000b4f00000| PB 0x00000000b4f00000| Untracked 
| 848|0x00000000b5000000, 0x00000000b5000000, 0x00000000b5100000|  0%| F|  |TAMS 0x00000000b5000000| PB 0x00000000b5000000| Untracked 
| 849|0x00000000b5100000, 0x00000000b5100000, 0x00000000b5200000|  0%| F|  |TAMS 0x00000000b5100000| PB 0x00000000b5100000| Untracked 
| 850|0x00000000b5200000, 0x00000000b5300000, 0x00000000b5300000|100%| O|Cm|TAMS 0x00000000b5200000| PB 0x00000000b5200000| Complete 
| 851|0x00000000b5300000, 0x00000000b5400000, 0x00000000b5400000|100%| O|Cm|TAMS 0x00000000b5300000| PB 0x00000000b5300000| Complete 
| 852|0x00000000b5400000, 0x00000000b5400000, 0x00000000b5500000|  0%| F|  |TAMS 0x00000000b5400000| PB 0x00000000b5400000| Untracked 
| 853|0x00000000b5500000, 0x00000000b5600000, 0x00000000b5600000|100%| O|Cm|TAMS 0x00000000b5500000| PB 0x00000000b5500000| Complete 
| 854|0x00000000b5600000, 0x00000000b5600000, 0x00000000b5700000|  0%| F|  |TAMS 0x00000000b5600000| PB 0x00000000b5600000| Untracked 
| 855|0x00000000b5700000, 0x00000000b5700000, 0x00000000b5800000|  0%| F|  |TAMS 0x00000000b5700000| PB 0x00000000b5700000| Untracked 
| 856|0x00000000b5800000, 0x00000000b5900000, 0x00000000b5900000|100%| O|Cm|TAMS 0x00000000b5800000| PB 0x00000000b5800000| Complete 
| 857|0x00000000b5900000, 0x00000000b5a00000, 0x00000000b5a00000|100%| O|Cm|TAMS 0x00000000b5900000| PB 0x00000000b5900000| Complete 
| 858|0x00000000b5a00000, 0x00000000b5a00000, 0x00000000b5b00000|  0%| F|  |TAMS 0x00000000b5a00000| PB 0x00000000b5a00000| Untracked 
| 859|0x00000000b5b00000, 0x00000000b5c00000, 0x00000000b5c00000|100%| O|Cm|TAMS 0x00000000b5b00000| PB 0x00000000b5b00000| Complete 
| 860|0x00000000b5c00000, 0x00000000b5c00000, 0x00000000b5d00000|  0%| F|  |TAMS 0x00000000b5c00000| PB 0x00000000b5c00000| Untracked 
| 861|0x00000000b5d00000, 0x00000000b5d00000, 0x00000000b5e00000|  0%| F|  |TAMS 0x00000000b5d00000| PB 0x00000000b5d00000| Untracked 
| 862|0x00000000b5e00000, 0x00000000b5e00000, 0x00000000b5f00000|  0%| F|  |TAMS 0x00000000b5e00000| PB 0x00000000b5e00000| Untracked 
| 863|0x00000000b5f00000, 0x00000000b5f00000, 0x00000000b6000000|  0%| F|  |TAMS 0x00000000b5f00000| PB 0x00000000b5f00000| Untracked 
| 864|0x00000000b6000000, 0x00000000b6000000, 0x00000000b6100000|  0%| F|  |TAMS 0x00000000b6000000| PB 0x00000000b6000000| Untracked 
| 865|0x00000000b6100000, 0x00000000b6100000, 0x00000000b6200000|  0%| F|  |TAMS 0x00000000b6100000| PB 0x00000000b6100000| Untracked 
| 866|0x00000000b6200000, 0x00000000b6200000, 0x00000000b6300000|  0%| F|  |TAMS 0x00000000b6200000| PB 0x00000000b6200000| Untracked 
| 867|0x00000000b6300000, 0x00000000b6400000, 0x00000000b6400000|100%| O|Cm|TAMS 0x00000000b6300000| PB 0x00000000b6300000| Complete 
| 868|0x00000000b6400000, 0x00000000b6400000, 0x00000000b6500000|  0%| F|  |TAMS 0x00000000b6400000| PB 0x00000000b6400000| Untracked 
| 869|0x00000000b6500000, 0x00000000b6500000, 0x00000000b6600000|  0%| F|  |TAMS 0x00000000b6500000| PB 0x00000000b6500000| Untracked 
| 870|0x00000000b6600000, 0x00000000b6600000, 0x00000000b6700000|  0%| F|  |TAMS 0x00000000b6600000| PB 0x00000000b6600000| Untracked 
| 871|0x00000000b6700000, 0x00000000b6800000, 0x00000000b6800000|100%| O|Cm|TAMS 0x00000000b6700000| PB 0x00000000b6700000| Complete 
| 872|0x00000000b6800000, 0x00000000b6800000, 0x00000000b6900000|  0%| F|  |TAMS 0x00000000b6800000| PB 0x00000000b6800000| Untracked 
| 873|0x00000000b6900000, 0x00000000b6a00000, 0x00000000b6a00000|100%| O|Cm|TAMS 0x00000000b6900000| PB 0x00000000b6900000| Complete 
| 874|0x00000000b6a00000, 0x00000000b6a00000, 0x00000000b6b00000|  0%| F|  |TAMS 0x00000000b6a00000| PB 0x00000000b6a00000| Untracked 
| 875|0x00000000b6b00000, 0x00000000b6b00000, 0x00000000b6c00000|  0%| F|  |TAMS 0x00000000b6b00000| PB 0x00000000b6b00000| Untracked 
| 876|0x00000000b6c00000, 0x00000000b6c00000, 0x00000000b6d00000|  0%| F|  |TAMS 0x00000000b6c00000| PB 0x00000000b6c00000| Untracked 
| 877|0x00000000b6d00000, 0x00000000b6d00000, 0x00000000b6e00000|  0%| F|  |TAMS 0x00000000b6d00000| PB 0x00000000b6d00000| Untracked 
| 878|0x00000000b6e00000, 0x00000000b6f00000, 0x00000000b6f00000|100%|HS|  |TAMS 0x00000000b6e00000| PB 0x00000000b6e00000| Complete 
| 879|0x00000000b6f00000, 0x00000000b7000000, 0x00000000b7000000|100%|HS|  |TAMS 0x00000000b6f00000| PB 0x00000000b6f00000| Complete 
| 880|0x00000000b7000000, 0x00000000b7000000, 0x00000000b7100000|  0%| F|  |TAMS 0x00000000b7000000| PB 0x00000000b7000000| Untracked 
| 881|0x00000000b7100000, 0x00000000b7100000, 0x00000000b7200000|  0%| F|  |TAMS 0x00000000b7100000| PB 0x00000000b7100000| Untracked 
| 882|0x00000000b7200000, 0x00000000b7200000, 0x00000000b7300000|  0%| F|  |TAMS 0x00000000b7200000| PB 0x00000000b7200000| Untracked 
| 883|0x00000000b7300000, 0x00000000b7300000, 0x00000000b7400000|  0%| F|  |TAMS 0x00000000b7300000| PB 0x00000000b7300000| Untracked 
| 884|0x00000000b7400000, 0x00000000b7400000, 0x00000000b7500000|  0%| F|  |TAMS 0x00000000b7400000| PB 0x00000000b7400000| Untracked 
| 885|0x00000000b7500000, 0x00000000b7600000, 0x00000000b7600000|100%| O|Cm|TAMS 0x00000000b7500000| PB 0x00000000b7500000| Complete 
| 886|0x00000000b7600000, 0x00000000b7700000, 0x00000000b7700000|100%| O|Cm|TAMS 0x00000000b7600000| PB 0x00000000b7600000| Complete 
| 887|0x00000000b7700000, 0x00000000b7800000, 0x00000000b7800000|100%| O|Cm|TAMS 0x00000000b7700000| PB 0x00000000b7700000| Complete 
| 888|0x00000000b7800000, 0x00000000b7900000, 0x00000000b7900000|100%| O|Cm|TAMS 0x00000000b7800000| PB 0x00000000b7800000| Complete 
| 889|0x00000000b7900000, 0x00000000b7a00000, 0x00000000b7a00000|100%| O|Cm|TAMS 0x00000000b7900000| PB 0x00000000b7900000| Complete 
| 890|0x00000000b7a00000, 0x00000000b7b00000, 0x00000000b7b00000|100%| O|Cm|TAMS 0x00000000b7a00000| PB 0x00000000b7a00000| Complete 
| 891|0x00000000b7b00000, 0x00000000b7b00000, 0x00000000b7c00000|  0%| F|  |TAMS 0x00000000b7b00000| PB 0x00000000b7b00000| Untracked 
| 892|0x00000000b7c00000, 0x00000000b7c00000, 0x00000000b7d00000|  0%| F|  |TAMS 0x00000000b7c00000| PB 0x00000000b7c00000| Untracked 
| 893|0x00000000b7d00000, 0x00000000b7e00000, 0x00000000b7e00000|100%| O|Cm|TAMS 0x00000000b7d00000| PB 0x00000000b7d00000| Complete 
| 894|0x00000000b7e00000, 0x00000000b7e00000, 0x00000000b7f00000|  0%| F|  |TAMS 0x00000000b7e00000| PB 0x00000000b7e00000| Untracked 
| 895|0x00000000b7f00000, 0x00000000b7f00000, 0x00000000b8000000|  0%| F|  |TAMS 0x00000000b7f00000| PB 0x00000000b7f00000| Untracked 
| 896|0x00000000b8000000, 0x00000000b8100000, 0x00000000b8100000|100%| O|Cm|TAMS 0x00000000b8000000| PB 0x00000000b8000000| Complete 
| 897|0x00000000b8100000, 0x00000000b8100000, 0x00000000b8200000|  0%| F|  |TAMS 0x00000000b8100000| PB 0x00000000b8100000| Untracked 
| 898|0x00000000b8200000, 0x00000000b8300000, 0x00000000b8300000|100%|HS|  |TAMS 0x00000000b8200000| PB 0x00000000b8200000| Complete 
| 899|0x00000000b8300000, 0x00000000b8400000, 0x00000000b8400000|100%|HC|  |TAMS 0x00000000b8300000| PB 0x00000000b8300000| Complete 
| 900|0x00000000b8400000, 0x00000000b8500000, 0x00000000b8500000|100%|HS|  |TAMS 0x00000000b8400000| PB 0x00000000b8400000| Complete 
| 901|0x00000000b8500000, 0x00000000b8600000, 0x00000000b8600000|100%|HC|  |TAMS 0x00000000b8500000| PB 0x00000000b8500000| Complete 
| 902|0x00000000b8600000, 0x00000000b8700000, 0x00000000b8700000|100%|HS|  |TAMS 0x00000000b8600000| PB 0x00000000b8600000| Complete 
| 903|0x00000000b8700000, 0x00000000b8800000, 0x00000000b8800000|100%|HC|  |TAMS 0x00000000b8700000| PB 0x00000000b8700000| Complete 
| 904|0x00000000b8800000, 0x00000000b8900000, 0x00000000b8900000|100%|HC|  |TAMS 0x00000000b8800000| PB 0x00000000b8800000| Complete 
| 905|0x00000000b8900000, 0x00000000b8a00000, 0x00000000b8a00000|100%| O|  |TAMS 0x00000000b8900000| PB 0x00000000b8900000| Untracked 
| 906|0x00000000b8a00000, 0x00000000b8b00000, 0x00000000b8b00000|100%| O|  |TAMS 0x00000000b8a00000| PB 0x00000000b8a00000| Untracked 
| 907|0x00000000b8b00000, 0x00000000b8c00000, 0x00000000b8c00000|100%| O|  |TAMS 0x00000000b8b00000| PB 0x00000000b8b00000| Untracked 
| 908|0x00000000b8c00000, 0x00000000b8d00000, 0x00000000b8d00000|100%| O|  |TAMS 0x00000000b8c00000| PB 0x00000000b8c00000| Untracked 
| 909|0x00000000b8d00000, 0x00000000b8e00000, 0x00000000b8e00000|100%| O|  |TAMS 0x00000000b8d00000| PB 0x00000000b8d00000| Untracked 
| 910|0x00000000b8e00000, 0x00000000b8f00000, 0x00000000b8f00000|100%| O|  |TAMS 0x00000000b8e00000| PB 0x00000000b8e00000| Untracked 
| 911|0x00000000b8f00000, 0x00000000b9000000, 0x00000000b9000000|100%| O|  |TAMS 0x00000000b8f00000| PB 0x00000000b8f00000| Untracked 
| 912|0x00000000b9000000, 0x00000000b9100000, 0x00000000b9100000|100%| O|Cm|TAMS 0x00000000b9000000| PB 0x00000000b9000000| Complete 
| 913|0x00000000b9100000, 0x00000000b9200000, 0x00000000b9200000|100%| O|Cm|TAMS 0x00000000b9100000| PB 0x00000000b9100000| Complete 
| 914|0x00000000b9200000, 0x00000000b9300000, 0x00000000b9300000|100%| O|Cm|TAMS 0x00000000b9200000| PB 0x00000000b9200000| Complete 
| 915|0x00000000b9300000, 0x00000000b9400000, 0x00000000b9400000|100%| O|Cm|TAMS 0x00000000b9300000| PB 0x00000000b9300000| Complete 
| 916|0x00000000b9400000, 0x00000000b9500000, 0x00000000b9500000|100%| O|Cm|TAMS 0x00000000b9400000| PB 0x00000000b9400000| Complete 
| 917|0x00000000b9500000, 0x00000000b9600000, 0x00000000b9600000|100%| O|Cm|TAMS 0x00000000b9500000| PB 0x00000000b9500000| Complete 
| 918|0x00000000b9600000, 0x00000000b9700000, 0x00000000b9700000|100%| O|Cm|TAMS 0x00000000b9600000| PB 0x00000000b9600000| Complete 
| 919|0x00000000b9700000, 0x00000000b9800000, 0x00000000b9800000|100%| O|  |TAMS 0x00000000b9700000| PB 0x00000000b9700000| Untracked 
| 920|0x00000000b9800000, 0x00000000b9900000, 0x00000000b9900000|100%| O|Cm|TAMS 0x00000000b9800000| PB 0x00000000b9800000| Complete 
| 921|0x00000000b9900000, 0x00000000b9a00000, 0x00000000b9a00000|100%| O|Cm|TAMS 0x00000000b9900000| PB 0x00000000b9900000| Complete 
| 922|0x00000000b9a00000, 0x00000000b9b00000, 0x00000000b9b00000|100%| O|Cm|TAMS 0x00000000b9a00000| PB 0x00000000b9a00000| Complete 
| 923|0x00000000b9b00000, 0x00000000b9c00000, 0x00000000b9c00000|100%| O|Cm|TAMS 0x00000000b9b00000| PB 0x00000000b9b00000| Complete 
| 924|0x00000000b9c00000, 0x00000000b9c00000, 0x00000000b9d00000|  0%| F|  |TAMS 0x00000000b9c00000| PB 0x00000000b9c00000| Untracked 
| 925|0x00000000b9d00000, 0x00000000b9d00000, 0x00000000b9e00000|  0%| F|  |TAMS 0x00000000b9d00000| PB 0x00000000b9d00000| Untracked 
| 926|0x00000000b9e00000, 0x00000000b9e00000, 0x00000000b9f00000|  0%| F|  |TAMS 0x00000000b9e00000| PB 0x00000000b9e00000| Untracked 
| 927|0x00000000b9f00000, 0x00000000b9f00000, 0x00000000ba000000|  0%| F|  |TAMS 0x00000000b9f00000| PB 0x00000000b9f00000| Untracked 
| 928|0x00000000ba000000, 0x00000000ba000000, 0x00000000ba100000|  0%| F|  |TAMS 0x00000000ba000000| PB 0x00000000ba000000| Untracked 
| 929|0x00000000ba100000, 0x00000000ba100000, 0x00000000ba200000|  0%| F|  |TAMS 0x00000000ba100000| PB 0x00000000ba100000| Untracked 
| 930|0x00000000ba200000, 0x00000000ba200000, 0x00000000ba300000|  0%| F|  |TAMS 0x00000000ba200000| PB 0x00000000ba200000| Untracked 
| 931|0x00000000ba300000, 0x00000000ba300000, 0x00000000ba400000|  0%| F|  |TAMS 0x00000000ba300000| PB 0x00000000ba300000| Untracked 
| 932|0x00000000ba400000, 0x00000000ba400000, 0x00000000ba500000|  0%| F|  |TAMS 0x00000000ba400000| PB 0x00000000ba400000| Untracked 
| 933|0x00000000ba500000, 0x00000000ba500000, 0x00000000ba600000|  0%| F|  |TAMS 0x00000000ba500000| PB 0x00000000ba500000| Untracked 
| 934|0x00000000ba600000, 0x00000000ba600000, 0x00000000ba700000|  0%| F|  |TAMS 0x00000000ba600000| PB 0x00000000ba600000| Untracked 
| 935|0x00000000ba700000, 0x00000000ba700000, 0x00000000ba800000|  0%| F|  |TAMS 0x00000000ba700000| PB 0x00000000ba700000| Untracked 
| 936|0x00000000ba800000, 0x00000000ba800000, 0x00000000ba900000|  0%| F|  |TAMS 0x00000000ba800000| PB 0x00000000ba800000| Untracked 
| 937|0x00000000ba900000, 0x00000000ba900000, 0x00000000baa00000|  0%| F|  |TAMS 0x00000000ba900000| PB 0x00000000ba900000| Untracked 
| 938|0x00000000baa00000, 0x00000000baa00000, 0x00000000bab00000|  0%| F|  |TAMS 0x00000000baa00000| PB 0x00000000baa00000| Untracked 
| 939|0x00000000bab00000, 0x00000000bab00000, 0x00000000bac00000|  0%| F|  |TAMS 0x00000000bab00000| PB 0x00000000bab00000| Untracked 
| 940|0x00000000bac00000, 0x00000000bac00000, 0x00000000bad00000|  0%| F|  |TAMS 0x00000000bac00000| PB 0x00000000bac00000| Untracked 
| 941|0x00000000bad00000, 0x00000000bad00000, 0x00000000bae00000|  0%| F|  |TAMS 0x00000000bad00000| PB 0x00000000bad00000| Untracked 
| 942|0x00000000bae00000, 0x00000000bae00000, 0x00000000baf00000|  0%| F|  |TAMS 0x00000000bae00000| PB 0x00000000bae00000| Untracked 
| 943|0x00000000baf00000, 0x00000000baf00000, 0x00000000bb000000|  0%| F|  |TAMS 0x00000000baf00000| PB 0x00000000baf00000| Untracked 
| 944|0x00000000bb000000, 0x00000000bb000000, 0x00000000bb100000|  0%| F|  |TAMS 0x00000000bb000000| PB 0x00000000bb000000| Untracked 
| 945|0x00000000bb100000, 0x00000000bb100000, 0x00000000bb200000|  0%| F|  |TAMS 0x00000000bb100000| PB 0x00000000bb100000| Untracked 
| 946|0x00000000bb200000, 0x00000000bb200000, 0x00000000bb300000|  0%| F|  |TAMS 0x00000000bb200000| PB 0x00000000bb200000| Untracked 
| 947|0x00000000bb300000, 0x00000000bb300000, 0x00000000bb400000|  0%| F|  |TAMS 0x00000000bb300000| PB 0x00000000bb300000| Untracked 
| 948|0x00000000bb400000, 0x00000000bb400000, 0x00000000bb500000|  0%| F|  |TAMS 0x00000000bb400000| PB 0x00000000bb400000| Untracked 
| 949|0x00000000bb500000, 0x00000000bb500000, 0x00000000bb600000|  0%| F|  |TAMS 0x00000000bb500000| PB 0x00000000bb500000| Untracked 
| 950|0x00000000bb600000, 0x00000000bb600000, 0x00000000bb700000|  0%| F|  |TAMS 0x00000000bb600000| PB 0x00000000bb600000| Untracked 
| 951|0x00000000bb700000, 0x00000000bb700000, 0x00000000bb800000|  0%| F|  |TAMS 0x00000000bb700000| PB 0x00000000bb700000| Untracked 
| 952|0x00000000bb800000, 0x00000000bb800000, 0x00000000bb900000|  0%| F|  |TAMS 0x00000000bb800000| PB 0x00000000bb800000| Untracked 
| 953|0x00000000bb900000, 0x00000000bb900000, 0x00000000bba00000|  0%| F|  |TAMS 0x00000000bb900000| PB 0x00000000bb900000| Untracked 
| 954|0x00000000bba00000, 0x00000000bba00000, 0x00000000bbb00000|  0%| F|  |TAMS 0x00000000bba00000| PB 0x00000000bba00000| Untracked 
| 955|0x00000000bbb00000, 0x00000000bbb00000, 0x00000000bbc00000|  0%| F|  |TAMS 0x00000000bbb00000| PB 0x00000000bbb00000| Untracked 
| 956|0x00000000bbc00000, 0x00000000bbc00000, 0x00000000bbd00000|  0%| F|  |TAMS 0x00000000bbc00000| PB 0x00000000bbc00000| Untracked 
| 957|0x00000000bbd00000, 0x00000000bbd00000, 0x00000000bbe00000|  0%| F|  |TAMS 0x00000000bbd00000| PB 0x00000000bbd00000| Untracked 
| 958|0x00000000bbe00000, 0x00000000bbe00000, 0x00000000bbf00000|  0%| F|  |TAMS 0x00000000bbe00000| PB 0x00000000bbe00000| Untracked 
| 959|0x00000000bbf00000, 0x00000000bbf00000, 0x00000000bc000000|  0%| F|  |TAMS 0x00000000bbf00000| PB 0x00000000bbf00000| Untracked 
| 960|0x00000000bc000000, 0x00000000bc000000, 0x00000000bc100000|  0%| F|  |TAMS 0x00000000bc000000| PB 0x00000000bc000000| Untracked 
| 961|0x00000000bc100000, 0x00000000bc100000, 0x00000000bc200000|  0%| F|  |TAMS 0x00000000bc100000| PB 0x00000000bc100000| Untracked 
| 962|0x00000000bc200000, 0x00000000bc200000, 0x00000000bc300000|  0%| F|  |TAMS 0x00000000bc200000| PB 0x00000000bc200000| Untracked 
| 963|0x00000000bc300000, 0x00000000bc300000, 0x00000000bc400000|  0%| F|  |TAMS 0x00000000bc300000| PB 0x00000000bc300000| Untracked 
| 964|0x00000000bc400000, 0x00000000bc400000, 0x00000000bc500000|  0%| F|  |TAMS 0x00000000bc400000| PB 0x00000000bc400000| Untracked 
| 965|0x00000000bc500000, 0x00000000bc500000, 0x00000000bc600000|  0%| F|  |TAMS 0x00000000bc500000| PB 0x00000000bc500000| Untracked 
| 966|0x00000000bc600000, 0x00000000bc600000, 0x00000000bc700000|  0%| F|  |TAMS 0x00000000bc600000| PB 0x00000000bc600000| Untracked 
| 967|0x00000000bc700000, 0x00000000bc700000, 0x00000000bc800000|  0%| F|  |TAMS 0x00000000bc700000| PB 0x00000000bc700000| Untracked 
| 968|0x00000000bc800000, 0x00000000bc800000, 0x00000000bc900000|  0%| F|  |TAMS 0x00000000bc800000| PB 0x00000000bc800000| Untracked 
| 969|0x00000000bc900000, 0x00000000bc900000, 0x00000000bca00000|  0%| F|  |TAMS 0x00000000bc900000| PB 0x00000000bc900000| Untracked 
| 970|0x00000000bca00000, 0x00000000bca00000, 0x00000000bcb00000|  0%| F|  |TAMS 0x00000000bca00000| PB 0x00000000bca00000| Untracked 
| 971|0x00000000bcb00000, 0x00000000bcb00000, 0x00000000bcc00000|  0%| F|  |TAMS 0x00000000bcb00000| PB 0x00000000bcb00000| Untracked 
| 972|0x00000000bcc00000, 0x00000000bcc00000, 0x00000000bcd00000|  0%| F|  |TAMS 0x00000000bcc00000| PB 0x00000000bcc00000| Untracked 
| 973|0x00000000bcd00000, 0x00000000bcd00000, 0x00000000bce00000|  0%| F|  |TAMS 0x00000000bcd00000| PB 0x00000000bcd00000| Untracked 
| 974|0x00000000bce00000, 0x00000000bce00000, 0x00000000bcf00000|  0%| F|  |TAMS 0x00000000bce00000| PB 0x00000000bce00000| Untracked 
| 975|0x00000000bcf00000, 0x00000000bcf00000, 0x00000000bd000000|  0%| F|  |TAMS 0x00000000bcf00000| PB 0x00000000bcf00000| Untracked 
| 976|0x00000000bd000000, 0x00000000bd000000, 0x00000000bd100000|  0%| F|  |TAMS 0x00000000bd000000| PB 0x00000000bd000000| Untracked 
| 977|0x00000000bd100000, 0x00000000bd100000, 0x00000000bd200000|  0%| F|  |TAMS 0x00000000bd100000| PB 0x00000000bd100000| Untracked 
| 978|0x00000000bd200000, 0x00000000bd200000, 0x00000000bd300000|  0%| F|  |TAMS 0x00000000bd200000| PB 0x00000000bd200000| Untracked 
| 979|0x00000000bd300000, 0x00000000bd300000, 0x00000000bd400000|  0%| F|  |TAMS 0x00000000bd300000| PB 0x00000000bd300000| Untracked 
| 980|0x00000000bd400000, 0x00000000bd400000, 0x00000000bd500000|  0%| F|  |TAMS 0x00000000bd400000| PB 0x00000000bd400000| Untracked 
| 981|0x00000000bd500000, 0x00000000bd500000, 0x00000000bd600000|  0%| F|  |TAMS 0x00000000bd500000| PB 0x00000000bd500000| Untracked 
| 982|0x00000000bd600000, 0x00000000bd600000, 0x00000000bd700000|  0%| F|  |TAMS 0x00000000bd600000| PB 0x00000000bd600000| Untracked 
| 983|0x00000000bd700000, 0x00000000bd700000, 0x00000000bd800000|  0%| F|  |TAMS 0x00000000bd700000| PB 0x00000000bd700000| Untracked 
| 984|0x00000000bd800000, 0x00000000bd800000, 0x00000000bd900000|  0%| F|  |TAMS 0x00000000bd800000| PB 0x00000000bd800000| Untracked 
| 985|0x00000000bd900000, 0x00000000bd900000, 0x00000000bda00000|  0%| F|  |TAMS 0x00000000bd900000| PB 0x00000000bd900000| Untracked 
| 986|0x00000000bda00000, 0x00000000bda00000, 0x00000000bdb00000|  0%| F|  |TAMS 0x00000000bda00000| PB 0x00000000bda00000| Untracked 
| 987|0x00000000bdb00000, 0x00000000bdb00000, 0x00000000bdc00000|  0%| F|  |TAMS 0x00000000bdb00000| PB 0x00000000bdb00000| Untracked 
| 988|0x00000000bdc00000, 0x00000000bdc00000, 0x00000000bdd00000|  0%| F|  |TAMS 0x00000000bdc00000| PB 0x00000000bdc00000| Untracked 
| 989|0x00000000bdd00000, 0x00000000bdd00000, 0x00000000bde00000|  0%| F|  |TAMS 0x00000000bdd00000| PB 0x00000000bdd00000| Untracked 
| 990|0x00000000bde00000, 0x00000000bde00000, 0x00000000bdf00000|  0%| F|  |TAMS 0x00000000bde00000| PB 0x00000000bde00000| Untracked 
| 991|0x00000000bdf00000, 0x00000000bdf00000, 0x00000000be000000|  0%| F|  |TAMS 0x00000000bdf00000| PB 0x00000000bdf00000| Untracked 
| 992|0x00000000be000000, 0x00000000be000000, 0x00000000be100000|  0%| F|  |TAMS 0x00000000be000000| PB 0x00000000be000000| Untracked 
| 993|0x00000000be100000, 0x00000000be100000, 0x00000000be200000|  0%| F|  |TAMS 0x00000000be100000| PB 0x00000000be100000| Untracked 
| 994|0x00000000be200000, 0x00000000be200000, 0x00000000be300000|  0%| F|  |TAMS 0x00000000be200000| PB 0x00000000be200000| Untracked 
| 995|0x00000000be300000, 0x00000000be300000, 0x00000000be400000|  0%| F|  |TAMS 0x00000000be300000| PB 0x00000000be300000| Untracked 
| 996|0x00000000be400000, 0x00000000be400000, 0x00000000be500000|  0%| F|  |TAMS 0x00000000be400000| PB 0x00000000be400000| Untracked 
| 997|0x00000000be500000, 0x00000000be500000, 0x00000000be600000|  0%| F|  |TAMS 0x00000000be500000| PB 0x00000000be500000| Untracked 
| 998|0x00000000be600000, 0x00000000be600000, 0x00000000be700000|  0%| F|  |TAMS 0x00000000be600000| PB 0x00000000be600000| Untracked 
| 999|0x00000000be700000, 0x00000000be700000, 0x00000000be800000|  0%| F|  |TAMS 0x00000000be700000| PB 0x00000000be700000| Untracked 
|1000|0x00000000be800000, 0x00000000be800000, 0x00000000be900000|  0%| F|  |TAMS 0x00000000be800000| PB 0x00000000be800000| Untracked 
|1001|0x00000000be900000, 0x00000000be900000, 0x00000000bea00000|  0%| F|  |TAMS 0x00000000be900000| PB 0x00000000be900000| Untracked 
|1002|0x00000000bea00000, 0x00000000bea00000, 0x00000000beb00000|  0%| F|  |TAMS 0x00000000bea00000| PB 0x00000000bea00000| Untracked 
|1003|0x00000000beb00000, 0x00000000beb00000, 0x00000000bec00000|  0%| F|  |TAMS 0x00000000beb00000| PB 0x00000000beb00000| Untracked 
|1004|0x00000000bec00000, 0x00000000bec00000, 0x00000000bed00000|  0%| F|  |TAMS 0x00000000bec00000| PB 0x00000000bec00000| Untracked 
|1005|0x00000000bed00000, 0x00000000bed00000, 0x00000000bee00000|  0%| F|  |TAMS 0x00000000bed00000| PB 0x00000000bed00000| Untracked 
|1006|0x00000000bee00000, 0x00000000bee00000, 0x00000000bef00000|  0%| F|  |TAMS 0x00000000bee00000| PB 0x00000000bee00000| Untracked 
|1007|0x00000000bef00000, 0x00000000bef00000, 0x00000000bf000000|  0%| F|  |TAMS 0x00000000bef00000| PB 0x00000000bef00000| Untracked 
|1008|0x00000000bf000000, 0x00000000bf000000, 0x00000000bf100000|  0%| F|  |TAMS 0x00000000bf000000| PB 0x00000000bf000000| Untracked 
|1009|0x00000000bf100000, 0x00000000bf100000, 0x00000000bf200000|  0%| F|  |TAMS 0x00000000bf100000| PB 0x00000000bf100000| Untracked 
|1010|0x00000000bf200000, 0x00000000bf200000, 0x00000000bf300000|  0%| F|  |TAMS 0x00000000bf200000| PB 0x00000000bf200000| Untracked 
|1011|0x00000000bf300000, 0x00000000bf300000, 0x00000000bf400000|  0%| F|  |TAMS 0x00000000bf300000| PB 0x00000000bf300000| Untracked 
|1012|0x00000000bf400000, 0x00000000bf400000, 0x00000000bf500000|  0%| F|  |TAMS 0x00000000bf400000| PB 0x00000000bf400000| Untracked 
|1013|0x00000000bf500000, 0x00000000bf500000, 0x00000000bf600000|  0%| F|  |TAMS 0x00000000bf500000| PB 0x00000000bf500000| Untracked 
|1014|0x00000000bf600000, 0x00000000bf600000, 0x00000000bf700000|  0%| F|  |TAMS 0x00000000bf600000| PB 0x00000000bf600000| Untracked 
|1015|0x00000000bf700000, 0x00000000bf700000, 0x00000000bf800000|  0%| F|  |TAMS 0x00000000bf700000| PB 0x00000000bf700000| Untracked 
|1016|0x00000000bf800000, 0x00000000bf800000, 0x00000000bf900000|  0%| F|  |TAMS 0x00000000bf800000| PB 0x00000000bf800000| Untracked 
|1017|0x00000000bf900000, 0x00000000bfa00000, 0x00000000bfa00000|100%| O|Cm|TAMS 0x00000000bf900000| PB 0x00000000bf900000| Complete 
|1018|0x00000000bfa00000, 0x00000000bfa00000, 0x00000000bfb00000|  0%| F|  |TAMS 0x00000000bfa00000| PB 0x00000000bfa00000| Untracked 
|1019|0x00000000bfb00000, 0x00000000bfb00000, 0x00000000bfc00000|  0%| F|  |TAMS 0x00000000bfb00000| PB 0x00000000bfb00000| Untracked 
|1020|0x00000000bfc00000, 0x00000000bfc00000, 0x00000000bfd00000|  0%| F|  |TAMS 0x00000000bfc00000| PB 0x00000000bfc00000| Untracked 
|1021|0x00000000bfd00000, 0x00000000bfd00000, 0x00000000bfe00000|  0%| F|  |TAMS 0x00000000bfd00000| PB 0x00000000bfd00000| Untracked 
|1022|0x00000000bfe00000, 0x00000000bfe00000, 0x00000000bff00000|  0%| F|  |TAMS 0x00000000bfe00000| PB 0x00000000bfe00000| Untracked 
|1023|0x00000000bff00000, 0x00000000bff00000, 0x00000000c0000000|  0%| F|  |TAMS 0x00000000bff00000| PB 0x00000000bff00000| Untracked 
|1024|0x00000000c0000000, 0x00000000c0000000, 0x00000000c0100000|  0%| F|  |TAMS 0x00000000c0000000| PB 0x00000000c0000000| Untracked 
|1025|0x00000000c0100000, 0x00000000c0100000, 0x00000000c0200000|  0%| F|  |TAMS 0x00000000c0100000| PB 0x00000000c0100000| Untracked 
|1026|0x00000000c0200000, 0x00000000c0200000, 0x00000000c0300000|  0%| F|  |TAMS 0x00000000c0200000| PB 0x00000000c0200000| Untracked 
|1027|0x00000000c0300000, 0x00000000c0300000, 0x00000000c0400000|  0%| F|  |TAMS 0x00000000c0300000| PB 0x00000000c0300000| Untracked 
|1028|0x00000000c0400000, 0x00000000c0500000, 0x00000000c0500000|100%| O|Cm|TAMS 0x00000000c0400000| PB 0x00000000c0400000| Complete 
|1029|0x00000000c0500000, 0x00000000c0600000, 0x00000000c0600000|100%| O|Cm|TAMS 0x00000000c0500000| PB 0x00000000c0500000| Complete 
|1030|0x00000000c0600000, 0x00000000c0600000, 0x00000000c0700000|  0%| F|  |TAMS 0x00000000c0600000| PB 0x00000000c0600000| Untracked 
|1031|0x00000000c0700000, 0x00000000c0800000, 0x00000000c0800000|100%| O|Cm|TAMS 0x00000000c0700000| PB 0x00000000c0700000| Complete 
|1032|0x00000000c0800000, 0x00000000c0800000, 0x00000000c0900000|  0%| F|  |TAMS 0x00000000c0800000| PB 0x00000000c0800000| Untracked 
|1033|0x00000000c0900000, 0x00000000c0900000, 0x00000000c0a00000|  0%| F|  |TAMS 0x00000000c0900000| PB 0x00000000c0900000| Untracked 
|1034|0x00000000c0a00000, 0x00000000c0a00000, 0x00000000c0b00000|  0%| F|  |TAMS 0x00000000c0a00000| PB 0x00000000c0a00000| Untracked 
|1035|0x00000000c0b00000, 0x00000000c0b00000, 0x00000000c0c00000|  0%| F|  |TAMS 0x00000000c0b00000| PB 0x00000000c0b00000| Untracked 
|1036|0x00000000c0c00000, 0x00000000c0c00000, 0x00000000c0d00000|  0%| F|  |TAMS 0x00000000c0c00000| PB 0x00000000c0c00000| Untracked 
|1037|0x00000000c0d00000, 0x00000000c0e00000, 0x00000000c0e00000|100%| O|Cm|TAMS 0x00000000c0d00000| PB 0x00000000c0d00000| Complete 
|1038|0x00000000c0e00000, 0x00000000c0f00000, 0x00000000c0f00000|100%| O|  |TAMS 0x00000000c0e00000| PB 0x00000000c0e00000| Untracked 
|1039|0x00000000c0f00000, 0x00000000c0f00000, 0x00000000c1000000|  0%| F|  |TAMS 0x00000000c0f00000| PB 0x00000000c0f00000| Untracked 
|1040|0x00000000c1000000, 0x00000000c1000000, 0x00000000c1100000|  0%| F|  |TAMS 0x00000000c1000000| PB 0x00000000c1000000| Untracked 
|1041|0x00000000c1100000, 0x00000000c1100000, 0x00000000c1200000|  0%| F|  |TAMS 0x00000000c1100000| PB 0x00000000c1100000| Untracked 
|1042|0x00000000c1200000, 0x00000000c1200000, 0x00000000c1300000|  0%| F|  |TAMS 0x00000000c1200000| PB 0x00000000c1200000| Untracked 
|1043|0x00000000c1300000, 0x00000000c1300000, 0x00000000c1400000|  0%| F|  |TAMS 0x00000000c1300000| PB 0x00000000c1300000| Untracked 
|1044|0x00000000c1400000, 0x00000000c1400000, 0x00000000c1500000|  0%| F|  |TAMS 0x00000000c1400000| PB 0x00000000c1400000| Untracked 
|1045|0x00000000c1500000, 0x00000000c1500000, 0x00000000c1600000|  0%| F|  |TAMS 0x00000000c1500000| PB 0x00000000c1500000| Untracked 
|1046|0x00000000c1600000, 0x00000000c1600000, 0x00000000c1700000|  0%| F|  |TAMS 0x00000000c1600000| PB 0x00000000c1600000| Untracked 
|1047|0x00000000c1700000, 0x00000000c1700000, 0x00000000c1800000|  0%| F|  |TAMS 0x00000000c1700000| PB 0x00000000c1700000| Untracked 
|1048|0x00000000c1800000, 0x00000000c1800000, 0x00000000c1900000|  0%| F|  |TAMS 0x00000000c1800000| PB 0x00000000c1800000| Untracked 
|1049|0x00000000c1900000, 0x00000000c1900000, 0x00000000c1a00000|  0%| F|  |TAMS 0x00000000c1900000| PB 0x00000000c1900000| Untracked 
|1050|0x00000000c1a00000, 0x00000000c1a00000, 0x00000000c1b00000|  0%| F|  |TAMS 0x00000000c1a00000| PB 0x00000000c1a00000| Untracked 
|1051|0x00000000c1b00000, 0x00000000c1b00000, 0x00000000c1c00000|  0%| F|  |TAMS 0x00000000c1b00000| PB 0x00000000c1b00000| Untracked 
|1052|0x00000000c1c00000, 0x00000000c1c00000, 0x00000000c1d00000|  0%| F|  |TAMS 0x00000000c1c00000| PB 0x00000000c1c00000| Untracked 
|1053|0x00000000c1d00000, 0x00000000c1d00000, 0x00000000c1e00000|  0%| F|  |TAMS 0x00000000c1d00000| PB 0x00000000c1d00000| Untracked 
|1054|0x00000000c1e00000, 0x00000000c1e00000, 0x00000000c1f00000|  0%| F|  |TAMS 0x00000000c1e00000| PB 0x00000000c1e00000| Untracked 
|1055|0x00000000c1f00000, 0x00000000c1f00000, 0x00000000c2000000|  0%| F|  |TAMS 0x00000000c1f00000| PB 0x00000000c1f00000| Untracked 
|1056|0x00000000c2000000, 0x00000000c2000000, 0x00000000c2100000|  0%| F|  |TAMS 0x00000000c2000000| PB 0x00000000c2000000| Untracked 
|1057|0x00000000c2100000, 0x00000000c2100000, 0x00000000c2200000|  0%| F|  |TAMS 0x00000000c2100000| PB 0x00000000c2100000| Untracked 
|1058|0x00000000c2200000, 0x00000000c2200000, 0x00000000c2300000|  0%| F|  |TAMS 0x00000000c2200000| PB 0x00000000c2200000| Untracked 
|1059|0x00000000c2300000, 0x00000000c2300000, 0x00000000c2400000|  0%| F|  |TAMS 0x00000000c2300000| PB 0x00000000c2300000| Untracked 
|1060|0x00000000c2400000, 0x00000000c2400000, 0x00000000c2500000|  0%| F|  |TAMS 0x00000000c2400000| PB 0x00000000c2400000| Untracked 
|1061|0x00000000c2500000, 0x00000000c2500000, 0x00000000c2600000|  0%| F|  |TAMS 0x00000000c2500000| PB 0x00000000c2500000| Untracked 
|1062|0x00000000c2600000, 0x00000000c2600000, 0x00000000c2700000|  0%| F|  |TAMS 0x00000000c2600000| PB 0x00000000c2600000| Untracked 
|1063|0x00000000c2700000, 0x00000000c2700000, 0x00000000c2800000|  0%| F|  |TAMS 0x00000000c2700000| PB 0x00000000c2700000| Untracked 
|1064|0x00000000c2800000, 0x00000000c2800000, 0x00000000c2900000|  0%| F|  |TAMS 0x00000000c2800000| PB 0x00000000c2800000| Untracked 
|1065|0x00000000c2900000, 0x00000000c2900000, 0x00000000c2a00000|  0%| F|  |TAMS 0x00000000c2900000| PB 0x00000000c2900000| Untracked 
|1066|0x00000000c2a00000, 0x00000000c2a00000, 0x00000000c2b00000|  0%| F|  |TAMS 0x00000000c2a00000| PB 0x00000000c2a00000| Untracked 
|1067|0x00000000c2b00000, 0x00000000c2b00000, 0x00000000c2c00000|  0%| F|  |TAMS 0x00000000c2b00000| PB 0x00000000c2b00000| Untracked 
|1068|0x00000000c2c00000, 0x00000000c2c00000, 0x00000000c2d00000|  0%| F|  |TAMS 0x00000000c2c00000| PB 0x00000000c2c00000| Untracked 
|1069|0x00000000c2d00000, 0x00000000c2d00000, 0x00000000c2e00000|  0%| F|  |TAMS 0x00000000c2d00000| PB 0x00000000c2d00000| Untracked 
|1070|0x00000000c2e00000, 0x00000000c2e00000, 0x00000000c2f00000|  0%| F|  |TAMS 0x00000000c2e00000| PB 0x00000000c2e00000| Untracked 
|1071|0x00000000c2f00000, 0x00000000c2f00000, 0x00000000c3000000|  0%| F|  |TAMS 0x00000000c2f00000| PB 0x00000000c2f00000| Untracked 
|1072|0x00000000c3000000, 0x00000000c3000000, 0x00000000c3100000|  0%| F|  |TAMS 0x00000000c3000000| PB 0x00000000c3000000| Untracked 
|1073|0x00000000c3100000, 0x00000000c3100000, 0x00000000c3200000|  0%| F|  |TAMS 0x00000000c3100000| PB 0x00000000c3100000| Untracked 
|1074|0x00000000c3200000, 0x00000000c3200000, 0x00000000c3300000|  0%| F|  |TAMS 0x00000000c3200000| PB 0x00000000c3200000| Untracked 
|1075|0x00000000c3300000, 0x00000000c3300000, 0x00000000c3400000|  0%| F|  |TAMS 0x00000000c3300000| PB 0x00000000c3300000| Untracked 
|1076|0x00000000c3400000, 0x00000000c3400000, 0x00000000c3500000|  0%| F|  |TAMS 0x00000000c3400000| PB 0x00000000c3400000| Untracked 
|1077|0x00000000c3500000, 0x00000000c3500000, 0x00000000c3600000|  0%| F|  |TAMS 0x00000000c3500000| PB 0x00000000c3500000| Untracked 
|1078|0x00000000c3600000, 0x00000000c3600000, 0x00000000c3700000|  0%| F|  |TAMS 0x00000000c3600000| PB 0x00000000c3600000| Untracked 
|1079|0x00000000c3700000, 0x00000000c3700000, 0x00000000c3800000|  0%| F|  |TAMS 0x00000000c3700000| PB 0x00000000c3700000| Untracked 
|1080|0x00000000c3800000, 0x00000000c3800000, 0x00000000c3900000|  0%| F|  |TAMS 0x00000000c3800000| PB 0x00000000c3800000| Untracked 
|1081|0x00000000c3900000, 0x00000000c3900000, 0x00000000c3a00000|  0%| F|  |TAMS 0x00000000c3900000| PB 0x00000000c3900000| Untracked 
|1082|0x00000000c3a00000, 0x00000000c3a00000, 0x00000000c3b00000|  0%| F|  |TAMS 0x00000000c3a00000| PB 0x00000000c3a00000| Untracked 
|1083|0x00000000c3b00000, 0x00000000c3b00000, 0x00000000c3c00000|  0%| F|  |TAMS 0x00000000c3b00000| PB 0x00000000c3b00000| Untracked 
|1084|0x00000000c3c00000, 0x00000000c3c00000, 0x00000000c3d00000|  0%| F|  |TAMS 0x00000000c3c00000| PB 0x00000000c3c00000| Untracked 
|1085|0x00000000c3d00000, 0x00000000c3d00000, 0x00000000c3e00000|  0%| F|  |TAMS 0x00000000c3d00000| PB 0x00000000c3d00000| Untracked 
|1086|0x00000000c3e00000, 0x00000000c3e00000, 0x00000000c3f00000|  0%| F|  |TAMS 0x00000000c3e00000| PB 0x00000000c3e00000| Untracked 
|1087|0x00000000c3f00000, 0x00000000c3f00000, 0x00000000c4000000|  0%| F|  |TAMS 0x00000000c3f00000| PB 0x00000000c3f00000| Untracked 
|1088|0x00000000c4000000, 0x00000000c4000000, 0x00000000c4100000|  0%| F|  |TAMS 0x00000000c4000000| PB 0x00000000c4000000| Untracked 
|1089|0x00000000c4100000, 0x00000000c4100000, 0x00000000c4200000|  0%| F|  |TAMS 0x00000000c4100000| PB 0x00000000c4100000| Untracked 
|1090|0x00000000c4200000, 0x00000000c4200000, 0x00000000c4300000|  0%| F|  |TAMS 0x00000000c4200000| PB 0x00000000c4200000| Untracked 
|1091|0x00000000c4300000, 0x00000000c4300000, 0x00000000c4400000|  0%| F|  |TAMS 0x00000000c4300000| PB 0x00000000c4300000| Untracked 
|1092|0x00000000c4400000, 0x00000000c4400000, 0x00000000c4500000|  0%| F|  |TAMS 0x00000000c4400000| PB 0x00000000c4400000| Untracked 
|1093|0x00000000c4500000, 0x00000000c4500000, 0x00000000c4600000|  0%| F|  |TAMS 0x00000000c4500000| PB 0x00000000c4500000| Untracked 
|1094|0x00000000c4600000, 0x00000000c4600000, 0x00000000c4700000|  0%| F|  |TAMS 0x00000000c4600000| PB 0x00000000c4600000| Untracked 
|1095|0x00000000c4700000, 0x00000000c4700000, 0x00000000c4800000|  0%| F|  |TAMS 0x00000000c4700000| PB 0x00000000c4700000| Untracked 
|1096|0x00000000c4800000, 0x00000000c4800000, 0x00000000c4900000|  0%| F|  |TAMS 0x00000000c4800000| PB 0x00000000c4800000| Untracked 
|1097|0x00000000c4900000, 0x00000000c4900000, 0x00000000c4a00000|  0%| F|  |TAMS 0x00000000c4900000| PB 0x00000000c4900000| Untracked 
|1098|0x00000000c4a00000, 0x00000000c4a00000, 0x00000000c4b00000|  0%| F|  |TAMS 0x00000000c4a00000| PB 0x00000000c4a00000| Untracked 
|1099|0x00000000c4b00000, 0x00000000c4b00000, 0x00000000c4c00000|  0%| F|  |TAMS 0x00000000c4b00000| PB 0x00000000c4b00000| Untracked 
|1100|0x00000000c4c00000, 0x00000000c4c00000, 0x00000000c4d00000|  0%| F|  |TAMS 0x00000000c4c00000| PB 0x00000000c4c00000| Untracked 
|1101|0x00000000c4d00000, 0x00000000c4d00000, 0x00000000c4e00000|  0%| F|  |TAMS 0x00000000c4d00000| PB 0x00000000c4d00000| Untracked 
|1102|0x00000000c4e00000, 0x00000000c4e00000, 0x00000000c4f00000|  0%| F|  |TAMS 0x00000000c4e00000| PB 0x00000000c4e00000| Untracked 
|1103|0x00000000c4f00000, 0x00000000c4f00000, 0x00000000c5000000|  0%| F|  |TAMS 0x00000000c4f00000| PB 0x00000000c4f00000| Untracked 
|1104|0x00000000c5000000, 0x00000000c5000000, 0x00000000c5100000|  0%| F|  |TAMS 0x00000000c5000000| PB 0x00000000c5000000| Untracked 
|1105|0x00000000c5100000, 0x00000000c5100000, 0x00000000c5200000|  0%| F|  |TAMS 0x00000000c5100000| PB 0x00000000c5100000| Untracked 
|1106|0x00000000c5200000, 0x00000000c5200000, 0x00000000c5300000|  0%| F|  |TAMS 0x00000000c5200000| PB 0x00000000c5200000| Untracked 
|1107|0x00000000c5300000, 0x00000000c5300000, 0x00000000c5400000|  0%| F|  |TAMS 0x00000000c5300000| PB 0x00000000c5300000| Untracked 
|1108|0x00000000c5400000, 0x00000000c5400000, 0x00000000c5500000|  0%| F|  |TAMS 0x00000000c5400000| PB 0x00000000c5400000| Untracked 
|1109|0x00000000c5500000, 0x00000000c5500000, 0x00000000c5600000|  0%| F|  |TAMS 0x00000000c5500000| PB 0x00000000c5500000| Untracked 
|1110|0x00000000c5600000, 0x00000000c5600000, 0x00000000c5700000|  0%| F|  |TAMS 0x00000000c5600000| PB 0x00000000c5600000| Untracked 
|1111|0x00000000c5700000, 0x00000000c5700000, 0x00000000c5800000|  0%| F|  |TAMS 0x00000000c5700000| PB 0x00000000c5700000| Untracked 
|1112|0x00000000c5800000, 0x00000000c5800000, 0x00000000c5900000|  0%| F|  |TAMS 0x00000000c5800000| PB 0x00000000c5800000| Untracked 
|1113|0x00000000c5900000, 0x00000000c5900000, 0x00000000c5a00000|  0%| F|  |TAMS 0x00000000c5900000| PB 0x00000000c5900000| Untracked 
|1114|0x00000000c5a00000, 0x00000000c5a00000, 0x00000000c5b00000|  0%| F|  |TAMS 0x00000000c5a00000| PB 0x00000000c5a00000| Untracked 
|1115|0x00000000c5b00000, 0x00000000c5b00000, 0x00000000c5c00000|  0%| F|  |TAMS 0x00000000c5b00000| PB 0x00000000c5b00000| Untracked 
|1116|0x00000000c5c00000, 0x00000000c5c00000, 0x00000000c5d00000|  0%| F|  |TAMS 0x00000000c5c00000| PB 0x00000000c5c00000| Untracked 
|1117|0x00000000c5d00000, 0x00000000c5d00000, 0x00000000c5e00000|  0%| F|  |TAMS 0x00000000c5d00000| PB 0x00000000c5d00000| Untracked 
|1118|0x00000000c5e00000, 0x00000000c5e00000, 0x00000000c5f00000|  0%| F|  |TAMS 0x00000000c5e00000| PB 0x00000000c5e00000| Untracked 
|1119|0x00000000c5f00000, 0x00000000c5f00000, 0x00000000c6000000|  0%| F|  |TAMS 0x00000000c5f00000| PB 0x00000000c5f00000| Untracked 
|1120|0x00000000c6000000, 0x00000000c6000000, 0x00000000c6100000|  0%| F|  |TAMS 0x00000000c6000000| PB 0x00000000c6000000| Untracked 
|1121|0x00000000c6100000, 0x00000000c6100000, 0x00000000c6200000|  0%| F|  |TAMS 0x00000000c6100000| PB 0x00000000c6100000| Untracked 
|1122|0x00000000c6200000, 0x00000000c6200000, 0x00000000c6300000|  0%| F|  |TAMS 0x00000000c6200000| PB 0x00000000c6200000| Untracked 
|1123|0x00000000c6300000, 0x00000000c6300000, 0x00000000c6400000|  0%| F|  |TAMS 0x00000000c6300000| PB 0x00000000c6300000| Untracked 
|1124|0x00000000c6400000, 0x00000000c6400000, 0x00000000c6500000|  0%| F|  |TAMS 0x00000000c6400000| PB 0x00000000c6400000| Untracked 
|1125|0x00000000c6500000, 0x00000000c6500000, 0x00000000c6600000|  0%| F|  |TAMS 0x00000000c6500000| PB 0x00000000c6500000| Untracked 
|1126|0x00000000c6600000, 0x00000000c6600000, 0x00000000c6700000|  0%| F|  |TAMS 0x00000000c6600000| PB 0x00000000c6600000| Untracked 
|1127|0x00000000c6700000, 0x00000000c6700000, 0x00000000c6800000|  0%| F|  |TAMS 0x00000000c6700000| PB 0x00000000c6700000| Untracked 
|1128|0x00000000c6800000, 0x00000000c6800000, 0x00000000c6900000|  0%| F|  |TAMS 0x00000000c6800000| PB 0x00000000c6800000| Untracked 
|1129|0x00000000c6900000, 0x00000000c6900000, 0x00000000c6a00000|  0%| F|  |TAMS 0x00000000c6900000| PB 0x00000000c6900000| Untracked 
|1130|0x00000000c6a00000, 0x00000000c6a00000, 0x00000000c6b00000|  0%| F|  |TAMS 0x00000000c6a00000| PB 0x00000000c6a00000| Untracked 
|1131|0x00000000c6b00000, 0x00000000c6b00000, 0x00000000c6c00000|  0%| F|  |TAMS 0x00000000c6b00000| PB 0x00000000c6b00000| Untracked 
|1132|0x00000000c6c00000, 0x00000000c6c00000, 0x00000000c6d00000|  0%| F|  |TAMS 0x00000000c6c00000| PB 0x00000000c6c00000| Untracked 
|1133|0x00000000c6d00000, 0x00000000c6d00000, 0x00000000c6e00000|  0%| F|  |TAMS 0x00000000c6d00000| PB 0x00000000c6d00000| Untracked 
|1134|0x00000000c6e00000, 0x00000000c6e00000, 0x00000000c6f00000|  0%| F|  |TAMS 0x00000000c6e00000| PB 0x00000000c6e00000| Untracked 
|1135|0x00000000c6f00000, 0x00000000c6f00000, 0x00000000c7000000|  0%| F|  |TAMS 0x00000000c6f00000| PB 0x00000000c6f00000| Untracked 
|1136|0x00000000c7000000, 0x00000000c7000000, 0x00000000c7100000|  0%| F|  |TAMS 0x00000000c7000000| PB 0x00000000c7000000| Untracked 
|1137|0x00000000c7100000, 0x00000000c7100000, 0x00000000c7200000|  0%| F|  |TAMS 0x00000000c7100000| PB 0x00000000c7100000| Untracked 
|1138|0x00000000c7200000, 0x00000000c7200000, 0x00000000c7300000|  0%| F|  |TAMS 0x00000000c7200000| PB 0x00000000c7200000| Untracked 
|1139|0x00000000c7300000, 0x00000000c7300000, 0x00000000c7400000|  0%| F|  |TAMS 0x00000000c7300000| PB 0x00000000c7300000| Untracked 
|1140|0x00000000c7400000, 0x00000000c7400000, 0x00000000c7500000|  0%| F|  |TAMS 0x00000000c7400000| PB 0x00000000c7400000| Untracked 
|1141|0x00000000c7500000, 0x00000000c7500000, 0x00000000c7600000|  0%| F|  |TAMS 0x00000000c7500000| PB 0x00000000c7500000| Untracked 
|1142|0x00000000c7600000, 0x00000000c7600000, 0x00000000c7700000|  0%| F|  |TAMS 0x00000000c7600000| PB 0x00000000c7600000| Untracked 
|1143|0x00000000c7700000, 0x00000000c7700000, 0x00000000c7800000|  0%| F|  |TAMS 0x00000000c7700000| PB 0x00000000c7700000| Untracked 
|1144|0x00000000c7800000, 0x00000000c7800000, 0x00000000c7900000|  0%| F|  |TAMS 0x00000000c7800000| PB 0x00000000c7800000| Untracked 
|1145|0x00000000c7900000, 0x00000000c7900000, 0x00000000c7a00000|  0%| F|  |TAMS 0x00000000c7900000| PB 0x00000000c7900000| Untracked 
|1146|0x00000000c7a00000, 0x00000000c7a00000, 0x00000000c7b00000|  0%| F|  |TAMS 0x00000000c7a00000| PB 0x00000000c7a00000| Untracked 
|1147|0x00000000c7b00000, 0x00000000c7b00000, 0x00000000c7c00000|  0%| F|  |TAMS 0x00000000c7b00000| PB 0x00000000c7b00000| Untracked 
|1148|0x00000000c7c00000, 0x00000000c7c00000, 0x00000000c7d00000|  0%| F|  |TAMS 0x00000000c7c00000| PB 0x00000000c7c00000| Untracked 
|1149|0x00000000c7d00000, 0x00000000c7d00000, 0x00000000c7e00000|  0%| F|  |TAMS 0x00000000c7d00000| PB 0x00000000c7d00000| Untracked 
|1150|0x00000000c7e00000, 0x00000000c7e00000, 0x00000000c7f00000|  0%| F|  |TAMS 0x00000000c7e00000| PB 0x00000000c7e00000| Untracked 
|1151|0x00000000c7f00000, 0x00000000c7f00000, 0x00000000c8000000|  0%| F|  |TAMS 0x00000000c7f00000| PB 0x00000000c7f00000| Untracked 
|1152|0x00000000c8000000, 0x00000000c8000000, 0x00000000c8100000|  0%| F|  |TAMS 0x00000000c8000000| PB 0x00000000c8000000| Untracked 
|1153|0x00000000c8100000, 0x00000000c8100000, 0x00000000c8200000|  0%| F|  |TAMS 0x00000000c8100000| PB 0x00000000c8100000| Untracked 
|1154|0x00000000c8200000, 0x00000000c8200000, 0x00000000c8300000|  0%| F|  |TAMS 0x00000000c8200000| PB 0x00000000c8200000| Untracked 
|1155|0x00000000c8300000, 0x00000000c8300000, 0x00000000c8400000|  0%| F|  |TAMS 0x00000000c8300000| PB 0x00000000c8300000| Untracked 
|1156|0x00000000c8400000, 0x00000000c8400000, 0x00000000c8500000|  0%| F|  |TAMS 0x00000000c8400000| PB 0x00000000c8400000| Untracked 
|1157|0x00000000c8500000, 0x00000000c8500000, 0x00000000c8600000|  0%| F|  |TAMS 0x00000000c8500000| PB 0x00000000c8500000| Untracked 
|1158|0x00000000c8600000, 0x00000000c8600000, 0x00000000c8700000|  0%| F|  |TAMS 0x00000000c8600000| PB 0x00000000c8600000| Untracked 
|1159|0x00000000c8700000, 0x00000000c8700000, 0x00000000c8800000|  0%| F|  |TAMS 0x00000000c8700000| PB 0x00000000c8700000| Untracked 
|1160|0x00000000c8800000, 0x00000000c8800000, 0x00000000c8900000|  0%| F|  |TAMS 0x00000000c8800000| PB 0x00000000c8800000| Untracked 
|1161|0x00000000c8900000, 0x00000000c8900000, 0x00000000c8a00000|  0%| F|  |TAMS 0x00000000c8900000| PB 0x00000000c8900000| Untracked 
|1162|0x00000000c8a00000, 0x00000000c8a00000, 0x00000000c8b00000|  0%| F|  |TAMS 0x00000000c8a00000| PB 0x00000000c8a00000| Untracked 
|1163|0x00000000c8b00000, 0x00000000c8b00000, 0x00000000c8c00000|  0%| F|  |TAMS 0x00000000c8b00000| PB 0x00000000c8b00000| Untracked 
|1164|0x00000000c8c00000, 0x00000000c8c00000, 0x00000000c8d00000|  0%| F|  |TAMS 0x00000000c8c00000| PB 0x00000000c8c00000| Untracked 
|1165|0x00000000c8d00000, 0x00000000c8d00000, 0x00000000c8e00000|  0%| F|  |TAMS 0x00000000c8d00000| PB 0x00000000c8d00000| Untracked 
|1166|0x00000000c8e00000, 0x00000000c8e00000, 0x00000000c8f00000|  0%| F|  |TAMS 0x00000000c8e00000| PB 0x00000000c8e00000| Untracked 
|1167|0x00000000c8f00000, 0x00000000c8f00000, 0x00000000c9000000|  0%| F|  |TAMS 0x00000000c8f00000| PB 0x00000000c8f00000| Untracked 
|1168|0x00000000c9000000, 0x00000000c9000000, 0x00000000c9100000|  0%| F|  |TAMS 0x00000000c9000000| PB 0x00000000c9000000| Untracked 
|1169|0x00000000c9100000, 0x00000000c9100000, 0x00000000c9200000|  0%| F|  |TAMS 0x00000000c9100000| PB 0x00000000c9100000| Untracked 
|1170|0x00000000c9200000, 0x00000000c9200000, 0x00000000c9300000|  0%| F|  |TAMS 0x00000000c9200000| PB 0x00000000c9200000| Untracked 
|1171|0x00000000c9300000, 0x00000000c9300000, 0x00000000c9400000|  0%| F|  |TAMS 0x00000000c9300000| PB 0x00000000c9300000| Untracked 
|1172|0x00000000c9400000, 0x00000000c9400000, 0x00000000c9500000|  0%| F|  |TAMS 0x00000000c9400000| PB 0x00000000c9400000| Untracked 
|1173|0x00000000c9500000, 0x00000000c9500000, 0x00000000c9600000|  0%| F|  |TAMS 0x00000000c9500000| PB 0x00000000c9500000| Untracked 
|1174|0x00000000c9600000, 0x00000000c9600000, 0x00000000c9700000|  0%| F|  |TAMS 0x00000000c9600000| PB 0x00000000c9600000| Untracked 
|1175|0x00000000c9700000, 0x00000000c9700000, 0x00000000c9800000|  0%| F|  |TAMS 0x00000000c9700000| PB 0x00000000c9700000| Untracked 
|1176|0x00000000c9800000, 0x00000000c9800000, 0x00000000c9900000|  0%| F|  |TAMS 0x00000000c9800000| PB 0x00000000c9800000| Untracked 
|1177|0x00000000c9900000, 0x00000000c9900000, 0x00000000c9a00000|  0%| F|  |TAMS 0x00000000c9900000| PB 0x00000000c9900000| Untracked 
|1178|0x00000000c9a00000, 0x00000000c9a00000, 0x00000000c9b00000|  0%| F|  |TAMS 0x00000000c9a00000| PB 0x00000000c9a00000| Untracked 
|1179|0x00000000c9b00000, 0x00000000c9b00000, 0x00000000c9c00000|  0%| F|  |TAMS 0x00000000c9b00000| PB 0x00000000c9b00000| Untracked 
|1180|0x00000000c9c00000, 0x00000000c9c00000, 0x00000000c9d00000|  0%| F|  |TAMS 0x00000000c9c00000| PB 0x00000000c9c00000| Untracked 
|1181|0x00000000c9d00000, 0x00000000c9d00000, 0x00000000c9e00000|  0%| F|  |TAMS 0x00000000c9d00000| PB 0x00000000c9d00000| Untracked 
|1182|0x00000000c9e00000, 0x00000000c9e00000, 0x00000000c9f00000|  0%| F|  |TAMS 0x00000000c9e00000| PB 0x00000000c9e00000| Untracked 
|1183|0x00000000c9f00000, 0x00000000c9f00000, 0x00000000ca000000|  0%| F|  |TAMS 0x00000000c9f00000| PB 0x00000000c9f00000| Untracked 
|1184|0x00000000ca000000, 0x00000000ca000000, 0x00000000ca100000|  0%| F|  |TAMS 0x00000000ca000000| PB 0x00000000ca000000| Untracked 
|1185|0x00000000ca100000, 0x00000000ca100000, 0x00000000ca200000|  0%| F|  |TAMS 0x00000000ca100000| PB 0x00000000ca100000| Untracked 
|1186|0x00000000ca200000, 0x00000000ca200000, 0x00000000ca300000|  0%| F|  |TAMS 0x00000000ca200000| PB 0x00000000ca200000| Untracked 
|1187|0x00000000ca300000, 0x00000000ca300000, 0x00000000ca400000|  0%| F|  |TAMS 0x00000000ca300000| PB 0x00000000ca300000| Untracked 
|1188|0x00000000ca400000, 0x00000000ca400000, 0x00000000ca500000|  0%| F|  |TAMS 0x00000000ca400000| PB 0x00000000ca400000| Untracked 
|1189|0x00000000ca500000, 0x00000000ca500000, 0x00000000ca600000|  0%| F|  |TAMS 0x00000000ca500000| PB 0x00000000ca500000| Untracked 
|1190|0x00000000ca600000, 0x00000000ca600000, 0x00000000ca700000|  0%| F|  |TAMS 0x00000000ca600000| PB 0x00000000ca600000| Untracked 
|1191|0x00000000ca700000, 0x00000000ca700000, 0x00000000ca800000|  0%| F|  |TAMS 0x00000000ca700000| PB 0x00000000ca700000| Untracked 
|1192|0x00000000ca800000, 0x00000000ca800000, 0x00000000ca900000|  0%| F|  |TAMS 0x00000000ca800000| PB 0x00000000ca800000| Untracked 
|1193|0x00000000ca900000, 0x00000000ca900000, 0x00000000caa00000|  0%| F|  |TAMS 0x00000000ca900000| PB 0x00000000ca900000| Untracked 
|1194|0x00000000caa00000, 0x00000000caa00000, 0x00000000cab00000|  0%| F|  |TAMS 0x00000000caa00000| PB 0x00000000caa00000| Untracked 
|1195|0x00000000cab00000, 0x00000000cab00000, 0x00000000cac00000|  0%| F|  |TAMS 0x00000000cab00000| PB 0x00000000cab00000| Untracked 
|1196|0x00000000cac00000, 0x00000000cac00000, 0x00000000cad00000|  0%| F|  |TAMS 0x00000000cac00000| PB 0x00000000cac00000| Untracked 
|1197|0x00000000cad00000, 0x00000000cad00000, 0x00000000cae00000|  0%| F|  |TAMS 0x00000000cad00000| PB 0x00000000cad00000| Untracked 
|1198|0x00000000cae00000, 0x00000000cae00000, 0x00000000caf00000|  0%| F|  |TAMS 0x00000000cae00000| PB 0x00000000cae00000| Untracked 
|1199|0x00000000caf00000, 0x00000000caf00000, 0x00000000cb000000|  0%| F|  |TAMS 0x00000000caf00000| PB 0x00000000caf00000| Untracked 
|1200|0x00000000cb000000, 0x00000000cb000000, 0x00000000cb100000|  0%| F|  |TAMS 0x00000000cb000000| PB 0x00000000cb000000| Untracked 
|1201|0x00000000cb100000, 0x00000000cb100000, 0x00000000cb200000|  0%| F|  |TAMS 0x00000000cb100000| PB 0x00000000cb100000| Untracked 
|1202|0x00000000cb200000, 0x00000000cb200000, 0x00000000cb300000|  0%| F|  |TAMS 0x00000000cb200000| PB 0x00000000cb200000| Untracked 
|1203|0x00000000cb300000, 0x00000000cb300000, 0x00000000cb400000|  0%| F|  |TAMS 0x00000000cb300000| PB 0x00000000cb300000| Untracked 
|1204|0x00000000cb400000, 0x00000000cb400000, 0x00000000cb500000|  0%| F|  |TAMS 0x00000000cb400000| PB 0x00000000cb400000| Untracked 
|1205|0x00000000cb500000, 0x00000000cb500000, 0x00000000cb600000|  0%| F|  |TAMS 0x00000000cb500000| PB 0x00000000cb500000| Untracked 
|1206|0x00000000cb600000, 0x00000000cb600000, 0x00000000cb700000|  0%| F|  |TAMS 0x00000000cb600000| PB 0x00000000cb600000| Untracked 
|1207|0x00000000cb700000, 0x00000000cb700000, 0x00000000cb800000|  0%| F|  |TAMS 0x00000000cb700000| PB 0x00000000cb700000| Untracked 
|1208|0x00000000cb800000, 0x00000000cb800000, 0x00000000cb900000|  0%| F|  |TAMS 0x00000000cb800000| PB 0x00000000cb800000| Untracked 
|1209|0x00000000cb900000, 0x00000000cb900000, 0x00000000cba00000|  0%| F|  |TAMS 0x00000000cb900000| PB 0x00000000cb900000| Untracked 
|1210|0x00000000cba00000, 0x00000000cba00000, 0x00000000cbb00000|  0%| F|  |TAMS 0x00000000cba00000| PB 0x00000000cba00000| Untracked 
|1211|0x00000000cbb00000, 0x00000000cbb00000, 0x00000000cbc00000|  0%| F|  |TAMS 0x00000000cbb00000| PB 0x00000000cbb00000| Untracked 
|1212|0x00000000cbc00000, 0x00000000cbc00000, 0x00000000cbd00000|  0%| F|  |TAMS 0x00000000cbc00000| PB 0x00000000cbc00000| Untracked 
|1213|0x00000000cbd00000, 0x00000000cbd00000, 0x00000000cbe00000|  0%| F|  |TAMS 0x00000000cbd00000| PB 0x00000000cbd00000| Untracked 
|1214|0x00000000cbe00000, 0x00000000cbe00000, 0x00000000cbf00000|  0%| F|  |TAMS 0x00000000cbe00000| PB 0x00000000cbe00000| Untracked 
|1215|0x00000000cbf00000, 0x00000000cbf00000, 0x00000000cc000000|  0%| F|  |TAMS 0x00000000cbf00000| PB 0x00000000cbf00000| Untracked 
|1216|0x00000000cc000000, 0x00000000cc000000, 0x00000000cc100000|  0%| F|  |TAMS 0x00000000cc000000| PB 0x00000000cc000000| Untracked 
|1217|0x00000000cc100000, 0x00000000cc100000, 0x00000000cc200000|  0%| F|  |TAMS 0x00000000cc100000| PB 0x00000000cc100000| Untracked 
|1218|0x00000000cc200000, 0x00000000cc200000, 0x00000000cc300000|  0%| F|  |TAMS 0x00000000cc200000| PB 0x00000000cc200000| Untracked 
|1219|0x00000000cc300000, 0x00000000cc300000, 0x00000000cc400000|  0%| F|  |TAMS 0x00000000cc300000| PB 0x00000000cc300000| Untracked 
|1220|0x00000000cc400000, 0x00000000cc400000, 0x00000000cc500000|  0%| F|  |TAMS 0x00000000cc400000| PB 0x00000000cc400000| Untracked 
|1221|0x00000000cc500000, 0x00000000cc500000, 0x00000000cc600000|  0%| F|  |TAMS 0x00000000cc500000| PB 0x00000000cc500000| Untracked 
|1222|0x00000000cc600000, 0x00000000cc600000, 0x00000000cc700000|  0%| F|  |TAMS 0x00000000cc600000| PB 0x00000000cc600000| Untracked 
|1223|0x00000000cc700000, 0x00000000cc700000, 0x00000000cc800000|  0%| F|  |TAMS 0x00000000cc700000| PB 0x00000000cc700000| Untracked 
|1224|0x00000000cc800000, 0x00000000cc800000, 0x00000000cc900000|  0%| F|  |TAMS 0x00000000cc800000| PB 0x00000000cc800000| Untracked 
|1225|0x00000000cc900000, 0x00000000cc900000, 0x00000000cca00000|  0%| F|  |TAMS 0x00000000cc900000| PB 0x00000000cc900000| Untracked 
|1226|0x00000000cca00000, 0x00000000cca00000, 0x00000000ccb00000|  0%| F|  |TAMS 0x00000000cca00000| PB 0x00000000cca00000| Untracked 
|1227|0x00000000ccb00000, 0x00000000ccb00000, 0x00000000ccc00000|  0%| F|  |TAMS 0x00000000ccb00000| PB 0x00000000ccb00000| Untracked 
|1228|0x00000000ccc00000, 0x00000000ccc00000, 0x00000000ccd00000|  0%| F|  |TAMS 0x00000000ccc00000| PB 0x00000000ccc00000| Untracked 
|1229|0x00000000ccd00000, 0x00000000ccd00000, 0x00000000cce00000|  0%| F|  |TAMS 0x00000000ccd00000| PB 0x00000000ccd00000| Untracked 
|1230|0x00000000cce00000, 0x00000000cce00000, 0x00000000ccf00000|  0%| F|  |TAMS 0x00000000cce00000| PB 0x00000000cce00000| Untracked 
|1231|0x00000000ccf00000, 0x00000000ccf00000, 0x00000000cd000000|  0%| F|  |TAMS 0x00000000ccf00000| PB 0x00000000ccf00000| Untracked 
|1232|0x00000000cd000000, 0x00000000cd000000, 0x00000000cd100000|  0%| F|  |TAMS 0x00000000cd000000| PB 0x00000000cd000000| Untracked 
|1233|0x00000000cd100000, 0x00000000cd100000, 0x00000000cd200000|  0%| F|  |TAMS 0x00000000cd100000| PB 0x00000000cd100000| Untracked 
|1234|0x00000000cd200000, 0x00000000cd200000, 0x00000000cd300000|  0%| F|  |TAMS 0x00000000cd200000| PB 0x00000000cd200000| Untracked 
|1235|0x00000000cd300000, 0x00000000cd300000, 0x00000000cd400000|  0%| F|  |TAMS 0x00000000cd300000| PB 0x00000000cd300000| Untracked 
|1236|0x00000000cd400000, 0x00000000cd400000, 0x00000000cd500000|  0%| F|  |TAMS 0x00000000cd400000| PB 0x00000000cd400000| Untracked 
|1237|0x00000000cd500000, 0x00000000cd500000, 0x00000000cd600000|  0%| F|  |TAMS 0x00000000cd500000| PB 0x00000000cd500000| Untracked 
|1238|0x00000000cd600000, 0x00000000cd600000, 0x00000000cd700000|  0%| F|  |TAMS 0x00000000cd600000| PB 0x00000000cd600000| Untracked 
|1239|0x00000000cd700000, 0x00000000cd700000, 0x00000000cd800000|  0%| F|  |TAMS 0x00000000cd700000| PB 0x00000000cd700000| Untracked 
|1240|0x00000000cd800000, 0x00000000cd800000, 0x00000000cd900000|  0%| F|  |TAMS 0x00000000cd800000| PB 0x00000000cd800000| Untracked 
|1241|0x00000000cd900000, 0x00000000cd900000, 0x00000000cda00000|  0%| F|  |TAMS 0x00000000cd900000| PB 0x00000000cd900000| Untracked 
|1242|0x00000000cda00000, 0x00000000cda00000, 0x00000000cdb00000|  0%| F|  |TAMS 0x00000000cda00000| PB 0x00000000cda00000| Untracked 
|1243|0x00000000cdb00000, 0x00000000cdb00000, 0x00000000cdc00000|  0%| F|  |TAMS 0x00000000cdb00000| PB 0x00000000cdb00000| Untracked 
|1244|0x00000000cdc00000, 0x00000000cdc00000, 0x00000000cdd00000|  0%| F|  |TAMS 0x00000000cdc00000| PB 0x00000000cdc00000| Untracked 
|1245|0x00000000cdd00000, 0x00000000cdd00000, 0x00000000cde00000|  0%| F|  |TAMS 0x00000000cdd00000| PB 0x00000000cdd00000| Untracked 
|1246|0x00000000cde00000, 0x00000000cde00000, 0x00000000cdf00000|  0%| F|  |TAMS 0x00000000cde00000| PB 0x00000000cde00000| Untracked 
|1247|0x00000000cdf00000, 0x00000000cdf00000, 0x00000000ce000000|  0%| F|  |TAMS 0x00000000cdf00000| PB 0x00000000cdf00000| Untracked 
|1248|0x00000000ce000000, 0x00000000ce000000, 0x00000000ce100000|  0%| F|  |TAMS 0x00000000ce000000| PB 0x00000000ce000000| Untracked 
|1249|0x00000000ce100000, 0x00000000ce100000, 0x00000000ce200000|  0%| F|  |TAMS 0x00000000ce100000| PB 0x00000000ce100000| Untracked 
|1250|0x00000000ce200000, 0x00000000ce200000, 0x00000000ce300000|  0%| F|  |TAMS 0x00000000ce200000| PB 0x00000000ce200000| Untracked 
|1251|0x00000000ce300000, 0x00000000ce300000, 0x00000000ce400000|  0%| F|  |TAMS 0x00000000ce300000| PB 0x00000000ce300000| Untracked 
|1252|0x00000000ce400000, 0x00000000ce400000, 0x00000000ce500000|  0%| F|  |TAMS 0x00000000ce400000| PB 0x00000000ce400000| Untracked 
|1253|0x00000000ce500000, 0x00000000ce500000, 0x00000000ce600000|  0%| F|  |TAMS 0x00000000ce500000| PB 0x00000000ce500000| Untracked 
|1254|0x00000000ce600000, 0x00000000ce600000, 0x00000000ce700000|  0%| F|  |TAMS 0x00000000ce600000| PB 0x00000000ce600000| Untracked 
|1255|0x00000000ce700000, 0x00000000ce700000, 0x00000000ce800000|  0%| F|  |TAMS 0x00000000ce700000| PB 0x00000000ce700000| Untracked 
|1256|0x00000000ce800000, 0x00000000ce800000, 0x00000000ce900000|  0%| F|  |TAMS 0x00000000ce800000| PB 0x00000000ce800000| Untracked 
|1257|0x00000000ce900000, 0x00000000ce900000, 0x00000000cea00000|  0%| F|  |TAMS 0x00000000ce900000| PB 0x00000000ce900000| Untracked 
|1258|0x00000000cea00000, 0x00000000cea00000, 0x00000000ceb00000|  0%| F|  |TAMS 0x00000000cea00000| PB 0x00000000cea00000| Untracked 
|1259|0x00000000ceb00000, 0x00000000ceb00000, 0x00000000cec00000|  0%| F|  |TAMS 0x00000000ceb00000| PB 0x00000000ceb00000| Untracked 
|1260|0x00000000cec00000, 0x00000000cec00000, 0x00000000ced00000|  0%| F|  |TAMS 0x00000000cec00000| PB 0x00000000cec00000| Untracked 
|1261|0x00000000ced00000, 0x00000000ced00000, 0x00000000cee00000|  0%| F|  |TAMS 0x00000000ced00000| PB 0x00000000ced00000| Untracked 
|1262|0x00000000cee00000, 0x00000000cee00000, 0x00000000cef00000|  0%| F|  |TAMS 0x00000000cee00000| PB 0x00000000cee00000| Untracked 
|1263|0x00000000cef00000, 0x00000000cef00000, 0x00000000cf000000|  0%| F|  |TAMS 0x00000000cef00000| PB 0x00000000cef00000| Untracked 
|1264|0x00000000cf000000, 0x00000000cf000000, 0x00000000cf100000|  0%| F|  |TAMS 0x00000000cf000000| PB 0x00000000cf000000| Untracked 
|1265|0x00000000cf100000, 0x00000000cf100000, 0x00000000cf200000|  0%| F|  |TAMS 0x00000000cf100000| PB 0x00000000cf100000| Untracked 
|1266|0x00000000cf200000, 0x00000000cf200000, 0x00000000cf300000|  0%| F|  |TAMS 0x00000000cf200000| PB 0x00000000cf200000| Untracked 
|1267|0x00000000cf300000, 0x00000000cf300000, 0x00000000cf400000|  0%| F|  |TAMS 0x00000000cf300000| PB 0x00000000cf300000| Untracked 
|1268|0x00000000cf400000, 0x00000000cf400000, 0x00000000cf500000|  0%| F|  |TAMS 0x00000000cf400000| PB 0x00000000cf400000| Untracked 
|1269|0x00000000cf500000, 0x00000000cf500000, 0x00000000cf600000|  0%| F|  |TAMS 0x00000000cf500000| PB 0x00000000cf500000| Untracked 
|1270|0x00000000cf600000, 0x00000000cf600000, 0x00000000cf700000|  0%| F|  |TAMS 0x00000000cf600000| PB 0x00000000cf600000| Untracked 
|1271|0x00000000cf700000, 0x00000000cf700000, 0x00000000cf800000|  0%| F|  |TAMS 0x00000000cf700000| PB 0x00000000cf700000| Untracked 
|1272|0x00000000cf800000, 0x00000000cf800000, 0x00000000cf900000|  0%| F|  |TAMS 0x00000000cf800000| PB 0x00000000cf800000| Untracked 
|1273|0x00000000cf900000, 0x00000000cf900000, 0x00000000cfa00000|  0%| F|  |TAMS 0x00000000cf900000| PB 0x00000000cf900000| Untracked 
|1274|0x00000000cfa00000, 0x00000000cfa00000, 0x00000000cfb00000|  0%| F|  |TAMS 0x00000000cfa00000| PB 0x00000000cfa00000| Untracked 
|1275|0x00000000cfb00000, 0x00000000cfb00000, 0x00000000cfc00000|  0%| F|  |TAMS 0x00000000cfb00000| PB 0x00000000cfb00000| Untracked 
|1276|0x00000000cfc00000, 0x00000000cfc00000, 0x00000000cfd00000|  0%| F|  |TAMS 0x00000000cfc00000| PB 0x00000000cfc00000| Untracked 
|1277|0x00000000cfd00000, 0x00000000cfd00000, 0x00000000cfe00000|  0%| F|  |TAMS 0x00000000cfd00000| PB 0x00000000cfd00000| Untracked 
|1278|0x00000000cfe00000, 0x00000000cfe00000, 0x00000000cff00000|  0%| F|  |TAMS 0x00000000cfe00000| PB 0x00000000cfe00000| Untracked 
|1279|0x00000000cff00000, 0x00000000cff00000, 0x00000000d0000000|  0%| F|  |TAMS 0x00000000cff00000| PB 0x00000000cff00000| Untracked 
|1280|0x00000000d0000000, 0x00000000d0000000, 0x00000000d0100000|  0%| F|  |TAMS 0x00000000d0000000| PB 0x00000000d0000000| Untracked 
|1281|0x00000000d0100000, 0x00000000d0100000, 0x00000000d0200000|  0%| F|  |TAMS 0x00000000d0100000| PB 0x00000000d0100000| Untracked 
|1282|0x00000000d0200000, 0x00000000d0200000, 0x00000000d0300000|  0%| F|  |TAMS 0x00000000d0200000| PB 0x00000000d0200000| Untracked 
|1283|0x00000000d0300000, 0x00000000d0300000, 0x00000000d0400000|  0%| F|  |TAMS 0x00000000d0300000| PB 0x00000000d0300000| Untracked 
|1284|0x00000000d0400000, 0x00000000d0400000, 0x00000000d0500000|  0%| F|  |TAMS 0x00000000d0400000| PB 0x00000000d0400000| Untracked 
|1285|0x00000000d0500000, 0x00000000d0500000, 0x00000000d0600000|  0%| F|  |TAMS 0x00000000d0500000| PB 0x00000000d0500000| Untracked 
|1286|0x00000000d0600000, 0x00000000d0600000, 0x00000000d0700000|  0%| F|  |TAMS 0x00000000d0600000| PB 0x00000000d0600000| Untracked 
|1287|0x00000000d0700000, 0x00000000d0700000, 0x00000000d0800000|  0%| F|  |TAMS 0x00000000d0700000| PB 0x00000000d0700000| Untracked 
|1288|0x00000000d0800000, 0x00000000d0800000, 0x00000000d0900000|  0%| F|  |TAMS 0x00000000d0800000| PB 0x00000000d0800000| Untracked 
|1289|0x00000000d0900000, 0x00000000d0900000, 0x00000000d0a00000|  0%| F|  |TAMS 0x00000000d0900000| PB 0x00000000d0900000| Untracked 
|1290|0x00000000d0a00000, 0x00000000d0a00000, 0x00000000d0b00000|  0%| F|  |TAMS 0x00000000d0a00000| PB 0x00000000d0a00000| Untracked 
|1291|0x00000000d0b00000, 0x00000000d0b00000, 0x00000000d0c00000|  0%| F|  |TAMS 0x00000000d0b00000| PB 0x00000000d0b00000| Untracked 
|1292|0x00000000d0c00000, 0x00000000d0c00000, 0x00000000d0d00000|  0%| F|  |TAMS 0x00000000d0c00000| PB 0x00000000d0c00000| Untracked 
|1293|0x00000000d0d00000, 0x00000000d0d00000, 0x00000000d0e00000|  0%| F|  |TAMS 0x00000000d0d00000| PB 0x00000000d0d00000| Untracked 
|1294|0x00000000d0e00000, 0x00000000d0e00000, 0x00000000d0f00000|  0%| F|  |TAMS 0x00000000d0e00000| PB 0x00000000d0e00000| Untracked 
|1295|0x00000000d0f00000, 0x00000000d0f00000, 0x00000000d1000000|  0%| F|  |TAMS 0x00000000d0f00000| PB 0x00000000d0f00000| Untracked 
|1296|0x00000000d1000000, 0x00000000d1000000, 0x00000000d1100000|  0%| F|  |TAMS 0x00000000d1000000| PB 0x00000000d1000000| Untracked 
|1297|0x00000000d1100000, 0x00000000d1100000, 0x00000000d1200000|  0%| F|  |TAMS 0x00000000d1100000| PB 0x00000000d1100000| Untracked 
|1298|0x00000000d1200000, 0x00000000d1200000, 0x00000000d1300000|  0%| F|  |TAMS 0x00000000d1200000| PB 0x00000000d1200000| Untracked 
|1299|0x00000000d1300000, 0x00000000d1300000, 0x00000000d1400000|  0%| F|  |TAMS 0x00000000d1300000| PB 0x00000000d1300000| Untracked 
|1300|0x00000000d1400000, 0x00000000d1400000, 0x00000000d1500000|  0%| F|  |TAMS 0x00000000d1400000| PB 0x00000000d1400000| Untracked 
|1301|0x00000000d1500000, 0x00000000d1500000, 0x00000000d1600000|  0%| F|  |TAMS 0x00000000d1500000| PB 0x00000000d1500000| Untracked 
|1302|0x00000000d1600000, 0x00000000d1600000, 0x00000000d1700000|  0%| F|  |TAMS 0x00000000d1600000| PB 0x00000000d1600000| Untracked 
|1303|0x00000000d1700000, 0x00000000d1700000, 0x00000000d1800000|  0%| F|  |TAMS 0x00000000d1700000| PB 0x00000000d1700000| Untracked 
|1304|0x00000000d1800000, 0x00000000d1800000, 0x00000000d1900000|  0%| F|  |TAMS 0x00000000d1800000| PB 0x00000000d1800000| Untracked 
|1305|0x00000000d1900000, 0x00000000d1900000, 0x00000000d1a00000|  0%| F|  |TAMS 0x00000000d1900000| PB 0x00000000d1900000| Untracked 
|1306|0x00000000d1a00000, 0x00000000d1a00000, 0x00000000d1b00000|  0%| F|  |TAMS 0x00000000d1a00000| PB 0x00000000d1a00000| Untracked 
|1307|0x00000000d1b00000, 0x00000000d1b00000, 0x00000000d1c00000|  0%| F|  |TAMS 0x00000000d1b00000| PB 0x00000000d1b00000| Untracked 
|1308|0x00000000d1c00000, 0x00000000d1c00000, 0x00000000d1d00000|  0%| F|  |TAMS 0x00000000d1c00000| PB 0x00000000d1c00000| Untracked 
|1309|0x00000000d1d00000, 0x00000000d1d00000, 0x00000000d1e00000|  0%| F|  |TAMS 0x00000000d1d00000| PB 0x00000000d1d00000| Untracked 
|1310|0x00000000d1e00000, 0x00000000d1e00000, 0x00000000d1f00000|  0%| F|  |TAMS 0x00000000d1e00000| PB 0x00000000d1e00000| Untracked 
|1311|0x00000000d1f00000, 0x00000000d1f00000, 0x00000000d2000000|  0%| F|  |TAMS 0x00000000d1f00000| PB 0x00000000d1f00000| Untracked 
|1312|0x00000000d2000000, 0x00000000d2000000, 0x00000000d2100000|  0%| F|  |TAMS 0x00000000d2000000| PB 0x00000000d2000000| Untracked 
|1313|0x00000000d2100000, 0x00000000d2100000, 0x00000000d2200000|  0%| F|  |TAMS 0x00000000d2100000| PB 0x00000000d2100000| Untracked 
|1314|0x00000000d2200000, 0x00000000d2200000, 0x00000000d2300000|  0%| F|  |TAMS 0x00000000d2200000| PB 0x00000000d2200000| Untracked 
|1315|0x00000000d2300000, 0x00000000d2300000, 0x00000000d2400000|  0%| F|  |TAMS 0x00000000d2300000| PB 0x00000000d2300000| Untracked 
|1316|0x00000000d2400000, 0x00000000d2400000, 0x00000000d2500000|  0%| F|  |TAMS 0x00000000d2400000| PB 0x00000000d2400000| Untracked 
|1317|0x00000000d2500000, 0x00000000d2500000, 0x00000000d2600000|  0%| F|  |TAMS 0x00000000d2500000| PB 0x00000000d2500000| Untracked 
|1318|0x00000000d2600000, 0x00000000d2600000, 0x00000000d2700000|  0%| F|  |TAMS 0x00000000d2600000| PB 0x00000000d2600000| Untracked 
|1319|0x00000000d2700000, 0x00000000d2700000, 0x00000000d2800000|  0%| F|  |TAMS 0x00000000d2700000| PB 0x00000000d2700000| Untracked 
|1320|0x00000000d2800000, 0x00000000d2800000, 0x00000000d2900000|  0%| F|  |TAMS 0x00000000d2800000| PB 0x00000000d2800000| Untracked 
|1321|0x00000000d2900000, 0x00000000d2900000, 0x00000000d2a00000|  0%| F|  |TAMS 0x00000000d2900000| PB 0x00000000d2900000| Untracked 
|1322|0x00000000d2a00000, 0x00000000d2a00000, 0x00000000d2b00000|  0%| F|  |TAMS 0x00000000d2a00000| PB 0x00000000d2a00000| Untracked 
|1323|0x00000000d2b00000, 0x00000000d2b00000, 0x00000000d2c00000|  0%| F|  |TAMS 0x00000000d2b00000| PB 0x00000000d2b00000| Untracked 
|1324|0x00000000d2c00000, 0x00000000d2c00000, 0x00000000d2d00000|  0%| F|  |TAMS 0x00000000d2c00000| PB 0x00000000d2c00000| Untracked 
|1325|0x00000000d2d00000, 0x00000000d2d00000, 0x00000000d2e00000|  0%| F|  |TAMS 0x00000000d2d00000| PB 0x00000000d2d00000| Untracked 
|1326|0x00000000d2e00000, 0x00000000d2e00000, 0x00000000d2f00000|  0%| F|  |TAMS 0x00000000d2e00000| PB 0x00000000d2e00000| Untracked 
|1327|0x00000000d2f00000, 0x00000000d2f00000, 0x00000000d3000000|  0%| F|  |TAMS 0x00000000d2f00000| PB 0x00000000d2f00000| Untracked 
|1328|0x00000000d3000000, 0x00000000d3000000, 0x00000000d3100000|  0%| F|  |TAMS 0x00000000d3000000| PB 0x00000000d3000000| Untracked 
|1329|0x00000000d3100000, 0x00000000d3100000, 0x00000000d3200000|  0%| F|  |TAMS 0x00000000d3100000| PB 0x00000000d3100000| Untracked 
|1330|0x00000000d3200000, 0x00000000d3200000, 0x00000000d3300000|  0%| F|  |TAMS 0x00000000d3200000| PB 0x00000000d3200000| Untracked 
|1331|0x00000000d3300000, 0x00000000d3300000, 0x00000000d3400000|  0%| F|  |TAMS 0x00000000d3300000| PB 0x00000000d3300000| Untracked 
|1332|0x00000000d3400000, 0x00000000d3400000, 0x00000000d3500000|  0%| F|  |TAMS 0x00000000d3400000| PB 0x00000000d3400000| Untracked 
|1333|0x00000000d3500000, 0x00000000d3500000, 0x00000000d3600000|  0%| F|  |TAMS 0x00000000d3500000| PB 0x00000000d3500000| Untracked 
|1334|0x00000000d3600000, 0x00000000d3600000, 0x00000000d3700000|  0%| F|  |TAMS 0x00000000d3600000| PB 0x00000000d3600000| Untracked 
|1335|0x00000000d3700000, 0x00000000d3700000, 0x00000000d3800000|  0%| F|  |TAMS 0x00000000d3700000| PB 0x00000000d3700000| Untracked 
|1336|0x00000000d3800000, 0x00000000d3800000, 0x00000000d3900000|  0%| F|  |TAMS 0x00000000d3800000| PB 0x00000000d3800000| Untracked 
|1337|0x00000000d3900000, 0x00000000d3900000, 0x00000000d3a00000|  0%| F|  |TAMS 0x00000000d3900000| PB 0x00000000d3900000| Untracked 
|1338|0x00000000d3a00000, 0x00000000d3a00000, 0x00000000d3b00000|  0%| F|  |TAMS 0x00000000d3a00000| PB 0x00000000d3a00000| Untracked 
|1339|0x00000000d3b00000, 0x00000000d3b00000, 0x00000000d3c00000|  0%| F|  |TAMS 0x00000000d3b00000| PB 0x00000000d3b00000| Untracked 
|1340|0x00000000d3c00000, 0x00000000d3c00000, 0x00000000d3d00000|  0%| F|  |TAMS 0x00000000d3c00000| PB 0x00000000d3c00000| Untracked 
|1341|0x00000000d3d00000, 0x00000000d3d00000, 0x00000000d3e00000|  0%| F|  |TAMS 0x00000000d3d00000| PB 0x00000000d3d00000| Untracked 
|1342|0x00000000d3e00000, 0x00000000d3e00000, 0x00000000d3f00000|  0%| F|  |TAMS 0x00000000d3e00000| PB 0x00000000d3e00000| Untracked 
|1343|0x00000000d3f00000, 0x00000000d3f00000, 0x00000000d4000000|  0%| F|  |TAMS 0x00000000d3f00000| PB 0x00000000d3f00000| Untracked 
|1344|0x00000000d4000000, 0x00000000d4000000, 0x00000000d4100000|  0%| F|  |TAMS 0x00000000d4000000| PB 0x00000000d4000000| Untracked 
|1345|0x00000000d4100000, 0x00000000d4100000, 0x00000000d4200000|  0%| F|  |TAMS 0x00000000d4100000| PB 0x00000000d4100000| Untracked 
|1346|0x00000000d4200000, 0x00000000d4200000, 0x00000000d4300000|  0%| F|  |TAMS 0x00000000d4200000| PB 0x00000000d4200000| Untracked 
|1347|0x00000000d4300000, 0x00000000d4300000, 0x00000000d4400000|  0%| F|  |TAMS 0x00000000d4300000| PB 0x00000000d4300000| Untracked 
|1348|0x00000000d4400000, 0x00000000d4400000, 0x00000000d4500000|  0%| F|  |TAMS 0x00000000d4400000| PB 0x00000000d4400000| Untracked 
|1349|0x00000000d4500000, 0x00000000d4500000, 0x00000000d4600000|  0%| F|  |TAMS 0x00000000d4500000| PB 0x00000000d4500000| Untracked 
|1350|0x00000000d4600000, 0x00000000d4600000, 0x00000000d4700000|  0%| F|  |TAMS 0x00000000d4600000| PB 0x00000000d4600000| Untracked 
|1351|0x00000000d4700000, 0x00000000d4700000, 0x00000000d4800000|  0%| F|  |TAMS 0x00000000d4700000| PB 0x00000000d4700000| Untracked 
|1352|0x00000000d4800000, 0x00000000d4800000, 0x00000000d4900000|  0%| F|  |TAMS 0x00000000d4800000| PB 0x00000000d4800000| Untracked 
|1353|0x00000000d4900000, 0x00000000d4900000, 0x00000000d4a00000|  0%| F|  |TAMS 0x00000000d4900000| PB 0x00000000d4900000| Untracked 
|1354|0x00000000d4a00000, 0x00000000d4a00000, 0x00000000d4b00000|  0%| F|  |TAMS 0x00000000d4a00000| PB 0x00000000d4a00000| Untracked 
|1355|0x00000000d4b00000, 0x00000000d4b00000, 0x00000000d4c00000|  0%| F|  |TAMS 0x00000000d4b00000| PB 0x00000000d4b00000| Untracked 
|1356|0x00000000d4c00000, 0x00000000d4c00000, 0x00000000d4d00000|  0%| F|  |TAMS 0x00000000d4c00000| PB 0x00000000d4c00000| Untracked 
|1357|0x00000000d4d00000, 0x00000000d4d00000, 0x00000000d4e00000|  0%| F|  |TAMS 0x00000000d4d00000| PB 0x00000000d4d00000| Untracked 
|1358|0x00000000d4e00000, 0x00000000d4e00000, 0x00000000d4f00000|  0%| F|  |TAMS 0x00000000d4e00000| PB 0x00000000d4e00000| Untracked 
|1359|0x00000000d4f00000, 0x00000000d4f00000, 0x00000000d5000000|  0%| F|  |TAMS 0x00000000d4f00000| PB 0x00000000d4f00000| Untracked 
|1360|0x00000000d5000000, 0x00000000d5000000, 0x00000000d5100000|  0%| F|  |TAMS 0x00000000d5000000| PB 0x00000000d5000000| Untracked 
|1361|0x00000000d5100000, 0x00000000d5100000, 0x00000000d5200000|  0%| F|  |TAMS 0x00000000d5100000| PB 0x00000000d5100000| Untracked 
|1362|0x00000000d5200000, 0x00000000d5200000, 0x00000000d5300000|  0%| F|  |TAMS 0x00000000d5200000| PB 0x00000000d5200000| Untracked 
|1363|0x00000000d5300000, 0x00000000d5300000, 0x00000000d5400000|  0%| F|  |TAMS 0x00000000d5300000| PB 0x00000000d5300000| Untracked 
|1364|0x00000000d5400000, 0x00000000d5400000, 0x00000000d5500000|  0%| F|  |TAMS 0x00000000d5400000| PB 0x00000000d5400000| Untracked 
|1365|0x00000000d5500000, 0x00000000d5500000, 0x00000000d5600000|  0%| F|  |TAMS 0x00000000d5500000| PB 0x00000000d5500000| Untracked 
|1366|0x00000000d5600000, 0x00000000d5600000, 0x00000000d5700000|  0%| F|  |TAMS 0x00000000d5600000| PB 0x00000000d5600000| Untracked 
|1367|0x00000000d5700000, 0x00000000d5700000, 0x00000000d5800000|  0%| F|  |TAMS 0x00000000d5700000| PB 0x00000000d5700000| Untracked 
|1368|0x00000000d5800000, 0x00000000d5800000, 0x00000000d5900000|  0%| F|  |TAMS 0x00000000d5800000| PB 0x00000000d5800000| Untracked 
|1369|0x00000000d5900000, 0x00000000d5900000, 0x00000000d5a00000|  0%| F|  |TAMS 0x00000000d5900000| PB 0x00000000d5900000| Untracked 
|1370|0x00000000d5a00000, 0x00000000d5a00000, 0x00000000d5b00000|  0%| F|  |TAMS 0x00000000d5a00000| PB 0x00000000d5a00000| Untracked 
|1371|0x00000000d5b00000, 0x00000000d5b00000, 0x00000000d5c00000|  0%| F|  |TAMS 0x00000000d5b00000| PB 0x00000000d5b00000| Untracked 
|1372|0x00000000d5c00000, 0x00000000d5c00000, 0x00000000d5d00000|  0%| F|  |TAMS 0x00000000d5c00000| PB 0x00000000d5c00000| Untracked 
|1373|0x00000000d5d00000, 0x00000000d5d00000, 0x00000000d5e00000|  0%| F|  |TAMS 0x00000000d5d00000| PB 0x00000000d5d00000| Untracked 
|1374|0x00000000d5e00000, 0x00000000d5e00000, 0x00000000d5f00000|  0%| F|  |TAMS 0x00000000d5e00000| PB 0x00000000d5e00000| Untracked 
|1375|0x00000000d5f00000, 0x00000000d5f2dfc0, 0x00000000d6000000| 17%| S|CS|TAMS 0x00000000d5f00000| PB 0x00000000d5f00000| Complete 
|1376|0x00000000d6000000, 0x00000000d6100000, 0x00000000d6100000|100%| S|CS|TAMS 0x00000000d6000000| PB 0x00000000d6000000| Complete 
|1377|0x00000000d6100000, 0x00000000d6200000, 0x00000000d6200000|100%| S|CS|TAMS 0x00000000d6100000| PB 0x00000000d6100000| Complete 
|1378|0x00000000d6200000, 0x00000000d6300000, 0x00000000d6300000|100%| S|CS|TAMS 0x00000000d6200000| PB 0x00000000d6200000| Complete 
|1379|0x00000000d6300000, 0x00000000d6400000, 0x00000000d6400000|100%| S|CS|TAMS 0x00000000d6300000| PB 0x00000000d6300000| Complete 
|1380|0x00000000d6400000, 0x00000000d6500000, 0x00000000d6500000|100%| S|CS|TAMS 0x00000000d6400000| PB 0x00000000d6400000| Complete 
|1381|0x00000000d6500000, 0x00000000d6600000, 0x00000000d6600000|100%| S|CS|TAMS 0x00000000d6500000| PB 0x00000000d6500000| Complete 
|1382|0x00000000d6600000, 0x00000000d6700000, 0x00000000d6700000|100%| S|CS|TAMS 0x00000000d6600000| PB 0x00000000d6600000| Complete 
|1383|0x00000000d6700000, 0x00000000d6800000, 0x00000000d6800000|100%| S|CS|TAMS 0x00000000d6700000| PB 0x00000000d6700000| Complete 
|1384|0x00000000d6800000, 0x00000000d6900000, 0x00000000d6900000|100%| S|CS|TAMS 0x00000000d6800000| PB 0x00000000d6800000| Complete 
|1385|0x00000000d6900000, 0x00000000d6a00000, 0x00000000d6a00000|100%| S|CS|TAMS 0x00000000d6900000| PB 0x00000000d6900000| Complete 
|1386|0x00000000d6a00000, 0x00000000d6b00000, 0x00000000d6b00000|100%| S|CS|TAMS 0x00000000d6a00000| PB 0x00000000d6a00000| Complete 
|1387|0x00000000d6b00000, 0x00000000d6c00000, 0x00000000d6c00000|100%| S|CS|TAMS 0x00000000d6b00000| PB 0x00000000d6b00000| Complete 
|1388|0x00000000d6c00000, 0x00000000d6d00000, 0x00000000d6d00000|100%| S|CS|TAMS 0x00000000d6c00000| PB 0x00000000d6c00000| Complete 
|1389|0x00000000d6d00000, 0x00000000d6e00000, 0x00000000d6e00000|100%| S|CS|TAMS 0x00000000d6d00000| PB 0x00000000d6d00000| Complete 
|1390|0x00000000d6e00000, 0x00000000d6f00000, 0x00000000d6f00000|100%| S|CS|TAMS 0x00000000d6e00000| PB 0x00000000d6e00000| Complete 
|1391|0x00000000d6f00000, 0x00000000d7000000, 0x00000000d7000000|100%| S|CS|TAMS 0x00000000d6f00000| PB 0x00000000d6f00000| Complete 
|1392|0x00000000d7000000, 0x00000000d7100000, 0x00000000d7100000|100%| S|CS|TAMS 0x00000000d7000000| PB 0x00000000d7000000| Complete 
|1393|0x00000000d7100000, 0x00000000d7100000, 0x00000000d7200000|  0%| F|  |TAMS 0x00000000d7100000| PB 0x00000000d7100000| Untracked 
|1394|0x00000000d7200000, 0x00000000d7200000, 0x00000000d7300000|  0%| F|  |TAMS 0x00000000d7200000| PB 0x00000000d7200000| Untracked 
|1395|0x00000000d7300000, 0x00000000d7300000, 0x00000000d7400000|  0%| F|  |TAMS 0x00000000d7300000| PB 0x00000000d7300000| Untracked 
|1396|0x00000000d7400000, 0x00000000d7400000, 0x00000000d7500000|  0%| F|  |TAMS 0x00000000d7400000| PB 0x00000000d7400000| Untracked 
|1397|0x00000000d7500000, 0x00000000d7500000, 0x00000000d7600000|  0%| F|  |TAMS 0x00000000d7500000| PB 0x00000000d7500000| Untracked 
|1398|0x00000000d7600000, 0x00000000d7600000, 0x00000000d7700000|  0%| F|  |TAMS 0x00000000d7600000| PB 0x00000000d7600000| Untracked 
|1399|0x00000000d7700000, 0x00000000d7700000, 0x00000000d7800000|  0%| F|  |TAMS 0x00000000d7700000| PB 0x00000000d7700000| Untracked 
|1400|0x00000000d7800000, 0x00000000d7800000, 0x00000000d7900000|  0%| F|  |TAMS 0x00000000d7800000| PB 0x00000000d7800000| Untracked 
|1401|0x00000000d7900000, 0x00000000d7900000, 0x00000000d7a00000|  0%| F|  |TAMS 0x00000000d7900000| PB 0x00000000d7900000| Untracked 
|1402|0x00000000d7a00000, 0x00000000d7a00000, 0x00000000d7b00000|  0%| F|  |TAMS 0x00000000d7a00000| PB 0x00000000d7a00000| Untracked 
|1403|0x00000000d7b00000, 0x00000000d7b00000, 0x00000000d7c00000|  0%| F|  |TAMS 0x00000000d7b00000| PB 0x00000000d7b00000| Untracked 
|1404|0x00000000d7c00000, 0x00000000d7c00000, 0x00000000d7d00000|  0%| F|  |TAMS 0x00000000d7c00000| PB 0x00000000d7c00000| Untracked 
|1405|0x00000000d7d00000, 0x00000000d7d00000, 0x00000000d7e00000|  0%| F|  |TAMS 0x00000000d7d00000| PB 0x00000000d7d00000| Untracked 
|1406|0x00000000d7e00000, 0x00000000d7e00000, 0x00000000d7f00000|  0%| F|  |TAMS 0x00000000d7e00000| PB 0x00000000d7e00000| Untracked 
|1407|0x00000000d7f00000, 0x00000000d7f00000, 0x00000000d8000000|  0%| F|  |TAMS 0x00000000d7f00000| PB 0x00000000d7f00000| Untracked 
|1408|0x00000000d8000000, 0x00000000d8000000, 0x00000000d8100000|  0%| F|  |TAMS 0x00000000d8000000| PB 0x00000000d8000000| Untracked 
|1409|0x00000000d8100000, 0x00000000d8100000, 0x00000000d8200000|  0%| F|  |TAMS 0x00000000d8100000| PB 0x00000000d8100000| Untracked 
|1410|0x00000000d8200000, 0x00000000d8200000, 0x00000000d8300000|  0%| F|  |TAMS 0x00000000d8200000| PB 0x00000000d8200000| Untracked 
|1411|0x00000000d8300000, 0x00000000d8300000, 0x00000000d8400000|  0%| F|  |TAMS 0x00000000d8300000| PB 0x00000000d8300000| Untracked 
|1412|0x00000000d8400000, 0x00000000d8400000, 0x00000000d8500000|  0%| F|  |TAMS 0x00000000d8400000| PB 0x00000000d8400000| Untracked 
|1413|0x00000000d8500000, 0x00000000d8500000, 0x00000000d8600000|  0%| F|  |TAMS 0x00000000d8500000| PB 0x00000000d8500000| Untracked 
|1414|0x00000000d8600000, 0x00000000d8600000, 0x00000000d8700000|  0%| F|  |TAMS 0x00000000d8600000| PB 0x00000000d8600000| Untracked 
|1415|0x00000000d8700000, 0x00000000d8700000, 0x00000000d8800000|  0%| F|  |TAMS 0x00000000d8700000| PB 0x00000000d8700000| Untracked 
|1416|0x00000000d8800000, 0x00000000d8800000, 0x00000000d8900000|  0%| F|  |TAMS 0x00000000d8800000| PB 0x00000000d8800000| Untracked 
|1417|0x00000000d8900000, 0x00000000d8900000, 0x00000000d8a00000|  0%| F|  |TAMS 0x00000000d8900000| PB 0x00000000d8900000| Untracked 
|1418|0x00000000d8a00000, 0x00000000d8a00000, 0x00000000d8b00000|  0%| F|  |TAMS 0x00000000d8a00000| PB 0x00000000d8a00000| Untracked 
|1419|0x00000000d8b00000, 0x00000000d8b00000, 0x00000000d8c00000|  0%| F|  |TAMS 0x00000000d8b00000| PB 0x00000000d8b00000| Untracked 
|1420|0x00000000d8c00000, 0x00000000d8c00000, 0x00000000d8d00000|  0%| F|  |TAMS 0x00000000d8c00000| PB 0x00000000d8c00000| Untracked 
|1421|0x00000000d8d00000, 0x00000000d8d00000, 0x00000000d8e00000|  0%| F|  |TAMS 0x00000000d8d00000| PB 0x00000000d8d00000| Untracked 
|1422|0x00000000d8e00000, 0x00000000d8e00000, 0x00000000d8f00000|  0%| F|  |TAMS 0x00000000d8e00000| PB 0x00000000d8e00000| Untracked 
|1423|0x00000000d8f00000, 0x00000000d8f00000, 0x00000000d9000000|  0%| F|  |TAMS 0x00000000d8f00000| PB 0x00000000d8f00000| Untracked 
|1424|0x00000000d9000000, 0x00000000d9000000, 0x00000000d9100000|  0%| F|  |TAMS 0x00000000d9000000| PB 0x00000000d9000000| Untracked 
|1425|0x00000000d9100000, 0x00000000d9100000, 0x00000000d9200000|  0%| F|  |TAMS 0x00000000d9100000| PB 0x00000000d9100000| Untracked 
|1426|0x00000000d9200000, 0x00000000d9200000, 0x00000000d9300000|  0%| F|  |TAMS 0x00000000d9200000| PB 0x00000000d9200000| Untracked 
|1427|0x00000000d9300000, 0x00000000d9300000, 0x00000000d9400000|  0%| F|  |TAMS 0x00000000d9300000| PB 0x00000000d9300000| Untracked 
|1428|0x00000000d9400000, 0x00000000d9400000, 0x00000000d9500000|  0%| F|  |TAMS 0x00000000d9400000| PB 0x00000000d9400000| Untracked 
|1429|0x00000000d9500000, 0x00000000d9500000, 0x00000000d9600000|  0%| F|  |TAMS 0x00000000d9500000| PB 0x00000000d9500000| Untracked 
|1430|0x00000000d9600000, 0x00000000d9600000, 0x00000000d9700000|  0%| F|  |TAMS 0x00000000d9600000| PB 0x00000000d9600000| Untracked 
|1431|0x00000000d9700000, 0x00000000d9700000, 0x00000000d9800000|  0%| F|  |TAMS 0x00000000d9700000| PB 0x00000000d9700000| Untracked 
|1432|0x00000000d9800000, 0x00000000d9800000, 0x00000000d9900000|  0%| F|  |TAMS 0x00000000d9800000| PB 0x00000000d9800000| Untracked 
|1433|0x00000000d9900000, 0x00000000d9900000, 0x00000000d9a00000|  0%| F|  |TAMS 0x00000000d9900000| PB 0x00000000d9900000| Untracked 
|1434|0x00000000d9a00000, 0x00000000d9a00000, 0x00000000d9b00000|  0%| F|  |TAMS 0x00000000d9a00000| PB 0x00000000d9a00000| Untracked 
|1435|0x00000000d9b00000, 0x00000000d9b00000, 0x00000000d9c00000|  0%| F|  |TAMS 0x00000000d9b00000| PB 0x00000000d9b00000| Untracked 
|1436|0x00000000d9c00000, 0x00000000d9c00000, 0x00000000d9d00000|  0%| F|  |TAMS 0x00000000d9c00000| PB 0x00000000d9c00000| Untracked 
|1437|0x00000000d9d00000, 0x00000000d9d00000, 0x00000000d9e00000|  0%| F|  |TAMS 0x00000000d9d00000| PB 0x00000000d9d00000| Untracked 
|1438|0x00000000d9e00000, 0x00000000d9e00000, 0x00000000d9f00000|  0%| F|  |TAMS 0x00000000d9e00000| PB 0x00000000d9e00000| Untracked 
|1439|0x00000000d9f00000, 0x00000000d9f00000, 0x00000000da000000|  0%| F|  |TAMS 0x00000000d9f00000| PB 0x00000000d9f00000| Untracked 
|1440|0x00000000da000000, 0x00000000da000000, 0x00000000da100000|  0%| F|  |TAMS 0x00000000da000000| PB 0x00000000da000000| Untracked 
|1441|0x00000000da100000, 0x00000000da100000, 0x00000000da200000|  0%| F|  |TAMS 0x00000000da100000| PB 0x00000000da100000| Untracked 
|1442|0x00000000da200000, 0x00000000da200000, 0x00000000da300000|  0%| F|  |TAMS 0x00000000da200000| PB 0x00000000da200000| Untracked 
|1443|0x00000000da300000, 0x00000000da300000, 0x00000000da400000|  0%| F|  |TAMS 0x00000000da300000| PB 0x00000000da300000| Untracked 
|1444|0x00000000da400000, 0x00000000da400000, 0x00000000da500000|  0%| F|  |TAMS 0x00000000da400000| PB 0x00000000da400000| Untracked 
|1445|0x00000000da500000, 0x00000000da500000, 0x00000000da600000|  0%| F|  |TAMS 0x00000000da500000| PB 0x00000000da500000| Untracked 
|1446|0x00000000da600000, 0x00000000da600000, 0x00000000da700000|  0%| F|  |TAMS 0x00000000da600000| PB 0x00000000da600000| Untracked 
|1447|0x00000000da700000, 0x00000000da700000, 0x00000000da800000|  0%| F|  |TAMS 0x00000000da700000| PB 0x00000000da700000| Untracked 
|1448|0x00000000da800000, 0x00000000da800000, 0x00000000da900000|  0%| F|  |TAMS 0x00000000da800000| PB 0x00000000da800000| Untracked 
|1449|0x00000000da900000, 0x00000000da900000, 0x00000000daa00000|  0%| F|  |TAMS 0x00000000da900000| PB 0x00000000da900000| Untracked 
|1450|0x00000000daa00000, 0x00000000daa00000, 0x00000000dab00000|  0%| F|  |TAMS 0x00000000daa00000| PB 0x00000000daa00000| Untracked 
|1451|0x00000000dab00000, 0x00000000dab00000, 0x00000000dac00000|  0%| F|  |TAMS 0x00000000dab00000| PB 0x00000000dab00000| Untracked 
|1452|0x00000000dac00000, 0x00000000dac00000, 0x00000000dad00000|  0%| F|  |TAMS 0x00000000dac00000| PB 0x00000000dac00000| Untracked 
|1453|0x00000000dad00000, 0x00000000dad00000, 0x00000000dae00000|  0%| F|  |TAMS 0x00000000dad00000| PB 0x00000000dad00000| Untracked 
|1454|0x00000000dae00000, 0x00000000dae00000, 0x00000000daf00000|  0%| F|  |TAMS 0x00000000dae00000| PB 0x00000000dae00000| Untracked 
|1455|0x00000000daf00000, 0x00000000daf00000, 0x00000000db000000|  0%| F|  |TAMS 0x00000000daf00000| PB 0x00000000daf00000| Untracked 
|1456|0x00000000db000000, 0x00000000db000000, 0x00000000db100000|  0%| F|  |TAMS 0x00000000db000000| PB 0x00000000db000000| Untracked 
|1457|0x00000000db100000, 0x00000000db100000, 0x00000000db200000|  0%| F|  |TAMS 0x00000000db100000| PB 0x00000000db100000| Untracked 
|1458|0x00000000db200000, 0x00000000db200000, 0x00000000db300000|  0%| F|  |TAMS 0x00000000db200000| PB 0x00000000db200000| Untracked 
|1459|0x00000000db300000, 0x00000000db300000, 0x00000000db400000|  0%| F|  |TAMS 0x00000000db300000| PB 0x00000000db300000| Untracked 
|1460|0x00000000db400000, 0x00000000db400000, 0x00000000db500000|  0%| F|  |TAMS 0x00000000db400000| PB 0x00000000db400000| Untracked 
|1461|0x00000000db500000, 0x00000000db500000, 0x00000000db600000|  0%| F|  |TAMS 0x00000000db500000| PB 0x00000000db500000| Untracked 
|1462|0x00000000db600000, 0x00000000db600000, 0x00000000db700000|  0%| F|  |TAMS 0x00000000db600000| PB 0x00000000db600000| Untracked 
|1463|0x00000000db700000, 0x00000000db700000, 0x00000000db800000|  0%| F|  |TAMS 0x00000000db700000| PB 0x00000000db700000| Untracked 
|1464|0x00000000db800000, 0x00000000db800000, 0x00000000db900000|  0%| F|  |TAMS 0x00000000db800000| PB 0x00000000db800000| Untracked 
|1465|0x00000000db900000, 0x00000000db900000, 0x00000000dba00000|  0%| F|  |TAMS 0x00000000db900000| PB 0x00000000db900000| Untracked 
|1466|0x00000000dba00000, 0x00000000dba00000, 0x00000000dbb00000|  0%| F|  |TAMS 0x00000000dba00000| PB 0x00000000dba00000| Untracked 
|1467|0x00000000dbb00000, 0x00000000dbb00000, 0x00000000dbc00000|  0%| F|  |TAMS 0x00000000dbb00000| PB 0x00000000dbb00000| Untracked 
|1468|0x00000000dbc00000, 0x00000000dbc00000, 0x00000000dbd00000|  0%| F|  |TAMS 0x00000000dbc00000| PB 0x00000000dbc00000| Untracked 
|1469|0x00000000dbd00000, 0x00000000dbd00000, 0x00000000dbe00000|  0%| F|  |TAMS 0x00000000dbd00000| PB 0x00000000dbd00000| Untracked 
|1470|0x00000000dbe00000, 0x00000000dbe00000, 0x00000000dbf00000|  0%| F|  |TAMS 0x00000000dbe00000| PB 0x00000000dbe00000| Untracked 
|1471|0x00000000dbf00000, 0x00000000dbf00000, 0x00000000dc000000|  0%| F|  |TAMS 0x00000000dbf00000| PB 0x00000000dbf00000| Untracked 
|1472|0x00000000dc000000, 0x00000000dc000000, 0x00000000dc100000|  0%| F|  |TAMS 0x00000000dc000000| PB 0x00000000dc000000| Untracked 
|1473|0x00000000dc100000, 0x00000000dc100000, 0x00000000dc200000|  0%| F|  |TAMS 0x00000000dc100000| PB 0x00000000dc100000| Untracked 
|1474|0x00000000dc200000, 0x00000000dc200000, 0x00000000dc300000|  0%| F|  |TAMS 0x00000000dc200000| PB 0x00000000dc200000| Untracked 
|1475|0x00000000dc300000, 0x00000000dc300000, 0x00000000dc400000|  0%| F|  |TAMS 0x00000000dc300000| PB 0x00000000dc300000| Untracked 
|1476|0x00000000dc400000, 0x00000000dc400000, 0x00000000dc500000|  0%| F|  |TAMS 0x00000000dc400000| PB 0x00000000dc400000| Untracked 
|1477|0x00000000dc500000, 0x00000000dc500000, 0x00000000dc600000|  0%| F|  |TAMS 0x00000000dc500000| PB 0x00000000dc500000| Untracked 
|1478|0x00000000dc600000, 0x00000000dc600000, 0x00000000dc700000|  0%| F|  |TAMS 0x00000000dc600000| PB 0x00000000dc600000| Untracked 
|1479|0x00000000dc700000, 0x00000000dc700000, 0x00000000dc800000|  0%| F|  |TAMS 0x00000000dc700000| PB 0x00000000dc700000| Untracked 
|1480|0x00000000dc800000, 0x00000000dc800000, 0x00000000dc900000|  0%| F|  |TAMS 0x00000000dc800000| PB 0x00000000dc800000| Untracked 
|1481|0x00000000dc900000, 0x00000000dc900000, 0x00000000dca00000|  0%| F|  |TAMS 0x00000000dc900000| PB 0x00000000dc900000| Untracked 
|1482|0x00000000dca00000, 0x00000000dca00000, 0x00000000dcb00000|  0%| F|  |TAMS 0x00000000dca00000| PB 0x00000000dca00000| Untracked 
|1483|0x00000000dcb00000, 0x00000000dcb00000, 0x00000000dcc00000|  0%| F|  |TAMS 0x00000000dcb00000| PB 0x00000000dcb00000| Untracked 
|1484|0x00000000dcc00000, 0x00000000dcc00000, 0x00000000dcd00000|  0%| F|  |TAMS 0x00000000dcc00000| PB 0x00000000dcc00000| Untracked 
|1485|0x00000000dcd00000, 0x00000000dcd00000, 0x00000000dce00000|  0%| F|  |TAMS 0x00000000dcd00000| PB 0x00000000dcd00000| Untracked 
|1486|0x00000000dce00000, 0x00000000dce00000, 0x00000000dcf00000|  0%| F|  |TAMS 0x00000000dce00000| PB 0x00000000dce00000| Untracked 
|1487|0x00000000dcf00000, 0x00000000dcf00000, 0x00000000dd000000|  0%| F|  |TAMS 0x00000000dcf00000| PB 0x00000000dcf00000| Untracked 
|1488|0x00000000dd000000, 0x00000000dd000000, 0x00000000dd100000|  0%| F|  |TAMS 0x00000000dd000000| PB 0x00000000dd000000| Untracked 
|1489|0x00000000dd100000, 0x00000000dd100000, 0x00000000dd200000|  0%| F|  |TAMS 0x00000000dd100000| PB 0x00000000dd100000| Untracked 
|1490|0x00000000dd200000, 0x00000000dd200000, 0x00000000dd300000|  0%| F|  |TAMS 0x00000000dd200000| PB 0x00000000dd200000| Untracked 
|1491|0x00000000dd300000, 0x00000000dd300000, 0x00000000dd400000|  0%| F|  |TAMS 0x00000000dd300000| PB 0x00000000dd300000| Untracked 
|1492|0x00000000dd400000, 0x00000000dd400000, 0x00000000dd500000|  0%| F|  |TAMS 0x00000000dd400000| PB 0x00000000dd400000| Untracked 
|1493|0x00000000dd500000, 0x00000000dd500000, 0x00000000dd600000|  0%| F|  |TAMS 0x00000000dd500000| PB 0x00000000dd500000| Untracked 
|1494|0x00000000dd600000, 0x00000000dd600000, 0x00000000dd700000|  0%| F|  |TAMS 0x00000000dd600000| PB 0x00000000dd600000| Untracked 
|1495|0x00000000dd700000, 0x00000000dd700000, 0x00000000dd800000|  0%| F|  |TAMS 0x00000000dd700000| PB 0x00000000dd700000| Untracked 
|1496|0x00000000dd800000, 0x00000000dd800000, 0x00000000dd900000|  0%| F|  |TAMS 0x00000000dd800000| PB 0x00000000dd800000| Untracked 
|1497|0x00000000dd900000, 0x00000000dd900000, 0x00000000dda00000|  0%| F|  |TAMS 0x00000000dd900000| PB 0x00000000dd900000| Untracked 
|1498|0x00000000dda00000, 0x00000000dda00000, 0x00000000ddb00000|  0%| F|  |TAMS 0x00000000dda00000| PB 0x00000000dda00000| Untracked 
|1499|0x00000000ddb00000, 0x00000000ddb00000, 0x00000000ddc00000|  0%| F|  |TAMS 0x00000000ddb00000| PB 0x00000000ddb00000| Untracked 
|1500|0x00000000ddc00000, 0x00000000ddc00000, 0x00000000ddd00000|  0%| F|  |TAMS 0x00000000ddc00000| PB 0x00000000ddc00000| Untracked 
|1501|0x00000000ddd00000, 0x00000000ddd00000, 0x00000000dde00000|  0%| F|  |TAMS 0x00000000ddd00000| PB 0x00000000ddd00000| Untracked 
|1502|0x00000000dde00000, 0x00000000dde00000, 0x00000000ddf00000|  0%| F|  |TAMS 0x00000000dde00000| PB 0x00000000dde00000| Untracked 
|1503|0x00000000ddf00000, 0x00000000ddf00000, 0x00000000de000000|  0%| F|  |TAMS 0x00000000ddf00000| PB 0x00000000ddf00000| Untracked 
|1504|0x00000000de000000, 0x00000000de000000, 0x00000000de100000|  0%| F|  |TAMS 0x00000000de000000| PB 0x00000000de000000| Untracked 
|1505|0x00000000de100000, 0x00000000de100000, 0x00000000de200000|  0%| F|  |TAMS 0x00000000de100000| PB 0x00000000de100000| Untracked 
|1506|0x00000000de200000, 0x00000000de200000, 0x00000000de300000|  0%| F|  |TAMS 0x00000000de200000| PB 0x00000000de200000| Untracked 
|1507|0x00000000de300000, 0x00000000de300000, 0x00000000de400000|  0%| F|  |TAMS 0x00000000de300000| PB 0x00000000de300000| Untracked 
|1508|0x00000000de400000, 0x00000000de400000, 0x00000000de500000|  0%| F|  |TAMS 0x00000000de400000| PB 0x00000000de400000| Untracked 
|1509|0x00000000de500000, 0x00000000de500000, 0x00000000de600000|  0%| F|  |TAMS 0x00000000de500000| PB 0x00000000de500000| Untracked 
|1510|0x00000000de600000, 0x00000000de600000, 0x00000000de700000|  0%| F|  |TAMS 0x00000000de600000| PB 0x00000000de600000| Untracked 
|1511|0x00000000de700000, 0x00000000de700000, 0x00000000de800000|  0%| F|  |TAMS 0x00000000de700000| PB 0x00000000de700000| Untracked 
|1512|0x00000000de800000, 0x00000000de800000, 0x00000000de900000|  0%| F|  |TAMS 0x00000000de800000| PB 0x00000000de800000| Untracked 
|1513|0x00000000de900000, 0x00000000de900000, 0x00000000dea00000|  0%| F|  |TAMS 0x00000000de900000| PB 0x00000000de900000| Untracked 
|1514|0x00000000dea00000, 0x00000000dea00000, 0x00000000deb00000|  0%| F|  |TAMS 0x00000000dea00000| PB 0x00000000dea00000| Untracked 
|1515|0x00000000deb00000, 0x00000000deb00000, 0x00000000dec00000|  0%| F|  |TAMS 0x00000000deb00000| PB 0x00000000deb00000| Untracked 
|1516|0x00000000dec00000, 0x00000000dec00000, 0x00000000ded00000|  0%| F|  |TAMS 0x00000000dec00000| PB 0x00000000dec00000| Untracked 
|1517|0x00000000ded00000, 0x00000000ded00000, 0x00000000dee00000|  0%| F|  |TAMS 0x00000000ded00000| PB 0x00000000ded00000| Untracked 
|1518|0x00000000dee00000, 0x00000000dee00000, 0x00000000def00000|  0%| F|  |TAMS 0x00000000dee00000| PB 0x00000000dee00000| Untracked 
|1519|0x00000000def00000, 0x00000000def00000, 0x00000000df000000|  0%| F|  |TAMS 0x00000000def00000| PB 0x00000000def00000| Untracked 
|1520|0x00000000df000000, 0x00000000df000000, 0x00000000df100000|  0%| F|  |TAMS 0x00000000df000000| PB 0x00000000df000000| Untracked 
|1521|0x00000000df100000, 0x00000000df100000, 0x00000000df200000|  0%| F|  |TAMS 0x00000000df100000| PB 0x00000000df100000| Untracked 
|1522|0x00000000df200000, 0x00000000df200000, 0x00000000df300000|  0%| F|  |TAMS 0x00000000df200000| PB 0x00000000df200000| Untracked 
|1523|0x00000000df300000, 0x00000000df300000, 0x00000000df400000|  0%| F|  |TAMS 0x00000000df300000| PB 0x00000000df300000| Untracked 
|1524|0x00000000df400000, 0x00000000df400000, 0x00000000df500000|  0%| F|  |TAMS 0x00000000df400000| PB 0x00000000df400000| Untracked 
|1525|0x00000000df500000, 0x00000000df500000, 0x00000000df600000|  0%| F|  |TAMS 0x00000000df500000| PB 0x00000000df500000| Untracked 
|1526|0x00000000df600000, 0x00000000df600000, 0x00000000df700000|  0%| F|  |TAMS 0x00000000df600000| PB 0x00000000df600000| Untracked 
|1527|0x00000000df700000, 0x00000000df700000, 0x00000000df800000|  0%| F|  |TAMS 0x00000000df700000| PB 0x00000000df700000| Untracked 
|1528|0x00000000df800000, 0x00000000df800000, 0x00000000df900000|  0%| F|  |TAMS 0x00000000df800000| PB 0x00000000df800000| Untracked 
|1529|0x00000000df900000, 0x00000000df900000, 0x00000000dfa00000|  0%| F|  |TAMS 0x00000000df900000| PB 0x00000000df900000| Untracked 
|1530|0x00000000dfa00000, 0x00000000dfa00000, 0x00000000dfb00000|  0%| F|  |TAMS 0x00000000dfa00000| PB 0x00000000dfa00000| Untracked 
|1531|0x00000000dfb00000, 0x00000000dfb00000, 0x00000000dfc00000|  0%| F|  |TAMS 0x00000000dfb00000| PB 0x00000000dfb00000| Untracked 
|1532|0x00000000dfc00000, 0x00000000dfc00000, 0x00000000dfd00000|  0%| F|  |TAMS 0x00000000dfc00000| PB 0x00000000dfc00000| Untracked 
|1533|0x00000000dfd00000, 0x00000000dfd00000, 0x00000000dfe00000|  0%| F|  |TAMS 0x00000000dfd00000| PB 0x00000000dfd00000| Untracked 
|1534|0x00000000dfe00000, 0x00000000dfe00000, 0x00000000dff00000|  0%| F|  |TAMS 0x00000000dfe00000| PB 0x00000000dfe00000| Untracked 
|1535|0x00000000dff00000, 0x00000000dff00000, 0x00000000e0000000|  0%| F|  |TAMS 0x00000000dff00000| PB 0x00000000dff00000| Untracked 
|1536|0x00000000e0000000, 0x00000000e0000000, 0x00000000e0100000|  0%| F|  |TAMS 0x00000000e0000000| PB 0x00000000e0000000| Untracked 
|1537|0x00000000e0100000, 0x00000000e0100000, 0x00000000e0200000|  0%| F|  |TAMS 0x00000000e0100000| PB 0x00000000e0100000| Untracked 
|1538|0x00000000e0200000, 0x00000000e0200000, 0x00000000e0300000|  0%| F|  |TAMS 0x00000000e0200000| PB 0x00000000e0200000| Untracked 
|1539|0x00000000e0300000, 0x00000000e0300000, 0x00000000e0400000|  0%| F|  |TAMS 0x00000000e0300000| PB 0x00000000e0300000| Untracked 
|1540|0x00000000e0400000, 0x00000000e0400000, 0x00000000e0500000|  0%| F|  |TAMS 0x00000000e0400000| PB 0x00000000e0400000| Untracked 
|1541|0x00000000e0500000, 0x00000000e0500000, 0x00000000e0600000|  0%| F|  |TAMS 0x00000000e0500000| PB 0x00000000e0500000| Untracked 
|1542|0x00000000e0600000, 0x00000000e0600000, 0x00000000e0700000|  0%| F|  |TAMS 0x00000000e0600000| PB 0x00000000e0600000| Untracked 
|1543|0x00000000e0700000, 0x00000000e0700000, 0x00000000e0800000|  0%| F|  |TAMS 0x00000000e0700000| PB 0x00000000e0700000| Untracked 
|1544|0x00000000e0800000, 0x00000000e0800000, 0x00000000e0900000|  0%| F|  |TAMS 0x00000000e0800000| PB 0x00000000e0800000| Untracked 
|1545|0x00000000e0900000, 0x00000000e0900000, 0x00000000e0a00000|  0%| F|  |TAMS 0x00000000e0900000| PB 0x00000000e0900000| Untracked 
|1546|0x00000000e0a00000, 0x00000000e0a00000, 0x00000000e0b00000|  0%| F|  |TAMS 0x00000000e0a00000| PB 0x00000000e0a00000| Untracked 
|1547|0x00000000e0b00000, 0x00000000e0b00000, 0x00000000e0c00000|  0%| F|  |TAMS 0x00000000e0b00000| PB 0x00000000e0b00000| Untracked 
|1548|0x00000000e0c00000, 0x00000000e0c00000, 0x00000000e0d00000|  0%| F|  |TAMS 0x00000000e0c00000| PB 0x00000000e0c00000| Untracked 
|1549|0x00000000e0d00000, 0x00000000e0d00000, 0x00000000e0e00000|  0%| F|  |TAMS 0x00000000e0d00000| PB 0x00000000e0d00000| Untracked 
|1550|0x00000000e0e00000, 0x00000000e0e00000, 0x00000000e0f00000|  0%| F|  |TAMS 0x00000000e0e00000| PB 0x00000000e0e00000| Untracked 
|1551|0x00000000e0f00000, 0x00000000e0f00000, 0x00000000e1000000|  0%| F|  |TAMS 0x00000000e0f00000| PB 0x00000000e0f00000| Untracked 
|1552|0x00000000e1000000, 0x00000000e1000000, 0x00000000e1100000|  0%| F|  |TAMS 0x00000000e1000000| PB 0x00000000e1000000| Untracked 
|1553|0x00000000e1100000, 0x00000000e1100000, 0x00000000e1200000|  0%| F|  |TAMS 0x00000000e1100000| PB 0x00000000e1100000| Untracked 
|1554|0x00000000e1200000, 0x00000000e1200000, 0x00000000e1300000|  0%| F|  |TAMS 0x00000000e1200000| PB 0x00000000e1200000| Untracked 
|1555|0x00000000e1300000, 0x00000000e1300000, 0x00000000e1400000|  0%| F|  |TAMS 0x00000000e1300000| PB 0x00000000e1300000| Untracked 
|1556|0x00000000e1400000, 0x00000000e1400000, 0x00000000e1500000|  0%| F|  |TAMS 0x00000000e1400000| PB 0x00000000e1400000| Untracked 
|1557|0x00000000e1500000, 0x00000000e1500000, 0x00000000e1600000|  0%| F|  |TAMS 0x00000000e1500000| PB 0x00000000e1500000| Untracked 
|1558|0x00000000e1600000, 0x00000000e1600000, 0x00000000e1700000|  0%| F|  |TAMS 0x00000000e1600000| PB 0x00000000e1600000| Untracked 
|1559|0x00000000e1700000, 0x00000000e1700000, 0x00000000e1800000|  0%| F|  |TAMS 0x00000000e1700000| PB 0x00000000e1700000| Untracked 
|1560|0x00000000e1800000, 0x00000000e1800000, 0x00000000e1900000|  0%| F|  |TAMS 0x00000000e1800000| PB 0x00000000e1800000| Untracked 
|1561|0x00000000e1900000, 0x00000000e19c6aa0, 0x00000000e1a00000| 77%| E|  |TAMS 0x00000000e1900000| PB 0x00000000e1900000| Complete 
|1562|0x00000000e1a00000, 0x00000000e1b00000, 0x00000000e1b00000|100%| E|CS|TAMS 0x00000000e1a00000| PB 0x00000000e1a00000| Complete 
|1563|0x00000000e1b00000, 0x00000000e1c00000, 0x00000000e1c00000|100%| E|CS|TAMS 0x00000000e1b00000| PB 0x00000000e1b00000| Complete 
|1564|0x00000000e1c00000, 0x00000000e1d00000, 0x00000000e1d00000|100%| E|CS|TAMS 0x00000000e1c00000| PB 0x00000000e1c00000| Complete 
|1565|0x00000000e1d00000, 0x00000000e1e00000, 0x00000000e1e00000|100%| E|CS|TAMS 0x00000000e1d00000| PB 0x00000000e1d00000| Complete 
|1566|0x00000000e1e00000, 0x00000000e1f00000, 0x00000000e1f00000|100%| E|CS|TAMS 0x00000000e1e00000| PB 0x00000000e1e00000| Complete 
|1567|0x00000000e1f00000, 0x00000000e2000000, 0x00000000e2000000|100%| E|CS|TAMS 0x00000000e1f00000| PB 0x00000000e1f00000| Complete 
|1568|0x00000000e2000000, 0x00000000e2100000, 0x00000000e2100000|100%| E|CS|TAMS 0x00000000e2000000| PB 0x00000000e2000000| Complete 
|1569|0x00000000e2100000, 0x00000000e2200000, 0x00000000e2200000|100%| E|CS|TAMS 0x00000000e2100000| PB 0x00000000e2100000| Complete 
|1570|0x00000000e2200000, 0x00000000e2300000, 0x00000000e2300000|100%| E|CS|TAMS 0x00000000e2200000| PB 0x00000000e2200000| Complete 
|1571|0x00000000e2300000, 0x00000000e2400000, 0x00000000e2400000|100%| E|CS|TAMS 0x00000000e2300000| PB 0x00000000e2300000| Complete 
|1572|0x00000000e2400000, 0x00000000e2500000, 0x00000000e2500000|100%| E|CS|TAMS 0x00000000e2400000| PB 0x00000000e2400000| Complete 
|1573|0x00000000e2500000, 0x00000000e2600000, 0x00000000e2600000|100%| E|CS|TAMS 0x00000000e2500000| PB 0x00000000e2500000| Complete 
|1574|0x00000000e2600000, 0x00000000e2700000, 0x00000000e2700000|100%| E|CS|TAMS 0x00000000e2600000| PB 0x00000000e2600000| Complete 
|1575|0x00000000e2700000, 0x00000000e2800000, 0x00000000e2800000|100%| E|CS|TAMS 0x00000000e2700000| PB 0x00000000e2700000| Complete 
|1576|0x00000000e2800000, 0x00000000e2900000, 0x00000000e2900000|100%| E|CS|TAMS 0x00000000e2800000| PB 0x00000000e2800000| Complete 
|1577|0x00000000e2900000, 0x00000000e2a00000, 0x00000000e2a00000|100%| E|CS|TAMS 0x00000000e2900000| PB 0x00000000e2900000| Complete 
|1578|0x00000000e2a00000, 0x00000000e2b00000, 0x00000000e2b00000|100%| E|CS|TAMS 0x00000000e2a00000| PB 0x00000000e2a00000| Complete 
|1579|0x00000000e2b00000, 0x00000000e2c00000, 0x00000000e2c00000|100%| E|CS|TAMS 0x00000000e2b00000| PB 0x00000000e2b00000| Complete 
|1580|0x00000000e2c00000, 0x00000000e2d00000, 0x00000000e2d00000|100%| E|CS|TAMS 0x00000000e2c00000| PB 0x00000000e2c00000| Complete 
|1581|0x00000000e2d00000, 0x00000000e2e00000, 0x00000000e2e00000|100%| E|CS|TAMS 0x00000000e2d00000| PB 0x00000000e2d00000| Complete 
|1582|0x00000000e2e00000, 0x00000000e2f00000, 0x00000000e2f00000|100%| E|CS|TAMS 0x00000000e2e00000| PB 0x00000000e2e00000| Complete 
|1583|0x00000000e2f00000, 0x00000000e3000000, 0x00000000e3000000|100%| E|CS|TAMS 0x00000000e2f00000| PB 0x00000000e2f00000| Complete 
|1584|0x00000000e3000000, 0x00000000e3100000, 0x00000000e3100000|100%| E|CS|TAMS 0x00000000e3000000| PB 0x00000000e3000000| Complete 
|1585|0x00000000e3100000, 0x00000000e3200000, 0x00000000e3200000|100%| E|CS|TAMS 0x00000000e3100000| PB 0x00000000e3100000| Complete 
|1586|0x00000000e3200000, 0x00000000e3300000, 0x00000000e3300000|100%| E|CS|TAMS 0x00000000e3200000| PB 0x00000000e3200000| Complete 
|1587|0x00000000e3300000, 0x00000000e3400000, 0x00000000e3400000|100%| E|CS|TAMS 0x00000000e3300000| PB 0x00000000e3300000| Complete 
|1588|0x00000000e3400000, 0x00000000e3500000, 0x00000000e3500000|100%| E|CS|TAMS 0x00000000e3400000| PB 0x00000000e3400000| Complete 
|1589|0x00000000e3500000, 0x00000000e3600000, 0x00000000e3600000|100%| E|CS|TAMS 0x00000000e3500000| PB 0x00000000e3500000| Complete 
|1590|0x00000000e3600000, 0x00000000e3700000, 0x00000000e3700000|100%| E|CS|TAMS 0x00000000e3600000| PB 0x00000000e3600000| Complete 
|1591|0x00000000e3700000, 0x00000000e3800000, 0x00000000e3800000|100%| E|CS|TAMS 0x00000000e3700000| PB 0x00000000e3700000| Complete 
|1592|0x00000000e3800000, 0x00000000e3900000, 0x00000000e3900000|100%| E|CS|TAMS 0x00000000e3800000| PB 0x00000000e3800000| Complete 
|1593|0x00000000e3900000, 0x00000000e3a00000, 0x00000000e3a00000|100%| E|CS|TAMS 0x00000000e3900000| PB 0x00000000e3900000| Complete 
|1594|0x00000000e3a00000, 0x00000000e3b00000, 0x00000000e3b00000|100%| E|CS|TAMS 0x00000000e3a00000| PB 0x00000000e3a00000| Complete 
|1595|0x00000000e3b00000, 0x00000000e3c00000, 0x00000000e3c00000|100%| E|CS|TAMS 0x00000000e3b00000| PB 0x00000000e3b00000| Complete 
|1596|0x00000000e3c00000, 0x00000000e3d00000, 0x00000000e3d00000|100%| E|CS|TAMS 0x00000000e3c00000| PB 0x00000000e3c00000| Complete 
|1597|0x00000000e3d00000, 0x00000000e3e00000, 0x00000000e3e00000|100%| E|CS|TAMS 0x00000000e3d00000| PB 0x00000000e3d00000| Complete 
|1598|0x00000000e3e00000, 0x00000000e3f00000, 0x00000000e3f00000|100%| E|CS|TAMS 0x00000000e3e00000| PB 0x00000000e3e00000| Complete 
|1599|0x00000000e3f00000, 0x00000000e4000000, 0x00000000e4000000|100%| E|CS|TAMS 0x00000000e3f00000| PB 0x00000000e3f00000| Complete 
|1600|0x00000000e4000000, 0x00000000e4100000, 0x00000000e4100000|100%| E|CS|TAMS 0x00000000e4000000| PB 0x00000000e4000000| Complete 
|1835|0x00000000f2b00000, 0x00000000f2c00000, 0x00000000f2c00000|100%| E|CS|TAMS 0x00000000f2b00000| PB 0x00000000f2b00000| Complete 
|1836|0x00000000f2c00000, 0x00000000f2d00000, 0x00000000f2d00000|100%| E|CS|TAMS 0x00000000f2c00000| PB 0x00000000f2c00000| Complete 
|1837|0x00000000f2d00000, 0x00000000f2e00000, 0x00000000f2e00000|100%| E|CS|TAMS 0x00000000f2d00000| PB 0x00000000f2d00000| Complete 
|1838|0x00000000f2e00000, 0x00000000f2f00000, 0x00000000f2f00000|100%| E|CS|TAMS 0x00000000f2e00000| PB 0x00000000f2e00000| Complete 
|1839|0x00000000f2f00000, 0x00000000f3000000, 0x00000000f3000000|100%| E|CS|TAMS 0x00000000f2f00000| PB 0x00000000f2f00000| Complete 
|1840|0x00000000f3000000, 0x00000000f3100000, 0x00000000f3100000|100%| O|Cm|TAMS 0x00000000f3000000| PB 0x00000000f3000000| Complete 
|1841|0x00000000f3100000, 0x00000000f3200000, 0x00000000f3200000|100%| E|  |TAMS 0x00000000f3100000| PB 0x00000000f3100000| Complete 
|1842|0x00000000f3200000, 0x00000000f3300000, 0x00000000f3300000|100%| E|CS|TAMS 0x00000000f3200000| PB 0x00000000f3200000| Complete 
|1843|0x00000000f3300000, 0x00000000f3400000, 0x00000000f3400000|100%| E|CS|TAMS 0x00000000f3300000| PB 0x00000000f3300000| Complete 
|1844|0x00000000f3400000, 0x00000000f3500000, 0x00000000f3500000|100%| E|CS|TAMS 0x00000000f3400000| PB 0x00000000f3400000| Complete 
|1845|0x00000000f3500000, 0x00000000f3600000, 0x00000000f3600000|100%| O|Cm|TAMS 0x00000000f3500000| PB 0x00000000f3500000| Complete 
|1846|0x00000000f3600000, 0x00000000f3700000, 0x00000000f3700000|100%| O|Cm|TAMS 0x00000000f3600000| PB 0x00000000f3600000| Complete 
|1847|0x00000000f3700000, 0x00000000f3800000, 0x00000000f3800000|100%| O|Cm|TAMS 0x00000000f3700000| PB 0x00000000f3700000| Complete 
|1848|0x00000000f3800000, 0x00000000f3900000, 0x00000000f3900000|100%| O|Cm|TAMS 0x00000000f3800000| PB 0x00000000f3800000| Complete 
|1849|0x00000000f3900000, 0x00000000f3a00000, 0x00000000f3a00000|100%| O|Cm|TAMS 0x00000000f3900000| PB 0x00000000f3900000| Complete 
|1850|0x00000000f3a00000, 0x00000000f3b00000, 0x00000000f3b00000|100%| O|Cm|TAMS 0x00000000f3a00000| PB 0x00000000f3a00000| Complete 
|1851|0x00000000f3b00000, 0x00000000f3c00000, 0x00000000f3c00000|100%| O|Cm|TAMS 0x00000000f3b00000| PB 0x00000000f3b00000| Complete 
|1852|0x00000000f3c00000, 0x00000000f3d00000, 0x00000000f3d00000|100%| O|Cm|TAMS 0x00000000f3c00000| PB 0x00000000f3c00000| Complete 
|1853|0x00000000f3d00000, 0x00000000f3e00000, 0x00000000f3e00000|100%| O|Cm|TAMS 0x00000000f3d00000| PB 0x00000000f3d00000| Complete 
|1854|0x00000000f3e00000, 0x00000000f3f00000, 0x00000000f3f00000|100%| O|Cm|TAMS 0x00000000f3e00000| PB 0x00000000f3e00000| Complete 
|1855|0x00000000f3f00000, 0x00000000f4000000, 0x00000000f4000000|100%| O|Cm|TAMS 0x00000000f3f00000| PB 0x00000000f3f00000| Complete 
|1856|0x00000000f4000000, 0x00000000f4100000, 0x00000000f4100000|100%| O|Cm|TAMS 0x00000000f4000000| PB 0x00000000f4000000| Complete 
|1857|0x00000000f4100000, 0x00000000f4200000, 0x00000000f4200000|100%| O|Cm|TAMS 0x00000000f4100000| PB 0x00000000f4100000| Complete 
|1858|0x00000000f4200000, 0x00000000f4300000, 0x00000000f4300000|100%| O|Cm|TAMS 0x00000000f4200000| PB 0x00000000f4200000| Complete 
|1859|0x00000000f4300000, 0x00000000f4400000, 0x00000000f4400000|100%| O|Cm|TAMS 0x00000000f4300000| PB 0x00000000f4300000| Complete 
|1860|0x00000000f4400000, 0x00000000f4500000, 0x00000000f4500000|100%| O|Cm|TAMS 0x00000000f4400000| PB 0x00000000f4400000| Complete 
|1861|0x00000000f4500000, 0x00000000f4600000, 0x00000000f4600000|100%| O|Cm|TAMS 0x00000000f4500000| PB 0x00000000f4500000| Complete 
|1862|0x00000000f4600000, 0x00000000f4700000, 0x00000000f4700000|100%| O|Cm|TAMS 0x00000000f4600000| PB 0x00000000f4600000| Complete 
|1863|0x00000000f4700000, 0x00000000f4800000, 0x00000000f4800000|100%| O|Cm|TAMS 0x00000000f4700000| PB 0x00000000f4700000| Complete 
|1864|0x00000000f4800000, 0x00000000f4900000, 0x00000000f4900000|100%| O|Cm|TAMS 0x00000000f4800000| PB 0x00000000f4800000| Complete 
|1865|0x00000000f4900000, 0x00000000f4a00000, 0x00000000f4a00000|100%| O|Cm|TAMS 0x00000000f4900000| PB 0x00000000f4900000| Complete 
|1866|0x00000000f4a00000, 0x00000000f4b00000, 0x00000000f4b00000|100%| O|Cm|TAMS 0x00000000f4a00000| PB 0x00000000f4a00000| Complete 
|1867|0x00000000f4b00000, 0x00000000f4c00000, 0x00000000f4c00000|100%| O|Cm|TAMS 0x00000000f4b00000| PB 0x00000000f4b00000| Complete 
|1868|0x00000000f4c00000, 0x00000000f4d00000, 0x00000000f4d00000|100%| O|Cm|TAMS 0x00000000f4c00000| PB 0x00000000f4c00000| Complete 
|1869|0x00000000f4d00000, 0x00000000f4e00000, 0x00000000f4e00000|100%| O|Cm|TAMS 0x00000000f4d00000| PB 0x00000000f4d00000| Complete 
|1870|0x00000000f4e00000, 0x00000000f4f00000, 0x00000000f4f00000|100%| O|Cm|TAMS 0x00000000f4e00000| PB 0x00000000f4e00000| Complete 
|1871|0x00000000f4f00000, 0x00000000f5000000, 0x00000000f5000000|100%| O|Cm|TAMS 0x00000000f4f00000| PB 0x00000000f4f00000| Complete 
|1872|0x00000000f5000000, 0x00000000f5100000, 0x00000000f5100000|100%| O|Cm|TAMS 0x00000000f5000000| PB 0x00000000f5000000| Complete 
|1873|0x00000000f5100000, 0x00000000f5200000, 0x00000000f5200000|100%| O|Cm|TAMS 0x00000000f5100000| PB 0x00000000f5100000| Complete 
|1874|0x00000000f5200000, 0x00000000f5300000, 0x00000000f5300000|100%| O|Cm|TAMS 0x00000000f5200000| PB 0x00000000f5200000| Complete 
|1875|0x00000000f5300000, 0x00000000f5400000, 0x00000000f5400000|100%| O|Cm|TAMS 0x00000000f5300000| PB 0x00000000f5300000| Complete 
|1876|0x00000000f5400000, 0x00000000f5500000, 0x00000000f5500000|100%| O|Cm|TAMS 0x00000000f5400000| PB 0x00000000f5400000| Complete 
|1877|0x00000000f5500000, 0x00000000f5600000, 0x00000000f5600000|100%| O|Cm|TAMS 0x00000000f5500000| PB 0x00000000f5500000| Complete 
|1878|0x00000000f5600000, 0x00000000f5700000, 0x00000000f5700000|100%| O|Cm|TAMS 0x00000000f5600000| PB 0x00000000f5600000| Complete 
|1879|0x00000000f5700000, 0x00000000f5800000, 0x00000000f5800000|100%| O|Cm|TAMS 0x00000000f5700000| PB 0x00000000f5700000| Complete 
|1880|0x00000000f5800000, 0x00000000f5900000, 0x00000000f5900000|100%| O|Cm|TAMS 0x00000000f5800000| PB 0x00000000f5800000| Complete 
|1881|0x00000000f5900000, 0x00000000f5a00000, 0x00000000f5a00000|100%| O|Cm|TAMS 0x00000000f5900000| PB 0x00000000f5900000| Complete 
|1882|0x00000000f5a00000, 0x00000000f5b00000, 0x00000000f5b00000|100%| E|CS|TAMS 0x00000000f5a00000| PB 0x00000000f5a00000| Complete 
|1883|0x00000000f5b00000, 0x00000000f5c00000, 0x00000000f5c00000|100%| O|  |TAMS 0x00000000f5b00000| PB 0x00000000f5b00000| Untracked 
|1884|0x00000000f5c00000, 0x00000000f5d00000, 0x00000000f5d00000|100%| E|CS|TAMS 0x00000000f5c00000| PB 0x00000000f5c00000| Complete 
|1885|0x00000000f5d00000, 0x00000000f5e00000, 0x00000000f5e00000|100%| E|CS|TAMS 0x00000000f5d00000| PB 0x00000000f5d00000| Complete 
|1886|0x00000000f5e00000, 0x00000000f5f00000, 0x00000000f5f00000|100%| O|  |TAMS 0x00000000f5e00000| PB 0x00000000f5e00000| Untracked 
|1887|0x00000000f5f00000, 0x00000000f6000000, 0x00000000f6000000|100%| E|CS|TAMS 0x00000000f5f00000| PB 0x00000000f5f00000| Complete 
|1888|0x00000000f6000000, 0x00000000f6100000, 0x00000000f6100000|100%| E|CS|TAMS 0x00000000f6000000| PB 0x00000000f6000000| Complete 
|1889|0x00000000f6100000, 0x00000000f6200000, 0x00000000f6200000|100%| O|Cm|TAMS 0x00000000f6100000| PB 0x00000000f6100000| Complete 
|1890|0x00000000f6200000, 0x00000000f6300000, 0x00000000f6300000|100%| E|CS|TAMS 0x00000000f6200000| PB 0x00000000f6200000| Complete 
|1891|0x00000000f6300000, 0x00000000f6400000, 0x00000000f6400000|100%| E|CS|TAMS 0x00000000f6300000| PB 0x00000000f6300000| Complete 
|1892|0x00000000f6400000, 0x00000000f6500000, 0x00000000f6500000|100%| E|CS|TAMS 0x00000000f6400000| PB 0x00000000f6400000| Complete 
|1893|0x00000000f6500000, 0x00000000f6600000, 0x00000000f6600000|100%| O|Cm|TAMS 0x00000000f6500000| PB 0x00000000f6500000| Complete 
|1894|0x00000000f6600000, 0x00000000f6700000, 0x00000000f6700000|100%| E|CS|TAMS 0x00000000f6600000| PB 0x00000000f6600000| Complete 
|1895|0x00000000f6700000, 0x00000000f6800000, 0x00000000f6800000|100%| E|CS|TAMS 0x00000000f6700000| PB 0x00000000f6700000| Complete 
|1896|0x00000000f6800000, 0x00000000f6900000, 0x00000000f6900000|100%| E|CS|TAMS 0x00000000f6800000| PB 0x00000000f6800000| Complete 
|1897|0x00000000f6900000, 0x00000000f6a00000, 0x00000000f6a00000|100%| O|  |TAMS 0x00000000f6900000| PB 0x00000000f6900000| Untracked 
|1898|0x00000000f6a00000, 0x00000000f6b00000, 0x00000000f6b00000|100%| E|CS|TAMS 0x00000000f6a00000| PB 0x00000000f6a00000| Complete 
|1899|0x00000000f6b00000, 0x00000000f6c00000, 0x00000000f6c00000|100%| O|Cm|TAMS 0x00000000f6b00000| PB 0x00000000f6b00000| Complete 
|1900|0x00000000f6c00000, 0x00000000f6d00000, 0x00000000f6d00000|100%| E|CS|TAMS 0x00000000f6c00000| PB 0x00000000f6c00000| Complete 
|1901|0x00000000f6d00000, 0x00000000f6e00000, 0x00000000f6e00000|100%| E|CS|TAMS 0x00000000f6d00000| PB 0x00000000f6d00000| Complete 
|1902|0x00000000f6e00000, 0x00000000f6f00000, 0x00000000f6f00000|100%| O|Cm|TAMS 0x00000000f6e00000| PB 0x00000000f6e00000| Complete 
|1903|0x00000000f6f00000, 0x00000000f7000000, 0x00000000f7000000|100%| E|CS|TAMS 0x00000000f6f00000| PB 0x00000000f6f00000| Complete 
|1904|0x00000000f7000000, 0x00000000f7100000, 0x00000000f7100000|100%| E|CS|TAMS 0x00000000f7000000| PB 0x00000000f7000000| Complete 
|1905|0x00000000f7100000, 0x00000000f7200000, 0x00000000f7200000|100%| E|CS|TAMS 0x00000000f7100000| PB 0x00000000f7100000| Complete 
|1906|0x00000000f7200000, 0x00000000f7300000, 0x00000000f7300000|100%| O|Cm|TAMS 0x00000000f7200000| PB 0x00000000f7200000| Complete 
|1907|0x00000000f7300000, 0x00000000f7400000, 0x00000000f7400000|100%| O|  |TAMS 0x00000000f7300000| PB 0x00000000f7300000| Untracked 
|1908|0x00000000f7400000, 0x00000000f7500000, 0x00000000f7500000|100%| O|  |TAMS 0x00000000f7400000| PB 0x00000000f7400000| Untracked 
|1909|0x00000000f7500000, 0x00000000f7600000, 0x00000000f7600000|100%| O|  |TAMS 0x00000000f7500000| PB 0x00000000f7500000| Untracked 
|1910|0x00000000f7600000, 0x00000000f7700000, 0x00000000f7700000|100%| O|  |TAMS 0x00000000f7600000| PB 0x00000000f7600000| Untracked 
|1911|0x00000000f7700000, 0x00000000f7800000, 0x00000000f7800000|100%| O|  |TAMS 0x00000000f7700000| PB 0x00000000f7700000| Untracked 
|1912|0x00000000f7800000, 0x00000000f7900000, 0x00000000f7900000|100%| O|  |TAMS 0x00000000f7800000| PB 0x00000000f7800000| Untracked 
|1913|0x00000000f7900000, 0x00000000f7a00000, 0x00000000f7a00000|100%| O|  |TAMS 0x00000000f7900000| PB 0x00000000f7900000| Untracked 
|1914|0x00000000f7a00000, 0x00000000f7b00000, 0x00000000f7b00000|100%| O|  |TAMS 0x00000000f7a00000| PB 0x00000000f7a00000| Untracked 
|1915|0x00000000f7b00000, 0x00000000f7c00000, 0x00000000f7c00000|100%| O|  |TAMS 0x00000000f7b00000| PB 0x00000000f7b00000| Untracked 
|1916|0x00000000f7c00000, 0x00000000f7d00000, 0x00000000f7d00000|100%| O|  |TAMS 0x00000000f7c00000| PB 0x00000000f7c00000| Untracked 
|1917|0x00000000f7d00000, 0x00000000f7e00000, 0x00000000f7e00000|100%| O|  |TAMS 0x00000000f7d00000| PB 0x00000000f7d00000| Untracked 
|1918|0x00000000f7e00000, 0x00000000f7f00000, 0x00000000f7f00000|100%| O|  |TAMS 0x00000000f7e00000| PB 0x00000000f7e00000| Untracked 
|1919|0x00000000f7f00000, 0x00000000f8000000, 0x00000000f8000000|100%| O|  |TAMS 0x00000000f7f00000| PB 0x00000000f7f00000| Untracked 
|1920|0x00000000f8000000, 0x00000000f8100000, 0x00000000f8100000|100%| E|CS|TAMS 0x00000000f8000000| PB 0x00000000f8000000| Complete 
|1921|0x00000000f8100000, 0x00000000f8200000, 0x00000000f8200000|100%| E|CS|TAMS 0x00000000f8100000| PB 0x00000000f8100000| Complete 
|1922|0x00000000f8200000, 0x00000000f8300000, 0x00000000f8300000|100%| O|  |TAMS 0x00000000f8200000| PB 0x00000000f8200000| Untracked 
|1923|0x00000000f8300000, 0x00000000f8400000, 0x00000000f8400000|100%| O|  |TAMS 0x00000000f8300000| PB 0x00000000f8300000| Untracked 
|1924|0x00000000f8400000, 0x00000000f8500000, 0x00000000f8500000|100%| O|  |TAMS 0x00000000f8400000| PB 0x00000000f8400000| Untracked 
|1925|0x00000000f8500000, 0x00000000f8600000, 0x00000000f8600000|100%| E|CS|TAMS 0x00000000f8500000| PB 0x00000000f8500000| Complete 
|1926|0x00000000f8600000, 0x00000000f8700000, 0x00000000f8700000|100%| E|CS|TAMS 0x00000000f8600000| PB 0x00000000f8600000| Complete 
|1927|0x00000000f8700000, 0x00000000f8800000, 0x00000000f8800000|100%| E|CS|TAMS 0x00000000f8700000| PB 0x00000000f8700000| Complete 
|1928|0x00000000f8800000, 0x00000000f8900000, 0x00000000f8900000|100%| E|CS|TAMS 0x00000000f8800000| PB 0x00000000f8800000| Complete 
|1929|0x00000000f8900000, 0x00000000f8a00000, 0x00000000f8a00000|100%| E|CS|TAMS 0x00000000f8900000| PB 0x00000000f8900000| Complete 
|1930|0x00000000f8a00000, 0x00000000f8b00000, 0x00000000f8b00000|100%| E|CS|TAMS 0x00000000f8a00000| PB 0x00000000f8a00000| Complete 
|1931|0x00000000f8b00000, 0x00000000f8c00000, 0x00000000f8c00000|100%| E|CS|TAMS 0x00000000f8b00000| PB 0x00000000f8b00000| Complete 
|1932|0x00000000f8c00000, 0x00000000f8d00000, 0x00000000f8d00000|100%| O|  |TAMS 0x00000000f8c00000| PB 0x00000000f8c00000| Untracked 
|1933|0x00000000f8d00000, 0x00000000f8e00000, 0x00000000f8e00000|100%| O|  |TAMS 0x00000000f8d00000| PB 0x00000000f8d00000| Untracked 
|1934|0x00000000f8e00000, 0x00000000f8f00000, 0x00000000f8f00000|100%| O|  |TAMS 0x00000000f8e00000| PB 0x00000000f8e00000| Untracked 
|1935|0x00000000f8f00000, 0x00000000f9000000, 0x00000000f9000000|100%| O|  |TAMS 0x00000000f8f00000| PB 0x00000000f8f00000| Untracked 
|1936|0x00000000f9000000, 0x00000000f9100000, 0x00000000f9100000|100%| O|  |TAMS 0x00000000f9000000| PB 0x00000000f9000000| Untracked 
|1937|0x00000000f9100000, 0x00000000f9200000, 0x00000000f9200000|100%| O|  |TAMS 0x00000000f9100000| PB 0x00000000f9100000| Untracked 
|1938|0x00000000f9200000, 0x00000000f9300000, 0x00000000f9300000|100%| E|CS|TAMS 0x00000000f9200000| PB 0x00000000f9200000| Complete 
|1939|0x00000000f9300000, 0x00000000f9400000, 0x00000000f9400000|100%| E|CS|TAMS 0x00000000f9300000| PB 0x00000000f9300000| Complete 
|1940|0x00000000f9400000, 0x00000000f9500000, 0x00000000f9500000|100%| E|CS|TAMS 0x00000000f9400000| PB 0x00000000f9400000| Complete 
|1941|0x00000000f9500000, 0x00000000f9600000, 0x00000000f9600000|100%| E|CS|TAMS 0x00000000f9500000| PB 0x00000000f9500000| Complete 
|1942|0x00000000f9600000, 0x00000000f9700000, 0x00000000f9700000|100%| E|CS|TAMS 0x00000000f9600000| PB 0x00000000f9600000| Complete 
|1943|0x00000000f9700000, 0x00000000f9800000, 0x00000000f9800000|100%| E|CS|TAMS 0x00000000f9700000| PB 0x00000000f9700000| Complete 
|1944|0x00000000f9800000, 0x00000000f9900000, 0x00000000f9900000|100%| E|CS|TAMS 0x00000000f9800000| PB 0x00000000f9800000| Complete 
|1945|0x00000000f9900000, 0x00000000f9a00000, 0x00000000f9a00000|100%| E|CS|TAMS 0x00000000f9900000| PB 0x00000000f9900000| Complete 
|1946|0x00000000f9a00000, 0x00000000f9b00000, 0x00000000f9b00000|100%| E|CS|TAMS 0x00000000f9a00000| PB 0x00000000f9a00000| Complete 
|1947|0x00000000f9b00000, 0x00000000f9c00000, 0x00000000f9c00000|100%| E|CS|TAMS 0x00000000f9b00000| PB 0x00000000f9b00000| Complete 
|1948|0x00000000f9c00000, 0x00000000f9d00000, 0x00000000f9d00000|100%| E|CS|TAMS 0x00000000f9c00000| PB 0x00000000f9c00000| Complete 
|1949|0x00000000f9d00000, 0x00000000f9e00000, 0x00000000f9e00000|100%| E|CS|TAMS 0x00000000f9d00000| PB 0x00000000f9d00000| Complete 
|1950|0x00000000f9e00000, 0x00000000f9f00000, 0x00000000f9f00000|100%| E|CS|TAMS 0x00000000f9e00000| PB 0x00000000f9e00000| Complete 
|1951|0x00000000f9f00000, 0x00000000fa000000, 0x00000000fa000000|100%| E|CS|TAMS 0x00000000f9f00000| PB 0x00000000f9f00000| Complete 
|1952|0x00000000fa000000, 0x00000000fa100000, 0x00000000fa100000|100%| E|CS|TAMS 0x00000000fa000000| PB 0x00000000fa000000| Complete 
|1953|0x00000000fa100000, 0x00000000fa200000, 0x00000000fa200000|100%| E|CS|TAMS 0x00000000fa100000| PB 0x00000000fa100000| Complete 
|1954|0x00000000fa200000, 0x00000000fa300000, 0x00000000fa300000|100%| E|CS|TAMS 0x00000000fa200000| PB 0x00000000fa200000| Complete 
|1955|0x00000000fa300000, 0x00000000fa400000, 0x00000000fa400000|100%| E|CS|TAMS 0x00000000fa300000| PB 0x00000000fa300000| Complete 
|1956|0x00000000fa400000, 0x00000000fa500000, 0x00000000fa500000|100%| E|CS|TAMS 0x00000000fa400000| PB 0x00000000fa400000| Complete 
|1957|0x00000000fa500000, 0x00000000fa600000, 0x00000000fa600000|100%| E|CS|TAMS 0x00000000fa500000| PB 0x00000000fa500000| Complete 
|1958|0x00000000fa600000, 0x00000000fa700000, 0x00000000fa700000|100%| E|CS|TAMS 0x00000000fa600000| PB 0x00000000fa600000| Complete 
|1959|0x00000000fa700000, 0x00000000fa800000, 0x00000000fa800000|100%| E|CS|TAMS 0x00000000fa700000| PB 0x00000000fa700000| Complete 
|1960|0x00000000fa800000, 0x00000000fa900000, 0x00000000fa900000|100%| E|CS|TAMS 0x00000000fa800000| PB 0x00000000fa800000| Complete 
|1961|0x00000000fa900000, 0x00000000faa00000, 0x00000000faa00000|100%| E|CS|TAMS 0x00000000fa900000| PB 0x00000000fa900000| Complete 
|1962|0x00000000faa00000, 0x00000000fab00000, 0x00000000fab00000|100%| E|CS|TAMS 0x00000000faa00000| PB 0x00000000faa00000| Complete 
|1963|0x00000000fab00000, 0x00000000fac00000, 0x00000000fac00000|100%| E|CS|TAMS 0x00000000fab00000| PB 0x00000000fab00000| Complete 
|1964|0x00000000fac00000, 0x00000000fad00000, 0x00000000fad00000|100%| E|CS|TAMS 0x00000000fac00000| PB 0x00000000fac00000| Complete 
|1965|0x00000000fad00000, 0x00000000fae00000, 0x00000000fae00000|100%| E|CS|TAMS 0x00000000fad00000| PB 0x00000000fad00000| Complete 
|1966|0x00000000fae00000, 0x00000000faf00000, 0x00000000faf00000|100%| E|CS|TAMS 0x00000000fae00000| PB 0x00000000fae00000| Complete 
|1967|0x00000000faf00000, 0x00000000fb000000, 0x00000000fb000000|100%| E|CS|TAMS 0x00000000faf00000| PB 0x00000000faf00000| Complete 
|1968|0x00000000fb000000, 0x00000000fb100000, 0x00000000fb100000|100%| E|CS|TAMS 0x00000000fb000000| PB 0x00000000fb000000| Complete 
|1969|0x00000000fb100000, 0x00000000fb200000, 0x00000000fb200000|100%| E|CS|TAMS 0x00000000fb100000| PB 0x00000000fb100000| Complete 
|1970|0x00000000fb200000, 0x00000000fb300000, 0x00000000fb300000|100%| E|CS|TAMS 0x00000000fb200000| PB 0x00000000fb200000| Complete 
|1971|0x00000000fb300000, 0x00000000fb400000, 0x00000000fb400000|100%| E|CS|TAMS 0x00000000fb300000| PB 0x00000000fb300000| Complete 
|1972|0x00000000fb400000, 0x00000000fb500000, 0x00000000fb500000|100%| E|CS|TAMS 0x00000000fb400000| PB 0x00000000fb400000| Complete 
|1973|0x00000000fb500000, 0x00000000fb600000, 0x00000000fb600000|100%| E|CS|TAMS 0x00000000fb500000| PB 0x00000000fb500000| Complete 
|1974|0x00000000fb600000, 0x00000000fb700000, 0x00000000fb700000|100%| E|CS|TAMS 0x00000000fb600000| PB 0x00000000fb600000| Complete 
|1975|0x00000000fb700000, 0x00000000fb800000, 0x00000000fb800000|100%| E|CS|TAMS 0x00000000fb700000| PB 0x00000000fb700000| Complete 
|1976|0x00000000fb800000, 0x00000000fb900000, 0x00000000fb900000|100%| E|CS|TAMS 0x00000000fb800000| PB 0x00000000fb800000| Complete 
|1977|0x00000000fb900000, 0x00000000fba00000, 0x00000000fba00000|100%| E|CS|TAMS 0x00000000fb900000| PB 0x00000000fb900000| Complete 
|1978|0x00000000fba00000, 0x00000000fbb00000, 0x00000000fbb00000|100%| E|CS|TAMS 0x00000000fba00000| PB 0x00000000fba00000| Complete 
|1979|0x00000000fbb00000, 0x00000000fbc00000, 0x00000000fbc00000|100%| E|CS|TAMS 0x00000000fbb00000| PB 0x00000000fbb00000| Complete 
|1980|0x00000000fbc00000, 0x00000000fbd00000, 0x00000000fbd00000|100%| E|CS|TAMS 0x00000000fbc00000| PB 0x00000000fbc00000| Complete 
|1981|0x00000000fbd00000, 0x00000000fbe00000, 0x00000000fbe00000|100%| E|CS|TAMS 0x00000000fbd00000| PB 0x00000000fbd00000| Complete 
|1982|0x00000000fbe00000, 0x00000000fbf00000, 0x00000000fbf00000|100%| E|CS|TAMS 0x00000000fbe00000| PB 0x00000000fbe00000| Complete 
|1983|0x00000000fbf00000, 0x00000000fc000000, 0x00000000fc000000|100%| E|CS|TAMS 0x00000000fbf00000| PB 0x00000000fbf00000| Complete 
|1984|0x00000000fc000000, 0x00000000fc100000, 0x00000000fc100000|100%| E|CS|TAMS 0x00000000fc000000| PB 0x00000000fc000000| Complete 
|1985|0x00000000fc100000, 0x00000000fc200000, 0x00000000fc200000|100%| E|CS|TAMS 0x00000000fc100000| PB 0x00000000fc100000| Complete 
|1986|0x00000000fc200000, 0x00000000fc300000, 0x00000000fc300000|100%| E|CS|TAMS 0x00000000fc200000| PB 0x00000000fc200000| Complete 
|1987|0x00000000fc300000, 0x00000000fc400000, 0x00000000fc400000|100%| E|CS|TAMS 0x00000000fc300000| PB 0x00000000fc300000| Complete 
|1988|0x00000000fc400000, 0x00000000fc500000, 0x00000000fc500000|100%| E|CS|TAMS 0x00000000fc400000| PB 0x00000000fc400000| Complete 
|1989|0x00000000fc500000, 0x00000000fc600000, 0x00000000fc600000|100%| E|CS|TAMS 0x00000000fc500000| PB 0x00000000fc500000| Complete 
|1990|0x00000000fc600000, 0x00000000fc700000, 0x00000000fc700000|100%| E|CS|TAMS 0x00000000fc600000| PB 0x00000000fc600000| Complete 
|1991|0x00000000fc700000, 0x00000000fc800000, 0x00000000fc800000|100%| E|CS|TAMS 0x00000000fc700000| PB 0x00000000fc700000| Complete 
|1992|0x00000000fc800000, 0x00000000fc900000, 0x00000000fc900000|100%| E|CS|TAMS 0x00000000fc800000| PB 0x00000000fc800000| Complete 
|1993|0x00000000fc900000, 0x00000000fca00000, 0x00000000fca00000|100%| E|CS|TAMS 0x00000000fc900000| PB 0x00000000fc900000| Complete 
|1994|0x00000000fca00000, 0x00000000fcb00000, 0x00000000fcb00000|100%| E|CS|TAMS 0x00000000fca00000| PB 0x00000000fca00000| Complete 
|1995|0x00000000fcb00000, 0x00000000fcc00000, 0x00000000fcc00000|100%| E|CS|TAMS 0x00000000fcb00000| PB 0x00000000fcb00000| Complete 
|1996|0x00000000fcc00000, 0x00000000fcd00000, 0x00000000fcd00000|100%| E|CS|TAMS 0x00000000fcc00000| PB 0x00000000fcc00000| Complete 
|1997|0x00000000fcd00000, 0x00000000fce00000, 0x00000000fce00000|100%| E|CS|TAMS 0x00000000fcd00000| PB 0x00000000fcd00000| Complete 
|1998|0x00000000fce00000, 0x00000000fcf00000, 0x00000000fcf00000|100%| E|CS|TAMS 0x00000000fce00000| PB 0x00000000fce00000| Complete 
|1999|0x00000000fcf00000, 0x00000000fd000000, 0x00000000fd000000|100%| E|CS|TAMS 0x00000000fcf00000| PB 0x00000000fcf00000| Complete 
|2000|0x00000000fd000000, 0x00000000fd100000, 0x00000000fd100000|100%| E|CS|TAMS 0x00000000fd000000| PB 0x00000000fd000000| Complete 
|2001|0x00000000fd100000, 0x00000000fd200000, 0x00000000fd200000|100%| E|CS|TAMS 0x00000000fd100000| PB 0x00000000fd100000| Complete 
|2002|0x00000000fd200000, 0x00000000fd300000, 0x00000000fd300000|100%| E|CS|TAMS 0x00000000fd200000| PB 0x00000000fd200000| Complete 
|2003|0x00000000fd300000, 0x00000000fd400000, 0x00000000fd400000|100%| E|CS|TAMS 0x00000000fd300000| PB 0x00000000fd300000| Complete 
|2004|0x00000000fd400000, 0x00000000fd500000, 0x00000000fd500000|100%| E|CS|TAMS 0x00000000fd400000| PB 0x00000000fd400000| Complete 
|2005|0x00000000fd500000, 0x00000000fd600000, 0x00000000fd600000|100%| E|CS|TAMS 0x00000000fd500000| PB 0x00000000fd500000| Complete 
|2006|0x00000000fd600000, 0x00000000fd700000, 0x00000000fd700000|100%| E|CS|TAMS 0x00000000fd600000| PB 0x00000000fd600000| Complete 
|2007|0x00000000fd700000, 0x00000000fd800000, 0x00000000fd800000|100%| E|CS|TAMS 0x00000000fd700000| PB 0x00000000fd700000| Complete 
|2008|0x00000000fd800000, 0x00000000fd900000, 0x00000000fd900000|100%| E|CS|TAMS 0x00000000fd800000| PB 0x00000000fd800000| Complete 
|2009|0x00000000fd900000, 0x00000000fda00000, 0x00000000fda00000|100%| E|CS|TAMS 0x00000000fd900000| PB 0x00000000fd900000| Complete 
|2010|0x00000000fda00000, 0x00000000fdb00000, 0x00000000fdb00000|100%| E|CS|TAMS 0x00000000fda00000| PB 0x00000000fda00000| Complete 
|2011|0x00000000fdb00000, 0x00000000fdc00000, 0x00000000fdc00000|100%| E|CS|TAMS 0x00000000fdb00000| PB 0x00000000fdb00000| Complete 
|2012|0x00000000fdc00000, 0x00000000fdd00000, 0x00000000fdd00000|100%| O|  |TAMS 0x00000000fdc00000| PB 0x00000000fdc00000| Untracked 
|2013|0x00000000fdd00000, 0x00000000fde00000, 0x00000000fde00000|100%| E|CS|TAMS 0x00000000fdd00000| PB 0x00000000fdd00000| Complete 
|2014|0x00000000fde00000, 0x00000000fdf00000, 0x00000000fdf00000|100%| O|  |TAMS 0x00000000fde00000| PB 0x00000000fde00000| Untracked 
|2015|0x00000000fdf00000, 0x00000000fe000000, 0x00000000fe000000|100%| O|  |TAMS 0x00000000fdf00000| PB 0x00000000fdf00000| Untracked 
|2016|0x00000000fe000000, 0x00000000fe100000, 0x00000000fe100000|100%| O|  |TAMS 0x00000000fe000000| PB 0x00000000fe000000| Untracked 
|2017|0x00000000fe100000, 0x00000000fe200000, 0x00000000fe200000|100%| E|CS|TAMS 0x00000000fe100000| PB 0x00000000fe100000| Complete 
|2018|0x00000000fe200000, 0x00000000fe300000, 0x00000000fe300000|100%| E|CS|TAMS 0x00000000fe200000| PB 0x00000000fe200000| Complete 
|2019|0x00000000fe300000, 0x00000000fe400000, 0x00000000fe400000|100%| E|CS|TAMS 0x00000000fe300000| PB 0x00000000fe300000| Complete 
|2020|0x00000000fe400000, 0x00000000fe500000, 0x00000000fe500000|100%| E|CS|TAMS 0x00000000fe400000| PB 0x00000000fe400000| Complete 
|2021|0x00000000fe500000, 0x00000000fe600000, 0x00000000fe600000|100%| E|CS|TAMS 0x00000000fe500000| PB 0x00000000fe500000| Complete 
|2022|0x00000000fe600000, 0x00000000fe700000, 0x00000000fe700000|100%| E|CS|TAMS 0x00000000fe600000| PB 0x00000000fe600000| Complete 
|2023|0x00000000fe700000, 0x00000000fe800000, 0x00000000fe800000|100%| E|CS|TAMS 0x00000000fe700000| PB 0x00000000fe700000| Complete 
|2024|0x00000000fe800000, 0x00000000fe900000, 0x00000000fe900000|100%| E|CS|TAMS 0x00000000fe800000| PB 0x00000000fe800000| Complete 
|2025|0x00000000fe900000, 0x00000000fea00000, 0x00000000fea00000|100%| E|CS|TAMS 0x00000000fe900000| PB 0x00000000fe900000| Complete 
|2026|0x00000000fea00000, 0x00000000feb00000, 0x00000000feb00000|100%| E|CS|TAMS 0x00000000fea00000| PB 0x00000000fea00000| Complete 
|2027|0x00000000feb00000, 0x00000000fec00000, 0x00000000fec00000|100%| E|CS|TAMS 0x00000000feb00000| PB 0x00000000feb00000| Complete 
|2028|0x00000000fec00000, 0x00000000fed00000, 0x00000000fed00000|100%| E|CS|TAMS 0x00000000fec00000| PB 0x00000000fec00000| Complete 
|2029|0x00000000fed00000, 0x00000000fee00000, 0x00000000fee00000|100%| E|CS|TAMS 0x00000000fed00000| PB 0x00000000fed00000| Complete 
|2030|0x00000000fee00000, 0x00000000fef00000, 0x00000000fef00000|100%| E|CS|TAMS 0x00000000fee00000| PB 0x00000000fee00000| Complete 
|2031|0x00000000fef00000, 0x00000000ff000000, 0x00000000ff000000|100%| E|CS|TAMS 0x00000000fef00000| PB 0x00000000fef00000| Complete 
|2032|0x00000000ff000000, 0x00000000ff100000, 0x00000000ff100000|100%| E|CS|TAMS 0x00000000ff000000| PB 0x00000000ff000000| Complete 
|2033|0x00000000ff100000, 0x00000000ff200000, 0x00000000ff200000|100%| E|CS|TAMS 0x00000000ff100000| PB 0x00000000ff100000| Complete 
|2034|0x00000000ff200000, 0x00000000ff300000, 0x00000000ff300000|100%| E|CS|TAMS 0x00000000ff200000| PB 0x00000000ff200000| Complete 
|2035|0x00000000ff300000, 0x00000000ff400000, 0x00000000ff400000|100%| E|CS|TAMS 0x00000000ff300000| PB 0x00000000ff300000| Complete 
|2036|0x00000000ff400000, 0x00000000ff500000, 0x00000000ff500000|100%| E|CS|TAMS 0x00000000ff400000| PB 0x00000000ff400000| Complete 
|2037|0x00000000ff500000, 0x00000000ff600000, 0x00000000ff600000|100%| E|CS|TAMS 0x00000000ff500000| PB 0x00000000ff500000| Complete 
|2038|0x00000000ff600000, 0x00000000ff700000, 0x00000000ff700000|100%| E|CS|TAMS 0x00000000ff600000| PB 0x00000000ff600000| Complete 
|2039|0x00000000ff700000, 0x00000000ff800000, 0x00000000ff800000|100%| E|CS|TAMS 0x00000000ff700000| PB 0x00000000ff700000| Complete 
|2040|0x00000000ff800000, 0x00000000ff900000, 0x00000000ff900000|100%| E|CS|TAMS 0x00000000ff800000| PB 0x00000000ff800000| Complete 
|2041|0x00000000ff900000, 0x00000000ffa00000, 0x00000000ffa00000|100%| E|CS|TAMS 0x00000000ff900000| PB 0x00000000ff900000| Complete 
|2042|0x00000000ffa00000, 0x00000000ffb00000, 0x00000000ffb00000|100%| E|CS|TAMS 0x00000000ffa00000| PB 0x00000000ffa00000| Complete 
|2043|0x00000000ffb00000, 0x00000000ffc00000, 0x00000000ffc00000|100%| E|CS|TAMS 0x00000000ffb00000| PB 0x00000000ffb00000| Complete 
|2044|0x00000000ffc00000, 0x00000000ffd00000, 0x00000000ffd00000|100%| E|CS|TAMS 0x00000000ffc00000| PB 0x00000000ffc00000| Complete 
|2045|0x00000000ffd00000, 0x00000000ffe00000, 0x00000000ffe00000|100%| O|  |TAMS 0x00000000ffd00000| PB 0x00000000ffd00000| Untracked 
|2046|0x00000000ffe00000, 0x00000000fff00000, 0x00000000fff00000|100%| O|  |TAMS 0x00000000ffe00000| PB 0x00000000ffe00000| Untracked 
|2047|0x00000000fff00000, 0x0000000100000000, 0x0000000100000000|100%| O|  |TAMS 0x00000000fff00000| PB 0x00000000fff00000| Untracked 

Card table byte_map: [0x000002a1dd160000,0x000002a1dd560000] _byte_map_base: 0x000002a1dcd60000

Marking Bits: (CMBitMap*) 0x000002a1ca705670
 Bits: [0x000002a1dd560000, 0x000002a1df560000)

Polling page: 0x000002a1c84c0000

Metaspace:

Usage:
  Non-class:    264.66 MB used.
      Class:     39.76 MB used.
       Both:    304.42 MB used.

Virtual space:
  Non-class space:      320.00 MB reserved,     266.25 MB ( 83%) committed,  5 nodes.
      Class space:        1.00 GB reserved,      41.19 MB (  4%) committed,  1 nodes.
             Both:        1.31 GB reserved,     307.44 MB ( 23%) committed. 

Chunk freelists:
   Non-Class:  4.98 MB
       Class:  6.75 MB
        Both:  11.73 MB

MaxMetaspaceSize: unlimited
CompressedClassSpaceSize: 1.00 GB
Initial GC threshold: 21.00 MB
Current GC threshold: 501.56 MB
CDS: off
 - commit_granule_bytes: 65536.
 - commit_granule_words: 8192.
 - virtual_space_node_default_size: 8388608.
 - enlarge_chunks_in_place: 1.
 - use_allocation_guard: 0.


Internal statistics:

num_allocs_failed_limit: 9.
num_arena_births: 5966.
num_arena_deaths: 20.
num_vsnodes_births: 6.
num_vsnodes_deaths: 0.
num_space_committed: 4915.
num_space_uncommitted: 4.
num_chunks_returned_to_freelist: 82.
num_chunks_taken_from_freelist: 18980.
num_chunk_merges: 19.
num_chunk_splits: 13024.
num_chunks_enlarged: 8857.
num_inconsistent_stats: 0.

CodeHeap 'non-profiled nmethods': size=120000Kb used=15952Kb max_used=15952Kb free=104047Kb
 bounds [0x000002a1d52e0000, 0x000002a1d6280000, 0x000002a1dc810000]
CodeHeap 'profiled nmethods': size=120000Kb used=26112Kb max_used=44246Kb free=93887Kb
 bounds [0x000002a1cd810000, 0x000002a1d0350000, 0x000002a1d4d40000]
CodeHeap 'non-nmethods': size=5760Kb used=2658Kb max_used=2704Kb free=3101Kb
 bounds [0x000002a1d4d40000, 0x000002a1d5000000, 0x000002a1d52e0000]
CodeCache: size=245760Kb, used=44722Kb, max_used=62902Kb, free=201035Kb
 total_blobs=16711, nmethods=15268, adapters=1343, full_count=0
Compilation: enabled, stopped_count=0, restarted_count=0

Compilation events (20 events):
Event: 220.940 Thread 0x000002a1e23f9140 46204       3       org.gradle.api.internal.tasks.compile.incremental.deps.IntSetSerializer::read (54 bytes)
Event: 220.941 Thread 0x000002a1e23f9140 nmethod 46204 0x000002a1cdfd1390 code [0x000002a1cdfd15c0, 0x000002a1cdfd1b70]
Event: 220.941 Thread 0x000002a1e23f9140 46205       3       it.unimi.dsi.fastutil.ints.AbstractIntCollection::<init> (5 bytes)
Event: 220.941 Thread 0x000002a1e23f9140 nmethod 46205 0x000002a1cdfd0d10 code [0x000002a1cdfd0ec0, 0x000002a1cdfd1088]
Event: 220.941 Thread 0x000002a1e23f9140 46206       3       it.unimi.dsi.fastutil.ints.AbstractIntSet::<init> (5 bytes)
Event: 220.941 Thread 0x000002a1e23f9140 nmethod 46206 0x000002a1ce770810 code [0x000002a1ce7709c0, 0x000002a1ce770be8]
Event: 220.941 Thread 0x000002a1e23f9140 46207       3       it.unimi.dsi.fastutil.ints.IntOpenHashSet::<init> (94 bytes)
Event: 220.943 Thread 0x000002a1e23f9140 nmethod 46207 0x000002a1ce76fb10 code [0x000002a1ce76fd60, 0x000002a1ce770560]
Event: 220.952 Thread 0x000002a1e23f9140 46212   !   3       com.esotericsoftware.kryo.io.Input::fill (32 bytes)
Event: 220.953 Thread 0x000002a1e23f9140 nmethod 46212 0x000002a1ce76f510 code [0x000002a1ce76f6e0, 0x000002a1ce76f9d0]
Event: 221.004 Thread 0x000002a1e23f9140 46215       3       org.gradle.internal.io.StreamByteBuffer$StreamByteBufferInputStream::readImpl (150 bytes)
Event: 221.005 Thread 0x000002a1e23f9140 nmethod 46215 0x000002a1ce76e810 code [0x000002a1ce76ea60, 0x000002a1ce76f1b8]
Event: 221.009 Thread 0x000002a1e23f9140 46216       2       com.google.common.collect.HashBiMap::createTable (5 bytes)
Event: 222.009 Thread 0x000002a1e23f9140 nmethod 46216 0x000002a1ce76e410 code [0x000002a1ce76e5a0, 0x000002a1ce76e730]
Event: 223.232 Thread 0x000002a1e23f9140 46218   !   2       org.gradle.internal.serialize.kryo.KryoBackedDecoder::readNullableString (15 bytes)
Event: 224.013 Thread 0x000002a1e23f9140 nmethod 46218 0x000002a1ceb30e10 code [0x000002a1ceb31000, 0x000002a1ceb312b8]
Event: 224.013 Thread 0x000002a1e23f9140 46219       2       org.gradle.api.internal.tasks.compile.incremental.deps.ClassSetAnalysisData$Serializer::read (230 bytes)
Event: 224.014 Thread 0x000002a1e23f9140 nmethod 46219 0x000002a1ceb2f010 code [0x000002a1ceb2f3a0, 0x000002a1ceb30418]
Event: 224.014 Thread 0x000002a1e23f9140 46222       1       org.gradle.api.internal.tasks.compile.incremental.recomp.CurrentCompilationAccess::access$000 (5 bytes)
Event: 224.014 Thread 0x000002a1e23f9140 nmethod 46222 0x000002a1d6273510 code [0x000002a1d62736a0, 0x000002a1d6273750]

GC Heap History (20 events):
Event: 178.459 GC heap before
{Heap before GC invocations=130 (full 0):
 garbage-first heap   total 1558528K, used 1000960K [0x0000000080000000, 0x0000000100000000)
  region size 1024K, 160 young (163840K), 32 survivors (32768K)
 Metaspace       used 301697K, committed 304704K, reserved 1376256K
  class space    used 39590K, committed 41024K, reserved 1048576K
}
Event: 178.499 GC heap after
{Heap after GC invocations=131 (full 0):
 garbage-first heap   total 1558528K, used 878498K [0x0000000080000000, 0x0000000100000000)
  region size 1024K, 23 young (23552K), 23 survivors (23552K)
 Metaspace       used 301697K, committed 304704K, reserved 1376256K
  class space    used 39590K, committed 41024K, reserved 1048576K
}
Event: 182.158 GC heap before
{Heap before GC invocations=132 (full 0):
 garbage-first heap   total 1558528K, used 1309602K [0x0000000080000000, 0x0000000100000000)
  region size 1024K, 390 young (399360K), 23 survivors (23552K)
 Metaspace       used 301135K, committed 304448K, reserved 1376256K
  class space    used 39530K, committed 41024K, reserved 1048576K
}
Event: 182.222 GC heap after
{Heap after GC invocations=133 (full 0):
 garbage-first heap   total 1558528K, used 935622K [0x0000000080000000, 0x0000000100000000)
  region size 1024K, 42 young (43008K), 42 survivors (43008K)
 Metaspace       used 301135K, committed 304448K, reserved 1376256K
  class space    used 39530K, committed 41024K, reserved 1048576K
}
Event: 183.864 GC heap before
{Heap before GC invocations=133 (full 0):
 garbage-first heap   total 1558528K, used 1333958K [0x0000000080000000, 0x0000000100000000)
  region size 1024K, 406 young (415744K), 42 survivors (43008K)
 Metaspace       used 301152K, committed 304448K, reserved 1376256K
  class space    used 39530K, committed 41024K, reserved 1048576K
}
Event: 183.934 GC heap after
{Heap after GC invocations=134 (full 0):
 garbage-first heap   total 1558528K, used 976210K [0x0000000080000000, 0x0000000100000000)
  region size 1024K, 51 young (52224K), 51 survivors (52224K)
 Metaspace       used 301152K, committed 304448K, reserved 1376256K
  class space    used 39530K, committed 41024K, reserved 1048576K
}
Event: 183.946 GC heap before
{Heap before GC invocations=134 (full 0):
 garbage-first heap   total 1558528K, used 980306K [0x0000000080000000, 0x0000000100000000)
  region size 1024K, 57 young (58368K), 51 survivors (52224K)
 Metaspace       used 301152K, committed 304448K, reserved 1376256K
  class space    used 39530K, committed 41024K, reserved 1048576K
}
Event: 183.985 GC heap after
{Heap after GC invocations=135 (full 0):
 garbage-first heap   total 1558528K, used 984064K [0x0000000080000000, 0x0000000100000000)
  region size 1024K, 6 young (6144K), 6 survivors (6144K)
 Metaspace       used 301152K, committed 304448K, reserved 1376256K
  class space    used 39530K, committed 41024K, reserved 1048576K
}
Event: 184.764 GC heap before
{Heap before GC invocations=135 (full 0):
 garbage-first heap   total 1558528K, used 1372160K [0x0000000080000000, 0x0000000100000000)
  region size 1024K, 321 young (328704K), 6 survivors (6144K)
 Metaspace       used 301207K, committed 304448K, reserved 1376256K
  class space    used 39530K, committed 41024K, reserved 1048576K
}
Event: 184.802 GC heap after
{Heap after GC invocations=136 (full 0):
 garbage-first heap   total 1558528K, used 1084416K [0x0000000080000000, 0x0000000100000000)
  region size 1024K, 41 young (41984K), 41 survivors (41984K)
 Metaspace       used 301207K, committed 304448K, reserved 1376256K
  class space    used 39530K, committed 41024K, reserved 1048576K
}
Event: 185.779 GC heap before
{Heap before GC invocations=137 (full 0):
 garbage-first heap   total 1857536K, used 1423360K [0x0000000080000000, 0x0000000100000000)
  region size 1024K, 317 young (324608K), 41 survivors (41984K)
 Metaspace       used 301225K, committed 304448K, reserved 1376256K
  class space    used 39530K, committed 41024K, reserved 1048576K
}
Event: 185.891 GC heap after
{Heap after GC invocations=138 (full 0):
 garbage-first heap   total 1857536K, used 1083520K [0x0000000080000000, 0x0000000100000000)
  region size 1024K, 5 young (5120K), 5 survivors (5120K)
 Metaspace       used 301225K, committed 304448K, reserved 1376256K
  class space    used 39530K, committed 41024K, reserved 1048576K
}
Event: 191.152 GC heap before
{Heap before GC invocations=138 (full 0):
 garbage-first heap   total 1857536K, used 1638528K [0x0000000080000000, 0x0000000100000000)
  region size 1024K, 482 young (493568K), 5 survivors (5120K)
 Metaspace       used 302861K, committed 305792K, reserved 1376256K
  class space    used 39752K, committed 41152K, reserved 1048576K
}
Event: 191.478 GC heap after
{Heap after GC invocations=139 (full 0):
 garbage-first heap   total 1857536K, used 1038229K [0x0000000080000000, 0x0000000100000000)
  region size 1024K, 8 young (8192K), 8 survivors (8192K)
 Metaspace       used 302861K, committed 305792K, reserved 1376256K
  class space    used 39752K, committed 41152K, reserved 1048576K
}
Event: 191.537 GC heap before
{Heap before GC invocations=139 (full 0):
 garbage-first heap   total 1857536K, used 1069973K [0x0000000080000000, 0x0000000100000000)
  region size 1024K, 41 young (41984K), 8 survivors (8192K)
 Metaspace       used 302934K, committed 305856K, reserved 1376256K
  class space    used 39758K, committed 41152K, reserved 1048576K
}
Event: 191.552 GC heap after
{Heap after GC invocations=140 (full 0):
 garbage-first heap   total 1857536K, used 1038050K [0x0000000080000000, 0x0000000100000000)
  region size 1024K, 8 young (8192K), 8 survivors (8192K)
 Metaspace       used 302934K, committed 305856K, reserved 1376256K
  class space    used 39758K, committed 41152K, reserved 1048576K
}
Event: 196.774 GC heap before
{Heap before GC invocations=141 (full 0):
 garbage-first heap   total 1857536K, used 1495778K [0x0000000080000000, 0x0000000100000000)
  region size 1024K, 650 young (665600K), 8 survivors (8192K)
 Metaspace       used 309580K, committed 312576K, reserved 1376256K
  class space    used 40411K, committed 41856K, reserved 1048576K
}
Event: 196.814 GC heap after
{Heap after GC invocations=142 (full 0):
 garbage-first heap   total 1857536K, used 840850K [0x0000000080000000, 0x0000000100000000)
  region size 1024K, 12 young (12288K), 12 survivors (12288K)
 Metaspace       used 309580K, committed 312576K, reserved 1376256K
  class space    used 40411K, committed 41856K, reserved 1048576K
}
Event: 198.971 GC heap before
{Heap before GC invocations=142 (full 0):
 garbage-first heap   total 1857536K, used 1194130K [0x0000000080000000, 0x0000000100000000)
  region size 1024K, 358 young (366592K), 12 survivors (12288K)
 Metaspace       used 310315K, committed 313344K, reserved 1376256K
  class space    used 40534K, committed 41984K, reserved 1048576K
}
Event: 198.987 GC heap after
{Heap after GC invocations=143 (full 0):
 garbage-first heap   total 1857536K, used 798584K [0x0000000080000000, 0x0000000100000000)
  region size 1024K, 18 young (18432K), 18 survivors (18432K)
 Metaspace       used 310315K, committed 313344K, reserved 1376256K
  class space    used 40534K, committed 41984K, reserved 1048576K
}

Dll operation events (4 events):
Event: 0.021 Loaded shared library C:\Program Files\Android\Android Studio\jbr\bin\java.dll
Event: 0.034 Loaded shared library C:\Program Files\Android\Android Studio\jbr\bin\zip.dll
Event: 0.870 Loaded shared library C:\Program Files\Android\Android Studio\jbr\bin\verify.dll
Event: 179.738 Unloaded dll "C:\Users\Kabo\AppData\Local\Temp\sqlite-3.41.2.2-767ed0da-9b92-420f-8b73-2aad5f222edc-sqlitejdbc.dll" [0x00007ffcf97b0000]

Deoptimization events (20 events):
Event: 220.620 Thread 0x000002a186033020 Uncommon trap: trap_request=0xffffffc6 fr.pc=0x000002a1d55f1d08 relative=0x00000000000054a8
Event: 220.621 Thread 0x000002a186033020 Uncommon trap: reason=bimorphic_or_optimized_type_check action=maybe_recompile pc=0x000002a1d55f1d08 method=jdk.internal.loader.BuiltinClassLoader.loadClassOrNull(Ljava/lang/String;)Ljava/lang/Class; @ 3 c2
Event: 220.621 Thread 0x000002a186033020 DEOPT PACKING pc=0x000002a1d55f1d08 sp=0x000000a53ddfab70
Event: 220.621 Thread 0x000002a186033020 DEOPT UNPACKING pc=0x000002a1d4d943a2 sp=0x000000a53ddfaa80 mode 2
Event: 220.938 Thread 0x000002a18aa46970 Uncommon trap: trap_request=0xffffff45 fr.pc=0x000002a1d56cd4b0 relative=0x00000000000001f0
Event: 220.938 Thread 0x000002a18aa46970 Uncommon trap: reason=unstable_if action=reinterpret pc=0x000002a1d56cd4b0 method=com.esotericsoftware.kryo.io.Input.require(I)I @ 65 c2
Event: 220.938 Thread 0x000002a18aa46970 DEOPT PACKING pc=0x000002a1d56cd4b0 sp=0x000000a543dfed90
Event: 220.938 Thread 0x000002a18aa46970 DEOPT UNPACKING pc=0x000002a1d4d943a2 sp=0x000000a543dfed40 mode 2
Event: 220.938 Thread 0x000002a18aa46970 Uncommon trap: trap_request=0xffffff45 fr.pc=0x000002a1d59d4fdc relative=0x000000000000079c
Event: 220.938 Thread 0x000002a18aa46970 Uncommon trap: reason=unstable_if action=reinterpret pc=0x000002a1d59d4fdc method=org.gradle.internal.io.StreamByteBuffer$StreamByteBufferInputStream.readImpl([BII)I @ 49 c2
Event: 220.938 Thread 0x000002a18aa46970 DEOPT PACKING pc=0x000002a1d59d4fdc sp=0x000000a543dfec10
Event: 220.939 Thread 0x000002a18aa46970 DEOPT UNPACKING pc=0x000002a1d4d943a2 sp=0x000000a543dfebb8 mode 2
Event: 223.221 Thread 0x000002a1880c1eb0 Uncommon trap: trap_request=0xffffff45 fr.pc=0x000002a1d60709a4 relative=0x0000000000000164
Event: 224.012 Thread 0x000002a1880c1eb0 Uncommon trap: reason=unstable_if action=reinterpret pc=0x000002a1d60709a4 method=com.google.common.cache.LocalCache$Segment.getLiveValue(Lcom/google/common/cache/ReferenceEntry;J)Ljava/lang/Object; @ 30 c2
Event: 224.012 Thread 0x000002a1880c1eb0 DEOPT PACKING pc=0x000002a1d60709a4 sp=0x000000a545bfe390
Event: 224.013 Thread 0x000002a1880c1eb0 DEOPT UNPACKING pc=0x000002a1d4d943a2 sp=0x000000a545bfe338 mode 2
Event: 224.013 Thread 0x000002a1880c1eb0 Uncommon trap: trap_request=0xffffff45 fr.pc=0x000002a1d5bb1f7c relative=0x00000000000006fc
Event: 224.013 Thread 0x000002a1880c1eb0 Uncommon trap: reason=unstable_if action=reinterpret pc=0x000002a1d5bb1f7c method=com.google.common.cache.LocalCache$Segment.get(Ljava/lang/Object;ILcom/google/common/cache/CacheLoader;)Ljava/lang/Object; @ 54 c2
Event: 224.013 Thread 0x000002a1880c1eb0 DEOPT PACKING pc=0x000002a1d5bb1f7c sp=0x000000a545bfe3f0
Event: 224.013 Thread 0x000002a1880c1eb0 DEOPT UNPACKING pc=0x000002a1d4d943a2 sp=0x000000a545bfe378 mode 2

Classes loaded (20 events):
Event: 198.150 Loading class sun/rmi/server/UnicastServerRef$HashToMethod_Maps$1
Event: 198.150 Loading class sun/rmi/server/UnicastServerRef$HashToMethod_Maps$1 done
Event: 198.156 Loading class sun/rmi/server/LoaderHandler$Loader
Event: 198.156 Loading class sun/rmi/server/LoaderHandler$Loader done
Event: 198.161 Loading class java/rmi/server/ServerNotActiveException
Event: 198.161 Loading class java/rmi/server/ServerNotActiveException done
Event: 198.168 Loading class sun/rmi/transport/DGCAckHandler
Event: 198.169 Loading class sun/rmi/transport/DGCAckHandler done
Event: 198.176 Loading class sun/rmi/transport/DGCAckHandler$1
Event: 198.176 Loading class sun/rmi/transport/DGCAckHandler$1 done
Event: 198.241 Loading class sun/rmi/transport/tcp/TCPTransport$ConnectionHandler
Event: 198.241 Loading class sun/rmi/transport/tcp/TCPTransport$ConnectionHandler done
Event: 198.246 Loading class sun/rmi/transport/Transport$1
Event: 198.246 Loading class sun/rmi/transport/Transport$1 done
Event: 198.247 Loading class sun/rmi/transport/DGCImpl$LeaseInfo
Event: 198.248 Loading class sun/rmi/transport/DGCImpl$LeaseInfo done
Event: 198.248 Loading class sun/rmi/transport/DGCImpl$1
Event: 198.248 Loading class sun/rmi/transport/DGCImpl$1 done
Event: 198.248 Loading class sun/rmi/transport/SequenceEntry
Event: 198.248 Loading class sun/rmi/transport/SequenceEntry done

Classes unloaded (20 events):
Event: 179.025 Thread 0x000002a1e232ba40 Unloading class 0x0000000102712df0 'androidx/room/compiler/processing/ksp/KspProcessingEnv$$Lambda+0x0000000102712df0'
Event: 179.025 Thread 0x000002a1e232ba40 Unloading class 0x0000000102712b98 'androidx/room/compiler/processing/ksp/KspProcessingEnv$$Lambda+0x0000000102712b98'
Event: 179.025 Thread 0x000002a1e232ba40 Unloading class 0x00000001027126f8 'androidx/room/compiler/processing/XProcessingEnv$Platform'
Event: 179.025 Thread 0x000002a1e232ba40 Unloading class 0x00000001027124a0 'androidx/room/compiler/processing/ksp/KspProcessingEnv$$Lambda+0x00000001027124a0'
Event: 179.025 Thread 0x000002a1e232ba40 Unloading class 0x0000000102712000 'androidx/room/compiler/processing/XProcessingEnv$Backend'
Event: 179.025 Thread 0x000002a1e232ba40 Unloading class 0x0000000102711d68 'androidx/room/compiler/processing/XProcessingEnv$Companion'
Event: 179.025 Thread 0x000002a1e232ba40 Unloading class 0x00000001027119a0 'androidx/room/compiler/processing/ksp/KspProcessingEnv'
Event: 179.025 Thread 0x000002a1e232ba40 Unloading class 0x0000000102711770 'androidx/room/compiler/processing/XProcessingEnv'
Event: 179.025 Thread 0x000002a1e232ba40 Unloading class 0x00000001027114f8 'androidx/room/compiler/processing/ksp/KspBasicAnnotationProcessor$DelegateLogger'
Event: 179.025 Thread 0x000002a1e232ba40 Unloading class 0x0000000102711050 'androidx/room/processor/Context$BooleanProcessorOptions'
Event: 179.025 Thread 0x000002a1e232ba40 Unloading class 0x0000000102710e10 'androidx/room/compiler/processing/XProcessingEnvConfig$Builder'
Event: 179.025 Thread 0x000002a1e232ba40 Unloading class 0x0000000102710bd8 'androidx/room/compiler/processing/XProcessingEnvConfig$Companion'
Event: 179.025 Thread 0x000002a1e232ba40 Unloading class 0x00000001027109a0 'androidx/room/compiler/processing/XProcessingEnvConfig'
Event: 179.025 Thread 0x000002a1e232ba40 Unloading class 0x0000000102710768 'androidx/room/DatabaseProcessingStep$Companion'
Event: 179.025 Thread 0x000002a1e232ba40 Unloading class 0x00000001027104f0 'androidx/room/DatabaseProcessingStep'
Event: 179.025 Thread 0x000002a1e232ba40 Unloading class 0x00000001027102c0 'androidx/room/compiler/processing/XProcessingStep'
Event: 179.025 Thread 0x000002a1e232ba40 Unloading class 0x0000000102710000 'androidx/room/RoomKspProcessor'
Event: 179.025 Thread 0x000002a1e232ba40 Unloading class 0x0000000101d75480 'androidx/room/compiler/processing/ksp/KspBasicAnnotationProcessor'
Event: 179.025 Thread 0x000002a1e232ba40 Unloading class 0x0000000101d75250 'androidx/room/compiler/processing/XBasicAnnotationProcessor'
Event: 179.025 Thread 0x000002a1e232ba40 Unloading class 0x0000000101d75000 'androidx/room/RoomKspProcessor$Provider'

Classes redefined (0 events):
No events

Internal exceptions (20 events):
Event: 220.546 Thread 0x000002a186033020 Exception <a 'sun/nio/fs/WindowsException'{0x00000000f9e50b28}> (0x00000000f9e50b28) 
thrown [s\src\hotspot\share\prims\jni.cpp, line 537]
Event: 220.549 Thread 0x000002a186033020 Exception <a 'sun/nio/fs/WindowsException'{0x00000000f9e5ab78}> (0x00000000f9e5ab78) 
thrown [s\src\hotspot\share\prims\jni.cpp, line 537]
Event: 220.553 Thread 0x000002a186033020 Exception <a 'sun/nio/fs/WindowsException'{0x00000000f9e6b430}> (0x00000000f9e6b430) 
thrown [s\src\hotspot\share\prims\jni.cpp, line 537]
Event: 220.555 Thread 0x000002a186033020 Exception <a 'sun/nio/fs/WindowsException'{0x00000000f9e762f8}> (0x00000000f9e762f8) 
thrown [s\src\hotspot\share\prims\jni.cpp, line 537]
Event: 220.577 Thread 0x000002a186033020 Exception <a 'sun/nio/fs/WindowsException'{0x00000000f9e9bcc0}> (0x00000000f9e9bcc0) 
thrown [s\src\hotspot\share\prims\jni.cpp, line 537]
Event: 220.577 Thread 0x000002a186033020 Exception <a 'sun/nio/fs/WindowsException'{0x00000000f9e9f5d0}> (0x00000000f9e9f5d0) 
thrown [s\src\hotspot\share\prims\jni.cpp, line 537]
Event: 220.578 Thread 0x000002a186033020 Exception <a 'sun/nio/fs/WindowsException'{0x00000000f9ea1358}> (0x00000000f9ea1358) 
thrown [s\src\hotspot\share\prims\jni.cpp, line 537]
Event: 220.578 Thread 0x000002a186033020 Exception <a 'sun/nio/fs/WindowsException'{0x00000000f9ea3fa0}> (0x00000000f9ea3fa0) 
thrown [s\src\hotspot\share\prims\jni.cpp, line 537]
Event: 220.579 Thread 0x000002a186033020 Exception <a 'sun/nio/fs/WindowsException'{0x00000000f9ea5898}> (0x00000000f9ea5898) 
thrown [s\src\hotspot\share\prims\jni.cpp, line 537]
Event: 220.579 Thread 0x000002a186033020 Exception <a 'sun/nio/fs/WindowsException'{0x00000000f9ea6b50}> (0x00000000f9ea6b50) 
thrown [s\src\hotspot\share\prims\jni.cpp, line 537]
Event: 220.580 Thread 0x000002a186033020 Exception <a 'sun/nio/fs/WindowsException'{0x00000000f9ea7ee0}> (0x00000000f9ea7ee0) 
thrown [s\src\hotspot\share\prims\jni.cpp, line 537]
Event: 220.580 Thread 0x000002a186033020 Exception <a 'sun/nio/fs/WindowsException'{0x00000000f9ea9310}> (0x00000000f9ea9310) 
thrown [s\src\hotspot\share\prims\jni.cpp, line 537]
Event: 220.580 Thread 0x000002a186033020 Exception <a 'sun/nio/fs/WindowsException'{0x00000000f9eaa658}> (0x00000000f9eaa658) 
thrown [s\src\hotspot\share\prims\jni.cpp, line 537]
Event: 220.580 Thread 0x000002a186033020 Exception <a 'sun/nio/fs/WindowsException'{0x00000000f9eab9a0}> (0x00000000f9eab9a0) 
thrown [s\src\hotspot\share\prims\jni.cpp, line 537]
Event: 220.580 Thread 0x000002a186033020 Exception <a 'sun/nio/fs/WindowsException'{0x00000000f9eacce8}> (0x00000000f9eacce8) 
thrown [s\src\hotspot\share\prims\jni.cpp, line 537]
Event: 220.637 Thread 0x000002a186033020 Exception <a 'sun/nio/fs/WindowsException'{0x00000000f9d52e98}> (0x00000000f9d52e98) 
thrown [s\src\hotspot\share\prims\jni.cpp, line 537]
Event: 220.639 Thread 0x000002a186033020 Exception <a 'sun/nio/fs/WindowsException'{0x00000000f9d5f170}> (0x00000000f9d5f170) 
thrown [s\src\hotspot\share\prims\jni.cpp, line 537]
Event: 220.689 Thread 0x000002a186033020 Exception <a 'sun/nio/fs/WindowsException'{0x00000000f997cf58}> (0x00000000f997cf58) 
thrown [s\src\hotspot\share\prims\jni.cpp, line 537]
Event: 223.019 Thread 0x000002a1e91cd8a0 Exception <a 'sun/nio/fs/WindowsException'{0x00000000f2cdab10}> (0x00000000f2cdab10) 
thrown [s\src\hotspot\share\prims\jni.cpp, line 537]
Event: 223.341 Thread 0x000002a1880c2540 Exception <a 'sun/nio/fs/WindowsException'{0x00000000f9419290}> (0x00000000f9419290) 
thrown [s\src\hotspot\share\prims\jni.cpp, line 537]

ZGC Phase Switch (0 events):
No events

VM Operations (20 events):
Event: 213.994 Executing safepoint VM operation: Cleanup
Event: 213.995 Executing safepoint VM operation: Cleanup done
Event: 214.995 Executing safepoint VM operation: Cleanup
Event: 214.995 Executing safepoint VM operation: Cleanup done
Event: 219.997 Executing safepoint VM operation: Cleanup
Event: 219.997 Executing safepoint VM operation: Cleanup done
Event: 220.019 Executing non-safepoint VM operation: HandshakeAllThreads (Deoptimize)
Event: 220.020 Executing non-safepoint VM operation: HandshakeAllThreads (Deoptimize) done
Event: 220.049 Executing non-safepoint VM operation: HandshakeAllThreads (Deoptimize)
Event: 220.050 Executing non-safepoint VM operation: HandshakeAllThreads (Deoptimize) done
Event: 220.080 Executing non-safepoint VM operation: HandshakeAllThreads (Deoptimize)
Event: 220.080 Executing non-safepoint VM operation: HandshakeAllThreads (Deoptimize) done
Event: 220.390 Executing non-safepoint VM operation: HandshakeAllThreads (Deoptimize)
Event: 220.391 Executing non-safepoint VM operation: HandshakeAllThreads (Deoptimize) done
Event: 220.423 Executing safepoint VM operation: ICBufferFull
Event: 220.424 Executing safepoint VM operation: ICBufferFull done
Event: 222.423 Executing safepoint VM operation: Cleanup
Event: 223.011 Executing safepoint VM operation: Cleanup done
Event: 224.012 Executing safepoint VM operation: Cleanup
Event: 224.012 Executing safepoint VM operation: Cleanup done

Memory protections (0 events):
No events

Nmethod flushes (20 events):
Event: 192.326 Thread 0x000002a1e232ba40 flushing  nmethod 0x000002a1cdbb5590
Event: 192.326 Thread 0x000002a1e232ba40 flushing  nmethod 0x000002a1cdc5a990
Event: 192.326 Thread 0x000002a1e232ba40 flushing  nmethod 0x000002a1cdea4590
Event: 192.326 Thread 0x000002a1e232ba40 flushing  nmethod 0x000002a1cdea8090
Event: 192.326 Thread 0x000002a1e232ba40 flushing  nmethod 0x000002a1cdfb5310
Event: 192.326 Thread 0x000002a1e232ba40 flushing  nmethod 0x000002a1ce19dd10
Event: 192.326 Thread 0x000002a1e232ba40 flushing  nmethod 0x000002a1ce380210
Event: 192.326 Thread 0x000002a1e232ba40 flushing  nmethod 0x000002a1ce48eb90
Event: 192.326 Thread 0x000002a1e232ba40 flushing  nmethod 0x000002a1ce490410
Event: 192.326 Thread 0x000002a1e232ba40 flushing  nmethod 0x000002a1ce57fa90
Event: 192.326 Thread 0x000002a1e232ba40 flushing  nmethod 0x000002a1ce852a10
Event: 192.326 Thread 0x000002a1e232ba40 flushing  nmethod 0x000002a1cea98f90
Event: 192.326 Thread 0x000002a1e232ba40 flushing  nmethod 0x000002a1cf895810
Event: 192.326 Thread 0x000002a1e232ba40 flushing  nmethod 0x000002a1cfbbf310
Event: 192.326 Thread 0x000002a1e232ba40 flushing  nmethod 0x000002a1cfbcef90
Event: 192.326 Thread 0x000002a1e232ba40 flushing  nmethod 0x000002a1cfccf310
Event: 192.326 Thread 0x000002a1e232ba40 flushing  nmethod 0x000002a1cfcdea10
Event: 192.326 Thread 0x000002a1e232ba40 flushing  nmethod 0x000002a1cfd6fa10
Event: 192.326 Thread 0x000002a1e232ba40 flushing  nmethod 0x000002a1cfe47390
Event: 192.326 Thread 0x000002a1e232ba40 flushing  nmethod 0x000002a1d020a010

Events (20 events):
Event: 198.242 Thread 0x000002a188d2a720 Thread added: 0x000002a1890d0170
Event: 198.730 Thread 0x000002a189fb0c10 Thread exited: 0x000002a189fb0c10
Event: 198.730 Thread 0x000002a1e23f7b30 Thread added: 0x000002a189fb0c10
Event: 198.730 Thread 0x000002a1e23f7b30 Thread added: 0x000002a189faf0d0
Event: 200.109 Thread 0x000002a189faf0d0 Thread exited: 0x000002a189faf0d0
Event: 200.109 Thread 0x000002a189fb0c10 Thread exited: 0x000002a189fb0c10
Event: 220.046 Thread 0x000002a1e23f9140 Thread added: 0x000002a189faf0d0
Event: 220.046 Thread 0x000002a1e23f9140 Thread added: 0x000002a189fb0c10
Event: 220.675 Thread 0x000002a186033020 Thread added: 0x000002a18aa46970
Event: 220.846 Thread 0x000002a186033020 Thread added: 0x000002a18aa47d20
Event: 220.846 Thread 0x000002a186033020 Thread added: 0x000002a18aa47000
Event: 220.847 Thread 0x000002a186033020 Thread added: 0x000002a185a8ad80
Event: 220.847 Thread 0x000002a186033020 Thread added: 0x000002a185a8a060
Event: 220.847 Thread 0x000002a186033020 Thread added: 0x000002a185a899d0
Event: 220.849 Thread 0x000002a186033020 Thread added: 0x000002a185a8a6f0
Event: 220.849 Thread 0x000002a186033020 Thread added: 0x000002a1880c1820
Event: 220.850 Thread 0x000002a186033020 Thread added: 0x000002a1880c1eb0
Event: 220.850 Thread 0x000002a186033020 Thread added: 0x000002a1880c2540
Event: 220.850 Thread 0x000002a186033020 Thread added: 0x000002a1880c2bd0
Event: 220.850 Thread 0x000002a186033020 Thread added: 0x000002a1880c3260


Dynamic libraries:
0x00007ff7d97d0000 - 0x00007ff7d97da000 	C:\Program Files\Android\Android Studio\jbr\bin\java.exe
0x00007ffd51460000 - 0x00007ffd516c7000 	C:\WINDOWS\SYSTEM32\ntdll.dll
0x00007ffd510f0000 - 0x00007ffd511b9000 	C:\WINDOWS\System32\KERNEL32.DLL
0x00007ffd4edf0000 - 0x00007ffd4f1e4000 	C:\WINDOWS\System32\KERNELBASE.dll
0x00007ffd4dfa0000 - 0x00007ffd4e0eb000 	C:\WINDOWS\System32\ucrtbase.dll
0x00007ffd1f880000 - 0x00007ffd1f898000 	C:\Program Files\Android\Android Studio\jbr\bin\jli.dll
0x00007ffd35630000 - 0x00007ffd3564b000 	C:\Program Files\Android\Android Studio\jbr\bin\VCRUNTIME140.dll
0x00007ffd50f20000 - 0x00007ffd510e5000 	C:\WINDOWS\System32\USER32.dll
0x00007ffd333b0000 - 0x00007ffd33643000 	C:\WINDOWS\WinSxS\amd64_microsoft.windows.common-controls_6595b64144ccf1df_6.0.26100.8115_none_3e075c82e3354f9c\COMCTL32.dll
0x00007ffd4e0f0000 - 0x00007ffd4e117000 	C:\WINDOWS\System32\win32u.dll
0x00007ffd4f2b0000 - 0x00007ffd4f359000 	C:\WINDOWS\System32\msvcrt.dll
0x00007ffd51250000 - 0x00007ffd5127b000 	C:\WINDOWS\System32\GDI32.dll
0x00007ffd4ddc0000 - 0x00007ffd4deeb000 	C:\WINDOWS\System32\gdi32full.dll
0x00007ffd4e360000 - 0x00007ffd4e403000 	C:\WINDOWS\System32\msvcp_win.dll
0x00007ffd50260000 - 0x00007ffd50292000 	C:\WINDOWS\System32\IMM32.DLL
0x00007ffd48740000 - 0x00007ffd4874c000 	C:\Program Files\Android\Android Studio\jbr\bin\vcruntime140_1.dll
0x00007ffd21b10000 - 0x00007ffd21b9d000 	C:\Program Files\Android\Android Studio\jbr\bin\msvcp140.dll
0x00007ffcc29b0000 - 0x00007ffcc3646000 	C:\Program Files\Android\Android Studio\jbr\bin\server\jvm.dll
0x00007ffd503a0000 - 0x00007ffd50456000 	C:\WINDOWS\System32\ADVAPI32.dll
0x00007ffd50e70000 - 0x00007ffd50f17000 	C:\WINDOWS\System32\sechost.dll
0x00007ffd500b0000 - 0x00007ffd501c8000 	C:\WINDOWS\System32\RPCRT4.dll
0x00007ffd501d0000 - 0x00007ffd50250000 	C:\WINDOWS\System32\WS2_32.dll
0x00007ffd470b0000 - 0x00007ffd470bb000 	C:\WINDOWS\SYSTEM32\VERSION.dll
0x00007ffd47070000 - 0x00007ffd470a6000 	C:\WINDOWS\SYSTEM32\WINMM.dll
0x00007ffd4db90000 - 0x00007ffd4dbee000 	C:\WINDOWS\SYSTEM32\POWRPROF.dll
0x00007ffd4db70000 - 0x00007ffd4db84000 	C:\WINDOWS\SYSTEM32\UMPDC.dll
0x00007ffd4ca80000 - 0x00007ffd4ca9b000 	C:\WINDOWS\SYSTEM32\kernel.appcore.dll
0x00007ffd48670000 - 0x00007ffd4867a000 	C:\Program Files\Android\Android Studio\jbr\bin\jimage.dll
0x00007ffd43210000 - 0x00007ffd43452000 	C:\WINDOWS\SYSTEM32\DBGHELP.DLL
0x00007ffd4fae0000 - 0x00007ffd4fe62000 	C:\WINDOWS\System32\combase.dll
0x00007ffd50670000 - 0x00007ffd50748000 	C:\WINDOWS\System32\OLEAUT32.dll
0x00007ffd32ea0000 - 0x00007ffd32edb000 	C:\WINDOWS\SYSTEM32\dbgcore.DLL
0x00007ffd4def0000 - 0x00007ffd4df95000 	C:\WINDOWS\System32\bcryptPrimitives.dll
0x00007ffd22150000 - 0x00007ffd2215e000 	C:\Program Files\Android\Android Studio\jbr\bin\instrument.dll
0x00007ffd29480000 - 0x00007ffd294a0000 	C:\Program Files\Android\Android Studio\jbr\bin\java.dll
0x00007ffd29460000 - 0x00007ffd29478000 	C:\Program Files\Android\Android Studio\jbr\bin\zip.dll
0x00007ffd4f360000 - 0x00007ffd4fac7000 	C:\WINDOWS\System32\SHELL32.dll
0x00007ffd4e410000 - 0x00007ffd4e57a000 	C:\WINDOWS\System32\wintypes.dll
0x00007ffd4e580000 - 0x00007ffd4ede8000 	C:\WINDOWS\System32\windows.storage.dll
0x00007ffd502a0000 - 0x00007ffd50398000 	C:\WINDOWS\System32\SHCORE.dll
0x00007ffd50600000 - 0x00007ffd50666000 	C:\WINDOWS\System32\shlwapi.dll
0x00007ffd4dc50000 - 0x00007ffd4dc79000 	C:\WINDOWS\SYSTEM32\profapi.dll
0x00007ffd48620000 - 0x00007ffd48630000 	C:\Program Files\Android\Android Studio\jbr\bin\net.dll
0x00007ffd47740000 - 0x00007ffd4786d000 	C:\WINDOWS\SYSTEM32\WINHTTP.dll
0x00007ffd4cfd0000 - 0x00007ffd4d03c000 	C:\WINDOWS\system32\mswsock.dll
0x00007ffd293a0000 - 0x00007ffd293b6000 	C:\Program Files\Android\Android Studio\jbr\bin\nio.dll
0x00007ffd23630000 - 0x00007ffd23640000 	C:\Program Files\Android\Android Studio\jbr\bin\verify.dll
0x00007ffd33f10000 - 0x00007ffd33f37000 	C:\Users\Kabo\.gradle\native\660c5614fbf4a5f2a75b1949f50a0caf5cd603558e7d8a26e50b933a0cfb79d1\windows-amd64\native-platform.dll
0x00007ffd165c0000 - 0x00007ffd16637000 	C:\Users\Kabo\.gradle\native\0.2.8\x86_64-windows-gnu\gradle-fileevents.dll
0x00007ffd332d0000 - 0x00007ffd332d9000 	C:\Program Files\Android\Android Studio\jbr\bin\management.dll
0x00007ffd29450000 - 0x00007ffd2945b000 	C:\Program Files\Android\Android Studio\jbr\bin\management_ext.dll
0x00007ffd51380000 - 0x00007ffd51388000 	C:\WINDOWS\System32\PSAPI.DLL
0x00007ffd4c450000 - 0x00007ffd4c482000 	C:\WINDOWS\SYSTEM32\IPHLPAPI.DLL
0x00007ffd508d0000 - 0x00007ffd508da000 	C:\WINDOWS\System32\NSI.dll
0x00007ffd36b90000 - 0x00007ffd36b99000 	C:\Program Files\Android\Android Studio\jbr\bin\extnet.dll
0x00007ffd4d3d0000 - 0x00007ffd4d3eb000 	C:\WINDOWS\SYSTEM32\CRYPTSP.dll
0x00007ffd4c9e0000 - 0x00007ffd4ca19000 	C:\WINDOWS\system32\rsaenh.dll
0x00007ffd4d080000 - 0x00007ffd4d0b3000 	C:\WINDOWS\SYSTEM32\USERENV.dll
0x00007ffd4dc20000 - 0x00007ffd4dc4a000 	C:\WINDOWS\SYSTEM32\bcrypt.dll
0x00007ffd4d230000 - 0x00007ffd4d23c000 	C:\WINDOWS\SYSTEM32\CRYPTBASE.dll
0x00007ffd195a0000 - 0x00007ffd195a8000 	C:\WINDOWS\system32\wshunix.dll
0x00007ffd4c490000 - 0x00007ffd4c5c2000 	C:\WINDOWS\SYSTEM32\DNSAPI.dll
0x00007ffd472d0000 - 0x00007ffd472db000 	C:\Windows\System32\rasadhlp.dll
0x00007ffd490c0000 - 0x00007ffd49146000 	C:\WINDOWS\System32\fwpuclnt.dll
0x00007ffd15510000 - 0x00007ffd156a9000 	C:\Program Files\Android\Android Studio\jbr\bin\awt.dll
0x00007ffd263d0000 - 0x00007ffd26414000 	C:\Program Files\Android\Android Studio\jbr\bin\nvdaControllerClient64.dll
0x00007ffd4ba10000 - 0x00007ffd4ba3f000 	C:\WINDOWS\SYSTEM32\dwmapi.dll
0x00007ffd445e0000 - 0x00007ffd44656000 	C:\WINDOWS\SYSTEM32\OLEACC.dll
0x00007ffd4b590000 - 0x00007ffd4b62f000 	C:\WINDOWS\SYSTEM32\apphelp.dll
0x00007ffd4b770000 - 0x00007ffd4b819000 	C:\WINDOWS\system32\uxtheme.dll
0x00007ffd50770000 - 0x00007ffd508cc000 	C:\WINDOWS\System32\MSCTF.dll
0x00007ffd50460000 - 0x00007ffd505f7000 	C:\WINDOWS\System32\ole32.dll
0x00007ffd2f390000 - 0x00007ffd2f397000 	C:\Program Files\Android\Android Studio\jbr\bin\rmi.dll

JVMTI agents:
C:\Users\Kabo\.gradle\wrapper\dists\gradle-9.3.1-bin\23ovyewtku6u96viwx3xl3oks\gradle-9.3.1\lib\agents\gradle-instrumentation-agent-9.3.1.jar path:C:\Program Files\Android\Android Studio\jbr\bin\instrument.dll, loaded, initialized, instrumentlib options:none

dbghelp: loaded successfully - version: 4.0.5 - missing functions: none
symbol engine: initialized successfully - sym options: 0x614 - pdb path: .;C:\Program Files\Android\Android Studio\jbr\bin;C:\WINDOWS\SYSTEM32;C:\WINDOWS\WinSxS\amd64_microsoft.windows.common-controls_6595b64144ccf1df_6.0.26100.8115_none_3e075c82e3354f9c;C:\Program Files\Android\Android Studio\jbr\bin\server;C:\Users\Kabo\.gradle\native\660c5614fbf4a5f2a75b1949f50a0caf5cd603558e7d8a26e50b933a0cfb79d1\windows-amd64;C:\Users\Kabo\.gradle\native\0.2.8\x86_64-windows-gnu;C:\Users\Kabo\AppData\Local\Temp

VM Arguments:
jvm_args: --add-opens=java.base/java.lang=ALL-UNNAMED --add-opens=java.base/java.lang.invoke=ALL-UNNAMED --add-opens=java.base/java.util=ALL-UNNAMED --add-opens=java.prefs/java.util.prefs=ALL-UNNAMED --add-exports=jdk.compiler/com.sun.tools.javac.api=ALL-UNNAMED --add-exports=jdk.compiler/com.sun.tools.javac.util=ALL-UNNAMED --add-opens=java.base/java.util=ALL-UNNAMED --add-opens=java.prefs/java.util.prefs=ALL-UNNAMED --add-opens=java.base/java.nio.charset=ALL-UNNAMED --add-opens=java.base/java.net=ALL-UNNAMED --add-opens=java.base/java.util.concurrent=ALL-UNNAMED --add-opens=java.base/java.util.concurrent.atomic=ALL-UNNAMED --add-opens=java.xml/javax.xml.namespace=ALL-UNNAMED --add-opens=java.base/java.time=ALL-UNNAMED -Xmx2048m -Dfile.encoding=UTF-8 -Duser.country=US -Duser.language=en -Duser.variant -javaagent:C:\Users\Kabo\.gradle\wrapper\dists\gradle-9.3.1-bin\23ovyewtku6u96viwx3xl3oks\gradle-9.3.1\lib\agents\gradle-instrumentation-agent-9.3.1.jar 
java_command: org.gradle.launcher.daemon.bootstrap.GradleDaemon 9.3.1
java_class_path (initial): C:\Users\Kabo\.gradle\wrapper\dists\gradle-9.3.1-bin\23ovyewtku6u96viwx3xl3oks\gradle-9.3.1\lib\gradle-daemon-main-9.3.1.jar
Launcher Type: SUN_STANDARD

[Global flags]
     intx CICompilerCount                          = 4                                         {product} {ergonomic}
     uint ConcGCThreads                            = 3                                         {product} {ergonomic}
     uint G1ConcRefinementThreads                  = 10                                        {product} {ergonomic}
   size_t G1HeapRegionSize                         = 1048576                                   {product} {ergonomic}
    uintx GCDrainStackTargetSize                   = 64                                        {product} {ergonomic}
   size_t InitialHeapSize                          = 123731968                                 {product} {ergonomic}
   size_t MarkStackSize                            = 4194304                                   {product} {ergonomic}
   size_t MaxHeapSize                              = 2147483648                                {product} {command line}
   size_t MaxNewSize                               = 1287651328                                {product} {ergonomic}
   size_t MinHeapDeltaBytes                        = 1048576                                   {product} {ergonomic}
   size_t MinHeapSize                              = 8388608                                   {product} {ergonomic}
    uintx NonNMethodCodeHeapSize                   = 5839372                                {pd product} {ergonomic}
    uintx NonProfiledCodeHeapSize                  = 122909434                              {pd product} {ergonomic}
    uintx ProfiledCodeHeapSize                     = 122909434                              {pd product} {ergonomic}
    uintx ReservedCodeCacheSize                    = 251658240                              {pd product} {ergonomic}
     bool SegmentedCodeCache                       = true                                      {product} {ergonomic}
   size_t SoftMaxHeapSize                          = 2147483648                             {manageable} {ergonomic}
     bool UseCompressedOops                        = true                           {product lp64_product} {ergonomic}
     bool UseG1GC                                  = true                                      {product} {ergonomic}
     bool UseLargePagesIndividualAllocation        = false                                  {pd product} {ergonomic}

Logging:
Log output configuration:
 #0: stdout all=warning uptime,level,tags foldmultilines=false
 #1: stderr all=off uptime,level,tags foldmultilines=false

Release file:
JAVA_VERSION="21.0.10" 
MODULES="java.base java.compiler java.datatransfer java.xml java.prefs java.desktop java.instrument java.logging java.management java.security.sasl java.naming java.rmi java.management.rmi java.net.http java.scripting java.security.jgss java.transaction.xa java.sql java.sql.rowset java.xml.crypto java.se java.smartcardio jdk.accessibility jdk.internal.jvmstat jdk.attach jdk.charsets jdk.internal.opt jdk.zipfs jdk.compiler jdk.crypto.ec jdk.crypto.cryptoki jdk.dynalink jdk.hotspot.agent jdk.httpserver jdk.internal.ed jdk.internal.le jdk.internal.vm.ci jdk.jartool jdk.javadoc jdk.jcmd jdk.jdeps jdk.jdwp.agent jdk.jdi jdk.jfr jdk.jlink jdk.jsobject jdk.localedata jdk.management jdk.management.agent jdk.management.jfr jdk.naming.dns jdk.naming.rmi jdk.net jdk.sctp jdk.security.auth jdk.security.jgss jdk.unsupported jdk.unsupported.desktop jdk.xml.dom" 
IMPLEMENTOR="JetBrains s.r.o." 
JAVA_RUNTIME_VERSION="21.0.10+-14961533-b1163.108" 
LIBC="default" 
OS_ARCH="x86_64" 
OS_NAME="Windows" 
SOURCE=".:git:1351622c2ff2" 

Environment Variables:
JAVA_HOME=C:\Program Files\Java\jdk-23
PATH=C:\Program Files (x86)\NVIDIA Corporation\PhysX\Common;C:\Program Files\Common Files\Oracle\Java\javapath;C:\WINDOWS\system32;C:\WINDOWS;C:\WINDOWS\System32\Wbem;C:\WINDOWS\System32\WindowsPowerShell\v1.0\;C:\WINDOWS\System32\OpenSSH\;C:\msys64\mingw64\bin;C:\Program Files\Git\cmd;C:\Program Files\nodejs\;D:\sql\160\Tools\Binn\;C:\Program Files\Microsoft SQL Server\160\Tools\Binn\;C:\Program Files\Microsoft SQL Server\Client SDK\ODBC\170\Tools\Binn\;C:\Program Files\Microsoft SQL Server\160\DTS\Binn\;C:\Users\Kabo\AppData\Local\Microsoft\WindowsApps;C:\flutter\flutter\bin;C:\Program Files\Git\bin;C:\dart-sdk\bin;C:\Users\Kabo\AppData\Local\Android\Sdk;C:\cmdline-tools\latest\bin;C:\Users\Kabo\AppData\Local\Programs\Microsoft VS Code\bin;C:\Program Files\Java\jdk-23\bin;D:\Program Files\CLion 2025.1.3\bin;;C:\Users\Kabo\AppData\Local\Pub\Cache\bin;C:\Users\Kabo\AppData\Roaming\npm;C:\Users\Kabo\AppData\Local\GitHubDesktop\bin
USERNAME=Kabo
OS=Windows_NT
PROCESSOR_IDENTIFIER=AMD64 Family 23 Model 104 Stepping 1, AuthenticAMD
TMP=C:\Users\Kabo\AppData\Local\Temp
TEMP=C:\Users\Kabo\AppData\Local\Temp




Periodic native trim disabled

JNI global refs:
JNI global refs: 42, weak refs: 22

JNI global refs memory usage: 835, weak refs: 833

Process memory usage:
Resident Set Size: 451196K (5% of 7681736K total physical memory with 501552K free physical memory)

OOME stack traces (most recent first):
Classloader memory used:
Loader org.gradle.internal.classloader.VisitableURLClassLoader                         : 114M
Loader org.gradle.internal.classloader.VisitableURLClassLoader$InstrumentingVisitableURLClassLoader: 72359K
Loader java.net.URLClassLoader                                                         : 55900K
Loader bootstrap                                                                       : 39110K
Loader org.gradle.initialization.MixInLegacyTypesClassLoader                           : 15497K
Loader org.gradle.internal.classloader.VisitableURLClassLoader                         : 8683K
Loader jdk.internal.reflect.DelegatingClassLoader                                      : 1175K
Loader jdk.internal.jrtfs.JrtFileSystemProvider$JrtFsLoader                            : 646K
Loader jdk.internal.loader.ClassLoaders$PlatformClassLoader                            : 582K
Loader jdk.internal.loader.ClassLoaders$AppClassLoader                                 : 237K
Loader org.gradle.groovy.scripts.internal.DefaultScriptCompilationHandler$ScriptClassLoader: 206K

Classes loaded by more than one classloader:
Class Program                                                                         : loaded 5 times (x 72B)
Class kotlin.jvm.internal.FunctionBase                                                : loaded 4 times (x 70B)
Class kotlin.enums.EnumEntriesList                                                    : loaded 4 times (x 223B)
Class kotlin.NotImplementedError                                                      : loaded 4 times (x 82B)
Class kotlin.text.StringsKt__StringsKt                                                : loaded 4 times (x 71B)
Class com.google.common.collect.Iterators$ArrayItr                                    : loaded 4 times (x 97B)
Class com.google.common.collect.Iterators$MergingIterator                             : loaded 4 times (x 81B)
Class kotlin.comparisons.ComparisonsKt___ComparisonsJvmKt                             : loaded 4 times (x 71B)
Class kotlin.collections.CollectionsKt__IteratorsJVMKt                                : loaded 4 times (x 71B)
Class com.google.common.collect.UnmodifiableIterator                                  : loaded 4 times (x 80B)
Class kotlin.collections.CollectionsKt                                                : loaded 4 times (x 71B)
Class kotlin.io.NoSuchFileException                                                   : loaded 4 times (x 82B)
Class kotlin.Pair                                                                     : loaded 4 times (x 72B)
Class com.google.common.collect.Iterators$SingletonIterator                           : loaded 4 times (x 81B)
Class kotlin.collections.CollectionsKt__MutableCollectionsKt                          : loaded 4 times (x 71B)
Class kotlin.text.StringsKt__RegexExtensionsJVMKt                                     : loaded 4 times (x 71B)
Class kotlin.collections.CollectionsKt__CollectionsKt                                 : loaded 4 times (x 71B)
Class kotlin.collections.ArraysKt___ArraysJvmKt                                       : loaded 4 times (x 71B)
Class kotlin.reflect.KCallable                                                        : loaded 4 times (x 70B)
Class kotlin.io.TerminateException                                                    : loaded 4 times (x 82B)
Class kotlin.io.FilesKt__FilePathComponentsKt                                         : loaded 4 times (x 71B)
Class com.google.common.collect.Iterators                                             : loaded 4 times (x 71B)
Class com.google.common.collect.Lists$StringAsImmutableList                           : loaded 4 times (x 207B)
Class kotlin.jvm.internal.CollectionToArray                                           : loaded 4 times (x 71B)
Class com.google.common.collect.ImmutableList                                         : loaded 4 times (x 206B)
Class kotlin.collections.EmptyList                                                    : loaded 4 times (x 174B)
Class kotlin.jvm.internal.markers.KMappedMarker                                       : loaded 4 times (x 70B)
Class kotlin.io.FilesKt__FileTreeWalkKt                                               : loaded 4 times (x 71B)
Class kotlin.sequences.FilteringSequence$iterator$1                                   : loaded 4 times (x 79B)
Class kotlin.sequences.SequencesKt__SequenceBuilderKt                                 : loaded 4 times (x 71B)
Class kotlin.collections.CollectionsKt__ReversedViewsKt                               : loaded 4 times (x 71B)
Class kotlin.collections.MapsKt__MapsJVMKt                                            : loaded 4 times (x 71B)
Class com.google.common.collect.AbstractIterator                                      : loaded 4 times (x 82B)
Class kotlin.collections.ArraysKt__ArraysKt                                           : loaded 4 times (x 71B)
Class com.google.common.collect.AbstractIndexedListIterator                           : loaded 4 times (x 96B)
Class kotlin.collections.SetsKt__SetsJVMKt                                            : loaded 4 times (x 71B)
Class kotlin.Function                                                                 : loaded 4 times (x 70B)
Class kotlin.NoWhenBranchMatchedException                                             : loaded 4 times (x 82B)
Class kotlin.internal.ProgressionUtilKt                                               : loaded 4 times (x 71B)
Class kotlin.io.FileAlreadyExistsException                                            : loaded 4 times (x 82B)
Class kotlin.text.StringsKt__StringBuilderKt                                          : loaded 4 times (x 71B)
Class kotlin.text.StringsKt__StringsJVMKt                                             : loaded 4 times (x 71B)
Class kotlin.jvm.internal.CallableReference$NoReceiver                                : loaded 4 times (x 71B)
Class kotlin.collections.SetsKt                                                       : loaded 4 times (x 71B)
Class kotlin.text.StringsKt__IndentKt                                                 : loaded 4 times (x 71B)
Class kotlin.jvm.KotlinReflectionNotSupportedError                                    : loaded 4 times (x 82B)
Class kotlin.collections.ArraysKt__ArraysJVMKt                                        : loaded 4 times (x 71B)
Class kotlin.reflect.KFunction                                                        : loaded 4 times (x 70B)
Class com.google.common.collect.PeekingIterator                                       : loaded 4 times (x 70B)
Class kotlin.collections.MapsKt__MapsKt                                               : loaded 4 times (x 71B)
Class com.google.common.collect.Iterators$1                                           : loaded 4 times (x 81B)
Class kotlin.UninitializedPropertyAccessException                                     : loaded 4 times (x 82B)
Class com.google.common.collect.Iterators$4                                           : loaded 4 times (x 82B)
Class com.google.common.collect.Iterators$5                                           : loaded 4 times (x 82B)
Class kotlin.io.FilesKt__UtilsKt                                                      : loaded 4 times (x 71B)
Class kotlin.collections.SetsKt__SetsKt                                               : loaded 4 times (x 71B)
Class com.google.common.base.Preconditions                                            : loaded 4 times (x 71B)
Class kotlin.collections.CollectionsKt__CollectionsJVMKt                              : loaded 4 times (x 71B)
Class com.google.common.collect.ImmutableCollection                                   : loaded 4 times (x 125B)
Class kotlin.collections.ArraysKt                                                     : loaded 4 times (x 71B)
Class kotlin.sequences.SequencesKt                                                    : loaded 4 times (x 71B)
Class kotlin.collections.CollectionsKt__IteratorsKt                                   : loaded 4 times (x 71B)
Class kotlin.text.StringsKt__StringNumberConversionsJVMKt                             : loaded 4 times (x 71B)
Class kotlin.ranges.RangesKt___RangesKt                                               : loaded 4 times (x 71B)
Class kotlin.sequences.Sequence                                                       : loaded 4 times (x 70B)
Class com.google.common.collect.Lists                                                 : loaded 4 times (x 71B)
Class kotlin.text.StringsKt                                                           : loaded 4 times (x 71B)
Class com.google.common.collect.Iterators$9                                           : loaded 4 times (x 81B)
Class kotlin.KotlinNullPointerException                                               : loaded 4 times (x 83B)
Class kotlin.io.FilesKt__FileReadWriteKt                                              : loaded 4 times (x 71B)
Class kotlin.text.StringsKt__StringNumberConversionsKt                                : loaded 4 times (x 71B)
Class kotlin.jvm.internal.CallableReference                                           : loaded 4 times (x 106B)
Class kotlin.collections.CollectionsKt__IterablesKt                                   : loaded 4 times (x 71B)
Class kotlin.collections.MapsKt                                                       : loaded 4 times (x 71B)
Class kotlin.enums.EnumEntries                                                        : loaded 4 times (x 70B)
Class kotlin.io.FileSystemException                                                   : loaded 4 times (x 82B)
Class kotlin.collections.EmptyIterator                                                : loaded 4 times (x 89B)
Class kotlin.text.StringsKt__RegexExtensionsKt                                        : loaded 4 times (x 71B)
Class kotlin.jvm.internal.Intrinsics                                                  : loaded 4 times (x 71B)
Class kotlin.reflect.KAnnotatedElement                                                : loaded 4 times (x 70B)
Class kotlin.sequences.SequencesKt__SequencesJVMKt                                    : loaded 4 times (x 71B)
Class kotlin.collections.AbstractList                                                 : loaded 4 times (x 197B)
Class kotlin.collections.AbstractCollection                                           : loaded 4 times (x 117B)
Class kotlin.text.StringsKt__StringBuilderJVMKt                                       : loaded 4 times (x 71B)
Class kotlin.text.StringsKt__AppendableKt                                             : loaded 4 times (x 71B)
Class kotlin.comparisons.ComparisonsKt__ComparisonsKt                                 : loaded 4 times (x 71B)
Class kotlin.ranges.RangesKt__RangesKt                                                : loaded 4 times (x 71B)
Class kotlin.text.StringsKt___StringsKt                                               : loaded 4 times (x 71B)
Class kotlin.enums.EnumEntriesKt                                                      : loaded 4 times (x 71B)
Class kotlin.collections.CollectionsKt__MutableCollectionsJVMKt                       : loaded 4 times (x 71B)
Class kotlin.collections.MapsKt__MapWithDefaultKt                                     : loaded 4 times (x 71B)
Class kotlin.collections.SetsKt___SetsKt                                              : loaded 4 times (x 71B)
Class kotlin.collections.ArraysKt___ArraysKt                                          : loaded 4 times (x 71B)
Class kotlin.io.FilesKt                                                               : loaded 4 times (x 71B)
Class kotlin.collections.MapsKt___MapsKt                                              : loaded 4 times (x 71B)
Class kotlin.sequences.SequencesKt__SequencesKt                                       : loaded 4 times (x 71B)
Class com.google.common.collect.UnmodifiableListIterator                              : loaded 4 times (x 95B)
Class kotlin.comparisons.ComparisonsKt                                                : loaded 4 times (x 71B)
Class kotlin.text.StringsKt___StringsJvmKt                                            : loaded 4 times (x 71B)
Class kotlin.comparisons.ComparisonsKt___ComparisonsKt                                : loaded 4 times (x 71B)
Class kotlin.reflect.KDeclarationContainer                                            : loaded 4 times (x 70B)
Class kotlin.sequences.FilteringSequence                                              : loaded 4 times (x 75B)
Class kotlin.jvm.internal.FunctionReferenceImpl                                       : loaded 4 times (x 122B)
Class kotlin.collections.CollectionsKt___CollectionsJvmKt                             : loaded 4 times (x 71B)
Class kotlin.collections.CollectionsKt___CollectionsKt                                : loaded 4 times (x 71B)
Class kotlin.collections.EmptySet                                                     : loaded 4 times (x 122B)
Class kotlin.TuplesKt                                                                 : loaded 4 times (x 71B)
Class kotlin.collections.MapsKt___MapsJvmKt                                           : loaded 4 times (x 71B)
Class kotlin.Unit                                                                     : loaded 4 times (x 71B)
Class kotlin.sequences.SequencesKt___SequencesJvmKt                                   : loaded 4 times (x 71B)
Class kotlin.ranges.RangesKt                                                          : loaded 4 times (x 71B)
Class kotlin.jvm.functions.Function2                                                  : loaded 4 times (x 70B)
Class kotlin.collections.AbstractList$Companion                                       : loaded 4 times (x 71B)
Class kotlin.sequences.SequencesKt___SequencesKt                                      : loaded 4 times (x 71B)
Class kotlin.collections.ArraysUtilJVM                                                : loaded 4 times (x 71B)
Class kotlin.jvm.functions.Function1                                                  : loaded 4 times (x 70B)
Class kotlin.jvm.functions.Function0                                                  : loaded 4 times (x 70B)
Class kotlin.jvm.internal.FunctionReference                                           : loaded 4 times (x 122B)
Class kotlin.sequences.FlatteningSequence$iterator$1                                  : loaded 3 times (x 79B)
Class org.gradle.api.Action                                                           : loaded 3 times (x 70B)
Class jdk.internal.jimage.decompressor.ZipDecompressor                                : loaded 3 times (x 75B)
Class org.jetbrains.org.objectweb.asm.ClassVisitor                                    : loaded 3 times (x 88B)
Class kotlin.collections.AbstractMutableList                                          : loaded 3 times (x 206B)
Class com.google.common.base.CharMatcher$FastMatcher                                  : loaded 3 times (x 111B)
Class kotlin.KotlinNothingValueException                                              : loaded 3 times (x 82B)
Class com.google.common.base.CharMatcher$Or                                           : loaded 3 times (x 112B)
Class kotlin.jvm.internal.markers.KMutableIterable                                    : loaded 3 times (x 70B)
Class com.google.common.base.Predicate                                                : loaded 3 times (x 70B)
Class kotlin.jvm.functions.Function3                                                  : loaded 3 times (x 70B)
Class com.google.common.base.CharMatcher$NegatedFastMatcher                           : loaded 3 times (x 113B)
Class kotlin.annotation.Target                                                        : loaded 3 times (x 70B)
Class kotlin.jvm.functions.Function4                                                  : loaded 3 times (x 70B)
Class com.google.common.collect.ImmutableSet                                          : loaded 3 times (x 145B)
Class [Lcom.google.gson.Strictness;                                                   : loaded 3 times (x 69B)
Class com.google.common.base.CharMatcher$BitSetMatcher                                : loaded 3 times (x 112B)
Class kotlin.text.CharsKt__CharJVMKt                                                  : loaded 3 times (x 71B)
Class kotlin.coroutines.jvm.internal.BaseContinuationImpl                             : loaded 3 times (x 87B)
Class kotlin.Result$Companion                                                         : loaded 3 times (x 71B)
Class jdk.internal.jimage.decompressor.ZipDecompressorFactory                         : loaded 3 times (x 74B)
Class org.gradle.api.GradleException                                                  : loaded 3 times (x 82B)
Class org.jetbrains.org.objectweb.asm.ClassReader                                     : loaded 3 times (x 92B)
Class org.jetbrains.org.objectweb.asm.SymbolTable$Entry                               : loaded 3 times (x 74B)
Class kotlin.sequences.SequencesKt___SequencesKt$flatMap$2                            : loaded 3 times (x 125B)
Class jdk.internal.jimage.ImageStrings                                                : loaded 3 times (x 70B)
Class kotlin.coroutines.Continuation                                                  : loaded 3 times (x 70B)
Class kotlin.annotation.Retention                                                     : loaded 3 times (x 70B)
Class [Lorg.jetbrains.org.objectweb.asm.Symbol;                                       : loaded 3 times (x 69B)
Class org.gradle.internal.IoActions                                                   : loaded 3 times (x 71B)
Class org.jetbrains.org.objectweb.asm.Attribute                                       : loaded 3 times (x 75B)
Class kotlin.UNINITIALIZED_VALUE                                                      : loaded 3 times (x 71B)
Class kotlin.sequences.SequencesKt__SequenceBuilderKt$sequence$$inlined$Sequence$1    : loaded 3 times (x 75B)
Class kotlin.Triple                                                                   : loaded 3 times (x 72B)
Class kotlin.text.Regex                                                               : loaded 3 times (x 72B)
Class kotlin.sequences.TransformingSequence                                           : loaded 3 times (x 75B)
Class org.jetbrains.org.objectweb.asm.Label                                           : loaded 3 times (x 72B)
Class kotlin.LazyKt__LazyKt                                                           : loaded 3 times (x 71B)
Class kotlin.collections.ArrayAsCollection                                            : loaded 3 times (x 105B)
Class kotlin.coroutines.jvm.internal.RestrictedSuspendLambda                          : loaded 3 times (x 91B)
Class kotlin.io.FilePathComponents                                                    : loaded 3 times (x 72B)
Class jdk.internal.jimage.ImageReader$Directory                                       : loaded 3 times (x 84B)
Class com.google.common.collect.ImmutableSet$RegularSetBuilderImpl                    : loaded 3 times (x 77B)
Class jdk.internal.jimage.decompressor.StringSharingDecompressorFactory               : loaded 3 times (x 74B)
Class org.jetbrains.org.objectweb.asm.Frame                                           : loaded 3 times (x 73B)
Class jdk.internal.jimage.decompressor.ResourceDecompressorRepository                 : loaded 3 times (x 71B)
Class kotlin.jvm.internal.markers.KMutableCollection                                  : loaded 3 times (x 70B)
Class kotlin.SynchronizedLazyImpl                                                     : loaded 3 times (x 76B)
Class kotlin.coroutines.intrinsics.IntrinsicsKt                                       : loaded 3 times (x 71B)
Class org.jetbrains.org.objectweb.asm.Symbol                                          : loaded 3 times (x 73B)
Class org.jetbrains.org.objectweb.asm.ModuleVisitor                                   : loaded 3 times (x 81B)
Class kotlin.ranges.IntRange$Companion                                                : loaded 3 times (x 71B)
Class [Lkotlin.reflect.KCallable;                                                     : loaded 3 times (x 69B)
Class jdk.internal.jrtfs.JrtPath                                                      : loaded 3 times (x 118B)
Class jdk.internal.jimage.ImageBufferCache                                            : loaded 3 times (x 71B)
Class com.google.common.collect.RegularImmutableList                                  : loaded 3 times (x 213B)
Class com.google.common.base.Function                                                 : loaded 3 times (x 70B)
Class kotlin.collections.EmptyMap                                                     : loaded 3 times (x 108B)
Class org.jetbrains.org.objectweb.asm.Type                                            : loaded 3 times (x 72B)
Class kotlin.ranges.IntRange                                                          : loaded 3 times (x 93B)
Class jdk.internal.jrtfs.JrtFileSystem                                                : loaded 3 times (x 102B)
Class com.google.common.base.CharMatcher$IsNot                                        : loaded 3 times (x 111B)
Class kotlin.ranges.IntProgression                                                    : loaded 3 times (x 81B)
Class kotlin.jvm.internal.markers.KMutableList                                        : loaded 3 times (x 70B)
Class [Lkotlin.Pair;                                                                  : loaded 3 times (x 69B)
Class jdk.internal.jimage.decompressor.Decompressor                                   : loaded 3 times (x 72B)
Class com.google.gson.stream.MalformedJsonException                                   : loaded 3 times (x 82B)
Class kotlin.coroutines.intrinsics.CoroutineSingletons                                : loaded 3 times (x 79B)
Class kotlin.coroutines.jvm.internal.RestrictedContinuationImpl                       : loaded 3 times (x 87B)
Class kotlin.LazyKt__LazyJVMKt                                                        : loaded 3 times (x 71B)
Class com.google.common.collect.ImmutableAsList                                       : loaded 3 times (x 209B)
Class kotlin.ranges.IntProgression$Companion                                          : loaded 3 times (x 71B)
Class com.google.gson.Strictness                                                      : loaded 3 times (x 79B)
Class jdk.internal.jimage.decompressor.CompressedResourceHeader                       : loaded 3 times (x 71B)
Class com.google.common.collect.ImmutableSet$CachingAsList                            : loaded 3 times (x 148B)
Class kotlin.sequences.SequenceBuilderIterator                                        : loaded 3 times (x 85B)
Class jdk.internal.jimage.BasicImageReader$1                                          : loaded 3 times (x 77B)
Class kotlin.ranges.OpenEndRange                                                      : loaded 3 times (x 70B)
Class com.google.common.base.CharMatcher$Negated                                      : loaded 3 times (x 113B)
Class kotlin.sequences.SequenceScope                                                  : loaded 3 times (x 73B)
Class com.google.common.base.CharMatcher$Is                                           : loaded 3 times (x 111B)
Class org.jetbrains.org.objectweb.asm.Opcodes                                         : loaded 3 times (x 70B)
Class kotlin.collections.IndexedValue                                                 : loaded 3 times (x 72B)
Class org.jetbrains.org.objectweb.asm.AnnotationWriter                                : loaded 3 times (x 79B)
Class kotlin.collections.ArrayDeque$Companion                                         : loaded 3 times (x 71B)
Class com.google.common.base.CharMatcher$AnyOf                                        : loaded 3 times (x 112B)
Class jdk.internal.jimage.ImageReader$Node                                            : loaded 3 times (x 84B)
Class kotlin.text.CharsKt__CharKt                                                     : loaded 3 times (x 71B)
Class com.google.common.collect.ImmutableList$1                                       : loaded 3 times (x 97B)
Class com.google.common.base.CharMatcher$ForPredicate                                 : loaded 3 times (x 112B)
Class kotlin.coroutines.intrinsics.IntrinsicsKt__IntrinsicsKt                         : loaded 3 times (x 71B)
Class kotlin.LazyKt                                                                   : loaded 3 times (x 71B)
Class jdk.internal.jimage.decompressor.ResourceDecompressorFactory                    : loaded 3 times (x 74B)
Class org.jetbrains.org.objectweb.asm.AnnotationVisitor                               : loaded 3 times (x 78B)
Class kotlin.coroutines.EmptyCoroutineContext                                         : loaded 3 times (x 77B)
Class jdk.internal.jimage.ImageReader$SharedImageReader                               : loaded 3 times (x 95B)
Class jdk.internal.jimage.ImageReader                                                 : loaded 3 times (x 75B)
Class com.google.common.collect.SingletonImmutableSet                                 : loaded 3 times (x 146B)
Class kotlin.Metadata                                                                 : loaded 3 times (x 70B)
Class com.google.common.base.Joiner$1                                                 : loaded 3 times (x 80B)
Class com.google.common.base.CharMatcher                                              : loaded 3 times (x 111B)
Class jdk.internal.jimage.ImageStringsReader                                          : loaded 3 times (x 80B)
Class org.jetbrains.org.objectweb.asm.ClassWriter                                     : loaded 3 times (x 106B)
Class com.google.gson.stream.JsonReader                                               : loaded 3 times (x 97B)
Class kotlin.collections.CollectionsKt___CollectionsKt$asSequence$$inlined$Sequence$1 : loaded 3 times (x 75B)
Class com.google.common.collect.ImmutableList$ReverseImmutableList                    : loaded 3 times (x 209B)
Class kotlin.collections.ArrayDeque                                                   : loaded 3 times (x 207B)
Class org.jetbrains.org.objectweb.asm.RecordComponentWriter                           : loaded 3 times (x 78B)
Class com.google.common.collect.SingletonImmutableList                                : loaded 3 times (x 207B)
Class com.google.common.base.Joiner$2                                                 : loaded 3 times (x 79B)
Class com.google.common.base.CharMatcher$1                                            : loaded 3 times (x 113B)
Class com.google.common.base.CharMatcher$NamedFastMatcher                             : loaded 3 times (x 112B)
Class com.google.common.base.ExtraObjectsMethodsForWeb                                : loaded 3 times (x 71B)
Class com.google.common.collect.NullnessCasts                                         : loaded 3 times (x 71B)
Class kotlin.collections.IntIterator                                                  : loaded 3 times (x 82B)
Class jdk.internal.jimage.decompressor.ResourceDecompressor                           : loaded 3 times (x 70B)
Class org.jetbrains.org.objectweb.asm.MethodWriter                                    : loaded 3 times (x 106B)
Class org.jetbrains.org.objectweb.asm.ByteVector                                      : loaded 3 times (x 78B)
Class com.google.common.collect.Multimap                                              : loaded 3 times (x 70B)
Class [Lorg.jetbrains.org.objectweb.asm.Attribute;                                    : loaded 3 times (x 69B)
Class kotlin.ranges.ClosedRange                                                       : loaded 3 times (x 70B)
Class org.jetbrains.org.objectweb.asm.MethodVisitor                                   : loaded 3 times (x 105B)
Class org.jetbrains.org.objectweb.asm.FieldWriter                                     : loaded 3 times (x 78B)
Class [Lkotlin.reflect.KAnnotatedElement;                                             : loaded 3 times (x 69B)
Class kotlin.collections.IndexingIterator                                             : loaded 3 times (x 79B)
Class jdk.internal.jimage.ImageHeader                                                 : loaded 3 times (x 71B)
Class kotlin.Lazy                                                                     : loaded 3 times (x 70B)
Class com.google.common.base.CharMatcher$IsEither                                     : loaded 3 times (x 111B)
Class org.jetbrains.org.objectweb.asm.RecordComponentVisitor                          : loaded 3 times (x 77B)
Class com.google.common.base.CharMatcher$InRange                                      : loaded 3 times (x 111B)
Class org.jetbrains.org.objectweb.asm.MethodTooLargeException                         : loaded 3 times (x 83B)
Class kotlin.Result$Failure                                                           : loaded 3 times (x 72B)
Class org.jetbrains.org.objectweb.asm.Context                                         : loaded 3 times (x 72B)
Class kotlin.collections.IndexingIterable                                             : loaded 3 times (x 79B)
Class org.jetbrains.org.objectweb.asm.FieldVisitor                                    : loaded 3 times (x 77B)
Class org.jetbrains.org.objectweb.asm.CurrentFrame                                    : loaded 3 times (x 73B)
Class kotlin.ResultKt                                                                 : loaded 3 times (x 71B)
Class com.google.common.base.Objects                                                  : loaded 3 times (x 71B)
Class jdk.internal.jimage.ImageBufferCache$2                                          : loaded 3 times (x 91B)
Class com.google.common.base.CharMatcher$And                                          : loaded 3 times (x 112B)
Class jdk.internal.jimage.ImageBufferCache$1                                          : loaded 3 times (x 83B)
Class jdk.internal.jimage.BasicImageReader                                            : loaded 3 times (x 95B)
Class Build_gradle                                                                    : loaded 3 times (x 126B)
Class org.jetbrains.org.objectweb.asm.ClassTooLargeException                          : loaded 3 times (x 83B)
Class org.jetbrains.org.objectweb.asm.SymbolTable                                     : loaded 3 times (x 72B)
Class jdk.internal.jimage.ImageLocation                                               : loaded 3 times (x 90B)
Class kotlin.coroutines.jvm.internal.SuspendFunction                                  : loaded 3 times (x 70B)
Class kotlin.text.CharsKt                                                             : loaded 3 times (x 71B)
Class com.google.common.collect.RegularImmutableAsList                                : loaded 3 times (x 217B)
Class com.google.common.collect.ImmutableSet$SetBuilderImpl                           : loaded 3 times (x 76B)
Class org.jetbrains.org.objectweb.asm.ModuleWriter                                    : loaded 3 times (x 82B)
Class kotlin.jvm.internal.Ref$BooleanRef                                              : loaded 3 times (x 71B)
Class kotlin.jvm.internal.StringCompanionObject                                       : loaded 3 times (x 71B)
Class kotlin.coroutines.intrinsics.IntrinsicsKt__IntrinsicsJvmKt                      : loaded 3 times (x 71B)
Class kotlin.coroutines.jvm.internal.CoroutineStackFrame                              : loaded 3 times (x 70B)
Class com.google.common.collect.ImmutableList$Builder                                 : loaded 3 times (x 77B)
Class com.google.common.collect.ForwardingObject                                      : loaded 3 times (x 72B)
Class kotlin.io.CloseableKt                                                           : loaded 3 times (x 71B)
Class com.google.common.collect.ImmutableList$SubList                                 : loaded 3 times (x 209B)
Class com.intellij.gradle.toolingExtension.util.GradleVersionUtil                     : loaded 3 times (x 71B)
Class kotlin.sequences.TransformingSequence$iterator$1                                : loaded 3 times (x 79B)
Class jdk.internal.jrtfs.JrtFileSystemProvider                                        : loaded 3 times (x 101B)
Class [Lorg.jetbrains.org.objectweb.asm.Label;                                        : loaded 3 times (x 69B)
Class kotlin.ranges.IntProgressionIterator                                            : loaded 3 times (x 82B)
Class kotlin.Result                                                                   : loaded 3 times (x 72B)
Class com.google.common.base.Joiner                                                   : loaded 3 times (x 79B)
Class kotlin.coroutines.jvm.internal.DebugProbesKt                                    : loaded 3 times (x 71B)
Class kotlin.coroutines.CoroutineContext                                              : loaded 3 times (x 70B)
Class com.google.common.collect.ImmutableCollection$Builder                           : loaded 3 times (x 76B)
Class kotlin.sequences.FlatteningSequence                                             : loaded 3 times (x 75B)
Class [Lkotlin.coroutines.intrinsics.CoroutineSingletons;                             : loaded 3 times (x 69B)
Class com.google.common.collect.RegularImmutableSet                                   : loaded 3 times (x 149B)
Class [Lorg.jetbrains.org.objectweb.asm.SymbolTable$Entry;                            : loaded 3 times (x 69B)
Class jdk.internal.jimage.decompressor.ResourceDecompressor$StringsProvider           : loaded 3 times (x 70B)
Class kotlin._Assertions                                                              : loaded 3 times (x 71B)
Class org.gradle.internal.Cast                                                        : loaded 3 times (x 71B)
Class kotlin.text.Regex$Companion                                                     : loaded 3 times (x 71B)
Class com.google.common.collect.MapMaker$Dummy                                        : loaded 2 times (x 79B)
Class org.objectweb.asm.FieldWriter                                                   : loaded 2 times (x 78B)
Class com.google.common.cache.CacheBuilder$NullListener                               : loaded 2 times (x 82B)
Class com.google.gson.LongSerializationPolicy                                         : loaded 2 times (x 80B)
Class org.jetbrains.plugins.gradle.model.ExternalLibraryDependency                    : loaded 2 times (x 70B)
Class org.gradle.internal.classpath.TransformedClassPath                              : loaded 2 times (x 96B)
Class org.gradle.internal.classloader.InstrumentingClassLoader                        : loaded 2 times (x 70B)
Class org.jetbrains.kotlin.descriptors.DescriptorVisibilities$8                       : loaded 2 times (x 79B)
Class jdk.internal.jimage.ImageReader$LinkNode                                        : loaded 2 times (x 84B)
Class org.jetbrains.kotlin.descriptors.DescriptorVisibilities$7                       : loaded 2 times (x 79B)
Class com.google.common.collect.AllEqualOrdering                                      : loaded 2 times (x 114B)
Class org.jetbrains.kotlin.metadata.ProtoBuf$MemberKind$1                             : loaded 2 times (x 74B)
Class org.jetbrains.kotlin.metadata.jvm.JvmProtoBuf$StringTableTypes$RecordOrBuilder  : loaded 2 times (x 70B)
Class org.jetbrains.kotlin.resolve.jvm.JvmClassName                                   : loaded 2 times (x 76B)
Class com.google.common.collect.ComparisonChain$1                                     : loaded 2 times (x 81B)
Class jdk.internal.jrtfs.SystemImage$1                                                : loaded 2 times (x 78B)
Class [Lkotlin.annotation.AnnotationTarget;                                           : loaded 2 times (x 69B)
Class com.intellij.openapi.externalSystem.model.project.dependencies.ResolutionState  : loaded 2 times (x 79B)
Class kotlinx.coroutines.DisposableHandle                                             : loaded 2 times (x 70B)
Class org.jetbrains.kotlin.com.google.common.base.Preconditions                       : loaded 2 times (x 71B)
Class org.apache.commons.io.filefilter.AbstractFileFilter                             : loaded 2 times (x 121B)
Class com.google.common.collect.ImmutableListMultimap                                 : loaded 2 times (x 176B)
Class org.apache.commons.io.output.UnsynchronizedByteArrayOutputStream                : loaded 2 times (x 102B)
Class com.google.common.cache.CacheLoader$FunctionToCacheLoader                       : loaded 2 times (x 75B)
Class com.amazon.ion.impl._Private_ByteTransferSink                                   : loaded 2 times (x 70B)
Class com.amazon.ion.impl.bin.IonManagedBinaryWriter$ImportedSymbolResolverMode$1$1   : loaded 2 times (x 78B)
Class com.amazon.ion.IonValue                                                         : loaded 2 times (x 70B)
Class com.google.common.collect.ImmutableRangeSet$AsSet                               : loaded 2 times (x 300B)
Class org.jetbrains.kotlin.descriptors.DescriptorVisibilities$9                       : loaded 2 times (x 79B)
Class com.amazon.ion.impl._Private_RecyclingStack$ElementFactory                      : loaded 2 times (x 70B)
Class org.jetbrains.kotlin.metadata.jvm.JvmProtoBuf$StringTableTypes                  : loaded 2 times (x 110B)
Class com.amazon.ion.IonDatagram                                                      : loaded 2 times (x 70B)
Class jdk.internal.jrtfs.SystemImage$2                                                : loaded 2 times (x 76B)
Class kotlin.collections.builders.ListBuilder$Companion                               : loaded 2 times (x 71B)
Class kotlin.collections.builders.ListBuilder                                         : loaded 2 times (x 207B)
Class kotlinx.coroutines.scheduling.CoroutineScheduler$Companion                      : loaded 2 times (x 71B)
Class com.google.common.collect.EmptyImmutableListMultimap                            : loaded 2 times (x 176B)
Class com.google.common.collect.BaseImmutableMultimap                                 : loaded 2 times (x 123B)
Class org.apache.commons.io.output.ByteArrayOutputStream                              : loaded 2 times (x 102B)
Class com.google.common.collect.MapDifference                                         : loaded 2 times (x 70B)
Class com.google.common.base.MoreObjects                                              : loaded 2 times (x 71B)
Class com.google.gson.internal.bind.DefaultDateTypeAdapter                            : loaded 2 times (x 74B)
Class com.google.gson.GsonBuilder                                                     : loaded 2 times (x 72B)
Class com.amazon.ion.impl.bin.IonRawBinaryWriter$ContainerType                        : loaded 2 times (x 79B)
Class com.amazon.ion.impl._Private_IonTextWriterBuilder$Mutable                       : loaded 2 times (x 102B)
Class org.jetbrains.org.objectweb.asm.tree.LabelNode                                  : loaded 2 times (x 80B)
Class org.jetbrains.kotlin.utils.CollectionsKt                                        : loaded 2 times (x 71B)
Class [Lorg.jetbrains.kotlin.com.intellij.openapi.diagnostic.LogLevel;                : loaded 2 times (x 69B)
Class org.jetbrains.kotlin.metadata.jvm.JvmProtoBuf$StringTableTypes$1                : loaded 2 times (x 144B)
Class org.jetbrains.kotlin.metadata.ProtoBuf$PropertyOrBuilder                        : loaded 2 times (x 70B)
Class org.jetbrains.kotlin.metadata.ProtoBuf$Constructor$1                            : loaded 2 times (x 144B)
Class org.jetbrains.kotlin.build.report.metrics.GradleBuildTime                       : loaded 2 times (x 86B)
Class kotlin.jvm.internal.BooleanCompanionObject                                      : loaded 2 times (x 71B)
Class kotlin.reflect.KProperty0                                                       : loaded 2 times (x 70B)
Class com.google.common.cache.LocalCache$Strength$3                                   : loaded 2 times (x 81B)
Class kotlinx.coroutines.scheduling.NanoTimeSource                                    : loaded 2 times (x 72B)
Class kotlinx.coroutines.BuildersKt__BuildersKt                                       : loaded 2 times (x 71B)
Class com.android.builder.model.v2.ide.TestInfo$Execution                             : loaded 2 times (x 79B)
Class com.google.gson.internal.Primitives                                             : loaded 2 times (x 71B)
Class com.google.common.collect.Platform                                              : loaded 2 times (x 71B)
Class [Lorg.objectweb.asm.Type;                                                       : loaded 2 times (x 69B)
Class com.google.gson.stream.JsonWriter                                               : loaded 2 times (x 98B)
Class com.android.builder.model.v2.ide.AbstractArtifact                               : loaded 2 times (x 70B)
Class org.jetbrains.kotlin.idea.gradleTooling.KotlinSourceSetContainer                : loaded 2 times (x 70B)
Class org.jetbrains.plugins.gradle.model.IntelliJSettings                             : loaded 2 times (x 70B)
Class org.gradle.internal.service.ServiceLocator                                      : loaded 2 times (x 70B)
Class [Lkotlin.Function;                                                              : loaded 2 times (x 69B)
Class com.google.common.io.ByteStreams                                                : loaded 2 times (x 71B)
Class org.jetbrains.kotlin.load.kotlin.header.ReadKotlinClassHeaderAnnotationVisitor$CollectStringArrayAnnotationVisitor: loaded 2 times (x 85B)
Class jdk.internal.jrtfs.JrtFileSystem$1                                              : loaded 2 times (x 107B)
Class com.google.common.base.Splitter$1                                               : loaded 2 times (x 77B)
Class kotlin.reflect.KProperty1                                                       : loaded 2 times (x 70B)
Class kotlin.reflect.KClass                                                           : loaded 2 times (x 70B)
Class com.google.common.collect.TransformedIterator                                   : loaded 2 times (x 80B)
Class com.google.common.collect.Interner                                              : loaded 2 times (x 70B)
Class org.apache.commons.io.FileExistsException                                       : loaded 2 times (x 82B)
Class com.google.common.base.Ascii                                                    : loaded 2 times (x 71B)
Class com.google.common.collect.SingletonImmutableBiMap                               : loaded 2 times (x 143B)
Class com.google.common.cache.LocalCache$1                                            : loaded 2 times (x 89B)
Class com.google.gson.internal.bind.TypeAdapterRuntimeTypeWrapper                     : loaded 2 times (x 74B)
Class com.google.common.collect.Interners$InternerImpl                                : loaded 2 times (x 75B)
Class com.google.common.collect.AbstractMapEntry                                      : loaded 2 times (x 81B)
Class com.amazon.ion.impl.IonWriterSystem                                             : loaded 2 times (x 171B)
Class com.amazon.ion.impl.bin.Symbols$2                                               : loaded 2 times (x 107B)
Class com.amazon.ion.impl.bin._Private_IonManagedWriter                               : loaded 2 times (x 70B)
Class com.android.ide.gradle.model.GradlePropertiesModel                              : loaded 2 times (x 70B)
Class org.gradle.tooling.internal.adapter.ProtocolToModelAdapter$SupportedPropertyInvoker: loaded 2 times (x 76B)
Class org.gradle.tooling.model.UnsupportedMethodException                             : loaded 2 times (x 82B)
Class [Lorg.jetbrains.org.objectweb.asm.tree.AbstractInsnNode;                        : loaded 2 times (x 69B)
Class kotlinx.coroutines.DispatchedTask                                               : loaded 2 times (x 81B)
Class kotlin.reflect.KTypeParameter                                                   : loaded 2 times (x 70B)
Class kotlin.sequences.GeneratorSequence$iterator$1                                   : loaded 2 times (x 79B)
Class kotlin.reflect.KProperty2                                                       : loaded 2 times (x 70B)
Class kotlinx.coroutines.scheduling.GlobalQueue                                       : loaded 2 times (x 72B)
Class org.apache.commons.io.function.IOSupplier                                       : loaded 2 times (x 70B)
Class com.google.common.collect.MapMakerInternalMap$AbstractStrongKeyEntry            : loaded 2 times (x 80B)
Class com.android.builder.model.v2.ide.BytecodeTransformation                         : loaded 2 times (x 79B)
Class com.google.common.collect.Sets$ImprovedAbstractSet                              : loaded 2 times (x 135B)
Class jdk.internal.jrtfs.JrtFileStore                                                 : loaded 2 times (x 83B)
Class com.google.common.collect.AbstractMultimap                                      : loaded 2 times (x 123B)
Class com.google.common.cache.LocalCache$2                                            : loaded 2 times (x 142B)
Class com.amazon.ion.impl.lite.IonContainerLite                                       : loaded 2 times (x 248B)
Class com.amazon.ion.IonBufferConfiguration$OversizedSymbolTableHandler               : loaded 2 times (x 70B)
Class com.amazon.ion.system.IonWriterBuilder                                          : loaded 2 times (x 74B)
Class org.jetbrains.plugins.gradle.tooling.serialization.ToolingStreamApiUtils        : loaded 2 times (x 71B)
Class com.amazon.ion.facet.Faceted                                                    : loaded 2 times (x 70B)
Class org.jetbrains.kotlin.metadata.ProtoBuf$Annotation$Argument$Value                : loaded 2 times (x 127B)
Class org.jetbrains.kotlin.metadata.deserialization.ProtoBufUtilKt                    : loaded 2 times (x 71B)
Class org.jetbrains.kotlin.protobuf.CodedOutputStream$OutOfSpaceException             : loaded 2 times (x 82B)
Class org.jetbrains.kotlin.descriptors.DescriptorVisibilities$6                       : loaded 2 times (x 79B)
Class kotlin.coroutines.CoroutineContext$Element                                      : loaded 2 times (x 70B)
Class com.android.builder.model.v2.ide.CodeShrinker                                   : loaded 2 times (x 79B)
Class com.google.gson.internal.bind.MapTypeAdapterFactory$Adapter                     : loaded 2 times (x 74B)
Class com.google.gson.internal.sql.SqlTimeTypeAdapter$1                               : loaded 2 times (x 75B)
Class org.gradle.tooling.model.Dependency                                             : loaded 2 times (x 70B)
Class com.amazon.ion.impl.bin.utf8.Poolable                                           : loaded 2 times (x 79B)
Class com.amazon.ion.IonSymbol                                                        : loaded 2 times (x 70B)
Class org.jetbrains.plugins.gradle.tooling.serialization.AnnotationProcessingModelSerializationService$WriteContext: loaded 2 times (x 72B)
Class com.google.common.collect.ImmutableRangeSet$1                                   : loaded 2 times (x 210B)
Class org.jetbrains.org.objectweb.asm.tree.InsnList                                   : loaded 2 times (x 103B)
Class org.jetbrains.kotlin.protobuf.AbstractMessageLite$Builder                       : loaded 2 times (x 122B)
Class org.jetbrains.kotlin.protobuf.Internal$EnumLiteMap                              : loaded 2 times (x 70B)
Class org.jetbrains.kotlin.protobuf.GeneratedMessageLite                              : loaded 2 times (x 101B)
Class org.jetbrains.kotlin.metadata.deserialization.MetadataVersion                   : loaded 2 times (x 74B)
Class kotlin.collections.AbstractIterator                                             : loaded 2 times (x 83B)
Class org.gradle.api.JavaVersion                                                      : loaded 2 times (x 79B)
Class org.jetbrains.kotlin.cli.common.messages.MessageCollector$Companion             : loaded 2 times (x 71B)
Class com.google.common.base.Optional                                                 : loaded 2 times (x 80B)
Class com.google.common.util.concurrent.AbstractFuture$Trusted                        : loaded 2 times (x 70B)
Class org.jetbrains.plugins.gradle.tooling.serialization.GradleExtensionsSerializationService: loaded 2 times (x 77B)
Class com.intellij.gradle.toolingExtension.impl.util.collectionUtil.GradleCollections : loaded 2 times (x 71B)
Class org.jetbrains.kotlin.idea.gradleTooling.KotlinGradlePluginVersion               : loaded 2 times (x 70B)
Class com.intellij.compose.ide.plugin.gradleTooling.rt.ComposeResourcesModel          : loaded 2 times (x 70B)
Class com.amazon.ion.impl.lite.IonStructLite                                          : loaded 2 times (x 298B)
Class com.amazon.ion.impl._Private_ReaderWriter                                       : loaded 2 times (x 70B)
Class com.amazon.ion.impl.bin.AbstractSymbolTable                                     : loaded 2 times (x 107B)
Class com.amazon.ion.Decimal                                                          : loaded 2 times (x 133B)
Class com.amazon.ion.impl.bin._Private_IonManagedBinaryWriterBuilder$AllocatorMode$1  : loaded 2 times (x 80B)
Class org.jetbrains.plugins.gradle.tooling.serialization.ProjectDependenciesSerializationService$WriteContext: loaded 2 times (x 72B)
Class org.jetbrains.plugins.gradle.tooling.serialization.ProjectDependenciesSerializationService: loaded 2 times (x 77B)
Class com.google.common.collect.Range                                                 : loaded 2 times (x 86B)
Class org.gradle.tooling.model.kotlin.dsl.KotlinDslScriptModel                        : loaded 2 times (x 70B)
Class org.gradle.tooling.internal.adapter.CollectionMapper                            : loaded 2 times (x 73B)
Class org.jetbrains.org.objectweb.asm.tree.MethodInsnNode                             : loaded 2 times (x 79B)
Class org.jetbrains.kotlin.descriptors.Visibilities$Unknown                           : loaded 2 times (x 79B)
Class org.jetbrains.kotlin.descriptors.Visibilities$Inherited                         : loaded 2 times (x 79B)
Class org.jetbrains.org.objectweb.asm.tree.MethodNode                                 : loaded 2 times (x 110B)
Class org.jetbrains.kotlin.protobuf.Parser                                            : loaded 2 times (x 70B)
Class org.jetbrains.kotlin.load.kotlin.KotlinJvmBinaryClass                           : loaded 2 times (x 70B)
Class [Lorg.jetbrains.kotlin.build.report.metrics.BuildTime;                          : loaded 2 times (x 69B)
Class org.jetbrains.kotlin.config.KotlinCompilerVersion                               : loaded 2 times (x 71B)
Class com.amazon.ion.impl.bin.PooledBlockAllocatorProvider$PooledBlockAllocator       : loaded 2 times (x 81B)
Class jdk.internal.jrtfs.JrtDirectoryStream$1                                         : loaded 2 times (x 83B)
Class kotlin.jvm.internal.IntCompanionObject                                          : loaded 2 times (x 71B)
Class kotlin.coroutines.ContinuationInterceptor$Key                                   : loaded 2 times (x 71B)
Class kotlin.text.DelimitedRangesSequence$iterator$1                                  : loaded 2 times (x 79B)
Class [Lcom.android.builder.model.v2.ide.LibraryType;                                 : loaded 2 times (x 69B)
Class com.android.builder.model.v2.ide.LibraryType                                    : loaded 2 times (x 79B)
Class com.google.common.io.ByteSink$AsCharSink                                        : loaded 2 times (x 80B)
Class org.jetbrains.kotlin.tooling.core.KotlinToolingVersion                          : loaded 2 times (x 75B)
Class com.amazon.ion.IonTimestamp                                                     : loaded 2 times (x 70B)
Class com.google.common.util.concurrent.UncheckedExecutionException                   : loaded 2 times (x 82B)
Class com.google.gson.internal.bind.DefaultDateTypeAdapter$DateType                   : loaded 2 times (x 73B)
Class org.gradle.kotlin.dsl.VersionCatalogAccessorsKt                                 : loaded 2 times (x 71B)
Class com.amazon.ion.impl.lite.IonFloatLite                                           : loaded 2 times (x 186B)
Class com.amazon.ion.impl._Private_IonTextWriterBuilder                               : loaded 2 times (x 102B)
Class com.amazon.ion.impl.bin._Private_IonManagedBinaryWriterBuilder$AllocatorMode$2  : loaded 2 times (x 80B)
Class com.google.common.collect.ExplicitOrdering                                      : loaded 2 times (x 115B)
Class [Lorg.jetbrains.kotlin.metadata.ProtoBuf$VersionRequirement$Level;              : loaded 2 times (x 69B)
Class com.google.common.cache.LocalCache$Strength$2                                   : loaded 2 times (x 81B)
Class org.jetbrains.kotlin.metadata.jvm.deserialization.JvmMemberSignature$Method     : loaded 2 times (x 75B)
Class org.jetbrains.kotlin.protobuf.WireFormat$JavaType                               : loaded 2 times (x 79B)
Class kotlin.io.FileTreeWalk$FileTreeWalkIterator$WhenMappings                        : loaded 2 times (x 71B)
Class com.google.gson.internal.bind.ReflectiveTypeAdapterFactory$1                    : loaded 2 times (x 74B)
Class org.jetbrains.plugins.gradle.ExternalDependencyId                               : loaded 2 times (x 70B)
Class com.amazon.ion.impl._Private_RecyclingStack                                     : loaded 2 times (x 79B)
Class com.amazon.ion.impl._Private_IonReaderBuilder                                   : loaded 2 times (x 97B)
Class com.amazon.ion.IonMutableCatalog                                                : loaded 2 times (x 70B)
Class gnu.trove.THash                                                                 : loaded 2 times (x 81B)
Class com.intellij.gradle.toolingExtension.impl.model.buildScriptClasspathModel.GradleBuildScriptClasspathSerializationService$WriteContext: loaded 2 times (x 72B)
Class org.gradle.tooling.internal.adapter.ProtocolToModelAdapter                      : loaded 2 times (x 80B)
Class org.jetbrains.org.objectweb.asm.tree.IntInsnNode                                : loaded 2 times (x 78B)
Class org.jetbrains.kotlin.descriptors.Visibilities$PrivateToThis                     : loaded 2 times (x 79B)
Class org.jetbrains.kotlin.protobuf.SmallSortedMap$1                                  : loaded 2 times (x 130B)
Class com.google.common.util.concurrent.SettableFuture                                : loaded 2 times (x 114B)
Class org.apache.commons.io.output.QueueOutputStream                                  : loaded 2 times (x 87B)
Class org.apache.commons.io.file.Counters$Counter                                     : loaded 2 times (x 70B)
Class kotlin.DeprecationLevel                                                         : loaded 2 times (x 79B)
Class kotlin.collections.ArraysKt___ArraysKt$asSequence$$inlined$Sequence$1           : loaded 2 times (x 75B)
Class kotlin.time.DurationUnitKt__DurationUnitJvmKt                                   : loaded 2 times (x 71B)
Class kotlin.jvm.JvmStatic                                                            : loaded 2 times (x 70B)
Class kotlin.collections.builders.SetBuilder$Companion                                : loaded 2 times (x 71B)
Class com.android.builder.model.v2.ide.AndroidGradlePluginProjectFlags$BooleanFlag    : loaded 2 times (x 79B)
Class com.google.common.collect.AbstractMapBasedMultimap$KeySet$1                     : loaded 2 times (x 82B)
Class org.objectweb.asm.ClassWriter                                                   : loaded 2 times (x 106B)
Class com.android.ide.common.gradle.Separator                                         : loaded 2 times (x 79B)
Class com.google.common.cache.CacheLoader$UnsupportedLoadingOperationException        : loaded 2 times (x 82B)
Class org.jetbrains.kotlin.cli.common.messages.CompilerMessageSeverity                : loaded 2 times (x 79B)
Class com.google.gson.internal.bind.ReflectiveTypeAdapterFactory$2                    : loaded 2 times (x 79B)
Class org.gradle.internal.time.DefaultTimer                                           : loaded 2 times (x 80B)
Class org.gradle.internal.classloader.ClasspathUtil$1                                 : loaded 2 times (x 76B)
Class org.jetbrains.kotlin.metadata.ProtoBuf$Effect$EffectType$1                      : loaded 2 times (x 74B)
Class org.jetbrains.kotlin.metadata.ProtoBuf$EffectOrBuilder                          : loaded 2 times (x 70B)
Class org.jetbrains.kotlin.protobuf.BoundedByteString                                 : loaded 2 times (x 112B)
Class kotlin.coroutines.jvm.internal.ContinuationImpl                                 : loaded 2 times (x 87B)
Class kotlin.collections.builders.ListBuilderKt                                       : loaded 2 times (x 71B)
Class kotlinx.coroutines.JobSupport                                                   : loaded 2 times (x 133B)
Class com.google.common.collect.FluentIterable$1                                      : loaded 2 times (x 81B)
Class kotlin.coroutines.jvm.internal.SuspendLambda                                    : loaded 2 times (x 91B)
Class org.objectweb.asm.FieldVisitor                                                  : loaded 2 times (x 77B)
Class com.google.gson.ToNumberStrategy                                                : loaded 2 times (x 70B)
Class com.google.gson.TypeAdapter                                                     : loaded 2 times (x 73B)
Class com.google.common.collect.IndexedImmutableSet                                   : loaded 2 times (x 152B)
Class com.google.common.collect.ImmutableMap$1                                        : loaded 2 times (x 81B)
Class com.google.common.collect.BiMap                                                 : loaded 2 times (x 70B)
Class com.amazon.ion.impl.bin.PooledBlockAllocatorProvider$PooledBlockAllocator$1     : loaded 2 times (x 79B)
Class com.amazon.ion.impl.lite.IonStringLite                                          : loaded 2 times (x 212B)
Class org.gradle.tooling.internal.adapter.ProtocolToModelAdapter$ViewKey              : loaded 2 times (x 72B)
Class org.gradle.api.internal.classpath.DefaultModuleRegistry$DefaultModule           : loaded 2 times (x 86B)
Class org.jetbrains.org.objectweb.asm.tree.TryCatchBlockNode                          : loaded 2 times (x 74B)
Class org.jetbrains.kotlin.descriptors.Visibilities$InvisibleFake                     : loaded 2 times (x 79B)
Class org.jetbrains.kotlin.protobuf.UninitializedMessageException                     : loaded 2 times (x 84B)
Class org.jetbrains.kotlin.metadata.jvm.deserialization.JvmNameResolverKt             : loaded 2 times (x 71B)
Class org.jetbrains.kotlin.metadata.ProtoBuf$TypeParameter$Variance                   : loaded 2 times (x 82B)
Class org.jetbrains.kotlin.metadata.ProtoBuf$Annotation$Argument$Value$1              : loaded 2 times (x 144B)
Class org.jetbrains.kotlin.name.ClassId                                               : loaded 2 times (x 72B)
Class kotlinx.coroutines.internal.SystemPropsKt                                       : loaded 2 times (x 71B)
Class com.google.common.base.Absent                                                   : loaded 2 times (x 80B)
Class com.google.common.collect.FluentIterable$2                                      : loaded 2 times (x 81B)
Class com.android.builder.model.v2.CustomSourceDirectory                              : loaded 2 times (x 70B)
Class com.google.common.primitives.Ints                                               : loaded 2 times (x 71B)
Class kotlin.collections.MapWithDefault                                               : loaded 2 times (x 70B)
Class com.android.ide.common.repository.AgpVersion                                    : loaded 2 times (x 75B)
Class com.amazon.ion.impl.bin.Block                                                   : loaded 2 times (x 79B)
Class com.google.common.collect.NullsFirstOrdering                                    : loaded 2 times (x 115B)
Class org.gradle.tooling.internal.adapter.ProtocolToModelAdapter$PropertyCachingMethodInvoker: loaded 2 times (x 76B)
Class [Lorg.jetbrains.kotlin.metadata.ProtoBuf$Effect$InvocationKind;                 : loaded 2 times (x 69B)
Class org.jetbrains.org.objectweb.asm.tree.JumpInsnNode                               : loaded 2 times (x 78B)
Class org.jetbrains.kotlin.descriptors.Named                                          : loaded 2 times (x 70B)
Class org.jetbrains.kotlin.metadata.ProtoBuf$VersionRequirement$VersionKind           : loaded 2 times (x 82B)
Class kotlin.jvm.functions.Function22                                                 : loaded 2 times (x 70B)
Class org.jetbrains.kotlin.metadata.ProtoBuf$Visibility$1                             : loaded 2 times (x 74B)
Class org.jetbrains.kotlin.metadata.jvm.JvmProtoBuf$StringTableTypes$Record$Operation$1: loaded 2 times (x 74B)
Class kotlin.annotation.AnnotationRetention                                           : loaded 2 times (x 79B)
Class org.jetbrains.kotlin.metadata.deserialization.NameResolver                      : loaded 2 times (x 70B)
Class org.jetbrains.kotlin.protobuf.GeneratedMessageLite$ExtensionDescriptor          : loaded 2 times (x 84B)
Class org.jetbrains.kotlin.protobuf.InvalidProtocolBufferException                    : loaded 2 times (x 84B)
Class org.jetbrains.kotlin.protobuf.GeneratedMessageLite$ExtendableMessage            : loaded 2 times (x 113B)
Class org.jetbrains.kotlin.metadata.jvm.JvmProtoBuf$JvmPropertySignatureOrBuilder     : loaded 2 times (x 70B)
Class kotlinx.coroutines.ExecutorCoroutineDispatcher                                  : loaded 2 times (x 107B)
Class com.google.common.collect.FluentIterable$3                                      : loaded 2 times (x 81B)
Class org.apache.commons.io.file.CountingPathVisitor                                  : loaded 2 times (x 91B)
Class com.android.builder.model.v2.models.ProjectSyncIssues                           : loaded 2 times (x 70B)
Class com.google.common.collect.ObjectArrays                                          : loaded 2 times (x 71B)
Class com.google.common.math.MathPreconditions                                        : loaded 2 times (x 71B)
Class com.google.common.collect.Multiset                                              : loaded 2 times (x 70B)
Class com.google.common.collect.ArrayListMultimapGwtSerializationDependencies         : loaded 2 times (x 172B)
Class org.jetbrains.kotlin.descriptors.DescriptorVisibilities$5                       : loaded 2 times (x 79B)
Class com.intellij.openapi.externalSystem.model.ExternalSystemException               : loaded 2 times (x 86B)
Class org.jetbrains.plugins.gradle.model.ExternalTask                                 : loaded 2 times (x 70B)
Class com.amazon.ion.impl.bin.utf8.Utf8StringEncoderPool$1                            : loaded 2 times (x 76B)
Class com.amazon.ion.impl.lite.IonLoaderLite                                          : loaded 2 times (x 82B)
Class com.amazon.ion.impl.lite.IonContext                                             : loaded 2 times (x 70B)
Class com.amazon.ion.impl.IonWriterSystemText                                         : loaded 2 times (x 190B)
Class [Lcom.amazon.ion.impl.bin.IonManagedBinaryWriter$ImportedSymbolResolverMode;    : loaded 2 times (x 69B)
Class com.amazon.ion.ValueFactory                                                     : loaded 2 times (x 70B)
Class org.gradle.internal.time.DefaultCountdownTimer                                  : loaded 2 times (x 88B)
Class org.jetbrains.kotlin.protobuf.ByteString$ByteIterator                           : loaded 2 times (x 70B)
Class org.jetbrains.plugins.gradle.model.ClasspathEntryModel                          : loaded 2 times (x 70B)
Class org.jetbrains.kotlin.idea.gradleTooling.KotlinDslScriptAdditionalTask           : loaded 2 times (x 70B)
Class kotlinx.coroutines.Job                                                          : loaded 2 times (x 70B)
Class org.apache.commons.io.output.NullOutputStream                                   : loaded 2 times (x 85B)
Class com.google.gson.internal.ObjectConstructor                                      : loaded 2 times (x 70B)
Class com.google.common.collect.ImmutableMapEntrySet                                  : loaded 2 times (x 152B)
Class com.amazon.ion.impl.bin.IonManagedBinaryWriter$SymbolResolver                   : loaded 2 times (x 70B)
Class com.amazon.ion.impl._Private_SymbolToken                                        : loaded 2 times (x 70B)
Class com.amazon.ion.impl.bin._Private_IonManagedBinaryWriterBuilder$AllocatorMode    : loaded 2 times (x 80B)
Class org.jetbrains.plugins.gradle.model.GradleTaskModel                              : loaded 2 times (x 70B)
Class org.jetbrains.plugins.gradle.tooling.util.ObjectCollector                       : loaded 2 times (x 72B)
Class org.gradle.tooling.internal.adapter.ProtocolToModelAdapter$AdaptingMethodInvoker: loaded 2 times (x 76B)
Class org.gradle.tooling.internal.gradle.DefaultBuildIdentifier                       : loaded 2 times (x 79B)
Class org.gradle.api.internal.classpath.Module                                        : loaded 2 times (x 70B)
Class org.jetbrains.kotlin.idea.gradleTooling.model.kapt.KaptGradleModel              : loaded 2 times (x 70B)
Class org.jetbrains.kotlin.metadata.deserialization.Flags$FlagField                   : loaded 2 times (x 73B)
Class com.google.common.cache.LocalCache$Strength$1                                   : loaded 2 times (x 81B)
Class kotlin.KotlinVersion                                                            : loaded 2 times (x 74B)
Class kotlin.reflect.KMutableProperty                                                 : loaded 2 times (x 70B)
Class kotlinx.coroutines.internal.DispatchedContinuationKt                            : loaded 2 times (x 71B)
Class ijKotlinCoroutineJvmDebugInit1_304z3prfvr8kmkv6gmy1lljlt$_run_closure1          : loaded 2 times (x 139B)
Class com.google.common.cache.Weigher                                                 : loaded 2 times (x 70B)
Class [Lcom.amazon.ion.util.GzipStreamInterceptor;                                    : loaded 2 times (x 69B)
Class com.amazon.ion.impl._Private_IonReaderBuilder$Mutable                           : loaded 2 times (x 97B)
Class com.intellij.openapi.externalSystem.model.project.IExternalSystemSourceType     : loaded 2 times (x 70B)
Class org.gradle.api.internal.classpath.UnknownModuleException                        : loaded 2 times (x 82B)
Class org.jetbrains.kotlin.metadata.ProtoBuf$TypeAliasOrBuilder                       : loaded 2 times (x 70B)
Class [Lorg.jetbrains.kotlin.metadata.ProtoBuf$Class$Kind;                            : loaded 2 times (x 69B)
Class org.objectweb.asm.ModuleVisitor                                                 : loaded 2 times (x 81B)
Class kotlin.sequences.DistinctIterator                                               : loaded 2 times (x 83B)
Class kotlin.jvm.internal.PropertyReference                                           : loaded 2 times (x 115B)
Class kotlinx.coroutines.internal.LockFreeTaskQueueCore                               : loaded 2 times (x 72B)
Class org.apache.commons.io.file.Counters$PathCounters                                : loaded 2 times (x 70B)
Class com.google.common.base.Stopwatch                                                : loaded 2 times (x 72B)
Class com.google.common.cache.LocalCache$Strength                                     : loaded 2 times (x 81B)
Class com.google.common.cache.Cache                                                   : loaded 2 times (x 70B)
Class com.google.gson.stream.JsonReader$1                                             : loaded 2 times (x 72B)
Class com.intellij.openapi.externalSystem.model.project.dependencies.ProjectDependencies: loaded 2 times (x 70B)
Class org.jetbrains.plugins.gradle.tooling.serialization.ProjectDependenciesSerializationService$ReadContext: loaded 2 times (x 72B)
Class com.google.common.collect.Sets$4                                                : loaded 2 times (x 139B)
Class org.jetbrains.kotlin.protobuf.LiteralByteString                                 : loaded 2 times (x 112B)
Class org.jetbrains.kotlin.protobuf.LazyFieldLite                                     : loaded 2 times (x 82B)
Class org.jetbrains.kotlin.build.report.metrics.BuildMetricsReporter                  : loaded 2 times (x 70B)
Class kotlin.coroutines.CombinedContext                                               : loaded 2 times (x 78B)
Class com.google.common.io.AppendableWriter                                           : loaded 2 times (x 100B)
Class org.apache.commons.io.filefilter.IOFileFilter                                   : loaded 2 times (x 70B)
Class com.google.common.base.NullnessCasts                                            : loaded 2 times (x 71B)
Class com.google.common.util.concurrent.AbstractFuture$Cancellation                   : loaded 2 times (x 72B)
Class com.google.common.collect.ImmutableMap$Builder                                  : loaded 2 times (x 82B)
Class org.jetbrains.org.objectweb.asm.tree.VarInsnNode                                : loaded 2 times (x 78B)
Class com.google.common.io.ByteArrayDataInput                                         : loaded 2 times (x 70B)
Class com.google.common.collect.MapMakerInternalMap$StrongValueEntry                  : loaded 2 times (x 70B)
Class kotlinx.coroutines.IncompleteStateBox                                           : loaded 2 times (x 72B)
Class kotlin.io.ByteStreamsKt                                                         : loaded 2 times (x 71B)
Class com.google.common.base.Present                                                  : loaded 2 times (x 81B)
Class com.google.common.collect.AbstractMapBasedMultimap$WrappedCollection$WrappedIterator: loaded 2 times (x 84B)
Class com.google.common.cache.RemovalListener                                         : loaded 2 times (x 70B)
Class [Lcom.google.gson.ToNumberPolicy;                                               : loaded 2 times (x 69B)
Class com.google.gson.ToNumberPolicy                                                  : loaded 2 times (x 83B)
Class com.amazon.ion.IonBufferConfiguration                                           : loaded 2 times (x 73B)
Class com.amazon.ion.impl.bin.Symbols                                                 : loaded 2 times (x 71B)
Class org.jetbrains.plugins.gradle.tooling.serialization.RepositoriesModelSerializationService: loaded 2 times (x 82B)
Class com.android.ide.gradle.model.artifacts.AdditionalClassifierArtifactsModel       : loaded 2 times (x 70B)
Class org.gradle.tooling.internal.gradle.GradleProjectIdentity                        : loaded 2 times (x 70B)
Class org.gradle.api.internal.DefaultClassPathRegistry                                : loaded 2 times (x 76B)
Class org.jetbrains.kotlin.metadata.ProtoBuf$Type$Argument$Projection$1               : loaded 2 times (x 74B)
Class org.jetbrains.kotlin.protobuf.SmallSortedMap$EmptySet$1                         : loaded 2 times (x 78B)
Class org.jetbrains.kotlin.protobuf.AbstractMessageLite$Builder$LimitedInputStream    : loaded 2 times (x 92B)
Class kotlin.annotation.AnnotationTarget                                              : loaded 2 times (x 79B)
Class kotlin.jvm.internal.ShortCompanionObject                                        : loaded 2 times (x 71B)
Class kotlin.jvm.JvmClassMappingKt                                                    : loaded 2 times (x 71B)
Class kotlin.jvm.internal.Reflection                                                  : loaded 2 times (x 71B)
Class kotlin.reflect.KProperty                                                        : loaded 2 times (x 70B)
Class kotlin.jvm.functions.Function21                                                 : loaded 2 times (x 70B)
Class org.jetbrains.kotlin.cli.common.messages.MessageCollector                       : loaded 2 times (x 70B)
Class org.apache.commons.io.file.DeleteOption                                         : loaded 2 times (x 70B)
Class com.google.common.collect.ImmutableMultimap$Keys                                : loaded 2 times (x 166B)
Class com.android.builder.model.v2.ide.JavaArtifact                                   : loaded 2 times (x 70B)
Class com.google.common.primitives.IntsMethodsForWeb                                  : loaded 2 times (x 71B)
Class [Lorg.jetbrains.kotlin.protobuf.WireFormat$JavaType;                            : loaded 2 times (x 69B)
Class [Lcom.amazon.ion.impl.bin.AbstractIonWriter$WriteValueOptimization;             : loaded 2 times (x 69B)
Class org.jetbrains.plugins.gradle.tooling.serialization.RepositoriesModelSerializationService$ReadContext: loaded 2 times (x 72B)
Class org.gradle.api.internal.ClassPathRegistry                                       : loaded 2 times (x 70B)
Class org.gradle.internal.classpath.DefaultClassPath$ImmutableUniqueList              : loaded 2 times (x 199B)
Class org.jetbrains.kotlin.descriptors.Visibilities$Protected                         : loaded 2 times (x 79B)
Class org.jetbrains.kotlin.descriptors.DescriptorVisibilities$4                       : loaded 2 times (x 79B)
Class org.jetbrains.kotlin.metadata.ProtoBuf$PackageOrBuilder                         : loaded 2 times (x 70B)
Class org.jetbrains.kotlin.metadata.jvm.JvmProtoBuf$JvmPropertySignature              : loaded 2 times (x 114B)
Class org.jetbrains.kotlin.metadata.ProtoBuf$ValueParameterOrBuilder                  : loaded 2 times (x 70B)
Class org.jetbrains.kotlin.protobuf.SmallSortedMap$EmptySet$2                         : loaded 2 times (x 78B)
Class org.jetbrains.org.objectweb.asm.tree.TableSwitchInsnNode                        : loaded 2 times (x 79B)
Class org.gradle.internal.service.UnknownServiceException                             : loaded 2 times (x 83B)
Class kotlin.jvm.internal.TypeIntrinsics                                              : loaded 2 times (x 71B)
Class com.amazon.ion.impl.lite.IonBoolLite                                            : loaded 2 times (x 178B)
Class kotlinx.coroutines.DispatchedTaskKt                                             : loaded 2 times (x 71B)
Class kotlinx.coroutines.internal.SystemPropsKt__SystemProps_commonKt                 : loaded 2 times (x 71B)
Class kotlinx.coroutines.ThreadContextElement                                         : loaded 2 times (x 70B)
Class com.google.common.cache.LocalCache$LocalLoadingCache                            : loaded 2 times (x 134B)
Class com.google.common.collect.MapMakerInternalMap$Segment                           : loaded 2 times (x 142B)
Class com.google.common.collect.Sets$3                                                : loaded 2 times (x 139B)
Class org.apache.commons.io.IOUtils                                                   : loaded 2 times (x 71B)
Class com.amazon.ion.impl.bin.IonManagedBinaryWriter$UserState                        : loaded 2 times (x 85B)
Class com.amazon.ion.impl._Private_IonWriter                                          : loaded 2 times (x 70B)
Class com.amazon.ion.impl.bin._Private_IonManagedBinaryWriterBuilder                  : loaded 2 times (x 72B)
Class com.intellij.gradle.toolingExtension.impl.model.projectModel.GradleExternalProjectSerializationService$WriteContext: loaded 2 times (x 73B)
Class [Lorg.jetbrains.org.objectweb.asm.AnnotationWriter;                             : loaded 2 times (x 69B)
Class org.jetbrains.org.objectweb.asm.tree.LookupSwitchInsnNode                       : loaded 2 times (x 78B)
Class org.jetbrains.kotlin.descriptors.DeclarationDescriptor                          : loaded 2 times (x 70B)
Class org.jetbrains.kotlin.descriptors.DescriptorVisibilities                         : loaded 2 times (x 71B)
Class org.jetbrains.kotlin.load.kotlin.KotlinJvmBinaryClass$AnnotationArrayArgumentVisitor: loaded 2 times (x 70B)
Class org.jetbrains.kotlin.name.FqNameUnsafe$Companion                                : loaded 2 times (x 71B)
Class [Lorg.objectweb.asm.AnnotationVisitor;                                          : loaded 2 times (x 69B)
Class com.google.common.base.AbstractIterator$State                                   : loaded 2 times (x 79B)
Class kotlin.time.DurationUnit                                                        : loaded 2 times (x 79B)
Class com.google.common.collect.MapMakerInternalMap$Strength$2                        : loaded 2 times (x 80B)
Class org.jetbrains.kotlin.cli.common.arguments.K2JVMCompilerArgumentsConfigurator    : loaded 2 times (x 74B)
Class com.google.common.io.ByteSink                                                   : loaded 2 times (x 76B)
Class com.android.builder.model.v2.dsl.SigningConfig                                  : loaded 2 times (x 70B)
Class com.android.builder.model.v2.models.AndroidProject                              : loaded 2 times (x 70B)
Class com.android.builder.model.v2.AndroidModel                                       : loaded 2 times (x 70B)
Class com.google.common.cache.CacheBuilder                                            : loaded 2 times (x 72B)
Class com.google.gson.internal.bind.ArrayTypeAdapter$1                                : loaded 2 times (x 75B)
Class com.google.gson.internal.bind.JsonTreeWriter                                    : loaded 2 times (x 98B)
Class org.jetbrains.kotlin.cli.common.CompilerSystemProperties                        : loaded 2 times (x 80B)
Class Settings_gradle$1                                                               : loaded 2 times (x 74B)
Class [Lcom.amazon.ion.SymbolToken;                                                   : loaded 2 times (x 69B)
Class ijInit2_a2k8764f95pra9jbvkx7hj6f9                                               : loaded 2 times (x 171B)
Class org.gradle.internal.classpath.ClassPath                                         : loaded 2 times (x 70B)
Class kotlinx.coroutines.Delay                                                        : loaded 2 times (x 70B)
Class org.jetbrains.kotlin.metadata.deserialization.TypeTable                         : loaded 2 times (x 72B)
Class org.jetbrains.kotlin.load.kotlin.FileBasedKotlinClass$1                         : loaded 2 times (x 88B)
Class kotlin.sequences.SequencesKt__SequencesKt$asSequence$$inlined$Sequence$1        : loaded 2 times (x 75B)
Class kotlinx.coroutines.ParentJob                                                    : loaded 2 times (x 70B)
Class com.google.common.collect.Interners$InternerBuilder                             : loaded 2 times (x 76B)
Class com.google.common.io.Files$FileByteSource                                       : loaded 2 times (x 85B)
Class com.google.common.base.JdkPattern                                               : loaded 2 times (x 75B)
Class kotlinx.coroutines.JobNode                                                      : loaded 2 times (x 90B)
Class org.jetbrains.plugins.gradle.model.ExternalProjectDependency                    : loaded 2 times (x 70B)
Class org.jetbrains.plugins.gradle.tooling.serialization.KotlinDslScriptsModelSerializationService: loaded 2 times (x 81B)
Class ijInit2_a2k8764f95pra9jbvkx7hj6f9$_run_closure1                                 : loaded 2 times (x 140B)
Class org.jetbrains.kotlin.com.intellij.openapi.diagnostic.Logger                     : loaded 2 times (x 99B)
Class org.jetbrains.kotlin.metadata.ProtoBuf$Type$ArgumentOrBuilder                   : loaded 2 times (x 70B)
Class org.jetbrains.kotlin.protobuf.GeneratedMessageLite$GeneratedExtension           : loaded 2 times (x 79B)
Class org.jetbrains.kotlin.load.kotlin.FileBasedKotlinClass$2                         : loaded 2 times (x 88B)
Class kotlin.jvm.functions.Function20                                                 : loaded 2 times (x 70B)
Class kotlin.time.DurationUnitKt__DurationUnitKt                                      : loaded 2 times (x 71B)
Class [Lkotlin.reflect.KDeclarationContainer;                                         : loaded 2 times (x 69B)
Class [Lkotlinx.coroutines.CoroutineStart;                                            : loaded 2 times (x 69B)
Class kotlinx.coroutines.CoroutineDispatcher$Key                                      : loaded 2 times (x 72B)
Class kotlin.jvm.internal.Lambda                                                      : loaded 2 times (x 75B)
Class com.google.common.io.CharStreams$NullWriter                                     : loaded 2 times (x 99B)
Class org.jetbrains.kotlin.cli.common.arguments.Freezable                             : loaded 2 times (x 72B)
Class org.objectweb.asm.SymbolTable$Entry                                             : loaded 2 times (x 74B)
Class com.google.gson.internal.JsonReaderInternalAccess                               : loaded 2 times (x 72B)
Class com.amazon.ion.system.IonSystemBuilder$Mutable                                  : loaded 2 times (x 75B)
Class com.amazon.ion.impl.bin.IonManagedBinaryWriter$SymbolResolverBuilder            : loaded 2 times (x 70B)
Class org.jetbrains.kotlin.idea.gradleTooling.KotlinGradleModel                       : loaded 2 times (x 70B)
Class org.jetbrains.plugins.gradle.tooling.serialization.ExternalTestsSerializationService$WriteContext: loaded 2 times (x 72B)
Class jdk.internal.jrtfs.SystemImage                                                  : loaded 2 times (x 74B)
Class org.jetbrains.kotlin.metadata.ProtoBuf$Class                                    : loaded 2 times (x 186B)
Class org.jetbrains.kotlin.metadata.ProtoBuf$Property$1                               : loaded 2 times (x 144B)
Class org.jetbrains.kotlin.metadata.ProtoBuf$Type                                     : loaded 2 times (x 145B)
Class org.jetbrains.kotlin.load.kotlin.FileBasedKotlinClass$3                         : loaded 2 times (x 78B)
Class org.jetbrains.kotlin.load.java.JvmAnnotationNames                               : loaded 2 times (x 71B)
Class com.android.builder.model.v2.ide.Variant                                        : loaded 2 times (x 70B)
Class org.objectweb.asm.Edge                                                          : loaded 2 times (x 72B)
Class com.google.common.base.Suppliers$SupplierOfInstance                             : loaded 2 times (x 79B)
Class com.google.gson.internal.bind.ReflectiveTypeAdapterFactory                      : loaded 2 times (x 75B)
Class com.google.gson.internal.sql.SqlTimestampTypeAdapter                            : loaded 2 times (x 76B)
Class org.jetbrains.kotlin.metadata.jvm.deserialization.JvmNameResolverBase$Companion : loaded 2 times (x 71B)
Class com.amazon.ion.impl._Private_RecyclingStack$Recycler                            : loaded 2 times (x 70B)
Class com.amazon.ion.impl.bin.IonManagedBinaryWriter$LocalSymbolTableView             : loaded 2 times (x 107B)
Class com.amazon.ion.impl.bin.IonRawBinaryWriter$ThrowingRunnable                     : loaded 2 times (x 70B)
Class sync_studio_tooling2498_9bxfzbjpwnftxw7glq88wgtyv$_run_closure1                 : loaded 2 times (x 139B)
Class org.gradle.tooling.model.Model                                                  : loaded 2 times (x 70B)
Class org.jetbrains.kotlin.load.kotlin.FileBasedKotlinClass$4                         : loaded 2 times (x 88B)
Class org.jetbrains.kotlin.metadata.ProtoBuf$MemberKind                               : loaded 2 times (x 82B)
Class kotlin.properties.Delegates                                                     : loaded 2 times (x 71B)
Class org.jetbrains.kotlin.descriptors.DescriptorVisibilities$3                       : loaded 2 times (x 79B)
Class kotlin.collections.AbstractMutableSet                                           : loaded 2 times (x 142B)
Class com.google.devtools.ksp.processing.KSPJvmConfig                                 : loaded 2 times (x 72B)
Class com.android.ide.common.repository.AgpVersion$PreviewKind$WhenMappings           : loaded 2 times (x 71B)
Class com.google.common.cache.LocalCache$ComputingValueReference                      : loaded 2 times (x 96B)
Class com.google.gson.internal.sql.SqlDateTypeAdapter$1                               : loaded 2 times (x 75B)
Class org.jetbrains.kotlin.metadata.jvm.deserialization.ClassMapperLite               : loaded 2 times (x 71B)
Class com.google.common.collect.ImmutableMap$IteratorBasedImmutableMap                : loaded 2 times (x 126B)
Class com.amazon.ion.UnknownSymbolException                                           : loaded 2 times (x 86B)
Class com.android.ide.gradle.model.composites.BuildMap                                : loaded 2 times (x 70B)
Class kotlin.text.MatchResult$Destructured                                            : loaded 2 times (x 72B)
Class org.jetbrains.org.objectweb.asm.tree.LocalVariableNode                          : loaded 2 times (x 73B)
Class org.jetbrains.kotlin.metadata.ProtoBuf$Annotation$Argument                      : loaded 2 times (x 108B)
Class org.jetbrains.kotlin.metadata.ProtoBuf$Class$Kind                               : loaded 2 times (x 82B)
Class org.jetbrains.kotlin.protobuf.GeneratedMessageLite$Builder                      : loaded 2 times (x 128B)
Class org.jetbrains.kotlin.protobuf.WireFormat$FieldType$1                            : loaded 2 times (x 83B)
Class org.jetbrains.kotlin.metadata.jvm.JvmProtoBuf$JvmMethodSignatureOrBuilder       : loaded 2 times (x 70B)
Class org.jetbrains.kotlin.protobuf.ByteString                                        : loaded 2 times (x 108B)
Class org.gradle.api.internal.ClassPathProvider                                       : loaded 2 times (x 70B)
Class kotlin.reflect.KProperty$Getter                                                 : loaded 2 times (x 70B)
Class [Lorg.jetbrains.kotlin.cli.common.messages.CompilerMessageSeverity;             : loaded 2 times (x 69B)
Class com.google.common.collect.AbstractMapBasedMultimap$AsMap$AsMapEntries           : loaded 2 times (x 138B)
Class com.android.builder.model.v2.ide.Library                                        : loaded 2 times (x 70B)
Class com.android.builder.model.v2.ide.ArtifactDependenciesAdjacencyList              : loaded 2 times (x 70B)
Class com.android.builder.model.v2.models.Versions                                    : loaded 2 times (x 70B)
Class com.google.common.cache.LocalCache$Segment                                      : loaded 2 times (x 154B)
Class org.jetbrains.plugins.gradle.model.IntelliJProjectSettings                      : loaded 2 times (x 70B)
Class org.gradle.tooling.internal.adapter.ProtocolToModelAdapter$MethodInvocationCache: loaded 2 times (x 73B)
Class org.jetbrains.kotlin.metadata.ProtoBuf$TypeParameter                            : loaded 2 times (x 130B)
Class org.jetbrains.kotlin.metadata.ProtoBuf$ValueParameter$1                         : loaded 2 times (x 144B)
Class [Lorg.jetbrains.kotlin.protobuf.WireFormat$FieldType;                           : loaded 2 times (x 69B)
Class org.jetbrains.kotlin.protobuf.WireFormat$FieldType$2                            : loaded 2 times (x 83B)
Class [Lorg.gradle.api.internal.ClassPathProvider;                                    : loaded 2 times (x 69B)
Class kotlin.time.DurationJvmKt                                                       : loaded 2 times (x 71B)
Class kotlin.SafePublicationLazyImpl                                                  : loaded 2 times (x 76B)
Class com.android.builder.model.v2.models.ndk.NativeModule                            : loaded 2 times (x 70B)
Class com.google.common.collect.AbstractListMultimap                                  : loaded 2 times (x 172B)
Class [Lorg.objectweb.asm.SymbolTable$Entry;                                          : loaded 2 times (x 69B)
Class com.google.common.cache.CacheLoader                                             : loaded 2 times (x 74B)
Class com.google.gson.internal.bind.ReflectiveTypeAdapterFactory$Adapter              : loaded 2 times (x 77B)
Class com.google.gson.internal.bind.TypeAdapters$10                                   : loaded 2 times (x 75B)
Class org.gradle.tooling.ToolingModelContract                                         : loaded 2 times (x 70B)
Class com.google.common.collect.ImmutableBiMap                                        : loaded 2 times (x 143B)
Class org.jetbrains.plugins.gradle.model.ExternalDependency                           : loaded 2 times (x 70B)
Class com.intellij.util.containers.IntObjectHashMap                                   : loaded 2 times (x 72B)
Class com.google.common.collect.SortedIterable                                        : loaded 2 times (x 70B)
Class org.gradle.api.internal.classpath.ModuleRegistry                                : loaded 2 times (x 70B)
Class org.gradle.internal.installation.GradleInstallation$1                           : loaded 2 times (x 75B)
Class org.jetbrains.kotlin.protobuf.WireFormat$FieldType$3                            : loaded 2 times (x 83B)
Class kotlin.text.MatchResult                                                         : loaded 2 times (x 70B)
Class com.google.common.collect.NaturalOrdering                                       : loaded 2 times (x 115B)
Class kotlin.jvm.internal.DoubleCompanionObject                                       : loaded 2 times (x 71B)
Class com.google.devtools.ksp.processing.KSPLogger                                    : loaded 2 times (x 70B)
Class com.google.common.base.Splitter$SplittingIterator                               : loaded 2 times (x 84B)
Class org.apache.commons.io.output.NullWriter                                         : loaded 2 times (x 99B)
Class com.google.common.collect.ImmutableSet$JdkBackedSetBuilderImpl                  : loaded 2 times (x 76B)
Class com.google.common.util.concurrent.internal.InternalFutureFailureAccess          : loaded 2 times (x 72B)
Class com.google.gson.internal.bind.TypeAdapters$11                                   : loaded 2 times (x 75B)
Class [Lcom.google.gson.FieldNamingPolicy;                                            : loaded 2 times (x 69B)
Class com.amazon.ion.SymbolToken                                                      : loaded 2 times (x 70B)
Class com.android.ide.common.repository.AgpVersion$PreviewKind$Companion              : loaded 2 times (x 71B)
Class com.amazon.ion.impl.bin.IonManagedBinaryWriter$SymbolState$1                    : loaded 2 times (x 80B)
Class com.amazon.ion.impl.LocalSymbolTableAsStruct$Factory                            : loaded 2 times (x 79B)
Class [Lcom.amazon.ion.IonType;                                                       : loaded 2 times (x 69B)
Class org.jetbrains.plugins.gradle.model.VersionCatalogsModel                         : loaded 2 times (x 70B)
Class com.intellij.gradle.toolingExtension.impl.model.sourceSetDependencyModel.GradleSourceSetDependencySerialisationService$SourceSetDependencyModelReadContext: loaded 2 times (x 72B)
Class com.intellij.gradle.toolingExtension.impl.model.dependencyModel.DependencyReadContext: loaded 2 times (x 72B)
Class org.gradle.tooling.internal.adapter.ObjectGraphAdapter                          : loaded 2 times (x 70B)
Class org.jetbrains.kotlin.descriptors.Visibilities$Internal                          : loaded 2 times (x 79B)
Class org.jetbrains.kotlin.metadata.ProtoBuf$VersionRequirement$Level                 : loaded 2 times (x 82B)
Class org.jetbrains.kotlin.metadata.ProtoBuf$VersionRequirementOrBuilder              : loaded 2 times (x 70B)
Class [Lorg.jetbrains.kotlin.metadata.ProtoBuf$Annotation$Argument$Value$Type;        : loaded 2 times (x 69B)
Class org.jetbrains.kotlin.metadata.ProtoBuf$Contract$1                               : loaded 2 times (x 144B)
Class org.jetbrains.kotlin.metadata.ProtoBuf$Type$1                                   : loaded 2 times (x 144B)
Class org.jetbrains.kotlin.protobuf.WireFormat$FieldType$4                            : loaded 2 times (x 83B)
Class org.jetbrains.kotlin.metadata.jvm.JvmProtoBuf$JvmMethodSignature$1              : loaded 2 times (x 144B)
Class org.jetbrains.kotlin.load.kotlin.FileBasedKotlinClass$3$1                       : loaded 2 times (x 78B)
Class org.jetbrains.kotlin.name.FqNameUnsafe                                          : loaded 2 times (x 72B)
Class kotlin.time.Duration$Companion                                                  : loaded 2 times (x 71B)
Class com.amazon.ion.impl.bin.IonRawBinaryWriter                                      : loaded 2 times (x 169B)
Class kotlinx.coroutines.Job$Key                                                      : loaded 2 times (x 71B)
Class [Lorg.jetbrains.org.objectweb.asm.Type;                                         : loaded 2 times (x 69B)
Class com.google.common.collect.ImmutableMultimap$Values                              : loaded 2 times (x 126B)
Class com.android.builder.model.v2.ide.Installation                                   : loaded 2 times (x 70B)
Class com.google.common.cache.LocalCache$LocalManualCache$1                           : loaded 2 times (x 75B)
Class com.amazon.ion.impl.SharedSymbolTable                                           : loaded 2 times (x 93B)
Class com.google.gson.internal.bind.TypeAdapters$12                                   : loaded 2 times (x 75B)
Class [Lcom.google.gson.ToNumberStrategy;                                             : loaded 2 times (x 69B)
Class org.jetbrains.plugins.gradle.model.ProjectImportModelProvider                   : loaded 2 times (x 70B)
Class org.jetbrains.plugins.gradle.model.ExternalSourceSet                            : loaded 2 times (x 70B)
Class com.amazon.ion.impl.bin.IonManagedBinaryWriter$SymbolState$2                    : loaded 2 times (x 80B)
Class com.amazon.ion.IonNull                                                          : loaded 2 times (x 70B)
Class com.intellij.gradle.toolingExtension.impl.model.warmUp.GradleTaskWarmUpRequest  : loaded 2 times (x 70B)
Class com.google.common.collect.ImmutableSortedAsList                                 : loaded 2 times (x 221B)
Class kotlin.text.RegexKt                                                             : loaded 2 times (x 71B)
Class org.jetbrains.kotlin.metadata.ProtoBuf$Expression                               : loaded 2 times (x 120B)
Class com.amazon.ion.impl._Private_RecyclingStack$$Iterator                           : loaded 2 times (x 99B)
Class com.google.gson.FieldNamingStrategy                                             : loaded 2 times (x 70B)
Class com.google.gson.JsonArray                                                       : loaded 2 times (x 100B)
Class ijJvmDebugger1_2vo8nnuqe8yg4l9ak5kr516ns                                        : loaded 2 times (x 171B)
Class com.android.builder.model.v2.models.ModelBuilderParameter                       : loaded 2 times (x 70B)
Class com.google.common.collect.Sets$2                                                : loaded 2 times (x 139B)
Class com.google.gson.internal.bind.TypeAdapters$13                                   : loaded 2 times (x 75B)
Class com.android.builder.model.v2.models.BasicAndroidProject                         : loaded 2 times (x 70B)
Class com.amazon.ion.impl.bin.IonRawBinaryWriter$ContainerInfo                        : loaded 2 times (x 74B)
Class com.amazon.ion.impl.bin.IonManagedBinaryWriter$SymbolState$3                    : loaded 2 times (x 80B)
Class com.amazon.ion.impl.bin.IonRawBinaryWriter$StreamFlushMode                      : loaded 2 times (x 79B)
Class com.amazon.ion.IonBinaryWriter                                                  : loaded 2 times (x 70B)
Class com.intellij.gradle.toolingExtension.impl.model.sourceSetArtifactIndex.GradleSourceSetArtifactBuildRequest: loaded 2 times (x 70B)
Class com.google.common.collect.Lists$TransformingRandomAccessList                    : loaded 2 times (x 199B)
Class org.gradle.api.internal.classpath.DefaultModuleRegistry                         : loaded 2 times (x 86B)
Class org.jetbrains.kotlin.metadata.ProtoBuf$Annotation$Argument$1                    : loaded 2 times (x 144B)
Class com.google.common.collect.Maps$ViewCachingAbstractMap                           : loaded 2 times (x 125B)
Class org.jetbrains.kotlin.metadata.deserialization.Flags$BooleanFlagField            : loaded 2 times (x 76B)
Class com.google.common.collect.MapMakerInternalMap$Strength$1                        : loaded 2 times (x 80B)
Class org.jetbrains.kotlin.metadata.ProtoBuf$Function$1                               : loaded 2 times (x 144B)
Class org.jetbrains.kotlin.metadata.jvm.deserialization.JvmProtoBufUtil               : loaded 2 times (x 71B)
Class org.jetbrains.kotlin.load.kotlin.KotlinJvmBinaryClass$AnnotationVisitor         : loaded 2 times (x 70B)
Class org.apache.commons.io.FilenameUtils                                             : loaded 2 times (x 71B)
Class kotlin.coroutines.ContinuationInterceptor$DefaultImpls                          : loaded 2 times (x 71B)
Class org.jetbrains.kotlin.build.report.metrics.GradleBuildTime$Companion             : loaded 2 times (x 71B)
Class org.jetbrains.kotlin.protobuf.ExtensionRegistryLite                             : loaded 2 times (x 74B)
Class kotlin.KotlinVersionCurrentValue                                                : loaded 2 times (x 71B)
Class kotlin.collections.builders.MapBuilder$Itr                                      : loaded 2 times (x 72B)
Class kotlinx.coroutines.EventLoop                                                    : loaded 2 times (x 105B)
Class kotlin.collections.AbstractSet                                                  : loaded 2 times (x 135B)
Class org.jetbrains.kotlin.metadata.jvm.JvmProtoBuf$JvmFieldSignature                 : loaded 2 times (x 108B)
Class com.google.common.util.concurrent.ListenableFuture                              : loaded 2 times (x 70B)
Class com.google.common.cache.ReferenceEntry                                          : loaded 2 times (x 70B)
Class com.google.gson.internal.bind.NumberTypeAdapter$1                               : loaded 2 times (x 76B)
Class com.google.gson.internal.bind.TypeAdapters$1                                    : loaded 2 times (x 75B)
Class com.google.gson.internal.bind.TypeAdapters$14                                   : loaded 2 times (x 75B)
Class com.google.common.base.Converter                                                : loaded 2 times (x 90B)
Class org.jetbrains.kotlin.metadata.ProtoBuf$Modality                                 : loaded 2 times (x 82B)
Class com.amazon.ion.impl.bin.IonManagedBinaryWriter$SymbolState$4                    : loaded 2 times (x 80B)
Class [Lcom.amazon.ion.util.InputStreamInterceptor;                                   : loaded 2 times (x 69B)
Class org.jetbrains.plugins.gradle.tooling.serialization.internal.IdeaProjectSerializationService$WriteContext$1: loaded 2 times (x 83B)
Class org.jetbrains.plugins.gradle.model.ExternalProject                              : loaded 2 times (x 70B)
Class org.jetbrains.kotlin.com.intellij.openapi.diagnostic.Logger$DefaultFactory      : loaded 2 times (x 74B)
Class org.jetbrains.kotlin.descriptors.DescriptorVisibilities$2                       : loaded 2 times (x 79B)
Class jdk.internal.jimage.BasicImageReader$2                                          : loaded 2 times (x 77B)
Class kotlin.properties.NotNullVar                                                    : loaded 2 times (x 79B)
Class kotlin.jvm.internal.markers.KMutableSet                                         : loaded 2 times (x 70B)
Class [Lcom.android.builder.model.v2.ide.CodeShrinker;                                : loaded 2 times (x 69B)
Class com.google.common.collect.AbstractMapBasedMultimap                              : loaded 2 times (x 139B)
Class com.google.common.util.concurrent.AbstractFuture                                : loaded 2 times (x 106B)
Class com.google.common.base.FunctionalEquivalence                                    : loaded 2 times (x 83B)
Class org.gradle.api.internal.DefaultClassPathProvider                                : loaded 2 times (x 76B)
Class com.google.gson.internal.sql.SqlTypesSupport$1                                  : loaded 2 times (x 74B)
Class com.google.gson.internal.bind.TypeAdapters$2                                    : loaded 2 times (x 75B)
Class com.google.gson.internal.bind.TypeAdapters$15                                   : loaded 2 times (x 75B)
Class com.google.common.collect.ComparatorOrdering                                    : loaded 2 times (x 115B)
Class com.google.common.collect.Iterators$PeekingImpl                                 : loaded 2 times (x 89B)
Class com.amazon.ion.impl.bin.utf8.Pool                                               : loaded 2 times (x 74B)
Class com.amazon.ion.impl._Private_SymtabExtendsCache                                 : loaded 2 times (x 72B)
Class org.jetbrains.plugins.gradle.tooling.serialization.internal.IdeaProjectSerializationService$WriteContext$2: loaded 2 times (x 83B)
Class org.jetbrains.kotlin.descriptors.Visibilities$Private                           : loaded 2 times (x 79B)
Class com.intellij.gradle.toolingExtension.impl.model.buildScriptClasspathModel.GradleBuildScriptClasspathSerializationService$ReadContext: loaded 2 times (x 72B)
Class com.amazon.ion.impl._Private_IonContainer                                       : loaded 2 times (x 70B)
Class kotlin.coroutines.CoroutineContext$Key                                          : loaded 2 times (x 70B)
Class com.google.common.io.CharStreams                                                : loaded 2 times (x 71B)
Class com.google.common.collect.ImmutableMultiset                                     : loaded 2 times (x 163B)
Class org.objectweb.asm.RecordComponentVisitor                                        : loaded 2 times (x 77B)
Class com.google.common.cache.CacheLoader$SupplierToCacheLoader                       : loaded 2 times (x 75B)
Class com.google.gson.internal.sql.SqlTypesSupport$2                                  : loaded 2 times (x 74B)
Class com.google.gson.internal.bind.TypeAdapters$16                                   : loaded 2 times (x 75B)
Class com.google.gson.internal.bind.TypeAdapters$3                                    : loaded 2 times (x 75B)
Class com.amazon.ion.impl._Private_IonSymbol                                          : loaded 2 times (x 70B)
Class com.amazon.ion.impl.lite.IonValueLite                                           : loaded 2 times (x 147B)
Class com.amazon.ion.IonContainer                                                     : loaded 2 times (x 70B)
Class com.amazon.ion.impl.bin.PooledBlockAllocatorProvider                            : loaded 2 times (x 73B)
Class org.jetbrains.plugins.gradle.tooling.serialization.AnnotationProcessingModelSerializationService$ReadContext: loaded 2 times (x 72B)
Class org.jetbrains.plugins.gradle.tooling.serialization.internal.IdeaProjectSerializationService$WriteContext$3: loaded 2 times (x 83B)
Class gnu.trove.TObjectHash$NULL                                                      : loaded 2 times (x 71B)
Class org.gradle.util.internal.DefaultGradleVersion$Stage                             : loaded 2 times (x 75B)
Class org.jetbrains.kotlin.metadata.ProtoBuf$VersionRequirement$VersionKind$1         : loaded 2 times (x 74B)
Class org.jetbrains.kotlin.metadata.ProtoBuf$Annotation$1                             : loaded 2 times (x 144B)
Class org.jetbrains.kotlin.protobuf.AbstractParser                                    : loaded 2 times (x 144B)
Class com.amazon.ion.impl._Private_RecyclingQueue$ElementFactory                      : loaded 2 times (x 70B)
Class com.google.gson.FieldNamingPolicy                                               : loaded 2 times (x 83B)
Class com.google.gson.FormattingStyle                                                 : loaded 2 times (x 78B)
Class jdk.internal.jimage.ImageReader$Resource                                        : loaded 2 times (x 84B)
Class com.google.gson.internal.bind.TypeAdapters                                      : loaded 2 times (x 71B)
Class com.android.ide.common.gradle.Numeric                                           : loaded 2 times (x 77B)
Class kotlinx.coroutines.ChildJob                                                     : loaded 2 times (x 70B)
Class kotlinx.coroutines.scheduling.TasksKt                                           : loaded 2 times (x 71B)
Class kotlinx.coroutines.internal.SystemPropsKt__SystemPropsKt                        : loaded 2 times (x 71B)
Class org.jetbrains.kotlin.cli.common.CompilerSystemProperties$value$1                : loaded 2 times (x 125B)
Class com.google.gson.internal.bind.TypeAdapters$17                                   : loaded 2 times (x 75B)
Class com.google.gson.internal.bind.TypeAdapters$4                                    : loaded 2 times (x 75B)
Class com.google.common.collect.Maps$EntryTransformer                                 : loaded 2 times (x 70B)
Class org.jetbrains.kotlin.idea.gradleTooling.AndroidAwareGradleModelProvider         : loaded 2 times (x 79B)
Class org.jetbrains.plugins.gradle.tooling.serialization.internal.IdeaProjectSerializationService$WriteContext$4: loaded 2 times (x 83B)
Class com.intellij.gradle.toolingExtension.impl.model.sourceSetDependencyModel.GradleSourceSetDependencySerialisationService$Companion: loaded 2 times (x 71B)
Class com.google.common.collect.UsingToStringOrdering                                 : loaded 2 times (x 114B)
Class kotlin.text.MatchNamedGroupCollection                                           : loaded 2 times (x 70B)
Class org.gradle.internal.time.MonotonicClock                                         : loaded 2 times (x 77B)
Class org.gradle.internal.service.ServiceLookupException                              : loaded 2 times (x 82B)
Class org.jetbrains.kotlin.metadata.ProtoBuf$Expression$ConstantValue                 : loaded 2 times (x 82B)
Class org.jetbrains.kotlin.com.intellij.openapi.diagnostic.LogLevel                   : loaded 2 times (x 79B)
Class [Lorg.jetbrains.kotlin.protobuf.Internal$EnumLite;                              : loaded 2 times (x 69B)
Class jdk.internal.jrtfs.JrtFileAttributes                                            : loaded 2 times (x 83B)
Class [Lkotlin.sequences.Sequence;                                                    : loaded 2 times (x 69B)
Class kotlin.jvm.internal.MutablePropertyReference1Impl                               : loaded 2 times (x 137B)
Class kotlinx.coroutines.ChildHandleNode                                              : loaded 2 times (x 94B)
Class kotlinx.coroutines.scheduling.SchedulerCoroutineDispatcher                      : loaded 2 times (x 108B)
Class [Lorg.jetbrains.kotlin.tooling.core.KotlinToolingVersion$Maturity;              : loaded 2 times (x 69B)
Class com.google.gson.annotations.JsonAdapter                                         : loaded 2 times (x 70B)
Class com.google.common.collect.Lists$ReverseList                                     : loaded 2 times (x 200B)
Class org.objectweb.asm.AnnotationVisitor                                             : loaded 2 times (x 78B)
Class com.google.gson.internal.bind.SerializationDelegatingTypeAdapter                : loaded 2 times (x 74B)
Class com.google.gson.internal.bind.TypeAdapters$18                                   : loaded 2 times (x 75B)
Class com.google.gson.internal.bind.TypeAdapters$5                                    : loaded 2 times (x 75B)
Class com.amazon.ion.BufferConfiguration$Builder                                      : loaded 2 times (x 78B)
Class com.intellij.gradle.toolingExtension.util.GradleVersionSpecificsUtil            : loaded 2 times (x 71B)
Class org.jetbrains.plugins.gradle.tooling.serialization.internal.IdeaProjectSerializationService$WriteContext$5: loaded 2 times (x 83B)
Class com.intellij.gradle.toolingExtension.impl.model.sourceSetDependencyModel.GradleSourceSetDependencySerialisationService$SourceSetDependencyModelWriteContext: loaded 2 times (x 72B)
Class kotlin.sequences.SequencesKt___SequencesKt$sortedWith$1                         : loaded 2 times (x 75B)
Class com.google.common.collect.ImmutableSortedSet                                    : loaded 2 times (x 300B)
Class org.gradle.internal.classloader.ClassLoaderFactory                              : loaded 2 times (x 70B)
Class org.apache.commons.io.function.IOBiFunction                                     : loaded 2 times (x 70B)
Class com.google.common.collect.ImmutableMap$SerializedForm                           : loaded 2 times (x 73B)
Class com.android.builder.model.v2.ide.LibraryInfo                                    : loaded 2 times (x 70B)
Class org.apache.commons.io.CloseableURLConnection                                    : loaded 2 times (x 116B)
Class com.google.common.base.CommonPattern                                            : loaded 2 times (x 74B)
Class com.google.common.cache.LocalCache$LocalManualCache                             : loaded 2 times (x 99B)
Class com.google.common.collect.Sets$1                                                : loaded 2 times (x 139B)
Class com.google.gson.internal.bind.ReflectiveTypeAdapterFactory$FieldReflectionAdapter: loaded 2 times (x 77B)
Class com.google.gson.internal.bind.TypeAdapters$19                                   : loaded 2 times (x 75B)
Class com.google.gson.internal.bind.TypeAdapters$6                                    : loaded 2 times (x 75B)
Class com.amazon.ion.impl.bin.IntList                                                 : loaded 2 times (x 77B)
Class com.amazon.ion.impl._Private_RecyclingQueue$ElementIterator                     : loaded 2 times (x 82B)
Class com.amazon.ion.impl.lite._Private_LiteDomTrampoline                             : loaded 2 times (x 71B)
Class com.amazon.ion.IonType                                                          : loaded 2 times (x 79B)
Class org.jetbrains.plugins.gradle.tooling.serialization.internal.IdeaProjectSerializationService$WriteContext$6: loaded 2 times (x 83B)
Class org.jetbrains.plugins.gradle.tooling.util.IntObjectMap                          : loaded 2 times (x 73B)
Class org.gradle.internal.service.CachingServiceLocator                               : loaded 2 times (x 82B)
Class org.jetbrains.kotlin.descriptors.Visibilities$Public                            : loaded 2 times (x 79B)
Class com.google.common.base.Splitter                                                 : loaded 2 times (x 72B)
Class org.jetbrains.kotlin.protobuf.ExtensionRegistryLite$ObjectIntPair               : loaded 2 times (x 72B)
Class org.jetbrains.kotlin.metadata.ProtoBuf$Class$1                                  : loaded 2 times (x 144B)
Class org.jetbrains.kotlin.load.kotlin.header.ReadKotlinClassHeaderAnnotationVisitor$KotlinMetadataArgumentVisitor$1: loaded 2 times (x 85B)
Class kotlin.collections.AbstractMap                                                  : loaded 2 times (x 122B)
Class kotlin.collections.AbstractList$IteratorImpl                                    : loaded 2 times (x 82B)
Class org.jetbrains.kotlin.tooling.core.KotlinToolingVersionKt                        : loaded 2 times (x 71B)
Class com.google.common.collect.Streams                                               : loaded 2 times (x 71B)
Class com.google.gson.annotations.SerializedName                                      : loaded 2 times (x 70B)
Class com.google.common.collect.AbstractMapBasedMultimap$KeySet                       : loaded 2 times (x 137B)
Class com.google.common.math.IntMath                                                  : loaded 2 times (x 71B)
Class com.google.gson.internal.bind.TypeAdapters$7                                    : loaded 2 times (x 75B)
Class com.amazon.ion.impl.lite.ValueFactoryLite                                       : loaded 2 times (x 218B)
Class org.jetbrains.plugins.gradle.model.RepositoryModels                             : loaded 2 times (x 70B)
Class org.jetbrains.plugins.gradle.tooling.serialization.internal.IdeaProjectSerializationService$WriteContext$7: loaded 2 times (x 83B)
Class kotlin.jvm.internal.Intrinsics$Kotlin                                           : loaded 2 times (x 71B)
Class com.google.common.collect.RegularImmutableSortedSet                             : loaded 2 times (x 300B)
Class kotlin.collections.AbstractList$SubList                                         : loaded 2 times (x 198B)
Class org.jetbrains.kotlin.metadata.ProtoBuf$VersionRequirement$1                     : loaded 2 times (x 144B)
Class org.jetbrains.org.objectweb.asm.tree.AnnotationNode                             : loaded 2 times (x 80B)
Class org.jetbrains.kotlin.metadata.jvm.JvmProtoBuf$StringTableTypes$Record$1         : loaded 2 times (x 144B)
Class org.jetbrains.kotlin.load.kotlin.header.ReadKotlinClassHeaderAnnotationVisitor$KotlinMetadataArgumentVisitor$2: loaded 2 times (x 85B)
Class org.jetbrains.kotlin.build.report.metrics.BuildTime                             : loaded 2 times (x 70B)
Class kotlin.properties.ReadOnlyProperty                                              : loaded 2 times (x 70B)
Class kotlin.jvm.internal.markers.KMutableMap                                         : loaded 2 times (x 70B)
Class kotlinx.coroutines.BlockingEventLoop                                            : loaded 2 times (x 117B)
Class kotlin.coroutines.AbstractCoroutineContextElement                               : loaded 2 times (x 89B)
Class kotlinx.coroutines.ThreadLocalEventLoop                                         : loaded 2 times (x 71B)
Class com.google.common.collect.Iterators$EmptyModifiableIterator                     : loaded 2 times (x 86B)
Class org.apache.commons.io.file.Counters$AbstractPathCounters                        : loaded 2 times (x 82B)
Class com.google.common.collect.MapMakerInternalMap$InternalEntry                     : loaded 2 times (x 70B)
Class com.google.gson.internal.bind.CollectionTypeAdapterFactory$Adapter              : loaded 2 times (x 74B)
Class com.google.gson.internal.bind.TypeAdapters$8                                    : loaded 2 times (x 75B)
Class com.google.common.collect.ImmutableMapEntry                                     : loaded 2 times (x 85B)
Class com.amazon.ion.impl.bin.WriteBuffer                                             : loaded 2 times (x 78B)
Class com.amazon.ion.impl.bin.IonManagedBinaryWriter                                  : loaded 2 times (x 166B)
Class org.jetbrains.plugins.gradle.tooling.serialization.internal.IdeaProjectSerializationService$WriteContext$8: loaded 2 times (x 83B)
Class gnu.trove.TObjectIntProcedure                                                   : loaded 2 times (x 70B)
Class [Lorg.gradle.api.JavaVersion;                                                   : loaded 2 times (x 69B)
Class org.gradle.tooling.model.idea.IdeaDependencyScope                               : loaded 2 times (x 70B)
Class org.gradle.internal.time.TimeSource                                             : loaded 2 times (x 70B)
Class org.gradle.tooling.model.kotlin.dsl.KotlinDslScriptsModel                       : loaded 2 times (x 70B)
Class org.jetbrains.kotlin.descriptors.CallableMemberDescriptor$Kind                  : loaded 2 times (x 79B)
Class org.jetbrains.kotlin.metadata.ProtoBuf$TypeParameterOrBuilder                   : loaded 2 times (x 70B)
Class org.jetbrains.kotlin.metadata.ProtoBuf$Property                                 : loaded 2 times (x 172B)
Class com.google.common.collect.ImmutableSet$SerializedForm                           : loaded 2 times (x 73B)
Class org.jetbrains.kotlin.name.FqName                                                : loaded 2 times (x 72B)
Class kotlinx.coroutines.EventLoop_commonKt                                           : loaded 2 times (x 71B)
Class org.jetbrains.kotlin.build.report.metrics.DoNothingBuildMetricsReporter         : loaded 2 times (x 86B)
Class kotlinx.coroutines.CompletionStateKt                                            : loaded 2 times (x 71B)
Class com.google.common.collect.ImmutableMultimap                                     : loaded 2 times (x 147B)
Class com.android.builder.model.v2.ide.TestInfo                                       : loaded 2 times (x 70B)
Class com.google.common.base.Equivalence                                              : loaded 2 times (x 82B)
Class com.google.gson.internal.bind.TypeAdapters$9                                    : loaded 2 times (x 75B)
Class kotlin.jvm.internal.AdaptedFunctionReference                                    : loaded 2 times (x 77B)
Class com.google.common.collect.ImmutableMapEntry$NonTerminalImmutableMapEntry        : loaded 2 times (x 85B)
Class com.amazon.ion.impl.lite.IonBlobLite                                            : loaded 2 times (x 219B)
Class com.amazon.ion.impl.LocalSymbolTable                                            : loaded 2 times (x 121B)
Class org.jetbrains.plugins.gradle.tooling.serialization.SerializationService         : loaded 2 times (x 70B)
Class org.gradle.tooling.internal.gradle.GradleBuildIdentity                          : loaded 2 times (x 70B)
Class org.jetbrains.kotlin.metadata.jvm.deserialization.UtfEncodingKt                 : loaded 2 times (x 71B)
Class org.jetbrains.kotlin.metadata.jvm.JvmProtoBuf$JvmFieldSignature$1               : loaded 2 times (x 144B)
Class org.jetbrains.kotlin.metadata.ProtoBuf$TypeTable                                : loaded 2 times (x 109B)
Class org.jetbrains.kotlin.metadata.jvm.JvmProtoBuf$JvmMethodSignature                : loaded 2 times (x 108B)
Class org.jetbrains.kotlin.protobuf.MessageLiteOrBuilder                              : loaded 2 times (x 70B)
Class org.jetbrains.kotlin.load.kotlin.header.ReadKotlinClassHeaderAnnotationVisitor$KotlinMetadataArgumentVisitor: loaded 2 times (x 86B)
Class org.jetbrains.kotlin.name.ClassId$Companion                                     : loaded 2 times (x 71B)
Class kotlin.jvm.internal.markers.KMutableListIterator                                : loaded 2 times (x 70B)
Class kotlinx.coroutines.CoroutineDispatcher                                          : loaded 2 times (x 99B)
Class com.google.common.collect.IndexedImmutableSet$1                                 : loaded 2 times (x 213B)
Class [Lorg.jetbrains.kotlin.cli.common.CompilerSystemProperties;                     : loaded 2 times (x 69B)
Class com.android.builder.model.v2.ide.JavaCompileOptions                             : loaded 2 times (x 70B)
Class org.apache.commons.io.output.AbstractByteArrayOutputStream                      : loaded 2 times (x 102B)
Class com.google.common.cache.CacheBuilder$OneWeigher                                 : loaded 2 times (x 82B)
Class com.google.gson.JsonParseException                                              : loaded 2 times (x 82B)
Class kotlin.reflect.KProperty$Accessor                                               : loaded 2 times (x 70B)
Class com.amazon.ion.IonList                                                          : loaded 2 times (x 70B)
Class org.jetbrains.plugins.gradle.tooling.serialization.internal.adapter.Supplier    : loaded 2 times (x 70B)
Class org.gradle.tooling.internal.adapter.ProtocolToModelAdapter$MixInMappingAction   : loaded 2 times (x 80B)
Class org.gradle.internal.exceptions.ResolutionProvider                               : loaded 2 times (x 70B)
Class org.jetbrains.kotlin.com.intellij.openapi.diagnostic.Logger$Factory             : loaded 2 times (x 70B)
Class org.jetbrains.kotlin.metadata.ProtoBuf$AnnotationOrBuilder                      : loaded 2 times (x 70B)
Class org.jetbrains.kotlin.protobuf.WireFormat$FieldType                              : loaded 2 times (x 83B)
Class org.jetbrains.kotlin.load.kotlin.FileBasedKotlinClass                           : loaded 2 times (x 88B)
Class kotlin.jvm.internal.ArrayIteratorKt                                             : loaded 2 times (x 71B)
Class org.jetbrains.kotlin.protobuf.CodedOutputStream$ByteBufferOutputStream          : loaded 2 times (x 86B)
Class com.amazon.ion.IonSystem                                                        : loaded 2 times (x 70B)
Class com.amazon.ion.impl.bin.IonManagedBinaryWriter$ImportedSymbolContext            : loaded 2 times (x 72B)
Class kotlin.text.MatchResult$DefaultImpls                                            : loaded 2 times (x 71B)
Class org.gradle.tooling.model.idea.IdeaCompilerOutput                                : loaded 2 times (x 70B)
Class org.gradle.tooling.model.ProjectIdentifier                                      : loaded 2 times (x 70B)
Class org.gradle.internal.classloader.ClasspathUtil                                   : loaded 2 times (x 71B)
Class org.jetbrains.kotlin.metadata.ProtoBuf$TypeAlias                                : loaded 2 times (x 140B)
Class org.jetbrains.kotlin.metadata.jvm.deserialization.JvmMemberSignature            : loaded 2 times (x 74B)
Class [Lorg.jetbrains.kotlin.metadata.ProtoBuf$TypeParameter$Variance;                : loaded 2 times (x 69B)
Class org.jetbrains.kotlin.metadata.ProtoBuf$Constructor                              : loaded 2 times (x 130B)
Class org.jetbrains.kotlin.load.kotlin.header.KotlinClassHeader$Kind                  : loaded 2 times (x 79B)
Class org.jetbrains.kotlin.load.kotlin.KotlinJvmBinaryClass$AnnotationArgumentVisitor : loaded 2 times (x 70B)
Class org.jetbrains.kotlin.descriptors.DescriptorVisibilities$1                       : loaded 2 times (x 79B)
Class kotlin.jvm.internal.PropertyReference0                                          : loaded 2 times (x 127B)
Class kotlin.sequences.EmptySequence                                                  : loaded 2 times (x 78B)
Class kotlin.collections.builders.SetBuilder                                          : loaded 2 times (x 143B)
Class kotlinx.coroutines.NonDisposableHandle                                          : loaded 2 times (x 78B)
Class com.android.builder.model.v2.ide.ComponentInfo                                  : loaded 2 times (x 70B)
Class com.google.common.util.concurrent.Uninterruptibles                              : loaded 2 times (x 71B)
Class org.jetbrains.kotlin.tooling.core.HasExtras                                     : loaded 2 times (x 70B)
Class com.android.builder.model.v2.ide.ProjectType                                    : loaded 2 times (x 79B)
Class com.intellij.gradle.toolingExtension.impl.model.sourceSetModel.GradleSourceSetSerialisationService: loaded 2 times (x 77B)
Class com.google.common.collect.ComparisonChain                                       : loaded 2 times (x 80B)
Class org.jetbrains.kotlin.resolve.scopes.receivers.ReceiverValue                     : loaded 2 times (x 70B)
Class org.jetbrains.kotlin.util.ModuleVisibilityHelper                                : loaded 2 times (x 70B)
Class org.jetbrains.kotlin.metadata.jvm.JvmProtoBuf$JvmMethodSignature$Builder        : loaded 2 times (x 134B)
Class org.jetbrains.kotlin.metadata.ProtoBuf$VersionRequirementTableOrBuilder         : loaded 2 times (x 70B)
Class org.jetbrains.kotlin.metadata.jvm.JvmProtoBuf$JvmFieldSignatureOrBuilder        : loaded 2 times (x 70B)
Class kotlin.sequences.DistinctSequence                                               : loaded 2 times (x 75B)
Class kotlin.jvm.internal.PropertyReference1                                          : loaded 2 times (x 127B)
Class ijJvmDebugger1_2vo8nnuqe8yg4l9ak5kr516ns$_run_closure1                          : loaded 2 times (x 139B)
Class com.android.builder.model.v2.dsl.BaseConfig                                     : loaded 2 times (x 70B)
Class com.google.common.util.concurrent.LazyLogger                                    : loaded 2 times (x 72B)
Class com.google.common.collect.Maps                                                  : loaded 2 times (x 71B)
Class com.amazon.ion.impl.lite.IonIntLite                                             : loaded 2 times (x 189B)
Class com.amazon.ion.impl._Private_IonReaderBuilder$TwoElementInputStream             : loaded 2 times (x 92B)
Class com.amazon.ion.util._Private_FastAppendable                                     : loaded 2 times (x 70B)
Class [Lcom.amazon.ion.impl.bin.IonRawBinaryWriter$PreallocationMode;                 : loaded 2 times (x 69B)
Class org.gradle.internal.time.TimeSource$1                                           : loaded 2 times (x 77B)
Class kotlin.jvm.internal.DefaultConstructorMarker                                    : loaded 2 times (x 71B)
Class org.gradle.api.specs.Spec                                                       : loaded 2 times (x 70B)
Class org.jetbrains.kotlin.descriptors.DelegatedDescriptorVisibility                  : loaded 2 times (x 79B)
Class org.jetbrains.kotlin.load.kotlin.header.KotlinClassHeader                       : loaded 2 times (x 72B)
Class org.jetbrains.kotlin.name.Name                                                  : loaded 2 times (x 75B)
Class jdk.internal.jimage.ImageReader$SharedImageReader$LocationVisitor               : loaded 2 times (x 70B)
Class kotlin.jvm.internal.MutablePropertyReference                                    : loaded 2 times (x 119B)
Class kotlin.UnsafeLazyImpl                                                           : loaded 2 times (x 76B)
Class kotlin.LazyKt__LazyJVMKt$WhenMappings                                           : loaded 2 times (x 71B)
Class com.google.common.collect.MapMaker                                              : loaded 2 times (x 72B)
Class org.apache.commons.io.file.PathFilter                                           : loaded 2 times (x 70B)
Class com.google.gson.internal.sql.SqlDateTypeAdapter                                 : loaded 2 times (x 74B)
Class [Lcom.google.common.collect.ImmutableEntry;                                     : loaded 2 times (x 69B)
Class com.amazon.ion.impl.lite.IonSexpLite                                            : loaded 2 times (x 490B)
Class com.amazon.ion.impl.lite.IonListLite                                            : loaded 2 times (x 490B)
Class com.amazon.ion.IonFloat                                                         : loaded 2 times (x 70B)
Class org.gradle.tooling.internal.gradle.DefaultProjectIdentifier                     : loaded 2 times (x 86B)
Class org.jetbrains.kotlin.metadata.deserialization.Flags                             : loaded 2 times (x 71B)
Class org.jetbrains.kotlin.metadata.ProtoBuf$TypeTable$1                              : loaded 2 times (x 144B)
Class kotlin.jvm.internal.ArrayIterator                                               : loaded 2 times (x 79B)
Class kotlin.LazyThreadSafetyMode                                                     : loaded 2 times (x 79B)
Class kotlinx.coroutines.CoroutineContextKt                                           : loaded 2 times (x 71B)
Class ijKotlinCoroutineJvmDebugInit1_304z3prfvr8kmkv6gmy1lljlt$_run_closure1$_closure2: loaded 2 times (x 139B)
Class com.google.common.cache.LocalCache$LoadingValueReference                        : loaded 2 times (x 96B)
Class com.amazon.ion.impl.LocalSymbolTable$Factory                                    : loaded 2 times (x 77B)
Class com.amazon.ion.impl.bin.IonManagedBinaryWriter$ImportedSymbolResolverMode       : loaded 2 times (x 80B)
Class com.intellij.gradle.toolingExtension.impl.model.buildScriptClasspathModel.GradleBuildScriptClasspathSerializationService: loaded 2 times (x 77B)
Class com.google.common.collect.ImmutableRangeSet                                     : loaded 2 times (x 115B)
Class org.jetbrains.kotlin.metadata.ProtoBuf$Function                                 : loaded 2 times (x 161B)
Class com.amazon.ion.IonWriter                                                        : loaded 2 times (x 70B)
Class com.amazon.ion.impl.bin._Private_IonRawWriter                                   : loaded 2 times (x 70B)
Class com.amazon.ion.impl.bin.IonRawBinaryWriter$PreallocationMode                    : loaded 2 times (x 82B)
Class kotlin.jvm.internal.SpreadBuilder                                               : loaded 2 times (x 76B)
Class kotlinx.coroutines.internal.DispatchedContinuation                              : loaded 2 times (x 90B)
Class kotlinx.coroutines.internal.Symbol                                              : loaded 2 times (x 72B)
Class com.google.common.io.LineReader$1                                               : loaded 2 times (x 75B)
Class com.google.common.collect.CollectSpliterators                                   : loaded 2 times (x 71B)
Class com.google.common.collect.AbstractMapBasedMultimap$AsMap                        : loaded 2 times (x 128B)
Class com.google.common.collect.MapMakerInternalMap$StrongKeyDummyValueEntry          : loaded 2 times (x 82B)
Class com.google.common.base.Platform                                                 : loaded 2 times (x 71B)
Class com.google.gson.internal.bind.ReflectiveTypeAdapterFactory$RecordAdapter        : loaded 2 times (x 77B)
Class com.amazon.ion.impl.LocalSymbolTableAsStruct                                    : loaded 2 times (x 126B)
Class com.amazon.ion.impl.lite.IonTimestampLite                                       : loaded 2 times (x 192B)
Class org.jetbrains.plugins.gradle.model.FileCollectionDependency                     : loaded 2 times (x 70B)
Class com.intellij.gradle.toolingExtension.impl.model.utilDummyModel.DummyModel       : loaded 2 times (x 70B)
Class org.gradle.internal.time.Clock                                                  : loaded 2 times (x 70B)
Class org.jetbrains.kotlin.metadata.ProtoBuf$Effect$InvocationKind                    : loaded 2 times (x 82B)
Class org.jetbrains.kotlin.metadata.ProtoBuf$VersionRequirementTable                  : loaded 2 times (x 107B)
Class org.jetbrains.kotlin.protobuf.LazyField                                         : loaded 2 times (x 83B)
Class org.jetbrains.kotlin.load.kotlin.header.ReadKotlinClassHeaderAnnotationVisitor  : loaded 2 times (x 80B)
Class com.amazon.ion.util.InputStreamInterceptor                                      : loaded 2 times (x 70B)
Class com.amazon.ion.impl.lite.IonSystemLite                                          : loaded 2 times (x 275B)
Class com.google.common.collect.ImmutableEnumMap                                      : loaded 2 times (x 126B)
Class com.google.common.collect.ListMultimap                                          : loaded 2 times (x 70B)
Class kotlin.jvm.internal.CharCompanionObject                                         : loaded 2 times (x 71B)
Class org.apache.commons.io.output.StringBuilderWriter                                : loaded 2 times (x 100B)
Class [Lorg.apache.commons.io.StandardLineSeparator;                                  : loaded 2 times (x 69B)
Class com.google.devtools.ksp.processing.KspGradleLogger$Companion                    : loaded 2 times (x 71B)
Class com.google.common.collect.AbstractMapBasedMultimap$WrappedList                  : loaded 2 times (x 205B)
Class com.android.builder.model.v2.dsl.ProductFlavor                                  : loaded 2 times (x 70B)
Class [Lcom.android.builder.model.v2.ide.TestInfo$Execution;                          : loaded 2 times (x 69B)
Class com.google.gson.internal.reflect.ReflectionHelper$RecordNotSupportedHelper      : loaded 2 times (x 78B)
Class [Lorg.objectweb.asm.AnnotationWriter;                                           : loaded 2 times (x 69B)
Class com.google.gson.JsonIOException                                                 : loaded 2 times (x 82B)
Class com.google.common.collect.Maps$8                                                : loaded 2 times (x 82B)
Class com.amazon.ion.IonString                                                        : loaded 2 times (x 70B)
Class org.jetbrains.plugins.gradle.model.GradleSourceSetDependencyModel               : loaded 2 times (x 70B)
Class com.google.common.collect.CompoundOrdering                                      : loaded 2 times (x 115B)
Class org.gradle.tooling.internal.adapter.TypeInspector                               : loaded 2 times (x 73B)
Class org.gradle.tooling.internal.adapter.ProtocolToModelAdapter$NoOpDecoration       : loaded 2 times (x 79B)
Class org.gradle.tooling.model.Element                                                : loaded 2 times (x 70B)
Class org.jetbrains.kotlin.metadata.ProtoBuf$Expression$ConstantValue$1               : loaded 2 times (x 74B)
Class org.jetbrains.org.objectweb.asm.tree.LineNumberNode                             : loaded 2 times (x 79B)
Class org.jetbrains.kotlin.descriptors.DescriptorVisibilities$10                      : loaded 2 times (x 76B)
Class com.android.builder.model.v2.models.AndroidDsl                                  : loaded 2 times (x 70B)
Class org.jetbrains.kotlin.metadata.ProtoBuf$TypeParameter$1                          : loaded 2 times (x 144B)
Class kotlin.coroutines.ContinuationInterceptor                                       : loaded 2 times (x 70B)
Class kotlinx.coroutines.DebugKt                                                      : loaded 2 times (x 71B)
Class [Lorg.jetbrains.kotlin.descriptors.CallableMemberDescriptor$Kind;               : loaded 2 times (x 69B)
Class org.jetbrains.kotlin.metadata.ProtoBuf$EnumEntry                                : loaded 2 times (x 121B)
Class org.gradle.api.internal.classpath.EffectiveClassPath                            : loaded 2 times (x 90B)
Class kotlinx.coroutines.EventLoopKt                                                  : loaded 2 times (x 71B)
Class org.jetbrains.kotlin.com.google.common.base.Function                            : loaded 2 times (x 70B)
Class [Lcom.google.common.collect.Iterators$EmptyModifiableIterator;                  : loaded 2 times (x 69B)
Class com.google.common.collect.Lists$ReverseList$1                                   : loaded 2 times (x 99B)
Class com.google.common.collect.Sets$SetView                                          : loaded 2 times (x 138B)
Class com.google.common.cache.LocalCache$StrongValueReference                         : loaded 2 times (x 90B)
Class org.jetbrains.kotlin.tooling.core.Extras                                        : loaded 2 times (x 70B)
Class com.amazon.ion.BufferConfiguration                                              : loaded 2 times (x 73B)
Class com.amazon.ion.system.SimpleCatalog                                             : loaded 2 times (x 91B)
Class com.intellij.gradle.toolingExtension.impl.model.taskModel.GradleTaskSerialisationService: loaded 2 times (x 76B)
Class com.android.ide.gradle.model.LegacyV1AgpVersionModel                            : loaded 2 times (x 70B)
Class com.google.common.collect.ImmutableRangeSet$Builder                             : loaded 2 times (x 77B)
Class org.jetbrains.kotlin.descriptors.DescriptorVisibilities$11                      : loaded 2 times (x 76B)
Class org.jetbrains.kotlin.metadata.deserialization.BinaryVersion$Companion           : loaded 2 times (x 71B)
Class com.google.common.collect.Ordering                                              : loaded 2 times (x 114B)
Class kotlin.jvm.internal.Ref$ObjectRef                                               : loaded 2 times (x 72B)
Class kotlin.jvm.internal.ReflectionFactory                                           : loaded 2 times (x 91B)
Class com.google.common.graph.SuccessorsFunction                                      : loaded 2 times (x 70B)
Class [Lcom.google.gson.stream.JsonToken;                                             : loaded 2 times (x 69B)
Class org.objectweb.asm.Type                                                          : loaded 2 times (x 72B)
Class com.google.gson.LongSerializationPolicy$1                                       : loaded 2 times (x 80B)
Class org.jetbrains.plugins.gradle.tooling.util.IntObjectMap$1                        : loaded 2 times (x 77B)
Class org.gradle.tooling.model.internal.ImmutableDomainObjectSet                      : loaded 2 times (x 155B)
Class org.gradle.internal.classloader.VisitableURLClassLoader$InstrumentingVisitableURLClassLoader: loaded 2 times (x 123B)
Class org.jetbrains.kotlin.descriptors.DescriptorVisibilities$12                      : loaded 2 times (x 76B)
Class org.jetbrains.plugins.gradle.tooling.serialization.internal.IdeaProjectSerializationService: loaded 2 times (x 77B)
Class org.jetbrains.kotlin.metadata.ProtoBuf$ClassOrBuilder                           : loaded 2 times (x 70B)
Class org.jetbrains.kotlin.metadata.ProtoBuf$ValueParameter                           : loaded 2 times (x 133B)
Class org.jetbrains.kotlin.idea.projectModel.KotlinTaskProperties                     : loaded 2 times (x 70B)
Class [Lcom.android.ide.common.repository.AgpVersion$PreviewKind;                     : loaded 2 times (x 69B)
Class [Lcom.google.common.collect.ImmutableMapEntry;                                  : loaded 2 times (x 69B)
Class kotlin.collections.ReversedListReadOnly$listIterator$1                          : loaded 2 times (x 90B)
Class kotlin.jvm.internal.ClassBasedDeclarationContainer                              : loaded 2 times (x 70B)
Class kotlinx.coroutines.Job$DefaultImpls                                             : loaded 2 times (x 71B)
Class kotlin.coroutines.CoroutineContext$Element$DefaultImpls                         : loaded 2 times (x 71B)
Class com.google.gson.internal.bind.ObjectTypeAdapter                                 : loaded 2 times (x 74B)
Class org.apache.commons.io.file.Counters                                             : loaded 2 times (x 71B)
Class org.apache.commons.io.FileUtils                                                 : loaded 2 times (x 71B)
Class com.google.common.collect.MapMakerInternalMap$StrongKeyDummyValueEntry$Helper   : loaded 2 times (x 79B)
Class com.google.common.io.Files$FileByteSink                                         : loaded 2 times (x 77B)
Class com.android.builder.model.v2.ide.AndroidGradlePluginProjectFlags                : loaded 2 times (x 70B)
Class [Lcom.android.builder.model.v2.ide.AndroidGradlePluginProjectFlags$BooleanFlag; : loaded 2 times (x 69B)
Class com.android.builder.model.v2.ide.BasicVariant                                   : loaded 2 times (x 70B)
Class com.google.common.math.IntMath$1                                                : loaded 2 times (x 71B)
Class org.objectweb.asm.ByteVector                                                    : loaded 2 times (x 79B)
Class [Lcom.google.common.cache.CacheBuilder$NullListener;                            : loaded 2 times (x 69B)
Class com.google.gson.LongSerializationPolicy$2                                       : loaded 2 times (x 80B)
Class [Lcom.amazon.ion.impl.bin.IonRawBinaryWriter$StreamFlushMode;                   : loaded 2 times (x 69B)
Class com.amazon.ion.UnsupportedIonVersionException                                   : loaded 2 times (x 85B)
Class org.gradle.internal.classloader.VisitableURLClassLoader$Spec                    : loaded 2 times (x 74B)
Class org.gradle.internal.classpath.DefaultClassPath                                  : loaded 2 times (x 90B)
Class org.jetbrains.kotlin.metadata.ProtoBuf$TypeAlias$1                              : loaded 2 times (x 144B)
Class org.jetbrains.org.objectweb.asm.Handler                                         : loaded 2 times (x 72B)
Class kotlin.io.FileTreeWalk$FileTreeWalkIterator                                     : loaded 2 times (x 83B)
Class jdk.internal.jrtfs.ExplodedImage                                                : loaded 2 times (x 77B)
Class org.jetbrains.kotlin.metadata.ProtoBuf$Annotation$Argument$ValueOrBuilder       : loaded 2 times (x 70B)
Class org.jetbrains.kotlin.metadata.jvm.JvmProtoBuf$StringTableTypesOrBuilder         : loaded 2 times (x 70B)
Class [Lorg.jetbrains.kotlin.build.report.metrics.GradleBuildTime;                    : loaded 2 times (x 69B)
Class org.jetbrains.kotlin.metadata.ProtoBuf$Type$Argument$1                          : loaded 2 times (x 144B)
Class org.jetbrains.kotlin.metadata.deserialization.Flags$EnumLiteFlagField           : loaded 2 times (x 76B)
Class org.jetbrains.org.objectweb.asm.tree.FrameNode                                  : loaded 2 times (x 79B)
Class org.gradle.internal.classloader.ClassLoaderVisitor                              : loaded 2 times (x 76B)
Class com.google.devtools.ksp.processing.KspGradleLogger                              : loaded 2 times (x 79B)
Class com.google.common.base.AbstractIterator                                         : loaded 2 times (x 80B)
Class com.android.builder.model.v2.ide.BundleInfo                                     : loaded 2 times (x 70B)
Class com.android.builder.model.v2.ide.SourceProvider                                 : loaded 2 times (x 70B)
Class org.objectweb.asm.Symbol                                                        : loaded 2 times (x 73B)
Class com.amazon.ion.impl.bin.IonManagedBinaryWriter$SymbolState                      : loaded 2 times (x 80B)
Class com.amazon.ion.IonStruct                                                        : loaded 2 times (x 70B)
Class org.jetbrains.plugins.gradle.model.GradleBuildScriptClasspathModel              : loaded 2 times (x 70B)
Class org.gradle.util.internal.DefaultGradleVersion                                   : loaded 2 times (x 82B)
Class org.jetbrains.kotlin.metadata.ProtoBuf$Effect$1                                 : loaded 2 times (x 144B)
Class org.jetbrains.kotlin.metadata.jvm.deserialization.JvmMemberSignature$Field      : loaded 2 times (x 75B)
Class org.jetbrains.kotlin.metadata.ProtoBuf$Visibility                               : loaded 2 times (x 82B)
Class org.jetbrains.kotlin.metadata.ProtoBuf$ConstructorOrBuilder                     : loaded 2 times (x 70B)
Class org.jetbrains.kotlin.metadata.jvm.JvmProtoBuf                                   : loaded 2 times (x 71B)
Class kotlin.UInt$Companion                                                           : loaded 2 times (x 71B)
Class kotlin.UInt                                                                     : loaded 2 times (x 74B)
Class kotlin.reflect.KType                                                            : loaded 2 times (x 70B)
Class com.google.common.io.Java8Compatibility                                         : loaded 2 times (x 71B)
Class com.google.common.io.Closer                                                     : loaded 2 times (x 78B)
Class kotlin.text.MatcherMatchResult$groupValues$1                                    : loaded 2 times (x 198B)
Class com.google.common.collect.ReverseNaturalOrdering                                : loaded 2 times (x 114B)
Class com.google.gson.reflect.TypeToken                                               : loaded 2 times (x 75B)
Class com.google.common.collect.RegularImmutableMap$Values                            : loaded 2 times (x 207B)
Class com.amazon.ion.impl.bin.IonManagedBinaryWriter$ImportedSymbolResolverMode$2     : loaded 2 times (x 80B)
Class org.gradle.internal.classloader.ClassLoaderSpec                                 : loaded 2 times (x 71B)
Class org.jetbrains.org.objectweb.asm.tree.AbstractInsnNode                           : loaded 2 times (x 78B)
Class org.jetbrains.kotlin.descriptors.DeclarationDescriptorWithVisibility            : loaded 2 times (x 70B)
Class com.google.gson.internal.bind.TypeAdapters$32                                   : loaded 2 times (x 76B)
Class org.jetbrains.kotlin.protobuf.SmallSortedMap                                    : loaded 2 times (x 130B)
Class com.google.common.base.CharMatcher$None                                         : loaded 2 times (x 112B)
Class kotlin.jvm.internal.LongCompanionObject                                         : loaded 2 times (x 71B)
Class kotlin.collections.ReversedListReadOnly                                         : loaded 2 times (x 198B)
Class kotlin.text.DelimitedRangesSequence                                             : loaded 2 times (x 75B)
Class org.objectweb.asm.AnnotationWriter                                              : loaded 2 times (x 79B)
Class com.google.common.cache.CacheStats                                              : loaded 2 times (x 71B)
Class com.google.gson.internal.sql.SqlTimestampTypeAdapter$1                          : loaded 2 times (x 75B)
Class com.google.gson.JsonPrimitive                                                   : loaded 2 times (x 93B)
Class com.amazon.ion.impl.IonWriterSystemTextMarkup                                   : loaded 2 times (x 192B)
Class com.amazon.ion.impl.bin.BlockAllocator                                          : loaded 2 times (x 80B)
Class org.apache.commons.io.file.PathUtils                                            : loaded 2 times (x 71B)
Class [Lcom.google.common.collect.AbstractIterator$State;                             : loaded 2 times (x 69B)
Class org.jetbrains.kotlin.protobuf.SmallSortedMap$EmptySet                           : loaded 2 times (x 71B)
Class org.jetbrains.kotlin.protobuf.MessageLite                                       : loaded 2 times (x 70B)
Class org.jetbrains.kotlin.load.kotlin.header.KotlinClassHeader$Kind$Companion        : loaded 2 times (x 71B)
Class kotlinx.coroutines.CopyableThreadContextElement                                 : loaded 2 times (x 70B)
Class kotlin.jdk7.AutoCloseableKt                                                     : loaded 2 times (x 71B)
Class kotlin.time.DurationKt                                                          : loaded 2 times (x 71B)
Class kotlin.KotlinVersion$Companion                                                  : loaded 2 times (x 71B)
Class kotlinx.coroutines.CoroutineStart$WhenMappings                                  : loaded 2 times (x 71B)
Class com.google.common.collect.Interners                                             : loaded 2 times (x 71B)
Class com.google.common.collect.ImmutableMultisetGwtSerializationDependencies         : loaded 2 times (x 125B)
Class com.google.common.io.Closer$Suppressor                                          : loaded 2 times (x 70B)
Class com.google.common.io.LineProcessor                                              : loaded 2 times (x 70B)
Class [Lcom.google.gson.ReflectionAccessFilter$FilterResult;                          : loaded 2 times (x 69B)
Class org.objectweb.asm.RecordComponentWriter                                         : loaded 2 times (x 78B)
Class com.google.common.util.concurrent.AbstractFuture$Listener                       : loaded 2 times (x 72B)
Class [Lcom.android.builder.model.v2.ide.ProjectType;                                 : loaded 2 times (x 69B)
Class kotlin.jvm.internal.FloatCompanionObject                                        : loaded 2 times (x 71B)
Class com.google.gson.JsonElement                                                     : loaded 2 times (x 92B)
Class Settings_gradle$1$1                                                             : loaded 2 times (x 74B)
Class com.amazon.ion.impl._Private_RecyclingQueue                                     : loaded 2 times (x 80B)
Class com.amazon.ion.system.IonWriterBuilderBase                                      : loaded 2 times (x 83B)
Class org.gradle.tooling.internal.adapter.ProtocolToModelAdapter$DefaultViewBuilder   : loaded 2 times (x 80B)
Class org.jetbrains.kotlin.cli.common.ModuleVisibilityHelperImpl                      : loaded 2 times (x 74B)
Class kotlin.sequences.SequencesKt___SequencesKt$flatMap$1                            : loaded 2 times (x 125B)
Class kotlin.io.FileTreeWalk$DirectoryState                                           : loaded 2 times (x 73B)
Class kotlin.collections.AbstractSet$Companion                                        : loaded 2 times (x 71B)
Class [Lcom.android.builder.model.v2.ide.AaptOptions$Namespacing;                     : loaded 2 times (x 69B)
Class org.objectweb.asm.Attribute                                                     : loaded 2 times (x 77B)
Class com.android.ide.common.gradle.Version$Companion$ParseState                      : loaded 2 times (x 70B)
Class com.google.common.base.Supplier                                                 : loaded 2 times (x 70B)
Class com.google.gson.internal.bind.CollectionTypeAdapterFactory                      : loaded 2 times (x 75B)
Class org.gradle.tooling.internal.adapter.ProtocolToModelAdapter$ViewGraphDetails$1   : loaded 2 times (x 77B)
Class org.gradle.internal.classloader.VisitableURLClassLoader                         : loaded 2 times (x 117B)
Class org.jetbrains.kotlin.metadata.jvm.deserialization.JvmNameResolver               : loaded 2 times (x 80B)
Class org.gradle.internal.classloader.DefaultClassLoaderFactory                       : loaded 2 times (x 82B)
Class [Lkotlin.DeprecationLevel;                                                      : loaded 2 times (x 69B)
Class kotlin.sequences.GeneratorSequence                                              : loaded 2 times (x 75B)
Class com.intellij.util.containers.IntObjectHashMap$ArrayProducer                     : loaded 2 times (x 70B)
Class com.google.common.collect.ImmutableList$SerializedForm                          : loaded 2 times (x 73B)
Class org.apache.commons.io.file.PathVisitor                                          : loaded 2 times (x 70B)
Class com.android.ide.common.repository.AgpVersion$Companion                          : loaded 2 times (x 71B)
Class Settings_gradle                                                                 : loaded 2 times (x 124B)
Class com.amazon.ion.impl.bin.IonRawBinaryWriter$1                                    : loaded 2 times (x 77B)
Class [Lcom.amazon.ion.SymbolTable;                                                   : loaded 2 times (x 69B)
Class com.amazon.ion.impl.bin.IonBinaryWriterAdapter$Factory                          : loaded 2 times (x 70B)
Class com.amazon.ion.impl.BlockedBuffer$BufferedOutputStream                          : loaded 2 times (x 90B)
Class org.jetbrains.plugins.gradle.tooling.serialization.ExternalTestsSerializationService$ReadContext: loaded 2 times (x 72B)
Class com.amazon.ion.impl.bin.IonManagedBinaryWriter$ImportedSymbolResolverMode$1     : loaded 2 times (x 80B)
Class com.amazon.ion.impl.lite.IonSymbolLite                                          : loaded 2 times (x 246B)
Class org.gradle.tooling.model.idea.IdeaDependency                                    : loaded 2 times (x 70B)
Class org.jetbrains.org.objectweb.asm.tree.TypeInsnNode                               : loaded 2 times (x 78B)
Class [Lorg.jetbrains.kotlin.metadata.ProtoBuf$VersionRequirement$VersionKind;        : loaded 2 times (x 69B)
Class org.jetbrains.kotlin.protobuf.CodedOutputStream                                 : loaded 2 times (x 72B)
Class org.jetbrains.kotlin.metadata.ProtoBuf$Annotation                               : loaded 2 times (x 109B)
Class [Lcom.amazon.ion.impl.bin.IonRawBinaryWriter$StreamCloseMode;                   : loaded 2 times (x 69B)
Class org.jetbrains.kotlin.idea.gradleTooling.AndroidAwareGradleModelProvider$Companion: loaded 2 times (x 71B)
Class kotlin.properties.ReadWriteProperty                                             : loaded 2 times (x 70B)
Class com.google.gson.JsonSyntaxException                                             : loaded 2 times (x 82B)
Class kotlinx.coroutines.CompletedExceptionally                                       : loaded 2 times (x 72B)
Class kotlin.coroutines.AbstractCoroutineContextKey                                   : loaded 2 times (x 72B)
Class com.google.common.collect.MapMakerInternalMap                                   : loaded 2 times (x 161B)
Class com.android.builder.model.v2.ide.AaptOptions                                    : loaded 2 times (x 70B)
Class [Lcom.android.builder.model.v2.ide.BytecodeTransformation;                      : loaded 2 times (x 69B)
Class com.google.common.base.Strings                                                  : loaded 2 times (x 71B)
Class com.google.common.collect.Sets                                                  : loaded 2 times (x 71B)
Class org.objectweb.asm.Handler                                                       : loaded 2 times (x 72B)
Class com.android.ide.common.gradle.Version$Companion                                 : loaded 2 times (x 71B)
Class com.google.common.base.Ticker                                                   : loaded 2 times (x 72B)
Class com.google.gson.internal.bind.TypeAdapters$31                                   : loaded 2 times (x 76B)
Class com.google.gson.internal.bind.TreeTypeAdapter                                   : loaded 2 times (x 75B)
Class com.google.gson.internal.sql.SqlTimeTypeAdapter                                 : loaded 2 times (x 74B)
Class com.amazon.ion.impl.bin.AbstractIonWriter$WriteValueOptimization                : loaded 2 times (x 79B)
Class [Lorg.jetbrains.kotlin.metadata.jvm.JvmProtoBuf$StringTableTypes$Record$Operation;: loaded 2 times (x 69B)
Class [Lorg.jetbrains.kotlin.load.kotlin.header.KotlinClassHeader$Kind;               : loaded 2 times (x 69B)
Class com.google.gson.internal.bind.JsonAdapterAnnotationTypeAdapterFactory$DummyTypeAdapterFactory: loaded 2 times (x 75B)
Class kotlin.jvm.internal.markers.KMutableIterator                                    : loaded 2 times (x 70B)
Class com.google.common.base.Suppliers                                                : loaded 2 times (x 71B)
Class com.google.devtools.ksp.processing.KSPConfig                                    : loaded 2 times (x 72B)
Class com.android.builder.model.v2.models.ndk.NativeModelBuilderParameter             : loaded 2 times (x 70B)
Class [Lcom.google.common.cache.LocalCache$Segment;                                   : loaded 2 times (x 69B)
Class [Lcom.google.common.cache.LocalCache$Strength;                                  : loaded 2 times (x 69B)
Class com.google.common.cache.CacheBuilder$1                                          : loaded 2 times (x 85B)
Class [Lcom.google.common.cache.CacheBuilder$OneWeigher;                              : loaded 2 times (x 69B)
Class com.google.gson.internal.bind.TypeAdapters$20                                   : loaded 2 times (x 75B)
Class com.google.common.collect.ImmutableMap                                          : loaded 2 times (x 120B)
Class com.amazon.ion.impl.bin.BlockAllocatorProvider                                  : loaded 2 times (x 72B)
Class org.jetbrains.plugins.gradle.tooling.serialization.internal.IdeaProjectSerializationService$WriteContext: loaded 2 times (x 72B)
Class com.intellij.gradle.toolingExtension.impl.model.sourceSetDependencyModel.GradleSourceSetDependencySerialisationService: loaded 2 times (x 77B)
Class org.jetbrains.plugins.gradle.model.GradleSourceSetModel                         : loaded 2 times (x 70B)
Class org.gradle.internal.classpath.DefaultClassPath$ImmutableUniqueList$Builder      : loaded 2 times (x 75B)
Class org.jetbrains.kotlin.serialization.deserialization.ProtoEnumFlags               : loaded 2 times (x 71B)
Class org.objectweb.asm.MethodTooLargeException                                       : loaded 2 times (x 83B)
Class org.jetbrains.kotlin.protobuf.Internal$EnumLite                                 : loaded 2 times (x 70B)
Class com.google.common.base.Platform$JdkPatternCompiler                              : loaded 2 times (x 75B)
Class kotlin.io.FileTreeWalk$WalkState                                                : loaded 2 times (x 73B)
Class kotlinx.coroutines.CoroutineStart                                               : loaded 2 times (x 79B)
Class com.google.common.collect.MapMakerInternalMap$WeakValueReference                : loaded 2 times (x 70B)
Class com.google.gson.stream.JsonToken                                                : loaded 2 times (x 79B)
Class com.google.common.cache.LocalCache                                              : loaded 2 times (x 187B)
Class com.google.common.cache.CacheBuilder$2                                          : loaded 2 times (x 79B)
Class com.google.common.collect.MapMakerInternalMap$Strength                          : loaded 2 times (x 80B)
Class com.google.gson.internal.bind.TypeAdapters$21                                   : loaded 2 times (x 75B)
Class com.google.gson.FieldNamingPolicy$1                                             : loaded 2 times (x 83B)
Class com.amazon.ion.impl.lite.IonSequenceLite                                        : loaded 2 times (x 432B)
Class com.amazon.ion.impl._Private_Utils$1                                            : loaded 2 times (x 89B)
Class com.amazon.ion.impl.SymbolTableAsStruct                                         : loaded 2 times (x 70B)
Class com.android.ide.gradle.model.dependencies.Coordinates                           : loaded 2 times (x 70B)
Class com.google.common.collect.AbstractRangeSet                                      : loaded 2 times (x 114B)
Class org.gradle.tooling.internal.adapter.WeakIdentityHashMap$AbsentValueProvider     : loaded 2 times (x 70B)
Class org.jetbrains.org.objectweb.asm.tree.IincInsnNode                               : loaded 2 times (x 78B)
Class org.jetbrains.org.objectweb.asm.tree.MultiANewArrayInsnNode                     : loaded 2 times (x 79B)
Class org.jetbrains.kotlin.protobuf.RopeByteString                                    : loaded 2 times (x 110B)
Class com.google.common.collect.MapMakerInternalMap$StrongKeyDummyValueEntry$LinkedStrongKeyDummyValueEntry: loaded 2 times (x 82B)
Class org.jetbrains.kotlin.metadata.jvm.deserialization.JvmNameResolverBase           : loaded 2 times (x 80B)
Class kotlinx.coroutines.EventLoopImplPlatform                                        : loaded 2 times (x 107B)
Class kotlinx.coroutines.scheduling.SchedulerTimeSource                               : loaded 2 times (x 72B)
Class kotlinx.coroutines.scheduling.CoroutineScheduler                                : loaded 2 times (x 81B)
Class kotlinx.coroutines.CoroutineId                                                  : loaded 2 times (x 93B)
Class kotlinx.coroutines.EventLoopImplBase                                            : loaded 2 times (x 117B)
Class org.jetbrains.kotlin.cli.common.arguments.K2JVMCompilerArguments                : loaded 2 times (x 76B)
Class com.google.common.collect.ArrayListMultimap                                     : loaded 2 times (x 172B)
Class com.google.common.cache.CacheBuilder$3                                          : loaded 2 times (x 72B)
Class com.google.gson.internal.bind.TypeAdapters$22                                   : loaded 2 times (x 75B)
Class com.google.gson.FieldNamingPolicy$2                                             : loaded 2 times (x 83B)
Class com.google.gson.internal.Excluder$1                                             : loaded 2 times (x 74B)
Class [Lcom.google.common.collect.AbstractMapEntry;                                   : loaded 2 times (x 69B)
Class com.google.common.collect.ImmutableEntry                                        : loaded 2 times (x 82B)
Class com.amazon.ion.impl.bin.AbstractIonWriter                                       : loaded 2 times (x 161B)
Class gnu.trove.TObjectHash                                                           : loaded 2 times (x 94B)
Class org.jetbrains.plugins.gradle.tooling.util.ObjectCollector$Processor             : loaded 2 times (x 70B)
Class [Lkotlin.reflect.KClass;                                                        : loaded 2 times (x 69B)
Class org.gradle.internal.exceptions.NonGradleCauseExceptionsHolder                   : loaded 2 times (x 70B)
Class org.gradle.tooling.model.idea.IdeaModuleDependency                              : loaded 2 times (x 70B)
Class org.gradle.tooling.internal.adapter.ViewBuilder                                 : loaded 2 times (x 70B)
Class org.jetbrains.org.objectweb.asm.tree.LocalVariableAnnotationNode                : loaded 2 times (x 82B)
Class org.jetbrains.kotlin.metadata.ProtoBuf$Effect$EffectType                        : loaded 2 times (x 82B)
Class org.gradle.internal.operations.MultipleBuildOperationFailures                   : loaded 2 times (x 95B)
Class org.jetbrains.kotlin.metadata.deserialization.BinaryVersion                     : loaded 2 times (x 74B)
Class org.gradle.tooling.internal.adapter.MethodInvocation                            : loaded 2 times (x 85B)
Class com.intellij.util.ThrowableConsumer                                             : loaded 2 times (x 70B)
Class com.google.gson.TypeAdapterFactory                                              : loaded 2 times (x 70B)
Class kotlin.jvm.functions.Function5                                                  : loaded 2 times (x 70B)
Class kotlin.collections.AbstractMap$Companion                                        : loaded 2 times (x 71B)
Class com.google.common.base.Suppliers$MemoizingSupplier                              : loaded 2 times (x 79B)
Class com.android.builder.model.v2.ide.AndroidLibraryData                             : loaded 2 times (x 70B)
Class com.android.builder.model.v2.ide.ApiVersion                                     : loaded 2 times (x 70B)
Class org.apache.commons.io.StandardLineSeparator                                     : loaded 2 times (x 79B)
Class com.android.ide.common.gradle.Version                                           : loaded 2 times (x 75B)
Class com.google.gson.internal.bind.TypeAdapters$23                                   : loaded 2 times (x 75B)
Class com.google.gson.FieldNamingPolicy$3                                             : loaded 2 times (x 83B)
Class com.google.common.collect.CollectPreconditions                                  : loaded 2 times (x 71B)
Class com.amazon.ion.system.IonReaderBuilder                                          : loaded 2 times (x 95B)
Class org.jetbrains.plugins.gradle.model.AnnotationProcessingConfig                   : loaded 2 times (x 70B)
Class com.amazon.ion.IonReader                                                        : loaded 2 times (x 70B)
Class gnu.trove.Equality                                                              : loaded 2 times (x 70B)
Class org.jetbrains.kotlin.metadata.ProtoBuf$EnumEntry$1                              : loaded 2 times (x 144B)
Class org.jetbrains.org.objectweb.asm.tree.InvokeDynamicInsnNode                      : loaded 2 times (x 78B)
Class org.jetbrains.kotlin.metadata.ProtoBuf$Type$Argument$Projection                 : loaded 2 times (x 82B)
Class com.google.gson.internal.bind.JsonTreeReader                                    : loaded 2 times (x 98B)
Class com.google.gson.internal.bind.TypeAdapters$30                                   : loaded 2 times (x 76B)
Class org.objectweb.asm.ClassVisitor                                                  : loaded 2 times (x 88B)
Class kotlin.jvm.functions.Function6                                                  : loaded 2 times (x 70B)
Class kotlinx.coroutines.Unconfined                                                   : loaded 2 times (x 99B)
Class kotlinx.coroutines.GlobalScope                                                  : loaded 2 times (x 74B)
Class [Lcom.google.common.collect.MapMakerInternalMap$Strength;                       : loaded 2 times (x 69B)
Class [Lcom.google.common.io.FileWriteMode;                                           : loaded 2 times (x 69B)
Class com.android.builder.model.v2.models.Versions$Version                            : loaded 2 times (x 70B)
Class com.google.gson.internal.bind.TypeAdapters$24                                   : loaded 2 times (x 75B)
Class com.google.gson.FieldNamingPolicy$4                                             : loaded 2 times (x 83B)
Class com.google.common.collect.SortedMapDifference                                   : loaded 2 times (x 70B)
Class com.amazon.ion.IonClob                                                          : loaded 2 times (x 70B)
Class org.jetbrains.plugins.gradle.tooling.ModelBuilderService$Parameter              : loaded 2 times (x 70B)
Class [Lorg.objectweb.asm.Symbol;                                                     : loaded 2 times (x 69B)
Class org.jetbrains.kotlin.metadata.jvm.JvmProtoBuf$JvmPropertySignature$Builder      : loaded 2 times (x 141B)
Class com.android.utils.FileUtils                                                     : loaded 2 times (x 71B)
Class [Lkotlin.time.DurationUnit;                                                     : loaded 2 times (x 69B)
Class kotlin.jvm.functions.Function7                                                  : loaded 2 times (x 70B)
Class kotlin.collections.builders.MapBuilder$KeysItr                                  : loaded 2 times (x 81B)
Class kotlin.sequences.SequencesKt___SequencesKt$asIterable$$inlined$Iterable$1       : loaded 2 times (x 79B)
Class kotlinx.coroutines.AbstractCoroutine                                            : loaded 2 times (x 144B)
Class com.google.common.collect.Iterables$4                                           : loaded 2 times (x 81B)
Class com.google.common.collect.MapMakerInternalMap$StrongKeyDummyValueSegment        : loaded 2 times (x 142B)
Class com.google.common.cache.LocalCache$WriteThroughEntry                            : loaded 2 times (x 79B)
Class com.google.common.cache.LocalCache$HashIterator                                 : loaded 2 times (x 86B)
Class com.google.common.io.Files                                                      : loaded 2 times (x 71B)
Class org.jetbrains.kotlin.tooling.core.KotlinToolingVersion$Maturity                 : loaded 2 times (x 79B)
Class org.jetbrains.kotlin.cli.common.arguments.CommonCompilerArguments               : loaded 2 times (x 75B)
Class com.google.common.cache.LocalCache$EntryFactory                                 : loaded 2 times (x 83B)
Class com.google.gson.internal.bind.TypeAdapters$25                                   : loaded 2 times (x 75B)
Class com.google.gson.FieldNamingPolicy$5                                             : loaded 2 times (x 83B)
Class com.amazon.ion.impl.lite.IonLobLite                                             : loaded 2 times (x 184B)
Class com.amazon.ion.impl.lite.IonTextLite                                            : loaded 2 times (x 181B)
Class com.amazon.ion.IonNumber                                                        : loaded 2 times (x 70B)
Class gnu.trove.TObjectHashingStrategy                                                : loaded 2 times (x 70B)
Class org.gradle.tooling.internal.adapter.ProtocolToModelAdapter$ReflectionMethodInvoker: loaded 2 times (x 76B)
Class org.jetbrains.kotlin.metadata.ProtoBuf$VersionRequirementTable$1                : loaded 2 times (x 144B)
Class org.jetbrains.kotlin.metadata.ProtoBuf$Contract                                 : loaded 2 times (x 107B)
Class com.android.builder.model.v2.ide.AaptOptions$Namespacing                        : loaded 2 times (x 79B)
Class com.google.common.collect.TransformedListIterator                               : loaded 2 times (x 93B)
Class com.google.common.cache.LocalCache$Values                                       : loaded 2 times (x 118B)
Class [Lkotlin.annotation.AnnotationRetention;                                        : loaded 2 times (x 69B)
Class kotlin.jvm.functions.Function8                                                  : loaded 2 times (x 70B)
Class kotlin.collections.builders.MapBuilder$Companion                                : loaded 2 times (x 71B)
Class [Lcom.google.common.collect.MapMaker$Dummy;                                     : loaded 2 times (x 69B)
Class com.google.common.base.CharMatcher$Whitespace                                   : loaded 2 times (x 112B)
Class org.jetbrains.kotlin.cli.common.arguments.CommonCompilerArgumentsConfigurator   : loaded 2 times (x 74B)
Class com.google.common.cache.LocalCache$AbstractReferenceEntry                       : loaded 2 times (x 107B)
Class [Lcom.android.ide.common.gradle.Separator;                                      : loaded 2 times (x 69B)
Class org.jetbrains.kotlin.tooling.core.HasMutableExtras                              : loaded 2 times (x 70B)
Class com.google.gson.internal.bind.ArrayTypeAdapter                                  : loaded 2 times (x 74B)
Class com.google.gson.internal.bind.TypeAdapters$26                                   : loaded 2 times (x 75B)
Class com.google.gson.FieldNamingPolicy$6                                             : loaded 2 times (x 83B)
Class [Lcom.amazon.ion.impl.bin.IonManagedBinaryWriter$UserState;                     : loaded 2 times (x 69B)
Class com.amazon.ion.impl.bin.utf8.Utf8StringEncoder                                  : loaded 2 times (x 80B)
Class com.amazon.ion.IonBool                                                          : loaded 2 times (x 70B)
Class com.google.common.collect.NullsLastOrdering                                     : loaded 2 times (x 115B)
Class org.apache.commons.io.function.IOFunction                                       : loaded 2 times (x 70B)
Class org.jetbrains.kotlin.metadata.jvm.deserialization.JvmNameResolverBase$WhenMappings: loaded 2 times (x 71B)
Class org.jetbrains.kotlin.descriptors.Visibilities$Local                             : loaded 2 times (x 79B)
Class org.jetbrains.kotlin.protobuf.WireFormat                                        : loaded 2 times (x 71B)
Class org.jetbrains.kotlin.metadata.jvm.deserialization.BitEncoding                   : loaded 2 times (x 71B)
Class kotlinx.coroutines.CoroutineScope                                               : loaded 2 times (x 70B)
Class kotlinx.coroutines.ChildHandle                                                  : loaded 2 times (x 70B)
Class kotlin.annotation.MustBeDocumented                                              : loaded 2 times (x 70B)
Class kotlin.jvm.functions.Function10                                                 : loaded 2 times (x 70B)
Class kotlin.jvm.functions.Function9                                                  : loaded 2 times (x 70B)
Class [Lkotlin.reflect.KClassifier;                                                   : loaded 2 times (x 69B)
Class [Lkotlin.LazyThreadSafetyMode;                                                  : loaded 2 times (x 69B)
Class org.apache.commons.io.filefilter.TrueFileFilter                                 : loaded 2 times (x 99B)
Class com.google.common.collect.ImmutableMapKeySet                                    : loaded 2 times (x 152B)
Class com.google.gson.internal.reflect.ReflectionHelper                               : loaded 2 times (x 71B)
Class com.android.builder.model.v2.models.VariantDependencies                         : loaded 2 times (x 70B)
Class org.objectweb.asm.SymbolTable                                                   : loaded 2 times (x 72B)
Class com.google.common.cache.CacheLoader$InvalidCacheLoadException                   : loaded 2 times (x 82B)
Class com.google.gson.internal.bind.TypeAdapters$27                                   : loaded 2 times (x 75B)
Class com.google.gson.FieldNamingPolicy$7                                             : loaded 2 times (x 83B)
Class kotlin.collections.builders.ListBuilder$Itr                                     : loaded 2 times (x 94B)
Class com.amazon.ion.IonLoader                                                        : loaded 2 times (x 70B)
Class com.intellij.gradle.toolingExtension.model.repositoryModel.ProjectRepositoriesModel: loaded 2 times (x 70B)
Class org.jetbrains.plugins.gradle.model.GradleProperty                               : loaded 2 times (x 70B)
Class gnu.trove.TObjectCanonicalHashingStrategy                                       : loaded 2 times (x 78B)
Class com.google.common.collect.ImmutableRangeSet$ComplementRanges                    : loaded 2 times (x 207B)
Class org.gradle.internal.classloader.SystemClassLoaderSpec                           : loaded 2 times (x 71B)
Class [Lorg.jetbrains.kotlin.metadata.ProtoBuf$Effect$EffectType;                     : loaded 2 times (x 69B)
Class org.jetbrains.kotlin.protobuf.ByteString$Output                                 : loaded 2 times (x 86B)
Class org.jetbrains.org.objectweb.asm.tree.FieldInsnNode                              : loaded 2 times (x 79B)
Class org.gradle.tooling.internal.adapter.TargetTypeProvider                          : loaded 2 times (x 70B)
Class kotlin.jvm.functions.Function11                                                 : loaded 2 times (x 70B)
Class kotlin.jvm.internal.PropertyReference0Impl                                      : loaded 2 times (x 127B)
Class kotlinx.coroutines.internal.LockFreeLinkedListNode                              : loaded 2 times (x 75B)
Class org.jetbrains.plugins.gradle.model.GradleExtensions                             : loaded 2 times (x 70B)
Class org.jetbrains.plugins.gradle.model.AnnotationProcessingModel                    : loaded 2 times (x 70B)
Class kotlin.coroutines.CoroutineContext$DefaultImpls                                 : loaded 2 times (x 71B)
Class com.amazon.ion.system.IonBinaryWriterBuilder                                    : loaded 2 times (x 99B)
Class com.amazon.ion.impl.bin.IonManagedBinaryWriter$UserState$4                      : loaded 2 times (x 85B)
Class ijKotlinCoroutineJvmDebugInit1_304z3prfvr8kmkv6gmy1lljlt                        : loaded 2 times (x 171B)
Class com.google.common.collect.FluentIterable                                        : loaded 2 times (x 81B)
Class com.android.builder.model.v2.ide.TestedTargetVariant                            : loaded 2 times (x 70B)
Class com.google.common.cache.LocalCache$StrongEntry                                  : loaded 2 times (x 108B)
Class com.google.common.util.concurrent.AbstractFuture$TrustedFuture                  : loaded 2 times (x 114B)
Class com.google.common.cache.LoadingCache                                            : loaded 2 times (x 70B)
Class [Lcom.google.gson.LongSerializationPolicy;                                      : loaded 2 times (x 69B)
Class com.amazon.ion.impl._Private_Utils                                              : loaded 2 times (x 71B)
Class kotlin.text.MatcherMatchResult$groups$1                                         : loaded 2 times (x 151B)
Class org.gradle.internal.exceptions.MultiCauseException                              : loaded 2 times (x 70B)
Class org.gradle.internal.time.CountdownTimer                                         : loaded 2 times (x 70B)
Class org.jetbrains.kotlin.metadata.ProtoBuf$Type$Argument                            : loaded 2 times (x 110B)
Class org.jetbrains.kotlin.load.kotlin.FileBasedKotlinClass$InnerClassesInfo          : loaded 2 times (x 74B)
Class org.jetbrains.plugins.gradle.model.UnresolvedExternalDependency                 : loaded 2 times (x 70B)
Class com.google.common.collect.ImmutableMap$MapViewOfValuesAsSingletonSets           : loaded 2 times (x 126B)
Class com.google.common.collect.RegularImmutableMap                                   : loaded 2 times (x 121B)
Class kotlin.jvm.functions.Function12                                                 : loaded 2 times (x 70B)
Class kotlin.io.FileTreeWalk$FileTreeWalkIterator$TopDownDirectoryState               : loaded 2 times (x 74B)
Class com.android.builder.model.v2.ide.AndroidArtifact                                : loaded 2 times (x 70B)
Class com.google.common.base.Suppliers$NonSerializableMemoizingSupplier               : loaded 2 times (x 79B)
Class com.google.gson.internal.Streams$AppendableWriter                               : loaded 2 times (x 99B)
Class com.google.common.io.ByteStreams$LimitedInputStream                             : loaded 2 times (x 92B)
Class org.objectweb.asm.MethodWriter                                                  : loaded 2 times (x 106B)
Class [Lcom.google.common.cache.Weigher;                                              : loaded 2 times (x 69B)
Class com.google.gson.internal.bind.MapTypeAdapterFactory                             : loaded 2 times (x 75B)
Class com.google.gson.internal.bind.TypeAdapters$29                                   : loaded 2 times (x 75B)
Class com.google.gson.JsonNull                                                        : loaded 2 times (x 92B)
Class com.google.common.collect.RegularImmutableMap$BucketOverflowException           : loaded 2 times (x 82B)
Class com.intellij.gradle.toolingExtension.impl.model.projectModel.GradleExternalProjectSerializationService$ReadContext: loaded 2 times (x 73B)
Class com.intellij.gradle.toolingExtension.impl.model.dependencyModel.DependencyWriteContext: loaded 2 times (x 72B)
Class org.gradle.tooling.model.ProjectModel                                           : loaded 2 times (x 70B)
Class org.jetbrains.kotlin.resolve.scopes.receivers.Receiver                          : loaded 2 times (x 70B)
Class org.jetbrains.org.objectweb.asm.tree.TypeAnnotationNode                         : loaded 2 times (x 81B)
Class org.jetbrains.kotlin.metadata.ProtoBuf$Modality$1                               : loaded 2 times (x 74B)
Class com.google.common.io.ByteArrayDataOutput                                        : loaded 2 times (x 70B)
Class kotlin.collections.builders.MapBuilder                                          : loaded 2 times (x 112B)
Class kotlin.text.Charsets                                                            : loaded 2 times (x 71B)
Class kotlin.jvm.functions.Function13                                                 : loaded 2 times (x 70B)
Class org.jetbrains.kotlin.protobuf.GeneratedMessageLite$ExtendableMessageOrBuilder   : loaded 2 times (x 70B)
Class kotlinx.coroutines.internal.LockFreeTaskQueueCore$Companion                     : loaded 2 times (x 71B)
Class org.jetbrains.kotlin.metadata.ProtoBuf$FunctionOrBuilder                        : loaded 2 times (x 70B)
Class org.jetbrains.kotlin.cli.common.CompilerSystemProperties$Companion              : loaded 2 times (x 71B)
Class com.google.common.collect.AbstractMapBasedMultimap$RandomAccessWrappedList      : loaded 2 times (x 205B)
Class com.google.common.collect.ImmutableMultimap$1                                   : loaded 2 times (x 82B)
Class com.android.ide.common.gradle.Version$Companion$ParseState$EMPTY                : loaded 2 times (x 74B)
Class org.jetbrains.plugins.gradle.model.GradleConfiguration                          : loaded 2 times (x 70B)
Class com.amazon.ion.impl.bin.utf8.Utf8StringEncoderPool                              : loaded 2 times (x 74B)
Class com.amazon.ion.impl._Private_IonSystem                                          : loaded 2 times (x 70B)
Class com.amazon.ion.BufferConfiguration$OversizedValueHandler                        : loaded 2 times (x 70B)
Class org.jetbrains.kotlin.metadata.ProtoBuf$VersionRequirement                       : loaded 2 times (x 116B)
Class org.jetbrains.kotlin.protobuf.GeneratedMessageLite$1                            : loaded 2 times (x 71B)
Class kotlin.jvm.functions.Function14                                                 : loaded 2 times (x 70B)
Class com.google.common.collect.AbstractIterator$State                                : loaded 2 times (x 79B)
Class com.google.common.collect.ImmutableMultimap$2                                   : loaded 2 times (x 81B)
Class com.android.ide.common.repository.AgpVersion$Companion$WhenMappings             : loaded 2 times (x 71B)
Class com.google.common.collect.RegularImmutableBiMap                                 : loaded 2 times (x 149B)
Class com.google.common.cache.LocalCache$ValueReference                               : loaded 2 times (x 70B)
Class org.jetbrains.kotlin.metadata.ProtoBuf$Effect$InvocationKind$1                  : loaded 2 times (x 74B)
Class org.gradle.api.internal.classpath.ManifestUtil                                  : loaded 2 times (x 71B)
Class com.google.gson.internal.bind.DefaultDateTypeAdapter$DateType$1                 : loaded 2 times (x 73B)
Class com.amazon.ion.IonDecimal                                                       : loaded 2 times (x 70B)
Class org.jetbrains.plugins.gradle.model.tests.ExternalTestsModel                     : loaded 2 times (x 70B)
Class org.gradle.tooling.model.idea.IdeaLanguageLevel                                 : loaded 2 times (x 70B)
Class org.gradle.tooling.internal.adapter.ProtocolToModelAdapter$SafeMethodInvoker    : loaded 2 times (x 76B)
Class org.gradle.tooling.internal.adapter.WeakIdentityHashMap$WeakKey                 : loaded 2 times (x 79B)
Class org.gradle.internal.exceptions.DefaultMultiCauseException                       : loaded 2 times (x 95B)
Class [Lorg.jetbrains.org.objectweb.asm.AnnotationVisitor;                            : loaded 2 times (x 69B)
Class org.gradle.tooling.internal.adapter.ProtocolToModelAdapter$InvocationHandlerImpl: loaded 2 times (x 77B)
Class org.jetbrains.kotlin.descriptors.annotations.Annotated                          : loaded 2 times (x 70B)
Class org.jetbrains.kotlin.com.intellij.openapi.diagnostic.Attachment                 : loaded 2 times (x 72B)
Class org.jetbrains.kotlin.descriptors.SourceElement$1                                : loaded 2 times (x 74B)
Class org.gradle.tooling.model.build.GradleEnvironment                                : loaded 2 times (x 70B)
Class org.jetbrains.plugins.gradle.tooling.util.IntObjectMap$ObjectFactory            : loaded 2 times (x 70B)
Class kotlin.jvm.functions.Function15                                                 : loaded 2 times (x 70B)
Class com.amazon.ion.IonException                                                     : loaded 2 times (x 84B)
Class com.google.gson.internal.Streams                                                : loaded 2 times (x 71B)
Class com.android.builder.model.v2.ide.ProjectInfo                                    : loaded 2 times (x 70B)
Class org.jetbrains.kotlin.cli.common.arguments.CommonToolArguments                   : loaded 2 times (x 73B)
Class com.google.common.base.PatternCompiler                                          : loaded 2 times (x 70B)
Class com.google.common.util.concurrent.AbstractFuture$Failure                        : loaded 2 times (x 72B)
Class com.google.common.base.Equivalence$Equals                                       : loaded 2 times (x 82B)
Class com.google.gson.internal.LazilyParsedNumber                                     : loaded 2 times (x 78B)
Class com.google.common.collect.Hashing                                               : loaded 2 times (x 71B)
Class com.amazon.ion.util.GzipStreamInterceptor                                       : loaded 2 times (x 85B)
Class com.amazon.ion.impl.bin.IonRawBinaryWriter$StreamCloseMode                      : loaded 2 times (x 79B)
Class com.amazon.ion.impl._Private_IonBinaryWriterBuilder$Mutable                     : loaded 2 times (x 115B)
Class com.intellij.gradle.toolingExtension.impl.model.projectModel.GradleExternalProjectSerializationService: loaded 2 times (x 77B)
Class org.gradle.tooling.model.HierarchicalElement                                    : loaded 2 times (x 70B)
Class org.jetbrains.kotlin.metadata.ProtoBuf$Expression$1                             : loaded 2 times (x 144B)
Class org.jetbrains.kotlin.descriptors.DescriptorVisibility                           : loaded 2 times (x 78B)
Class com.amazon.ion.impl.bin.IonManagedBinaryWriter$UserState$3                      : loaded 2 times (x 85B)
Class com.google.gson.JsonObject                                                      : loaded 2 times (x 93B)
Class kotlin.jvm.functions.Function16                                                 : loaded 2 times (x 70B)
Class com.google.common.util.concurrent.ExecutionError                                : loaded 2 times (x 82B)
Class [Lorg.apache.commons.io.file.DeleteOption;                                      : loaded 2 times (x 69B)
Class com.google.common.collect.ImmutableSetMultimap                                  : loaded 2 times (x 180B)
Class com.google.common.io.CharSink                                                   : loaded 2 times (x 79B)
Class com.android.builder.model.v2.dsl.DependenciesInfo                               : loaded 2 times (x 70B)
Class com.google.common.collect.ImmutableEnumSet                                      : loaded 2 times (x 146B)
Class org.objectweb.asm.Label                                                         : loaded 2 times (x 73B)
Class org.objectweb.asm.CurrentFrame                                                  : loaded 2 times (x 73B)
Class org.objectweb.asm.ClassTooLargeException                                        : loaded 2 times (x 83B)
Class com.android.builder.model.v2.models.VariantDependenciesAdjacencyList            : loaded 2 times (x 70B)
Class com.google.common.collect.AbstractMapBasedMultimap$WrappedCollection            : loaded 2 times (x 124B)
Class kotlin.SafePublicationLazyImpl$Companion                                        : loaded 2 times (x 71B)
Class com.amazon.ion.impl.bin.IonRawBinaryWriter$PatchPoint                           : loaded 2 times (x 73B)
Class com.amazon.ion.IonSequence                                                      : loaded 2 times (x 70B)
Class com.amazon.ion.IonBlob                                                          : loaded 2 times (x 70B)
Class com.amazon.ion.IonLob                                                           : loaded 2 times (x 70B)
Class org.jetbrains.plugins.gradle.tooling.serialization.ExternalTestsSerializationService: loaded 2 times (x 77B)
Class com.google.common.collect.ByFunctionOrdering                                    : loaded 2 times (x 115B)
Class org.gradle.internal.time.Time                                                   : loaded 2 times (x 71B)
Class org.jetbrains.kotlin.metadata.ProtoBuf$ExpressionOrBuilder                      : loaded 2 times (x 70B)
Class kotlin.jvm.internal.PropertyReference1Impl                                      : loaded 2 times (x 127B)
Class [Lorg.jetbrains.kotlin.metadata.ProtoBuf$Type$Argument$Projection;              : loaded 2 times (x 69B)
Class kotlin.jvm.internal.MutablePropertyReference1                                   : loaded 2 times (x 137B)
Class kotlin.InitializedLazyImpl                                                      : loaded 2 times (x 76B)
Class kotlin.jvm.functions.Function17                                                 : loaded 2 times (x 70B)
Class org.jetbrains.kotlin.cli.common.messages.MessageCollector$Companion$NONE$1      : loaded 2 times (x 76B)
Class com.google.common.collect.MapMakerInternalMap$InternalEntryHelper               : loaded 2 times (x 70B)
Class com.google.common.collect.Maps$IteratorBasedAbstractMap                         : loaded 2 times (x 125B)
Class com.google.common.collect.Table                                                 : loaded 2 times (x 70B)
Class com.google.gson.internal.reflect.ReflectionHelper$RecordSupportedHelper         : loaded 2 times (x 78B)
Class com.android.builder.model.v2.models.ProjectGraph                                : loaded 2 times (x 70B)
Class org.jetbrains.kotlin.metadata.deserialization.MetadataVersion$Companion         : loaded 2 times (x 71B)
Class org.objectweb.asm.Frame                                                         : loaded 2 times (x 73B)
Class org.objectweb.asm.MethodVisitor                                                 : loaded 2 times (x 105B)
Class com.android.ide.common.gradle.Version$Companion$ParseState$NUMERIC              : loaded 2 times (x 74B)
Class com.google.common.cache.LocalCache$EntryFactory$1                               : loaded 2 times (x 83B)
Class [Lcom.google.common.cache.RemovalListener;                                      : loaded 2 times (x 69B)
Class [Lorg.jetbrains.kotlin.metadata.ProtoBuf$Modality;                              : loaded 2 times (x 69B)
Class org.jetbrains.org.objectweb.asm.tree.Util                                       : loaded 2 times (x 71B)
Class com.android.ide.common.repository.AgpVersion$PreviewKind                        : loaded 2 times (x 79B)
Class com.amazon.ion.system.IonTextWriterBuilder                                      : loaded 2 times (x 98B)
Class com.amazon.ion.impl.bin.IonManagedBinaryWriter$ImportedSymbolResolverMode$1$1$1 : loaded 2 times (x 76B)
Class com.amazon.ion.impl._Private_LocalSymbolTableFactory                            : loaded 2 times (x 70B)
Class org.jetbrains.plugins.gradle.tooling.serialization.AnnotationProcessingModelSerializationService: loaded 2 times (x 77B)
Class com.google.common.collect.RangeGwtSerializationDependencies                     : loaded 2 times (x 71B)
Class org.jetbrains.kotlin.metadata.ProtoBuf$EnumEntryOrBuilder                       : loaded 2 times (x 70B)
Class org.jetbrains.kotlin.descriptors.ValidateableDescriptor                         : loaded 2 times (x 70B)
Class org.gradle.internal.classloader.ClassLoaderHierarchy                            : loaded 2 times (x 70B)
Class com.intellij.gradle.toolingExtension.impl.model.sourceSetModel.GradleSourceSetSerialisationService$Companion: loaded 2 times (x 71B)
Class org.jetbrains.kotlin.metadata.jvm.JvmProtoBuf$JvmPropertySignature$1            : loaded 2 times (x 144B)
Class com.amazon.ion.impl._Private_IonValue                                           : loaded 2 times (x 70B)
Class kotlin.jvm.functions.Function18                                                 : loaded 2 times (x 70B)
Class com.google.common.cache.LocalCache$EntryFactory$2                               : loaded 2 times (x 83B)
Class com.google.gson.internal.bind.JsonAdapterAnnotationTypeAdapterFactory           : loaded 2 times (x 75B)
Class com.amazon.ion.impl.lite.IonNullLite                                            : loaded 2 times (x 175B)
Class org.jetbrains.plugins.gradle.model.DependencyAccessorsModel                     : loaded 2 times (x 70B)
Class [Lcom.intellij.openapi.externalSystem.model.project.dependencies.ResolutionState;: loaded 2 times (x 69B)
Class gnu.trove.TObjectIntHashMap                                                     : loaded 2 times (x 109B)
Class com.google.common.collect.RangeSet                                              : loaded 2 times (x 70B)
Class org.gradle.api.internal.classpath.GlobalCacheRootsProvider                      : loaded 2 times (x 70B)
Class com.amazon.ion.impl.bin.IonManagedBinaryWriter$UserState$2                      : loaded 2 times (x 85B)
Class com.google.common.io.FileWriteMode                                              : loaded 2 times (x 79B)
Class kotlin.reflect.KMutableProperty$Setter                                          : loaded 2 times (x 70B)
Class kotlin.jvm.functions.Function19                                                 : loaded 2 times (x 70B)
Class org.objectweb.asm.ModuleWriter                                                  : loaded 2 times (x 82B)
Class com.google.common.cache.LocalCache$EntryFactory$3                               : loaded 2 times (x 83B)
Class com.google.common.base.Ticker$1                                                 : loaded 2 times (x 72B)
Class com.google.gson.internal.bind.NumberTypeAdapter                                 : loaded 2 times (x 74B)
Class com.google.common.collect.Maps$BiMapConverter                                   : loaded 2 times (x 90B)
Class com.google.common.collect.ImmutableMapEntrySet$RegularEntrySet                  : loaded 2 times (x 152B)
Class com.amazon.ion.impl.lite.IonClobLite                                            : loaded 2 times (x 220B)
Class com.amazon.ion.impl._Private_ValueFactory                                       : loaded 2 times (x 70B)
Class com.amazon.ion.impl.bin.IonRawBinaryWriter$PreallocationMode$1                  : loaded 2 times (x 82B)
Class [Lcom.amazon.ion.impl.bin._Private_IonManagedBinaryWriterBuilder$AllocatorMode; : loaded 2 times (x 69B)
Class org.jetbrains.kotlin.idea.gradleTooling.KotlinMPPGradleModel                    : loaded 2 times (x 70B)
Class com.intellij.gradle.toolingExtension.impl.model.dependencyDownloadPolicyModel.GradleDependencyDownloadPolicy: loaded 2 times (x 70B)
Class org.gradle.tooling.model.BuildIdentifier                                        : loaded 2 times (x 70B)
Class [Lorg.jetbrains.kotlin.metadata.ProtoBuf$Expression$ConstantValue;              : loaded 2 times (x 69B)
Class org.jetbrains.kotlin.metadata.ProtoBuf$Effect                                   : loaded 2 times (x 113B)
Class org.jetbrains.org.objectweb.asm.tree.InsnNode                                   : loaded 2 times (x 78B)
Class [Lkotlin.jvm.functions.Function1;                                               : loaded 2 times (x 69B)
Class [Lcom.google.common.base.AbstractIterator$State;                                : loaded 2 times (x 69B)
Class kotlinx.coroutines.Incomplete                                                   : loaded 2 times (x 70B)
Class com.google.common.collect.CollectSpliterators$1                                 : loaded 2 times (x 90B)
Class com.google.common.collect.SetMultimap                                           : loaded 2 times (x 70B)
Class com.android.builder.model.v2.ide.VectorDrawablesOptions                         : loaded 2 times (x 70B)
Class com.google.common.collect.ImmutableSet$Builder                                  : loaded 2 times (x 85B)
Class com.google.common.cache.LocalCache$EntryFactory$4                               : loaded 2 times (x 83B)
Class [Lcom.google.common.collect.MapMakerInternalMap$Segment;                        : loaded 2 times (x 69B)
Class com.google.gson.ToNumberPolicy$1                                                : loaded 2 times (x 83B)
Class [Lcom.google.gson.FieldNamingStrategy;                                          : loaded 2 times (x 69B)
Class com.google.gson.internal.Excluder                                               : loaded 2 times (x 75B)
Class com.amazon.ion.IonInt                                                           : loaded 2 times (x 70B)
Class com.amazon.ion.impl.bin.IonRawBinaryWriter$PreallocationMode$2                  : loaded 2 times (x 82B)
Class org.jetbrains.kotlin.idea.gradleTooling.PrepareKotlinIdeImportTaskModel         : loaded 2 times (x 70B)
Class com.google.common.cache.LocalCache$ValueIterator                                : loaded 2 times (x 86B)
Class org.jetbrains.kotlin.descriptors.Visibility                                     : loaded 2 times (x 79B)
Class org.jetbrains.kotlin.protobuf.RopeByteString$RopeInputStream                    : loaded 2 times (x 92B)
Class org.jetbrains.kotlin.protobuf.CodedInputStream                                  : loaded 2 times (x 72B)
Class kotlinx.coroutines.BuildersKt                                                   : loaded 2 times (x 71B)
Class kotlin.sequences.ConstrainedOnceSequence                                        : loaded 2 times (x 75B)
Class kotlin.concurrent.LocksKt                                                       : loaded 2 times (x 71B)
Class kotlinx.coroutines.AbstractTimeSourceKt                                         : loaded 2 times (x 71B)
Class com.android.builder.model.v2.ide.Edge                                           : loaded 2 times (x 70B)
Class com.google.common.io.ByteStreams$1                                              : loaded 2 times (x 85B)
Class com.google.gson.internal.ReflectionAccessFilterHelper                           : loaded 2 times (x 71B)
Class com.google.gson.internal.reflect.ReflectionHelper$RecordHelper                  : loaded 2 times (x 75B)
Class com.android.builder.model.v2.models.VariantDependenciesFlatList                 : loaded 2 times (x 70B)
Class com.google.common.cache.LocalCache$EntryFactory$5                               : loaded 2 times (x 83B)
Class com.google.gson.ToNumberPolicy$2                                                : loaded 2 times (x 83B)
Class com.amazon.ion.impl.bin.IonRawBinaryWriter$PreallocationMode$3                  : loaded 2 times (x 82B)
Class com.android.ide.gradle.model.GradlePluginModel                                  : loaded 2 times (x 70B)
Class com.google.common.collect.ReverseOrdering                                       : loaded 2 times (x 115B)
Class org.gradle.tooling.model.build.JavaEnvironment                                  : loaded 2 times (x 70B)
Class kotlinx.coroutines.internal.ThreadContextKt                                     : loaded 2 times (x 71B)
Class org.jetbrains.kotlin.mpp.DeclarationSymbolMarker                                : loaded 2 times (x 70B)
Class org.jetbrains.kotlin.protobuf.MessageLite$Builder                               : loaded 2 times (x 70B)
Class org.jetbrains.kotlin.load.kotlin.FileBasedKotlinClass$OuterAndInnerName         : loaded 2 times (x 72B)
Class kotlin.jvm.internal.ByteCompanionObject                                         : loaded 2 times (x 71B)
Class kotlin.time.Duration                                                            : loaded 2 times (x 74B)
Class [Lkotlin.reflect.KProperty;                                                     : loaded 2 times (x 69B)
Class org.jetbrains.kotlin.metadata.ProtoBuf$ContractOrBuilder                        : loaded 2 times (x 70B)
Class com.android.builder.model.v2.ide.SourceSetContainer                             : loaded 2 times (x 70B)
Class com.google.gson.internal.bind.ReflectiveTypeAdapterFactory$FieldsData           : loaded 2 times (x 72B)
Class org.apache.commons.io.output.AppendableWriter                                   : loaded 2 times (x 100B)
Class com.google.common.cache.LocalCache$EntryFactory$6                               : loaded 2 times (x 83B)
Class com.google.gson.ToNumberPolicy$3                                                : loaded 2 times (x 83B)
Class org.jetbrains.plugins.gradle.model.GradleExtension                              : loaded 2 times (x 70B)
Class com.amazon.ion.impl.lite.IonDecimalLite                                         : loaded 2 times (x 188B)
Class com.amazon.ion.IonBufferConfiguration$Builder                                   : loaded 2 times (x 78B)
Class org.gradle.internal.time.Timer                                                  : loaded 2 times (x 70B)
Class org.gradle.internal.installation.CurrentGradleInstallationLocator               : loaded 2 times (x 71B)
Class org.jetbrains.org.objectweb.asm.tree.LdcInsnNode                                : loaded 2 times (x 78B)
Class org.jetbrains.kotlin.metadata.ProtoBuf$VersionRequirement$Level$1               : loaded 2 times (x 74B)
Class org.jetbrains.kotlin.protobuf.FieldSet$1                                        : loaded 2 times (x 71B)
Class kotlin.coroutines.jvm.internal.SpillingKt                                       : loaded 2 times (x 71B)
Class [Lkotlin.io.FileWalkDirection;                                                  : loaded 2 times (x 69B)
Class kotlinx.coroutines.Empty                                                        : loaded 2 times (x 75B)
Class org.jetbrains.kotlin.cli.common.messages.CompilerMessageSeverity$Companion      : loaded 2 times (x 71B)
Class org.apache.commons.io.file.SimplePathVisitor                                    : loaded 2 times (x 85B)
Class com.google.common.collect.ImmutableMultimap$Builder                             : loaded 2 times (x 86B)
Class com.android.builder.model.v2.ide.LintOptions                                    : loaded 2 times (x 70B)
Class org.apache.commons.io.output.ThresholdingOutputStream                           : loaded 2 times (x 95B)
Class com.google.common.collect.Maps$KeySet                                           : loaded 2 times (x 137B)
Class com.google.common.collect.ImmutableSet$EmptySetBuilderImpl                      : loaded 2 times (x 76B)
Class com.google.common.cache.LocalCache$EntryFactory$7                               : loaded 2 times (x 83B)
Class com.google.gson.ToNumberPolicy$4                                                : loaded 2 times (x 83B)
Class [Lorg.jetbrains.kotlin.metadata.ProtoBuf$Visibility;                            : loaded 2 times (x 69B)
Class [Lcom.amazon.ion.impl.bin.IonRawBinaryWriter$ContainerType;                     : loaded 2 times (x 69B)
Class org.gradle.tooling.internal.adapter.ProtocolToModelAdapter$ViewGraphDetails     : loaded 2 times (x 72B)
Class org.gradle.tooling.model.idea.IdeaProject                                       : loaded 2 times (x 70B)
Class org.gradle.tooling.model.DomainObjectSet                                        : loaded 2 times (x 70B)
Class org.gradle.internal.service.DefaultServiceLocator                               : loaded 2 times (x 83B)
Class org.gradle.internal.classloader.FilteringClassLoader                            : loaded 2 times (x 105B)
Class org.jetbrains.org.objectweb.asm.tree.UnsupportedClassVersionException           : loaded 2 times (x 82B)
Class org.jetbrains.kotlin.metadata.ProtoBuf$Class$Kind$1                             : loaded 2 times (x 74B)
Class org.jetbrains.kotlin.protobuf.SmallSortedMap$Entry                              : loaded 2 times (x 88B)
Class org.jetbrains.kotlin.metadata.ProtoBuf$Package$1                                : loaded 2 times (x 144B)
Class org.jetbrains.kotlin.name.FqName$Companion                                      : loaded 2 times (x 71B)
Class jdk.internal.jrtfs.JrtDirectoryStream                                           : loaded 2 times (x 89B)
Class kotlin.reflect.KMutableProperty0                                                : loaded 2 times (x 70B)
Class kotlin.reflect.KClassifier                                                      : loaded 2 times (x 70B)
Class kotlin.io.FileTreeWalk                                                          : loaded 2 times (x 75B)
Class kotlin.text.MatcherMatchResult                                                  : loaded 2 times (x 80B)
Class com.google.common.cache.LocalCache$SoftValueReference                           : loaded 2 times (x 97B)
Class com.google.common.collect.Maps$EntrySet                                         : loaded 2 times (x 136B)
Class com.google.common.collect.ImmutableMultimap$EntryCollection                     : loaded 2 times (x 128B)
Class com.android.builder.model.v2.ide.BasicArtifact                                  : loaded 2 times (x 70B)
Class org.jetbrains.kotlin.util.capitalizeDecapitalize.CapitalizeDecapitalizeKt       : loaded 2 times (x 71B)
Class com.google.common.cache.LocalCache$EntryFactory$8                               : loaded 2 times (x 83B)
Class com.google.gson.internal.sql.SqlTypesSupport                                    : loaded 2 times (x 71B)
Class com.google.gson.Gson                                                            : loaded 2 times (x 72B)
Class kotlin.text.MatchGroupCollection                                                : loaded 2 times (x 70B)
Class com.amazon.ion.impl.bin.utf8.Utf8StringEncoder$Result                           : loaded 2 times (x 74B)
Class com.amazon.ion.impl.bin.utf8.Pool$Allocator                                     : loaded 2 times (x 70B)
Class com.amazon.ion.IonText                                                          : loaded 2 times (x 70B)
Class com.amazon.ion.impl.SymbolTokenImpl                                             : loaded 2 times (x 81B)
Class com.amazon.ion.SubstituteSymbolTableException                                   : loaded 2 times (x 84B)
Class com.google.common.collect.ComparisonChain$InactiveComparisonChain               : loaded 2 times (x 80B)
Class org.gradle.util.GradleVersion                                                   : loaded 2 times (x 81B)
Class org.gradle.internal.installation.CurrentGradleInstallation                      : loaded 2 times (x 73B)
Class org.jetbrains.kotlin.metadata.ProtoBuf$Annotation$ArgumentOrBuilder             : loaded 2 times (x 70B)
Class com.android.ide.gradle.model.dependencies.DeclaredDependencies                  : loaded 2 times (x 70B)
Class org.jetbrains.kotlin.protobuf.FieldSet$FieldDescriptorLite                      : loaded 2 times (x 70B)
Class org.jetbrains.kotlin.protobuf.AbstractMessageLite                               : loaded 2 times (x 98B)
Class org.jetbrains.plugins.gradle.tooling.serialization.internal.IdeaProjectSerializationService$ReadContext: loaded 2 times (x 72B)
Class com.amazon.ion.impl.bin.IonManagedBinaryWriter$UserState$1                      : loaded 2 times (x 85B)
Class kotlin.reflect.KMutableProperty1                                                : loaded 2 times (x 70B)
Class kotlinx.coroutines.scheduling.Task                                              : loaded 2 times (x 76B)
Class com.google.common.collect.RegularImmutableMap$KeySet                            : loaded 2 times (x 152B)
Class kotlinx.coroutines.BlockingCoroutine                                            : loaded 2 times (x 144B)
Class com.google.gson.internal.bind.ObjectTypeAdapter$1                               : loaded 2 times (x 76B)
Class com.google.common.cache.CacheLoader$1                                           : loaded 2 times (x 75B)
Class com.google.common.base.Equivalence$Identity                                     : loaded 2 times (x 82B)
Class com.google.gson.Gson$1                                                          : loaded 2 times (x 76B)
Class com.google.common.base.PairwiseEquivalence                                      : loaded 2 times (x 83B)
Class com.amazon.ion.impl.bin.IonManagedBinaryWriter$ImportDescriptor                 : loaded 2 times (x 76B)
Class com.amazon.ion.SymbolTable                                                      : loaded 2 times (x 70B)
Class org.jetbrains.plugins.gradle.javaModel.JavaGradleManifestModel                  : loaded 2 times (x 70B)
Class org.jetbrains.plugins.gradle.tooling.serialization.GradleExtensionsSerializationService$WriteContext: loaded 2 times (x 72B)
Class com.intellij.gradle.toolingExtension.impl.model.taskModel.GradleTaskSerialisationService$Companion: loaded 2 times (x 71B)
Class org.gradle.tooling.internal.adapter.ProtocolToModelAdapter$MethodInvocationCache$MethodInvocationKey: loaded 2 times (x 73B)
Class org.gradle.util.internal.GUtil                                                  : loaded 2 times (x 71B)
Class com.google.gson.Gson$FutureTypeAdapter                                          : loaded 2 times (x 76B)
Class org.jetbrains.kotlin.metadata.jvm.JvmProtoBuf$StringTableTypes$Record           : loaded 2 times (x 119B)
Class org.jetbrains.kotlin.protobuf.FieldSet                                          : loaded 2 times (x 72B)
Class com.android.builder.model.v2.ide.ViewBindingOptions                             : loaded 2 times (x 70B)
Class com.google.common.io.LineReader                                                 : loaded 2 times (x 72B)
Class kotlin.reflect.KMutableProperty2                                                : loaded 2 times (x 70B)
Class kotlinx.coroutines.internal.LockFreeTaskQueue                                   : loaded 2 times (x 72B)
Class kotlinx.coroutines.scheduling.DefaultScheduler                                  : loaded 2 times (x 108B)
Class kotlinx.coroutines.Dispatchers                                                  : loaded 2 times (x 71B)
Class com.google.common.io.ByteSource                                                 : loaded 2 times (x 84B)
Class com.android.utils.StringHelper                                                  : loaded 2 times (x 71B)
Class com.google.common.cache.AbstractCache$StatsCounter                              : loaded 2 times (x 70B)
Class com.google.gson.Gson$2                                                          : loaded 2 times (x 76B)
Class [Lcom.amazon.ion.impl.bin.IonManagedBinaryWriter$SymbolState;                   : loaded 2 times (x 69B)
Class com.amazon.ion.impl._Private_IonWriterBase                                      : loaded 2 times (x 162B)
Class com.amazon.ion.system.IonSystemBuilder                                          : loaded 2 times (x 75B)
Class com.amazon.ion.IonCatalog                                                       : loaded 2 times (x 70B)
Class com.intellij.gradle.toolingExtension.impl.model.utilTurnOffDefaultTasksModel.TurnOffDefaultTasks: loaded 2 times (x 70B)
Class com.intellij.gradle.toolingExtension.impl.model.sourceSetModel.GradleSourceSetSerialisationService$SourceSetModelReadContext: loaded 2 times (x 72B)
Class [Lorg.jetbrains.kotlin.metadata.ProtoBuf$MemberKind;                            : loaded 2 times (x 69B)
Class org.jetbrains.kotlin.metadata.ProtoBuf$Package                                  : loaded 2 times (x 129B)
Class org.jetbrains.kotlin.metadata.ProtoBuf$Annotation$Argument$Value$Type$1         : loaded 2 times (x 74B)
Class org.jetbrains.kotlin.metadata.ProtoBuf$TypeTableOrBuilder                       : loaded 2 times (x 70B)
Class org.jetbrains.kotlin.metadata.ProtoBuf$TypeOrBuilder                            : loaded 2 times (x 70B)
Class kotlin.time.DurationUnitKt                                                      : loaded 2 times (x 71B)
Class ijJvmDebugger1_2vo8nnuqe8yg4l9ak5kr516ns$_run_closure1$_closure2                : loaded 2 times (x 140B)
Class kotlinx.coroutines.internal.ResizableAtomicArray                                : loaded 2 times (x 72B)
Class kotlinx.coroutines.intrinsics.CancellableKt                                     : loaded 2 times (x 71B)
Class kotlin.coroutines.jvm.internal.CompletedContinuation                            : loaded 2 times (x 75B)
Class com.google.common.io.LineBuffer                                                 : loaded 2 times (x 75B)
Class com.google.common.collect.MapMakerInternalMap$1                                 : loaded 2 times (x 83B)
Class com.android.builder.model.v2.dsl.BuildType                                      : loaded 2 times (x 70B)
Class com.google.gson.internal.bind.ReflectiveTypeAdapterFactory$BoundField           : loaded 2 times (x 75B)
Class com.google.gson.Gson$3                                                          : loaded 2 times (x 75B)
Class kotlin.sequences.DropTakeSequence                                               : loaded 2 times (x 70B)
Class org.jetbrains.kotlin.descriptors.SourceElement                                  : loaded 2 times (x 70B)
Class com.intellij.gradle.toolingExtension.impl.model.sourceSetModel.GradleSourceSetSerialisationService$SourceSetModelWriteContext: loaded 2 times (x 72B)
Class org.gradle.tooling.internal.adapter.WeakIdentityHashMap                         : loaded 2 times (x 76B)
Class org.gradle.tooling.GradleConnectionException                                    : loaded 2 times (x 83B)
Class org.gradle.tooling.internal.adapter.ProtocolToModelAdapter$1                    : loaded 2 times (x 75B)
Class org.gradle.tooling.internal.adapter.ProtocolToModelAdapter$ViewDecoration       : loaded 2 times (x 70B)
Class org.gradle.internal.installation.GradleInstallation                             : loaded 2 times (x 75B)
Class org.jetbrains.kotlin.metadata.deserialization.ProtoTypeTableUtilKt              : loaded 2 times (x 71B)
Class [Lorg.jetbrains.kotlin.descriptors.DescriptorVisibility;                        : loaded 2 times (x 69B)
Class kotlin.collections.CollectionsKt__IteratorsJVMKt$iterator$1                     : loaded 2 times (x 79B)
Class org.jetbrains.kotlin.metadata.ProtoBuf$Annotation$Argument$Value$Type           : loaded 2 times (x 82B)
Class kotlin.collections.ReversedList                                                 : loaded 2 times (x 207B)
Class com.google.common.base.Splitter$Strategy                                        : loaded 2 times (x 70B)
Class com.google.common.collect.Iterables                                             : loaded 2 times (x 71B)
Class com.google.gson.internal.bind.DefaultDateTypeAdapter$1                          : loaded 2 times (x 75B)
Class com.google.gson.Gson$4                                                          : loaded 2 times (x 76B)
Class com.google.gson.internal.ConstructorConstructor                                 : loaded 2 times (x 72B)
Class com.amazon.ion.impl._Private_RecyclingQueue$Recycler                            : loaded 2 times (x 70B)
Class com.amazon.ion.impl.lite.ContainerlessContext                                   : loaded 2 times (x 80B)
Class org.jetbrains.plugins.gradle.tooling.serialization.GradleExtensionsSerializationService$ReadContext: loaded 2 times (x 72B)
Class sync_studio_tooling2498_9bxfzbjpwnftxw7glq88wgtyv                               : loaded 2 times (x 171B)
Class com.google.common.collect.ForwardingCollection                                  : loaded 2 times (x 130B)
Class com.google.common.collect.LexicographicalOrdering                               : loaded 2 times (x 115B)
Class org.gradle.tooling.internal.adapter.MethodInvoker                               : loaded 2 times (x 70B)
Class org.jetbrains.kotlin.metadata.ProtoBuf$Annotation$Builder                       : loaded 2 times (x 136B)
Class [Lcom.google.common.cache.LocalCache$EntryFactory;                              : loaded 2 times (x 69B)
Class org.jetbrains.kotlin.com.intellij.openapi.diagnostic.DefaultLogger              : loaded 2 times (x 100B)
Class org.jetbrains.kotlin.metadata.jvm.JvmProtoBuf$StringTableTypes$Record$Operation : loaded 2 times (x 82B)
Class kotlin.collections.ReversedList$listIterator$1                                  : loaded 2 times (x 94B)
Class kotlin.io.FileWalkDirection                                                     : loaded 2 times (x 79B)
Class kotlinx.coroutines.JobSupportKt                                                 : loaded 2 times (x 71B)
Class kotlinx.coroutines.ExecutorCoroutineDispatcher$Key                              : loaded 2 times (x 72B)
Class org.jetbrains.kotlin.metadata.ProtoBuf$TypeParameter$Variance$1                 : loaded 2 times (x 74B)
Class com.google.gson.ReflectionAccessFilter$FilterResult                             : loaded 2 times (x 79B)
Class com.google.common.collect.Lists$RandomAccessReverseList                         : loaded 2 times (x 200B)
Class com.android.ide.common.gradle.Part                                              : loaded 2 times (x 77B)
Class com.google.gson.Gson$5                                                          : loaded 2 times (x 76B)
Class gnu.trove.PrimeFinder                                                           : loaded 2 times (x 71B)
Class com.amazon.ion.UnexpectedEofException                                           : loaded 2 times (x 84B)
Class com.amazon.ion.IonSexp                                                          : loaded 2 times (x 70B)
Class com.amazon.ion.ReadOnlyValueException                                           : loaded 2 times (x 84B)
Class com.amazon.ion.impl._Private_LocalSymbolTable                                   : loaded 2 times (x 70B)
Class com.amazon.ion.BufferConfiguration$DataHandler                                  : loaded 2 times (x 70B)
Class com.amazon.ion.impl._Private_IonBinaryWriterBuilder                             : loaded 2 times (x 115B)
Class org.jetbrains.plugins.gradle.tooling.serialization.RepositoriesModelSerializationService$WriteContext: loaded 2 times (x 72B)
Class com.android.ide.gradle.model.LegacyAndroidGradlePluginProperties                : loaded 2 times (x 70B)
Class org.gradle.tooling.model.gradle.GradleScript                                    : loaded 2 times (x 70B)

---------------  S Y S T E M  ---------------

OS:
 Windows 11 , 64 bit Build 26100 (10.0.26100.8246)
OS uptime: 8 days 10:37 hours
Hyper-V role detected

CPU: total 12 (initial active 12) (12 cores per cpu, 2 threads per core) family 23 model 104 stepping 1 microcode 0x8608107, cx8, cmov, fxsr, ht, mmx, 3dnowpref, sse, sse2, sse3, ssse3, sse4a, sse4.1, sse4.2, popcnt, lzcnt, tsc, tscinvbit, avx, avx2, aes, clmul, bmi1, bmi2, adx, sha, fma, vzeroupper, clflush, clflushopt, hv, rdtscp, rdpid, f16c
Processor Information for the first 12 processors :
  Max Mhz: 2100, Current Mhz: 2100, Mhz Limit: 2100

Memory: 4k page, system-wide physical 7501M (437M free)
TotalPageFile size 21837M (AvailPageFile size 0M)
current process WorkingSet (physical memory assigned to process): 487M, peak: 1764M
current process commit charge ("private bytes"): 2689M, peak: 2694M

vm_info: OpenJDK 64-Bit Server VM (21.0.10+-14961533-b1163.108) for windows-amd64 JRE (21.0.10+-14961533-b1163.108), built on 2026-03-02T19:58:50Z by "builder" with MS VC++ 16.10 / 16.11 (VS2019)

END.
