#
# There is insufficient memory for the Java Runtime Environment to continue.
# Native memory allocation (malloc) failed to allocate 1233296 bytes. Error detail: Chunk::new
# Possible reasons:
#   The system is out of physical RAM or swap space
#   This process is running with CompressedOops enabled, and the Java Heap may be blocking the growth of the native heap
# Possible solutions:
#   Reduce memory load on the system
#   Increase physical memory or swap space
#   Check if swap backing store is full
#   Decrease Java heap size (-Xmx/-Xms)
#   Decrease number of Java threads
#   Decrease Java thread stack sizes (-Xss)
#   Set larger code cache with -XX:ReservedCodeCacheSize=
#   JVM is running with Unscaled Compressed Oops mode in which the Java heap is
#     placed in the first 4GB address space. The Java Heap base address is the
#     maximum limit for the native heap growth. Please use -XX:HeapBaseMinAddress
#     to set the Java Heap base and to place the Java Heap above 4GB virtual address.
# This output file may be truncated or incomplete.
#
#  Out of Memory Error (arena.cpp:168), pid=26648, tid=7976
#
# JRE version: OpenJDK Runtime Environment (21.0.10) (build 21.0.10+-14961533-b1163.108)
# Java VM: OpenJDK 64-Bit Server VM (21.0.10+-14961533-b1163.108, mixed mode, tiered, compressed oops, compressed class ptrs, g1 gc, windows-amd64)
# No core dump will be written. Minidumps are not enabled by default on client versions of Windows
#

---------------  S U M M A R Y ------------

Command Line: --add-opens=java.base/java.lang=ALL-UNNAMED --add-opens=java.base/java.lang.invoke=ALL-UNNAMED --add-opens=java.base/java.util=ALL-UNNAMED --add-opens=java.prefs/java.util.prefs=ALL-UNNAMED --add-exports=jdk.compiler/com.sun.tools.javac.api=ALL-UNNAMED --add-exports=jdk.compiler/com.sun.tools.javac.util=ALL-UNNAMED --add-opens=java.base/java.util=ALL-UNNAMED --add-opens=java.prefs/java.util.prefs=ALL-UNNAMED --add-opens=java.base/java.nio.charset=ALL-UNNAMED --add-opens=java.base/java.net=ALL-UNNAMED --add-opens=java.base/java.util.concurrent=ALL-UNNAMED --add-opens=java.base/java.util.concurrent.atomic=ALL-UNNAMED --add-opens=java.xml/javax.xml.namespace=ALL-UNNAMED --add-opens=java.base/java.time=ALL-UNNAMED -Xmx2048m -Dfile.encoding=UTF-8 -Duser.country=US -Duser.language=en -Duser.variant -javaagent:C:\Users\Kabo\.gradle\wrapper\dists\gradle-9.3.1-bin\23ovyewtku6u96viwx3xl3oks\gradle-9.3.1\lib\agents\gradle-instrumentation-agent-9.3.1.jar org.gradle.launcher.daemon.bootstrap.GradleDaemon 9.3.1

Host: AMD Ryzen 5 5500U with Radeon Graphics         , 12 cores, 7G,  Windows 11 , 64 bit Build 26100 (10.0.26100.8246)
Time: Wed May  6 08:43:08 2026 Egypt Daylight Time elapsed time: 19.355505 seconds (0d 0h 0m 19s)

---------------  T H R E A D  ---------------

Current thread (0x0000024d4b0a46f0):  JavaThread "C2 CompilerThread0" daemon [_thread_in_native, id=7976, stack(0x000000a44e300000,0x000000a44e400000) (1024K)]


Current CompileTask:
C2:19355 8382       4       org.jetbrains.kotlin.load.java.structure.impl.classFiles.BinaryClassSignatureParser::parseParameterizedClassRefSignature (257 bytes)

Stack: [0x000000a44e300000,0x000000a44e400000]
Native frames: (J=compiled Java code, j=interpreted, Vv=VM code, C=native code)
V  [jvm.dll+0x6d78a9]
V  [jvm.dll+0x8665b3]
V  [jvm.dll+0x868bde]
V  [jvm.dll+0x8692c3]
V  [jvm.dll+0x280ee6]
V  [jvm.dll+0xc07cd]
V  [jvm.dll+0xc0d03]
V  [jvm.dll+0x3ba091]
V  [jvm.dll+0x385df7]
V  [jvm.dll+0x38526a]
V  [jvm.dll+0x249bd2]
V  [jvm.dll+0x2491a1]
V  [jvm.dll+0x1c76e4]
V  [jvm.dll+0x25891e]
V  [jvm.dll+0x256e66]
V  [jvm.dll+0x3f513e]
V  [jvm.dll+0x80fd28]
V  [jvm.dll+0x6d60fd]
C  [ucrtbase.dll+0x37b0]
C  [KERNEL32.DLL+0x2e8d7]
C  [ntdll.dll+0x8c3fc]


---------------  P R O C E S S  ---------------

Threads class SMR info:
_java_thread_list=0x0000024d50d9a190, length=70, elements={
0x0000024d2f21cad0, 0x0000024d4b0605d0, 0x0000024d4b061900, 0x0000024d4b09df60,
0x0000024d4b09fa30, 0x0000024d4b0a00a0, 0x0000024d4b0a0710, 0x0000024d4b0a1190,
0x0000024d4b0a46f0, 0x0000024d4b0a4da0, 0x0000024d4b3d6e50, 0x0000024d4cd56090,
0x0000024d4c3a1800, 0x0000024d4c6db790, 0x0000024d4c591d80, 0x0000024d4c5871d0,
0x0000024d4d95ff20, 0x0000024d4d988120, 0x0000024d4d987a90, 0x0000024d4d9894d0,
0x0000024d4d9887b0, 0x0000024d4d989b60, 0x0000024d4d988e40, 0x0000024d4d9866e0,
0x0000024d50063cf0, 0x0000024d50064380, 0x0000024d50062fd0, 0x0000024d50064a10,
0x0000024d500650a0, 0x0000024d50065730, 0x0000024d50065dc0, 0x0000024d50062940,
0x0000024d4ce42ec0, 0x0000024d4ce44f90, 0x0000024d4ce45620, 0x0000024d4ce43550,
0x0000024d4ce44270, 0x0000024d4ce43be0, 0x0000024d4ce421a0, 0x0000024d4ce44900,
0x0000024d4ce45cb0, 0x0000024d4ce42830, 0x0000024d4ce48410, 0x0000024d4ce48aa0,
0x0000024d4ce497c0, 0x0000024d4ce49130, 0x0000024d4ce476f0, 0x0000024d4ce46340,
0x0000024d4ce47d80, 0x0000024d508946a0, 0x0000024d50896770, 0x0000024d50894010,
0x0000024d508932f0, 0x0000024d50896e00, 0x0000024d508953c0, 0x0000024d50893980,
0x0000024d50897490, 0x0000024d50897b20, 0x0000024d508981b0, 0x0000024d508960e0,
0x0000024d50895a50, 0x0000024d50894d30, 0x0000024d50899bf0, 0x0000024d50898840,
0x0000024d50898ed0, 0x0000024d5089a910, 0x0000024d5089a280, 0x0000024d50899560,
0x0000024d51fe9ee0, 0x0000024d51fe9850
}

Java Threads: ( => current thread )
  0x0000024d2f21cad0 JavaThread "main"                              [_thread_blocked, id=15448, stack(0x000000a44d400000,0x000000a44d500000) (1024K)]
  0x0000024d4b0605d0 JavaThread "Common-Cleaner"             daemon [_thread_blocked, id=13848, stack(0x000000a44dc00000,0x000000a44dd00000) (1024K)]
  0x0000024d4b061900 JavaThread "Reference Handler"          daemon [_thread_blocked, id=19968, stack(0x000000a44dd00000,0x000000a44de00000) (1024K)]
  0x0000024d4b09df60 JavaThread "Finalizer"                  daemon [_thread_blocked, id=23964, stack(0x000000a44de00000,0x000000a44df00000) (1024K)]
  0x0000024d4b09fa30 JavaThread "Signal Dispatcher"          daemon [_thread_blocked, id=12320, stack(0x000000a44df00000,0x000000a44e000000) (1024K)]
  0x0000024d4b0a00a0 JavaThread "Attach Listener"            daemon [_thread_blocked, id=9676, stack(0x000000a44e000000,0x000000a44e100000) (1024K)]
  0x0000024d4b0a0710 JavaThread "Service Thread"             daemon [_thread_blocked, id=14076, stack(0x000000a44e100000,0x000000a44e200000) (1024K)]
  0x0000024d4b0a1190 JavaThread "Monitor Deflation Thread"   daemon [_thread_blocked, id=16548, stack(0x000000a44e200000,0x000000a44e300000) (1024K)]
=>0x0000024d4b0a46f0 JavaThread "C2 CompilerThread0"         daemon [_thread_in_native, id=7976, stack(0x000000a44e300000,0x000000a44e400000) (1024K)]
  0x0000024d4b0a4da0 JavaThread "C1 CompilerThread0"         daemon [_thread_blocked, id=10784, stack(0x000000a44e400000,0x000000a44e500000) (1024K)]
  0x0000024d4b3d6e50 JavaThread "Notification Thread"        daemon [_thread_blocked, id=7668, stack(0x000000a44e500000,0x000000a44e600000) (1024K)]
  0x0000024d4cd56090 JavaThread "Daemon health stats"               [_thread_blocked, id=18984, stack(0x000000a44eb00000,0x000000a44ec00000) (1024K)]
  0x0000024d4c3a1800 JavaThread "Incoming local TCP Connector on port 52626"        [_thread_in_native, id=7688, stack(0x000000a44f000000,0x000000a44f100000) (1024K)]
  0x0000024d4c6db790 JavaThread "Daemon periodic checks"            [_thread_blocked, id=28176, stack(0x000000a44f100000,0x000000a44f200000) (1024K)]
  0x0000024d4c591d80 JavaThread "Daemon"                            [_thread_blocked, id=27076, stack(0x000000a44f200000,0x000000a44f300000) (1024K)]
  0x0000024d4c5871d0 JavaThread "Handler for socket connection from /127.0.0.1:52626 to /127.0.0.1:52627"        [_thread_in_native, id=24228, stack(0x000000a44f300000,0x000000a44f400000) (1024K)]
  0x0000024d4d95ff20 JavaThread "Cancel handler"                    [_thread_blocked, id=11256, stack(0x000000a44f700000,0x000000a44f800000) (1024K)]
  0x0000024d4d988120 JavaThread "Daemon worker"                     [_thread_in_vm, id=22932, stack(0x000000a44f800000,0x000000a44f900000) (1024K)]
  0x0000024d4d987a90 JavaThread "Asynchronous log dispatcher for DefaultDaemonConnection: socket connection from /127.0.0.1:52626 to /127.0.0.1:52627"        [_thread_blocked, id=29612, stack(0x000000a44f900000,0x000000a44fa00000) (1024K)]
  0x0000024d4d9894d0 JavaThread "Stdin handler"                     [_thread_blocked, id=11064, stack(0x000000a44fa00000,0x000000a44fb00000) (1024K)]
  0x0000024d4d9887b0 JavaThread "Daemon client event forwarder"        [_thread_blocked, id=8000, stack(0x000000a44fb00000,0x000000a44fc00000) (1024K)]
  0x0000024d4d989b60 JavaThread "Cache worker for journal cache (C:\Users\Kabo\.gradle\caches\journal-1)"        [_thread_blocked, id=28708, stack(0x000000a44fc00000,0x000000a44fd00000) (1024K)]
  0x0000024d4d988e40 JavaThread "File lock request listener"        [_thread_in_native, id=8816, stack(0x000000a44fd00000,0x000000a44fe00000) (1024K)]
  0x0000024d4d9866e0 JavaThread "Cache worker for file hash cache (C:\Users\Kabo\.gradle\caches\9.3.1\fileHashes)"        [_thread_blocked, id=4604, stack(0x000000a44fe00000,0x000000a44ff00000) (1024K)]
  0x0000024d50063cf0 JavaThread "Cache worker for file hash cache (D:\android_projects\24_Makany\.gradle\9.3.1\fileHashes)"        [_thread_blocked, id=14016, stack(0x000000a44ff00000,0x000000a450000000) (1024K)]
  0x0000024d50064380 JavaThread "Cache worker for Build Output Cleanup Cache (D:\android_projects\24_Makany\.gradle\buildOutputCleanup)"        [_thread_blocked, id=20028, stack(0x000000a450000000,0x000000a450100000) (1024K)]
  0x0000024d50062fd0 JavaThread "File watcher server"        daemon [_thread_in_native, id=1544, stack(0x000000a450100000,0x000000a450200000) (1024K)]
  0x0000024d50064a10 JavaThread "File watcher consumer"      daemon [_thread_blocked, id=30860, stack(0x000000a450200000,0x000000a450300000) (1024K)]
  0x0000024d500650a0 JavaThread "jar transforms"                    [_thread_blocked, id=15772, stack(0x000000a450300000,0x000000a450400000) (1024K)]
  0x0000024d50065730 JavaThread "jar transforms Thread 2"           [_thread_blocked, id=2348, stack(0x000000a450400000,0x000000a450500000) (1024K)]
  0x0000024d50065dc0 JavaThread "jar transforms Thread 3"           [_thread_blocked, id=12920, stack(0x000000a450500000,0x000000a450600000) (1024K)]
  0x0000024d50062940 JavaThread "jar transforms Thread 4"           [_thread_blocked, id=22580, stack(0x000000a450600000,0x000000a450700000) (1024K)]
  0x0000024d4ce42ec0 JavaThread "jar transforms Thread 5"           [_thread_blocked, id=5952, stack(0x000000a450700000,0x000000a450800000) (1024K)]
  0x0000024d4ce44f90 JavaThread "jar transforms Thread 6"           [_thread_blocked, id=18312, stack(0x000000a450800000,0x000000a450900000) (1024K)]
  0x0000024d4ce45620 JavaThread "jar transforms Thread 7"           [_thread_blocked, id=11036, stack(0x000000a450900000,0x000000a450a00000) (1024K)]
  0x0000024d4ce43550 JavaThread "jar transforms Thread 8"           [_thread_blocked, id=31244, stack(0x000000a450a00000,0x000000a450b00000) (1024K)]
  0x0000024d4ce44270 JavaThread "jar transforms Thread 9"           [_thread_blocked, id=30560, stack(0x000000a450b00000,0x000000a450c00000) (1024K)]
  0x0000024d4ce43be0 JavaThread "jar transforms Thread 10"          [_thread_blocked, id=29328, stack(0x000000a450c00000,0x000000a450d00000) (1024K)]
  0x0000024d4ce421a0 JavaThread "jar transforms Thread 11"          [_thread_blocked, id=30400, stack(0x000000a450d00000,0x000000a450e00000) (1024K)]
  0x0000024d4ce44900 JavaThread "jar transforms Thread 12"          [_thread_blocked, id=17332, stack(0x000000a450e00000,0x000000a450f00000) (1024K)]
  0x0000024d4ce45cb0 JavaThread "Cache worker for checksums cache (D:\android_projects\24_Makany\.gradle\9.3.1\checksums)"        [_thread_blocked, id=27644, stack(0x000000a44e600000,0x000000a44e700000) (1024K)]
  0x0000024d4ce42830 JavaThread "Cache worker for file content cache (C:\Users\Kabo\.gradle\caches\9.3.1\fileContent)"        [_thread_blocked, id=2012, stack(0x000000a450f00000,0x000000a451000000) (1024K)]
  0x0000024d4ce48410 JavaThread "Cache worker for cache directory md-supplier (C:\Users\Kabo\.gradle\caches\9.3.1\md-supplier)"        [_thread_blocked, id=15660, stack(0x000000a451100000,0x000000a451200000) (1024K)]
  0x0000024d4ce48aa0 JavaThread "Cache worker for cache directory md-rule (C:\Users\Kabo\.gradle\caches\9.3.1\md-rule)"        [_thread_blocked, id=31192, stack(0x000000a451200000,0x000000a451300000) (1024K)]
  0x0000024d4ce497c0 JavaThread "Unconstrained build operations"        [_thread_blocked, id=21396, stack(0x000000a451300000,0x000000a451400000) (1024K)]
  0x0000024d4ce49130 JavaThread "Unconstrained build operations Thread 2"        [_thread_blocked, id=22704, stack(0x000000a451400000,0x000000a451500000) (1024K)]
  0x0000024d4ce476f0 JavaThread "Unconstrained build operations Thread 3"        [_thread_blocked, id=16180, stack(0x000000a451500000,0x000000a451600000) (1024K)]
  0x0000024d4ce46340 JavaThread "Unconstrained build operations Thread 4"        [_thread_blocked, id=4916, stack(0x000000a451600000,0x000000a451700000) (1024K)]
  0x0000024d4ce47d80 JavaThread "Unconstrained build operations Thread 5"        [_thread_blocked, id=13916, stack(0x000000a451700000,0x000000a451800000) (1024K)]
  0x0000024d508946a0 JavaThread "Unconstrained build operations Thread 6"        [_thread_blocked, id=12068, stack(0x000000a451800000,0x000000a451900000) (1024K)]
  0x0000024d50896770 JavaThread "Unconstrained build operations Thread 7"        [_thread_blocked, id=25864, stack(0x000000a451900000,0x000000a451a00000) (1024K)]
  0x0000024d50894010 JavaThread "Unconstrained build operations Thread 8"        [_thread_blocked, id=16704, stack(0x000000a451a00000,0x000000a451b00000) (1024K)]
  0x0000024d508932f0 JavaThread "Unconstrained build operations Thread 9"        [_thread_blocked, id=3496, stack(0x000000a451b00000,0x000000a451c00000) (1024K)]
  0x0000024d50896e00 JavaThread "Unconstrained build operations Thread 10"        [_thread_blocked, id=26620, stack(0x000000a451c00000,0x000000a451d00000) (1024K)]
  0x0000024d508953c0 JavaThread "Unconstrained build operations Thread 11"        [_thread_blocked, id=20168, stack(0x000000a451d00000,0x000000a451e00000) (1024K)]
  0x0000024d50893980 JavaThread "Unconstrained build operations Thread 12"        [_thread_blocked, id=9016, stack(0x000000a451e00000,0x000000a451f00000) (1024K)]
  0x0000024d50897490 JavaThread "Unconstrained build operations Thread 13"        [_thread_blocked, id=26352, stack(0x000000a451f00000,0x000000a452000000) (1024K)]
  0x0000024d50897b20 JavaThread "Unconstrained build operations Thread 14"        [_thread_blocked, id=14800, stack(0x000000a452000000,0x000000a452100000) (1024K)]
  0x0000024d508981b0 JavaThread "Unconstrained build operations Thread 15"        [_thread_blocked, id=28164, stack(0x000000a452100000,0x000000a452200000) (1024K)]
  0x0000024d508960e0 JavaThread "Unconstrained build operations Thread 16"        [_thread_blocked, id=15576, stack(0x000000a452200000,0x000000a452300000) (1024K)]
  0x0000024d50895a50 JavaThread "Unconstrained build operations Thread 17"        [_thread_blocked, id=17392, stack(0x000000a452300000,0x000000a452400000) (1024K)]
  0x0000024d50894d30 JavaThread "Unconstrained build operations Thread 18"        [_thread_blocked, id=5708, stack(0x000000a452400000,0x000000a452500000) (1024K)]
  0x0000024d50899bf0 JavaThread "Unconstrained build operations Thread 19"        [_thread_blocked, id=25064, stack(0x000000a452500000,0x000000a452600000) (1024K)]
  0x0000024d50898840 JavaThread "Unconstrained build operations Thread 20"        [_thread_blocked, id=3920, stack(0x000000a452600000,0x000000a452700000) (1024K)]
  0x0000024d50898ed0 JavaThread "Unconstrained build operations Thread 21"        [_thread_blocked, id=14280, stack(0x000000a452700000,0x000000a452800000) (1024K)]
  0x0000024d5089a910 JavaThread "Unconstrained build operations Thread 22"        [_thread_blocked, id=26144, stack(0x000000a452800000,0x000000a452900000) (1024K)]
  0x0000024d5089a280 JavaThread "Unconstrained build operations Thread 23"        [_thread_blocked, id=30828, stack(0x000000a452900000,0x000000a452a00000) (1024K)]
  0x0000024d50899560 JavaThread "Unconstrained build operations Thread 24"        [_thread_blocked, id=27308, stack(0x000000a452a00000,0x000000a452b00000) (1024K)]
  0x0000024d51fe9ee0 JavaThread "Unconstrained build operations Thread 25"        [_thread_blocked, id=24904, stack(0x000000a452b00000,0x000000a452c00000) (1024K)]
  0x0000024d51fe9850 JavaThread "Unconstrained build operations Thread 26"        [_thread_blocked, id=22184, stack(0x000000a452c00000,0x000000a452d00000) (1024K)]
Total: 70

Other Threads:
  0x0000024d4b033fd0 VMThread "VM Thread"                           [id=13584, stack(0x000000a44db00000,0x000000a44dc00000) (1024K)]
  0x0000024d46d2ff40 WatcherThread "VM Periodic Task Thread"        [id=31384, stack(0x000000a44da00000,0x000000a44db00000) (1024K)]
  0x0000024d2f275ff0 WorkerThread "GC Thread#0"                     [id=28696, stack(0x000000a44d500000,0x000000a44d600000) (1024K)]
  0x0000024d4b7dac80 WorkerThread "GC Thread#1"                     [id=21004, stack(0x000000a44e700000,0x000000a44e800000) (1024K)]
  0x0000024d4b7d6480 WorkerThread "GC Thread#2"                     [id=8328, stack(0x000000a44e800000,0x000000a44e900000) (1024K)]
  0x0000024d4bddebd0 WorkerThread "GC Thread#3"                     [id=24744, stack(0x000000a44e900000,0x000000a44ea00000) (1024K)]
  0x0000024d4c0163d0 WorkerThread "GC Thread#4"                     [id=29256, stack(0x000000a44ea00000,0x000000a44eb00000) (1024K)]
  0x0000024d4c4ae660 WorkerThread "GC Thread#5"                     [id=23244, stack(0x000000a44ec00000,0x000000a44ed00000) (1024K)]
  0x0000024d4c4aea10 WorkerThread "GC Thread#6"                     [id=15480, stack(0x000000a44ed00000,0x000000a44ee00000) (1024K)]
  0x0000024d4c4aedc0 WorkerThread "GC Thread#7"                     [id=15860, stack(0x000000a44ee00000,0x000000a44ef00000) (1024K)]
  0x0000024d4c4af170 WorkerThread "GC Thread#8"                     [id=19720, stack(0x000000a44ef00000,0x000000a44f000000) (1024K)]
  0x0000024d4c424010 WorkerThread "GC Thread#9"                     [id=26764, stack(0x000000a44f400000,0x000000a44f500000) (1024K)]
  0x0000024d2f286ef0 ConcurrentGCThread "G1 Main Marker"            [id=23868, stack(0x000000a44d600000,0x000000a44d700000) (1024K)]
  0x0000024d2f288f60 WorkerThread "G1 Conc#0"                       [id=23024, stack(0x000000a44d700000,0x000000a44d800000) (1024K)]
  0x0000024d4c4229f0 WorkerThread "G1 Conc#1"                       [id=19576, stack(0x000000a44f500000,0x000000a44f600000) (1024K)]
  0x0000024d4c4243c0 WorkerThread "G1 Conc#2"                       [id=20288, stack(0x000000a44f600000,0x000000a44f700000) (1024K)]
  0x0000024d46bfa080 ConcurrentGCThread "G1 Refine#0"               [id=9328, stack(0x000000a44d800000,0x000000a44d900000) (1024K)]
  0x0000024d46bfb8c0 ConcurrentGCThread "G1 Service"                [id=23020, stack(0x000000a44d900000,0x000000a44da00000) (1024K)]
Total: 18

Threads with active compile tasks:
C2 CompilerThread0  19395 8382       4       org.jetbrains.kotlin.load.java.structure.impl.classFiles.BinaryClassSignatureParser::parseParameterizedClassRefSignature (257 bytes)
C1 CompilerThread0  19395 8487       3       kotlin.jvm.internal.CallableReference::getOwner (36 bytes)
Total: 2

VM state: not at safepoint (normal execution)

VM Mutex/Monitor currently owned by a thread: None

Heap address: 0x0000000080000000, size: 2048 MB, Compressed Oops mode: 32-bit

CDS archive(s) not mapped
Compressed class space mapped at: 0x0000000100000000-0x0000000140000000, reserved size: 1073741824
Narrow klass base: 0x0000000000000000, Narrow klass shift: 3, Narrow klass range: 0x140000000

GC Precious Log:
 CardTable entry size: 512
 Card Set container configuration: InlinePtr #cards 5 size 8 Array Of Cards #cards 12 size 40 Howl #buckets 4 coarsen threshold 1843 Howl Bitmap #cards 512 size 80 coarsen threshold 460 Card regions per heap region 1 cards per card region 2048
 CPUs: 12 total, 12 available
 Memory: 7501M
 Large Page Support: Disabled
 NUMA Support: Disabled
 Compressed Oops: Enabled (32-bit)
 Heap Region Size: 1M
 Heap Min Capacity: 8M
 Heap Initial Capacity: 118M
 Heap Max Capacity: 2G
 Pre-touch: Disabled
 Parallel Workers: 10
 Concurrent Workers: 3
 Concurrent Refinement Workers: 10
 Periodic GC: Disabled

Heap:
 garbage-first heap   total 184320K, used 153964K [0x0000000080000000, 0x0000000100000000)
  region size 1024K, 49 young (50176K), 3 survivors (3072K)
 Metaspace       used 105729K, committed 107584K, reserved 1179648K
  class space    used 14206K, committed 15104K, reserved 1048576K

Heap Regions: E=young(eden), S=young(survivor), O=old, HS=humongous(starts), HC=humongous(continues), CS=collection set, F=free, TAMS=top-at-mark-start, PB=parsable bottom
|   0|0x0000000080000000, 0x0000000080100000, 0x0000000080100000|100%|HS|  |TAMS 0x0000000080000000| PB 0x0000000080000000| Complete 
|   1|0x0000000080100000, 0x0000000080200000, 0x0000000080200000|100%|HC|  |TAMS 0x0000000080100000| PB 0x0000000080100000| Complete 
|   2|0x0000000080200000, 0x0000000080300000, 0x0000000080300000|100%|HC|  |TAMS 0x0000000080200000| PB 0x0000000080200000| Complete 
|   3|0x0000000080300000, 0x0000000080400000, 0x0000000080400000|100%|HC|  |TAMS 0x0000000080300000| PB 0x0000000080300000| Complete 
|   4|0x0000000080400000, 0x0000000080500000, 0x0000000080500000|100%| O|  |TAMS 0x0000000080400000| PB 0x0000000080400000| Untracked 
|   5|0x0000000080500000, 0x0000000080600000, 0x0000000080600000|100%| O|  |TAMS 0x0000000080500000| PB 0x0000000080500000| Untracked 
|   6|0x0000000080600000, 0x0000000080700000, 0x0000000080700000|100%| O|  |TAMS 0x0000000080600000| PB 0x0000000080600000| Untracked 
|   7|0x0000000080700000, 0x0000000080800000, 0x0000000080800000|100%|HS|  |TAMS 0x0000000080700000| PB 0x0000000080700000| Complete 
|   8|0x0000000080800000, 0x0000000080900000, 0x0000000080900000|100%| O|  |TAMS 0x0000000080800000| PB 0x0000000080800000| Untracked 
|   9|0x0000000080900000, 0x0000000080a00000, 0x0000000080a00000|100%| O|  |TAMS 0x0000000080900000| PB 0x0000000080900000| Untracked 
|  10|0x0000000080a00000, 0x0000000080b00000, 0x0000000080b00000|100%| O|  |TAMS 0x0000000080a00000| PB 0x0000000080a00000| Untracked 
|  11|0x0000000080b00000, 0x0000000080c00000, 0x0000000080c00000|100%| O|  |TAMS 0x0000000080b00000| PB 0x0000000080b00000| Untracked 
|  12|0x0000000080c00000, 0x0000000080d00000, 0x0000000080d00000|100%| O|  |TAMS 0x0000000080c00000| PB 0x0000000080c00000| Untracked 
|  13|0x0000000080d00000, 0x0000000080e00000, 0x0000000080e00000|100%| O|  |TAMS 0x0000000080d00000| PB 0x0000000080d00000| Untracked 
|  14|0x0000000080e00000, 0x0000000080f00000, 0x0000000080f00000|100%| O|  |TAMS 0x0000000080e00000| PB 0x0000000080e00000| Untracked 
|  15|0x0000000080f00000, 0x0000000081000000, 0x0000000081000000|100%| O|  |TAMS 0x0000000080f00000| PB 0x0000000080f00000| Untracked 
|  16|0x0000000081000000, 0x0000000081100000, 0x0000000081100000|100%| O|  |TAMS 0x0000000081000000| PB 0x0000000081000000| Untracked 
|  17|0x0000000081100000, 0x0000000081200000, 0x0000000081200000|100%| O|  |TAMS 0x0000000081100000| PB 0x0000000081100000| Untracked 
|  18|0x0000000081200000, 0x0000000081300000, 0x0000000081300000|100%| O|  |TAMS 0x0000000081200000| PB 0x0000000081200000| Untracked 
|  19|0x0000000081300000, 0x0000000081400000, 0x0000000081400000|100%| O|  |TAMS 0x0000000081300000| PB 0x0000000081300000| Untracked 
|  20|0x0000000081400000, 0x0000000081500000, 0x0000000081500000|100%|HS|  |TAMS 0x0000000081400000| PB 0x0000000081400000| Complete 
|  21|0x0000000081500000, 0x0000000081600000, 0x0000000081600000|100%| O|  |TAMS 0x0000000081500000| PB 0x0000000081500000| Untracked 
|  22|0x0000000081600000, 0x0000000081700000, 0x0000000081700000|100%| O|  |TAMS 0x0000000081600000| PB 0x0000000081600000| Untracked 
|  23|0x0000000081700000, 0x0000000081800000, 0x0000000081800000|100%| O|  |TAMS 0x0000000081700000| PB 0x0000000081700000| Untracked 
|  24|0x0000000081800000, 0x0000000081900000, 0x0000000081900000|100%|HS|  |TAMS 0x0000000081800000| PB 0x0000000081800000| Complete 
|  25|0x0000000081900000, 0x0000000081a00000, 0x0000000081a00000|100%|HC|  |TAMS 0x0000000081900000| PB 0x0000000081900000| Complete 
|  26|0x0000000081a00000, 0x0000000081b00000, 0x0000000081b00000|100%|HC|  |TAMS 0x0000000081a00000| PB 0x0000000081a00000| Complete 
|  27|0x0000000081b00000, 0x0000000081c00000, 0x0000000081c00000|100%|HC|  |TAMS 0x0000000081b00000| PB 0x0000000081b00000| Complete 
|  28|0x0000000081c00000, 0x0000000081d00000, 0x0000000081d00000|100%|HC|  |TAMS 0x0000000081c00000| PB 0x0000000081c00000| Complete 
|  29|0x0000000081d00000, 0x0000000081e00000, 0x0000000081e00000|100%|HC|  |TAMS 0x0000000081d00000| PB 0x0000000081d00000| Complete 
|  30|0x0000000081e00000, 0x0000000081f00000, 0x0000000081f00000|100%|HS|  |TAMS 0x0000000081e00000| PB 0x0000000081e00000| Complete 
|  31|0x0000000081f00000, 0x0000000082000000, 0x0000000082000000|100%|HC|  |TAMS 0x0000000081f00000| PB 0x0000000081f00000| Complete 
|  32|0x0000000082000000, 0x0000000082100000, 0x0000000082100000|100%|HS|  |TAMS 0x0000000082000000| PB 0x0000000082000000| Complete 
|  33|0x0000000082100000, 0x0000000082200000, 0x0000000082200000|100%|HC|  |TAMS 0x0000000082100000| PB 0x0000000082100000| Complete 
|  34|0x0000000082200000, 0x0000000082300000, 0x0000000082300000|100%|HC|  |TAMS 0x0000000082200000| PB 0x0000000082200000| Complete 
|  35|0x0000000082300000, 0x0000000082400000, 0x0000000082400000|100%|HC|  |TAMS 0x0000000082300000| PB 0x0000000082300000| Complete 
|  36|0x0000000082400000, 0x0000000082500000, 0x0000000082500000|100%|HC|  |TAMS 0x0000000082400000| PB 0x0000000082400000| Complete 
|  37|0x0000000082500000, 0x0000000082600000, 0x0000000082600000|100%|HC|  |TAMS 0x0000000082500000| PB 0x0000000082500000| Complete 
|  38|0x0000000082600000, 0x0000000082700000, 0x0000000082700000|100%|HS|  |TAMS 0x0000000082600000| PB 0x0000000082600000| Complete 
|  39|0x0000000082700000, 0x0000000082800000, 0x0000000082800000|100%|HC|  |TAMS 0x0000000082700000| PB 0x0000000082700000| Complete 
|  40|0x0000000082800000, 0x0000000082900000, 0x0000000082900000|100%| O|  |TAMS 0x0000000082800000| PB 0x0000000082800000| Untracked 
|  41|0x0000000082900000, 0x0000000082a00000, 0x0000000082a00000|100%| O|  |TAMS 0x0000000082900000| PB 0x0000000082900000| Untracked 
|  42|0x0000000082a00000, 0x0000000082b00000, 0x0000000082b00000|100%| O|  |TAMS 0x0000000082a00000| PB 0x0000000082a00000| Untracked 
|  43|0x0000000082b00000, 0x0000000082c00000, 0x0000000082c00000|100%| O|  |TAMS 0x0000000082b00000| PB 0x0000000082b00000| Untracked 
|  44|0x0000000082c00000, 0x0000000082d00000, 0x0000000082d00000|100%| O|  |TAMS 0x0000000082c00000| PB 0x0000000082c00000| Untracked 
|  45|0x0000000082d00000, 0x0000000082e00000, 0x0000000082e00000|100%| O|  |TAMS 0x0000000082d00000| PB 0x0000000082d00000| Untracked 
|  46|0x0000000082e00000, 0x0000000082f00000, 0x0000000082f00000|100%|HS|  |TAMS 0x0000000082e00000| PB 0x0000000082e00000| Complete 
|  47|0x0000000082f00000, 0x0000000083000000, 0x0000000083000000|100%| O|  |TAMS 0x0000000082f00000| PB 0x0000000082f00000| Untracked 
|  48|0x0000000083000000, 0x0000000083100000, 0x0000000083100000|100%| O|  |TAMS 0x0000000083000000| PB 0x0000000083000000| Untracked 
|  49|0x0000000083100000, 0x0000000083200000, 0x0000000083200000|100%| O|  |TAMS 0x0000000083100000| PB 0x0000000083100000| Untracked 
|  50|0x0000000083200000, 0x0000000083300000, 0x0000000083300000|100%| O|  |TAMS 0x0000000083200000| PB 0x0000000083200000| Untracked 
|  51|0x0000000083300000, 0x0000000083400000, 0x0000000083400000|100%| O|  |TAMS 0x0000000083300000| PB 0x0000000083300000| Untracked 
|  52|0x0000000083400000, 0x0000000083500000, 0x0000000083500000|100%| O|  |TAMS 0x0000000083400000| PB 0x0000000083400000| Untracked 
|  53|0x0000000083500000, 0x0000000083600000, 0x0000000083600000|100%| O|  |TAMS 0x0000000083500000| PB 0x0000000083500000| Untracked 
|  54|0x0000000083600000, 0x0000000083700000, 0x0000000083700000|100%| O|  |TAMS 0x0000000083600000| PB 0x0000000083600000| Untracked 
|  55|0x0000000083700000, 0x0000000083800000, 0x0000000083800000|100%| O|  |TAMS 0x0000000083700000| PB 0x0000000083700000| Untracked 
|  56|0x0000000083800000, 0x0000000083900000, 0x0000000083900000|100%|HS|  |TAMS 0x0000000083800000| PB 0x0000000083800000| Complete 
|  57|0x0000000083900000, 0x0000000083a00000, 0x0000000083a00000|100%|HC|  |TAMS 0x0000000083900000| PB 0x0000000083900000| Complete 
|  58|0x0000000083a00000, 0x0000000083b00000, 0x0000000083b00000|100%| O|  |TAMS 0x0000000083a00000| PB 0x0000000083a00000| Untracked 
|  59|0x0000000083b00000, 0x0000000083c00000, 0x0000000083c00000|100%| O|  |TAMS 0x0000000083b00000| PB 0x0000000083b00000| Untracked 
|  60|0x0000000083c00000, 0x0000000083d00000, 0x0000000083d00000|100%| O|  |TAMS 0x0000000083c00000| PB 0x0000000083c00000| Untracked 
|  61|0x0000000083d00000, 0x0000000083e00000, 0x0000000083e00000|100%| O|  |TAMS 0x0000000083d00000| PB 0x0000000083d00000| Untracked 
|  62|0x0000000083e00000, 0x0000000083f00000, 0x0000000083f00000|100%| O|  |TAMS 0x0000000083e00000| PB 0x0000000083e00000| Untracked 
|  63|0x0000000083f00000, 0x0000000084000000, 0x0000000084000000|100%| O|  |TAMS 0x0000000083f00000| PB 0x0000000083f00000| Untracked 
|  64|0x0000000084000000, 0x0000000084100000, 0x0000000084100000|100%| O|Cm|TAMS 0x0000000084000000| PB 0x0000000084000000| Complete 
|  65|0x0000000084100000, 0x0000000084200000, 0x0000000084200000|100%| O|  |TAMS 0x0000000084100000| PB 0x0000000084100000| Untracked 
|  66|0x0000000084200000, 0x0000000084300000, 0x0000000084300000|100%| O|  |TAMS 0x0000000084200000| PB 0x0000000084200000| Untracked 
|  67|0x0000000084300000, 0x0000000084400000, 0x0000000084400000|100%| O|  |TAMS 0x0000000084300000| PB 0x0000000084300000| Untracked 
|  68|0x0000000084400000, 0x0000000084500000, 0x0000000084500000|100%| O|  |TAMS 0x0000000084400000| PB 0x0000000084400000| Untracked 
|  69|0x0000000084500000, 0x0000000084600000, 0x0000000084600000|100%| O|  |TAMS 0x0000000084500000| PB 0x0000000084500000| Untracked 
|  70|0x0000000084600000, 0x0000000084700000, 0x0000000084700000|100%| O|  |TAMS 0x0000000084600000| PB 0x0000000084600000| Untracked 
|  71|0x0000000084700000, 0x0000000084800000, 0x0000000084800000|100%| O|  |TAMS 0x0000000084700000| PB 0x0000000084700000| Untracked 
|  72|0x0000000084800000, 0x0000000084900000, 0x0000000084900000|100%| O|  |TAMS 0x0000000084800000| PB 0x0000000084800000| Untracked 
|  73|0x0000000084900000, 0x0000000084a00000, 0x0000000084a00000|100%| O|  |TAMS 0x0000000084900000| PB 0x0000000084900000| Untracked 
|  74|0x0000000084a00000, 0x0000000084b00000, 0x0000000084b00000|100%| O|  |TAMS 0x0000000084a00000| PB 0x0000000084a00000| Untracked 
|  75|0x0000000084b00000, 0x0000000084c00000, 0x0000000084c00000|100%| O|  |TAMS 0x0000000084b00000| PB 0x0000000084b00000| Untracked 
|  76|0x0000000084c00000, 0x0000000084d00000, 0x0000000084d00000|100%| O|  |TAMS 0x0000000084c00000| PB 0x0000000084c00000| Untracked 
|  77|0x0000000084d00000, 0x0000000084e00000, 0x0000000084e00000|100%| O|  |TAMS 0x0000000084d00000| PB 0x0000000084d00000| Untracked 
|  78|0x0000000084e00000, 0x0000000084f00000, 0x0000000084f00000|100%| O|  |TAMS 0x0000000084e00000| PB 0x0000000084e00000| Untracked 
|  79|0x0000000084f00000, 0x0000000085000000, 0x0000000085000000|100%| O|  |TAMS 0x0000000084f00000| PB 0x0000000084f00000| Untracked 
|  80|0x0000000085000000, 0x0000000085100000, 0x0000000085100000|100%| O|  |TAMS 0x0000000085000000| PB 0x0000000085000000| Untracked 
|  81|0x0000000085100000, 0x0000000085200000, 0x0000000085200000|100%| O|  |TAMS 0x0000000085100000| PB 0x0000000085100000| Untracked 
|  82|0x0000000085200000, 0x0000000085300000, 0x0000000085300000|100%| O|  |TAMS 0x0000000085200000| PB 0x0000000085200000| Untracked 
|  83|0x0000000085300000, 0x0000000085400000, 0x0000000085400000|100%| O|  |TAMS 0x0000000085300000| PB 0x0000000085300000| Untracked 
|  84|0x0000000085400000, 0x0000000085500000, 0x0000000085500000|100%| O|  |TAMS 0x0000000085400000| PB 0x0000000085400000| Untracked 
|  85|0x0000000085500000, 0x0000000085600000, 0x0000000085600000|100%| O|  |TAMS 0x0000000085500000| PB 0x0000000085500000| Untracked 
|  86|0x0000000085600000, 0x0000000085700000, 0x0000000085700000|100%| O|  |TAMS 0x0000000085600000| PB 0x0000000085600000| Untracked 
|  87|0x0000000085700000, 0x0000000085800000, 0x0000000085800000|100%| O|  |TAMS 0x0000000085700000| PB 0x0000000085700000| Untracked 
|  88|0x0000000085800000, 0x0000000085900000, 0x0000000085900000|100%| O|  |TAMS 0x0000000085800000| PB 0x0000000085800000| Untracked 
|  89|0x0000000085900000, 0x0000000085a00000, 0x0000000085a00000|100%| O|Cm|TAMS 0x0000000085900000| PB 0x0000000085900000| Complete 
|  90|0x0000000085a00000, 0x0000000085b00000, 0x0000000085b00000|100%| O|  |TAMS 0x0000000085a00000| PB 0x0000000085a00000| Untracked 
|  91|0x0000000085b00000, 0x0000000085c00000, 0x0000000085c00000|100%| O|  |TAMS 0x0000000085b00000| PB 0x0000000085b00000| Untracked 
|  92|0x0000000085c00000, 0x0000000085d00000, 0x0000000085d00000|100%| O|  |TAMS 0x0000000085c00000| PB 0x0000000085c00000| Untracked 
|  93|0x0000000085d00000, 0x0000000085e00000, 0x0000000085e00000|100%| O|  |TAMS 0x0000000085d00000| PB 0x0000000085d00000| Untracked 
|  94|0x0000000085e00000, 0x0000000085f00000, 0x0000000085f00000|100%|HS|  |TAMS 0x0000000085e00000| PB 0x0000000085e00000| Complete 
|  95|0x0000000085f00000, 0x0000000085f00000, 0x0000000086000000|  0%| F|  |TAMS 0x0000000085f00000| PB 0x0000000085f00000| Untracked 
|  96|0x0000000086000000, 0x0000000086000000, 0x0000000086100000|  0%| F|  |TAMS 0x0000000086000000| PB 0x0000000086000000| Untracked 
|  97|0x0000000086100000, 0x0000000086100000, 0x0000000086200000|  0%| F|  |TAMS 0x0000000086100000| PB 0x0000000086100000| Untracked 
|  98|0x0000000086200000, 0x0000000086200000, 0x0000000086300000|  0%| F|  |TAMS 0x0000000086200000| PB 0x0000000086200000| Untracked 
|  99|0x0000000086300000, 0x0000000086300000, 0x0000000086400000|  0%| F|  |TAMS 0x0000000086300000| PB 0x0000000086300000| Untracked 
| 100|0x0000000086400000, 0x0000000086400000, 0x0000000086500000|  0%| F|  |TAMS 0x0000000086400000| PB 0x0000000086400000| Untracked 
| 101|0x0000000086500000, 0x0000000086500000, 0x0000000086600000|  0%| F|  |TAMS 0x0000000086500000| PB 0x0000000086500000| Untracked 
| 102|0x0000000086600000, 0x0000000086600000, 0x0000000086700000|  0%| F|  |TAMS 0x0000000086600000| PB 0x0000000086600000| Untracked 
| 103|0x0000000086700000, 0x0000000086800000, 0x0000000086800000|100%| O|  |TAMS 0x0000000086700000| PB 0x0000000086700000| Untracked 
| 104|0x0000000086800000, 0x00000000868f41f0, 0x0000000086900000| 95%| O|  |TAMS 0x0000000086800000| PB 0x0000000086800000| Untracked 
| 105|0x0000000086900000, 0x0000000086900000, 0x0000000086a00000|  0%| F|  |TAMS 0x0000000086900000| PB 0x0000000086900000| Untracked 
| 106|0x0000000086a00000, 0x0000000086a00000, 0x0000000086b00000|  0%| F|  |TAMS 0x0000000086a00000| PB 0x0000000086a00000| Untracked 
| 107|0x0000000086b00000, 0x0000000086b00000, 0x0000000086c00000|  0%| F|  |TAMS 0x0000000086b00000| PB 0x0000000086b00000| Untracked 
| 108|0x0000000086c00000, 0x0000000086c00000, 0x0000000086d00000|  0%| F|  |TAMS 0x0000000086c00000| PB 0x0000000086c00000| Untracked 
| 109|0x0000000086d00000, 0x0000000086d00000, 0x0000000086e00000|  0%| F|  |TAMS 0x0000000086d00000| PB 0x0000000086d00000| Untracked 
| 110|0x0000000086e00000, 0x0000000086e00000, 0x0000000086f00000|  0%| F|  |TAMS 0x0000000086e00000| PB 0x0000000086e00000| Untracked 
| 111|0x0000000086f00000, 0x0000000086f00000, 0x0000000087000000|  0%| F|  |TAMS 0x0000000086f00000| PB 0x0000000086f00000| Untracked 
| 112|0x0000000087000000, 0x0000000087000000, 0x0000000087100000|  0%| F|  |TAMS 0x0000000087000000| PB 0x0000000087000000| Untracked 
| 113|0x0000000087100000, 0x0000000087100000, 0x0000000087200000|  0%| F|  |TAMS 0x0000000087100000| PB 0x0000000087100000| Untracked 
| 114|0x0000000087200000, 0x0000000087200000, 0x0000000087300000|  0%| F|  |TAMS 0x0000000087200000| PB 0x0000000087200000| Untracked 
| 115|0x0000000087300000, 0x0000000087300000, 0x0000000087400000|  0%| F|  |TAMS 0x0000000087300000| PB 0x0000000087300000| Untracked 
| 116|0x0000000087400000, 0x0000000087400000, 0x0000000087500000|  0%| F|  |TAMS 0x0000000087400000| PB 0x0000000087400000| Untracked 
| 117|0x0000000087500000, 0x0000000087500000, 0x0000000087600000|  0%| F|  |TAMS 0x0000000087500000| PB 0x0000000087500000| Untracked 
| 118|0x0000000087600000, 0x0000000087600000, 0x0000000087700000|  0%| F|  |TAMS 0x0000000087600000| PB 0x0000000087600000| Untracked 
| 119|0x0000000087700000, 0x0000000087700000, 0x0000000087800000|  0%| F|  |TAMS 0x0000000087700000| PB 0x0000000087700000| Untracked 
| 120|0x0000000087800000, 0x0000000087800000, 0x0000000087900000|  0%| F|  |TAMS 0x0000000087800000| PB 0x0000000087800000| Untracked 
| 121|0x0000000087900000, 0x0000000087900000, 0x0000000087a00000|  0%| F|  |TAMS 0x0000000087900000| PB 0x0000000087900000| Untracked 
| 122|0x0000000087a00000, 0x0000000087a00000, 0x0000000087b00000|  0%| F|  |TAMS 0x0000000087a00000| PB 0x0000000087a00000| Untracked 
| 123|0x0000000087b00000, 0x0000000087b00000, 0x0000000087c00000|  0%| F|  |TAMS 0x0000000087b00000| PB 0x0000000087b00000| Untracked 
| 124|0x0000000087c00000, 0x0000000087cace20, 0x0000000087d00000| 67%| E|  |TAMS 0x0000000087c00000| PB 0x0000000087c00000| Complete 
| 125|0x0000000087d00000, 0x0000000087e00000, 0x0000000087e00000|100%| E|  |TAMS 0x0000000087d00000| PB 0x0000000087d00000| Complete 
| 126|0x0000000087e00000, 0x0000000087f00000, 0x0000000087f00000|100%| E|CS|TAMS 0x0000000087e00000| PB 0x0000000087e00000| Complete 
| 127|0x0000000087f00000, 0x0000000088000000, 0x0000000088000000|100%| E|CS|TAMS 0x0000000087f00000| PB 0x0000000087f00000| Complete 
| 128|0x0000000088000000, 0x0000000088100000, 0x0000000088100000|100%| E|CS|TAMS 0x0000000088000000| PB 0x0000000088000000| Complete 
| 129|0x0000000088100000, 0x0000000088200000, 0x0000000088200000|100%| E|CS|TAMS 0x0000000088100000| PB 0x0000000088100000| Complete 
| 130|0x0000000088200000, 0x0000000088300000, 0x0000000088300000|100%| E|CS|TAMS 0x0000000088200000| PB 0x0000000088200000| Complete 
| 131|0x0000000088300000, 0x0000000088400000, 0x0000000088400000|100%| E|CS|TAMS 0x0000000088300000| PB 0x0000000088300000| Complete 
| 132|0x0000000088400000, 0x0000000088500000, 0x0000000088500000|100%| E|CS|TAMS 0x0000000088400000| PB 0x0000000088400000| Complete 
| 133|0x0000000088500000, 0x0000000088600000, 0x0000000088600000|100%| E|CS|TAMS 0x0000000088500000| PB 0x0000000088500000| Complete 
| 134|0x0000000088600000, 0x0000000088700000, 0x0000000088700000|100%| E|CS|TAMS 0x0000000088600000| PB 0x0000000088600000| Complete 
| 135|0x0000000088700000, 0x0000000088800000, 0x0000000088800000|100%| E|CS|TAMS 0x0000000088700000| PB 0x0000000088700000| Complete 
| 136|0x0000000088800000, 0x0000000088900000, 0x0000000088900000|100%| E|CS|TAMS 0x0000000088800000| PB 0x0000000088800000| Complete 
| 137|0x0000000088900000, 0x0000000088a00000, 0x0000000088a00000|100%| E|CS|TAMS 0x0000000088900000| PB 0x0000000088900000| Complete 
| 138|0x0000000088a00000, 0x0000000088b00000, 0x0000000088b00000|100%| E|CS|TAMS 0x0000000088a00000| PB 0x0000000088a00000| Complete 
| 139|0x0000000088b00000, 0x0000000088c00000, 0x0000000088c00000|100%| E|CS|TAMS 0x0000000088b00000| PB 0x0000000088b00000| Complete 
| 140|0x0000000088c00000, 0x0000000088d00000, 0x0000000088d00000|100%| E|CS|TAMS 0x0000000088c00000| PB 0x0000000088c00000| Complete 
| 141|0x0000000088d00000, 0x0000000088e00000, 0x0000000088e00000|100%| E|CS|TAMS 0x0000000088d00000| PB 0x0000000088d00000| Complete 
| 142|0x0000000088e00000, 0x0000000088e67000, 0x0000000088f00000| 40%| S|CS|TAMS 0x0000000088e00000| PB 0x0000000088e00000| Complete 
| 143|0x0000000088f00000, 0x0000000089000000, 0x0000000089000000|100%| S|CS|TAMS 0x0000000088f00000| PB 0x0000000088f00000| Complete 
| 144|0x0000000089000000, 0x0000000089100000, 0x0000000089100000|100%| S|CS|TAMS 0x0000000089000000| PB 0x0000000089000000| Complete 
| 145|0x0000000089100000, 0x0000000089200000, 0x0000000089200000|100%| E|CS|TAMS 0x0000000089100000| PB 0x0000000089100000| Complete 
| 146|0x0000000089200000, 0x0000000089300000, 0x0000000089300000|100%| E|CS|TAMS 0x0000000089200000| PB 0x0000000089200000| Complete 
| 147|0x0000000089300000, 0x0000000089400000, 0x0000000089400000|100%| E|CS|TAMS 0x0000000089300000| PB 0x0000000089300000| Complete 
| 148|0x0000000089400000, 0x0000000089500000, 0x0000000089500000|100%| E|CS|TAMS 0x0000000089400000| PB 0x0000000089400000| Complete 
| 149|0x0000000089500000, 0x0000000089600000, 0x0000000089600000|100%| E|CS|TAMS 0x0000000089500000| PB 0x0000000089500000| Complete 
| 150|0x0000000089600000, 0x0000000089700000, 0x0000000089700000|100%| E|CS|TAMS 0x0000000089600000| PB 0x0000000089600000| Complete 
| 151|0x0000000089700000, 0x0000000089800000, 0x0000000089800000|100%| E|CS|TAMS 0x0000000089700000| PB 0x0000000089700000| Complete 
| 152|0x0000000089800000, 0x0000000089900000, 0x0000000089900000|100%| E|CS|TAMS 0x0000000089800000| PB 0x0000000089800000| Complete 
| 153|0x0000000089900000, 0x0000000089a00000, 0x0000000089a00000|100%| E|CS|TAMS 0x0000000089900000| PB 0x0000000089900000| Complete 
| 154|0x0000000089a00000, 0x0000000089b00000, 0x0000000089b00000|100%| E|CS|TAMS 0x0000000089a00000| PB 0x0000000089a00000| Complete 
| 155|0x0000000089b00000, 0x0000000089c00000, 0x0000000089c00000|100%| E|CS|TAMS 0x0000000089b00000| PB 0x0000000089b00000| Complete 
| 156|0x0000000089c00000, 0x0000000089d00000, 0x0000000089d00000|100%| E|CS|TAMS 0x0000000089c00000| PB 0x0000000089c00000| Complete 
| 157|0x0000000089d00000, 0x0000000089e00000, 0x0000000089e00000|100%| E|CS|TAMS 0x0000000089d00000| PB 0x0000000089d00000| Complete 
| 158|0x0000000089e00000, 0x0000000089f00000, 0x0000000089f00000|100%| E|CS|TAMS 0x0000000089e00000| PB 0x0000000089e00000| Complete 
| 159|0x0000000089f00000, 0x000000008a000000, 0x000000008a000000|100%| E|CS|TAMS 0x0000000089f00000| PB 0x0000000089f00000| Complete 
| 160|0x000000008a000000, 0x000000008a100000, 0x000000008a100000|100%| E|CS|TAMS 0x000000008a000000| PB 0x000000008a000000| Complete 
| 161|0x000000008a100000, 0x000000008a200000, 0x000000008a200000|100%| E|CS|TAMS 0x000000008a100000| PB 0x000000008a100000| Complete 
| 162|0x000000008a200000, 0x000000008a300000, 0x000000008a300000|100%| E|CS|TAMS 0x000000008a200000| PB 0x000000008a200000| Complete 
| 163|0x000000008a300000, 0x000000008a400000, 0x000000008a400000|100%| E|CS|TAMS 0x000000008a300000| PB 0x000000008a300000| Complete 
| 164|0x000000008a400000, 0x000000008a500000, 0x000000008a500000|100%| E|CS|TAMS 0x000000008a400000| PB 0x000000008a400000| Complete 
| 165|0x000000008a500000, 0x000000008a600000, 0x000000008a600000|100%| E|CS|TAMS 0x000000008a500000| PB 0x000000008a500000| Complete 
| 166|0x000000008a600000, 0x000000008a700000, 0x000000008a700000|100%| E|CS|TAMS 0x000000008a600000| PB 0x000000008a600000| Complete 
| 167|0x000000008a700000, 0x000000008a800000, 0x000000008a800000|100%| E|CS|TAMS 0x000000008a700000| PB 0x000000008a700000| Complete 
| 168|0x000000008a800000, 0x000000008a900000, 0x000000008a900000|100%| E|CS|TAMS 0x000000008a800000| PB 0x000000008a800000| Complete 
| 169|0x000000008a900000, 0x000000008aa00000, 0x000000008aa00000|100%| E|CS|TAMS 0x000000008a900000| PB 0x000000008a900000| Complete 
| 170|0x000000008aa00000, 0x000000008ab00000, 0x000000008ab00000|100%| E|CS|TAMS 0x000000008aa00000| PB 0x000000008aa00000| Complete 
| 171|0x000000008ab00000, 0x000000008ac00000, 0x000000008ac00000|100%| E|CS|TAMS 0x000000008ab00000| PB 0x000000008ab00000| Complete 
|2040|0x00000000ff800000, 0x00000000ff900000, 0x00000000ff900000|100%| O|  |TAMS 0x00000000ff800000| PB 0x00000000ff800000| Untracked 
|2041|0x00000000ff900000, 0x00000000ffa00000, 0x00000000ffa00000|100%| O|  |TAMS 0x00000000ff900000| PB 0x00000000ff900000| Untracked 
|2042|0x00000000ffa00000, 0x00000000ffb00000, 0x00000000ffb00000|100%| O|  |TAMS 0x00000000ffa00000| PB 0x00000000ffa00000| Untracked 
|2043|0x00000000ffb00000, 0x00000000ffc00000, 0x00000000ffc00000|100%| O|  |TAMS 0x00000000ffb00000| PB 0x00000000ffb00000| Untracked 
|2044|0x00000000ffc00000, 0x00000000ffd00000, 0x00000000ffd00000|100%| O|  |TAMS 0x00000000ffc00000| PB 0x00000000ffc00000| Untracked 
|2045|0x00000000ffd00000, 0x00000000ffe00000, 0x00000000ffe00000|100%| O|  |TAMS 0x00000000ffd00000| PB 0x00000000ffd00000| Untracked 
|2046|0x00000000ffe00000, 0x00000000fff00000, 0x00000000fff00000|100%| E|CS|TAMS 0x00000000ffe00000| PB 0x00000000ffe00000| Complete 
|2047|0x00000000fff00000, 0x0000000100000000, 0x0000000100000000|100%| O|  |TAMS 0x00000000fff00000| PB 0x00000000fff00000| Untracked 

Card table byte_map: [0x0000024d41ce0000,0x0000024d420e0000] _byte_map_base: 0x0000024d418e0000

Marking Bits: (CMBitMap*) 0x0000024d2f276610
 Bits: [0x0000024d420e0000, 0x0000024d440e0000)

Polling page: 0x0000024d2d190000

Metaspace:

Usage:
  Non-class:     89.39 MB used.
      Class:     13.87 MB used.
       Both:    103.26 MB used.

Virtual space:
  Non-class space:      128.00 MB reserved,      90.31 MB ( 71%) committed,  2 nodes.
      Class space:        1.00 GB reserved,      14.75 MB (  1%) committed,  1 nodes.
             Both:        1.12 GB reserved,     105.06 MB (  9%) committed. 

Chunk freelists:
   Non-Class:  4.95 MB
       Class:  1.30 MB
        Both:  6.25 MB

MaxMetaspaceSize: unlimited
CompressedClassSpaceSize: 1.00 GB
Initial GC threshold: 21.00 MB
Current GC threshold: 171.69 MB
CDS: off
 - commit_granule_bytes: 65536.
 - commit_granule_words: 8192.
 - virtual_space_node_default_size: 8388608.
 - enlarge_chunks_in_place: 1.
 - use_allocation_guard: 0.


Internal statistics:

num_allocs_failed_limit: 9.
num_arena_births: 3356.
num_arena_deaths: 0.
num_vsnodes_births: 3.
num_vsnodes_deaths: 0.
num_space_committed: 1681.
num_space_uncommitted: 0.
num_chunks_returned_to_freelist: 9.
num_chunks_taken_from_freelist: 7387.
num_chunk_merges: 6.
num_chunk_splits: 5171.
num_chunks_enlarged: 3623.
num_inconsistent_stats: 0.

CodeHeap 'non-profiled nmethods': size=120000Kb used=4162Kb max_used=4162Kb free=115837Kb
 bounds [0x0000024d39e50000, 0x0000024d3a270000, 0x0000024d41380000]
CodeHeap 'profiled nmethods': size=120000Kb used=13300Kb max_used=13300Kb free=106700Kb
 bounds [0x0000024d32380000, 0x0000024d33080000, 0x0000024d398b0000]
CodeHeap 'non-nmethods': size=5760Kb used=2043Kb max_used=2064Kb free=3716Kb
 bounds [0x0000024d398b0000, 0x0000024d39b20000, 0x0000024d39e50000]
CodeCache: size=245760Kb, used=19505Kb, max_used=19526Kb, free=226253Kb
 total_blobs=7980, nmethods=7060, adapters=824, full_count=0
Compilation: enabled, stopped_count=0, restarted_count=0

Compilation events (20 events):
Event: 18.309 Thread 0x0000024d4b0a4da0 8475       3       org.jetbrains.kotlin.fir.resolve.TypeExpansionUtilsKt::fullyExpandedType (456 bytes)
Event: 18.311 Thread 0x0000024d4b0a4da0 nmethod 8475 0x0000024d3306ee90 code [0x0000024d3306f3a0, 0x0000024d33071ae8]
Event: 18.311 Thread 0x0000024d4b0a4da0 8477       3       org.jetbrains.kotlin.fir.analysis.collectors.components.AbstractDiagnosticCollectorComponent::visitElement (13 bytes)
Event: 18.311 Thread 0x0000024d4b0a4da0 nmethod 8477 0x0000024d33072690 code [0x0000024d33072840, 0x0000024d33072ae8]
Event: 18.311 Thread 0x0000024d4b0a4da0 8478       3       org.jetbrains.kotlin.fir.analysis.collectors.components.AbstractDiagnosticCollectorComponent::visitElement (13 bytes)
Event: 18.312 Thread 0x0000024d4b0a4da0 nmethod 8478 0x0000024d33072b90 code [0x0000024d33072e20, 0x0000024d330737d0]
Event: 18.312 Thread 0x0000024d4b0a4da0 8481       3       kotlin.collections.CollectionsKt___CollectionsKt::lastOrNull (34 bytes)
Event: 18.312 Thread 0x0000024d4b0a4da0 nmethod 8481 0x0000024d33073b90 code [0x0000024d33073de0, 0x0000024d330745e8]
Event: 18.312 Thread 0x0000024d4b0a4da0 8476       3       org.jetbrains.kotlin.fir.LanguageVersionUtilsKt::isEnabled (28 bytes)
Event: 18.314 Thread 0x0000024d4b0a4da0 nmethod 8476 0x0000024d33074890 code [0x0000024d33074c80, 0x0000024d33076358]
Event: 18.314 Thread 0x0000024d4b0a4da0 8480       1       org.jetbrains.kotlin.fir.expressions.impl.FirFunctionCallImpl::getAnnotations-5e3fPpI (5 bytes)
Event: 18.314 Thread 0x0000024d4b0a4da0 nmethod 8480 0x0000024d3a260090 code [0x0000024d3a260220, 0x0000024d3a2602e8]
Event: 18.314 Thread 0x0000024d4b0a4da0 8479       1       org.jetbrains.kotlin.fir.declarations.impl.FirSimpleFunctionImpl::getReceiverParameter (5 bytes)
Event: 18.314 Thread 0x0000024d4b0a4da0 nmethod 8479 0x0000024d3a260390 code [0x0000024d3a260520, 0x0000024d3a2605e8]
Event: 18.410 Thread 0x0000024d4b0a4da0 8482       3       java.lang.management.ManagementFactory$$Lambda/0x0000000100171810::apply (12 bytes)
Event: 18.411 Thread 0x0000024d4b0a4da0 nmethod 8482 0x0000024d33076c10 code [0x0000024d33076de0, 0x0000024d330771d0]
Event: 18.411 Thread 0x0000024d4b0a4da0 8484   !   3       java.util.stream.ReferencePipeline$7$1::accept (127 bytes)
Event: 18.412 Thread 0x0000024d4b0a4da0 nmethod 8484 0x0000024d33077310 code [0x0000024d330775a0, 0x0000024d33078310]
Event: 18.412 Thread 0x0000024d4b0a4da0 8483       3       java.lang.management.ManagementFactory::lambda$getPlatformMXBeans$3 (13 bytes)
Event: 18.412 Thread 0x0000024d4b0a4da0 nmethod 8483 0x0000024d33078810 code [0x0000024d330789e0, 0x0000024d33078c50]

GC Heap History (20 events):
Event: 11.659 GC heap before
{Heap before GC invocations=18 (full 0):
 garbage-first heap   total 102400K, used 92476K [0x0000000080000000, 0x0000000100000000)
  region size 1024K, 30 young (30720K), 4 survivors (4096K)
 Metaspace       used 57831K, committed 59392K, reserved 1114112K
  class space    used 8183K, committed 8960K, reserved 1048576K
}
Event: 11.664 GC heap after
{Heap after GC invocations=19 (full 0):
 garbage-first heap   total 102400K, used 70064K [0x0000000080000000, 0x0000000100000000)
  region size 1024K, 4 young (4096K), 4 survivors (4096K)
 Metaspace       used 57831K, committed 59392K, reserved 1114112K
  class space    used 8183K, committed 8960K, reserved 1048576K
}
Event: 11.930 GC heap before
{Heap before GC invocations=20 (full 0):
 garbage-first heap   total 119808K, used 92592K [0x0000000080000000, 0x0000000100000000)
  region size 1024K, 26 young (26624K), 4 survivors (4096K)
 Metaspace       used 58808K, committed 60544K, reserved 1114112K
  class space    used 8326K, committed 9152K, reserved 1048576K
}
Event: 11.934 GC heap after
{Heap after GC invocations=21 (full 0):
 garbage-first heap   total 149504K, used 71053K [0x0000000080000000, 0x0000000100000000)
  region size 1024K, 1 young (1024K), 1 survivors (1024K)
 Metaspace       used 58808K, committed 60544K, reserved 1114112K
  class space    used 8326K, committed 9152K, reserved 1048576K
}
Event: 12.770 GC heap before
{Heap before GC invocations=21 (full 0):
 garbage-first heap   total 149504K, used 127373K [0x0000000080000000, 0x0000000100000000)
  region size 1024K, 56 young (57344K), 1 survivors (1024K)
 Metaspace       used 65391K, committed 67072K, reserved 1114112K
  class space    used 9606K, committed 10432K, reserved 1048576K
}
Event: 12.773 GC heap after
{Heap after GC invocations=22 (full 0):
 garbage-first heap   total 149504K, used 72446K [0x0000000080000000, 0x0000000100000000)
  region size 1024K, 3 young (3072K), 3 survivors (3072K)
 Metaspace       used 65391K, committed 67072K, reserved 1114112K
  class space    used 9606K, committed 10432K, reserved 1048576K
}
Event: 13.819 GC heap before
{Heap before GC invocations=22 (full 0):
 garbage-first heap   total 149504K, used 129790K [0x0000000080000000, 0x0000000100000000)
  region size 1024K, 59 young (60416K), 3 survivors (3072K)
 Metaspace       used 73533K, committed 75328K, reserved 1114112K
  class space    used 10647K, committed 11456K, reserved 1048576K
}
Event: 13.824 GC heap after
{Heap after GC invocations=23 (full 0):
 garbage-first heap   total 149504K, used 73988K [0x0000000080000000, 0x0000000100000000)
  region size 1024K, 5 young (5120K), 5 survivors (5120K)
 Metaspace       used 73533K, committed 75328K, reserved 1114112K
  class space    used 10647K, committed 11456K, reserved 1048576K
}
Event: 14.253 GC heap before
{Heap before GC invocations=24 (full 0):
 garbage-first heap   total 149504K, used 131332K [0x0000000080000000, 0x0000000100000000)
  region size 1024K, 61 young (62464K), 5 survivors (5120K)
 Metaspace       used 75979K, committed 77696K, reserved 1179648K
  class space    used 10954K, committed 11776K, reserved 1048576K
}
Event: 14.267 GC heap after
{Heap after GC invocations=25 (full 0):
 garbage-first heap   total 153600K, used 91074K [0x0000000080000000, 0x0000000100000000)
  region size 1024K, 8 young (8192K), 8 survivors (8192K)
 Metaspace       used 75979K, committed 77696K, reserved 1179648K
  class space    used 10954K, committed 11776K, reserved 1048576K
}
Event: 14.933 GC heap before
{Heap before GC invocations=25 (full 0):
 garbage-first heap   total 153600K, used 129986K [0x0000000080000000, 0x0000000100000000)
  region size 1024K, 46 young (47104K), 8 survivors (8192K)
 Metaspace       used 81132K, committed 82880K, reserved 1179648K
  class space    used 11505K, committed 12288K, reserved 1048576K
}
Event: 14.942 GC heap after
{Heap after GC invocations=26 (full 0):
 garbage-first heap   total 153600K, used 93557K [0x0000000080000000, 0x0000000100000000)
  region size 1024K, 2 young (2048K), 2 survivors (2048K)
 Metaspace       used 81132K, committed 82880K, reserved 1179648K
  class space    used 11505K, committed 12288K, reserved 1048576K
}
Event: 15.592 GC heap before
{Heap before GC invocations=26 (full 0):
 garbage-first heap   total 153600K, used 133493K [0x0000000080000000, 0x0000000100000000)
  region size 1024K, 41 young (41984K), 2 survivors (2048K)
 Metaspace       used 85123K, committed 86912K, reserved 1179648K
  class space    used 11963K, committed 12800K, reserved 1048576K
}
Event: 15.597 GC heap after
{Heap after GC invocations=27 (full 0):
 garbage-first heap   total 184320K, used 97085K [0x0000000080000000, 0x0000000100000000)
  region size 1024K, 6 young (6144K), 6 survivors (6144K)
 Metaspace       used 85123K, committed 86912K, reserved 1179648K
  class space    used 11963K, committed 12800K, reserved 1048576K
}
Event: 16.505 GC heap before
{Heap before GC invocations=28 (full 0):
 garbage-first heap   total 184320K, used 158525K [0x0000000080000000, 0x0000000100000000)
  region size 1024K, 67 young (68608K), 6 survivors (6144K)
 Metaspace       used 93340K, committed 95104K, reserved 1179648K
  class space    used 12789K, committed 13632K, reserved 1048576K
}
Event: 16.511 GC heap after
{Heap after GC invocations=29 (full 0):
 garbage-first heap   total 184320K, used 99405K [0x0000000080000000, 0x0000000100000000)
  region size 1024K, 7 young (7168K), 7 survivors (7168K)
 Metaspace       used 93340K, committed 95104K, reserved 1179648K
  class space    used 12789K, committed 13632K, reserved 1048576K
}
Event: 17.322 GC heap before
{Heap before GC invocations=29 (full 0):
 garbage-first heap   total 184320K, used 162893K [0x0000000080000000, 0x0000000100000000)
  region size 1024K, 70 young (71680K), 7 survivors (7168K)
 Metaspace       used 100297K, committed 102080K, reserved 1179648K
  class space    used 13585K, committed 14464K, reserved 1048576K
}
Event: 17.330 GC heap after
{Heap after GC invocations=30 (full 0):
 garbage-first heap   total 184320K, used 105529K [0x0000000080000000, 0x0000000100000000)
  region size 1024K, 9 young (9216K), 9 survivors (9216K)
 Metaspace       used 100297K, committed 102080K, reserved 1179648K
  class space    used 13585K, committed 14464K, reserved 1048576K
}
Event: 17.803 GC heap before
{Heap before GC invocations=30 (full 0):
 garbage-first heap   total 184320K, used 133177K [0x0000000080000000, 0x0000000100000000)
  region size 1024K, 37 young (37888K), 9 survivors (9216K)
 Metaspace       used 103615K, committed 105408K, reserved 1179648K
  class space    used 13998K, committed 14848K, reserved 1048576K
}
Event: 17.809 GC heap after
{Heap after GC invocations=31 (full 0):
 garbage-first heap   total 184320K, used 107884K [0x0000000080000000, 0x0000000100000000)
  region size 1024K, 3 young (3072K), 3 survivors (3072K)
 Metaspace       used 103615K, committed 105408K, reserved 1179648K
  class space    used 13998K, committed 14848K, reserved 1048576K
}

Dll operation events (3 events):
Event: 0.009 Loaded shared library C:\Program Files\Android\Android Studio\jbr\bin\java.dll
Event: 0.016 Loaded shared library C:\Program Files\Android\Android Studio\jbr\bin\zip.dll
Event: 0.847 Loaded shared library C:\Program Files\Android\Android Studio\jbr\bin\verify.dll

Deoptimization events (20 events):
Event: 18.171 Thread 0x0000024d4d988120 DEOPT PACKING pc=0x0000024d3a1c9dfc sp=0x000000a44f8f3860
Event: 18.171 Thread 0x0000024d4d988120 DEOPT UNPACKING pc=0x0000024d399043a2 sp=0x000000a44f8f3810 mode 2
Event: 18.223 Thread 0x0000024d4d988120 DEOPT PACKING pc=0x0000024d32d732bd sp=0x000000a44f8f1610
Event: 18.223 Thread 0x0000024d4d988120 DEOPT UNPACKING pc=0x0000024d39904b42 sp=0x000000a44f8f0aa0 mode 0
Event: 18.227 Thread 0x0000024d4d988120 Uncommon trap: trap_request=0xffffffd6 fr.pc=0x0000024d3a2454ec relative=0x00000000000003ac
Event: 18.227 Thread 0x0000024d4d988120 Uncommon trap: reason=array_check action=maybe_recompile pc=0x0000024d3a2454ec method=java.util.LinkedHashMap.keysToArray([Ljava/lang/Object;Z)[Ljava/lang/Object; @ 67 c2
Event: 18.227 Thread 0x0000024d4d988120 DEOPT PACKING pc=0x0000024d3a2454ec sp=0x000000a44f8f2980
Event: 18.228 Thread 0x0000024d4d988120 DEOPT UNPACKING pc=0x0000024d399043a2 sp=0x000000a44f8f2920 mode 2
Event: 18.258 Thread 0x0000024d4d988120 Uncommon trap: trap_request=0xffffffd6 fr.pc=0x0000024d3a2454ec relative=0x00000000000003ac
Event: 18.258 Thread 0x0000024d4d988120 Uncommon trap: reason=array_check action=maybe_recompile pc=0x0000024d3a2454ec method=java.util.LinkedHashMap.keysToArray([Ljava/lang/Object;Z)[Ljava/lang/Object; @ 67 c2
Event: 18.258 Thread 0x0000024d4d988120 DEOPT PACKING pc=0x0000024d3a2454ec sp=0x000000a44f8f2500
Event: 18.258 Thread 0x0000024d4d988120 DEOPT UNPACKING pc=0x0000024d399043a2 sp=0x000000a44f8f24a0 mode 2
Event: 18.259 Thread 0x0000024d4d988120 Uncommon trap: trap_request=0xffffffd6 fr.pc=0x0000024d3a2454ec relative=0x00000000000003ac
Event: 18.259 Thread 0x0000024d4d988120 Uncommon trap: reason=array_check action=maybe_recompile pc=0x0000024d3a2454ec method=java.util.LinkedHashMap.keysToArray([Ljava/lang/Object;Z)[Ljava/lang/Object; @ 67 c2
Event: 18.259 Thread 0x0000024d4d988120 DEOPT PACKING pc=0x0000024d3a2454ec sp=0x000000a44f8f2220
Event: 18.259 Thread 0x0000024d4d988120 DEOPT UNPACKING pc=0x0000024d399043a2 sp=0x000000a44f8f21c0 mode 2
Event: 18.260 Thread 0x0000024d4d988120 Uncommon trap: trap_request=0xffffffd6 fr.pc=0x0000024d3a2454ec relative=0x00000000000003ac
Event: 18.260 Thread 0x0000024d4d988120 Uncommon trap: reason=array_check action=maybe_recompile pc=0x0000024d3a2454ec method=java.util.LinkedHashMap.keysToArray([Ljava/lang/Object;Z)[Ljava/lang/Object; @ 67 c2
Event: 18.260 Thread 0x0000024d4d988120 DEOPT PACKING pc=0x0000024d3a2454ec sp=0x000000a44f8f1d80
Event: 18.260 Thread 0x0000024d4d988120 DEOPT UNPACKING pc=0x0000024d399043a2 sp=0x000000a44f8f1d20 mode 2

Classes loaded (20 events):
Event: 16.380 Loading class java/text/StringCharacterIterator
Event: 16.380 Loading class java/text/CharacterIterator
Event: 16.381 Loading class java/text/CharacterIterator done
Event: 16.381 Loading class java/text/StringCharacterIterator done
Event: 16.617 Loading class java/util/PriorityQueue
Event: 16.618 Loading class java/util/PriorityQueue done
Event: 17.309 Loading class java/util/AbstractList$SubList
Event: 17.310 Loading class java/util/AbstractList$SubList done
Event: 17.310 Loading class java/util/AbstractList$SubList$1
Event: 17.310 Loading class java/util/AbstractList$SubList$1 done
Event: 17.381 Loading class java/util/EnumMap$EntrySet
Event: 17.382 Loading class java/util/EnumMap$EntrySet done
Event: 17.382 Loading class java/util/EnumMap$EntryIterator
Event: 17.382 Loading class java/util/EnumMap$EnumMapIterator
Event: 17.382 Loading class java/util/EnumMap$EnumMapIterator done
Event: 17.382 Loading class java/util/EnumMap$EntryIterator done
Event: 17.382 Loading class java/util/EnumMap$EntryIterator$Entry
Event: 17.382 Loading class java/util/EnumMap$EntryIterator$Entry done
Event: 17.525 Loading class java/util/AbstractList$RandomAccessSubList
Event: 17.526 Loading class java/util/AbstractList$RandomAccessSubList done

Classes unloaded (0 events):
No events

Classes redefined (0 events):
No events

Internal exceptions (20 events):
Event: 12.926 Thread 0x0000024d4d988120 Exception <a 'java/lang/NoSuchMethodError'{0x00000000886e12e8}: 'void java.lang.invoke.DelegatingMethodHandle$Holder.reinvoke_L(java.lang.Object, java.lang.Object, java.lang.Object, long, java.lang.Object)'> (0x00000000886e12e8) 
thrown [s\src\hotspot\share\interpreter\linkResolver.cpp, line 784]
Event: 12.927 Thread 0x0000024d4d988120 Exception <a 'java/lang/NoSuchMethodError'{0x00000000886e9848}: 'java.lang.Object java.lang.invoke.DirectMethodHandle$Holder.invokeSpecial(java.lang.Object, java.lang.Object, java.lang.Object, java.lang.Object, long)'> (0x00000000886e9848) 
thrown [s\src\hotspot\share\interpreter\linkResolver.cpp, line 784]
Event: 12.928 Thread 0x0000024d4d988120 Exception <a 'java/lang/NoSuchMethodError'{0x00000000886f9898}: 'int java.lang.invoke.DelegatingMethodHandle$Holder.reinvoke_L(java.lang.Object, java.lang.Object, java.lang.Object, long, java.lang.Object, java.lang.Object)'> (0x00000000886f9898) 
thrown [s\src\hotspot\share\interpreter\linkResolver.cpp, line 784]
Event: 12.928 Thread 0x0000024d4d988120 Exception <a 'java/lang/NoSuchMethodError'{0x0000000088509438}: 'int java.lang.invoke.DelegatingMethodHandle$Holder.reinvoke_L(java.lang.Object, java.lang.Object, java.lang.Object, long, int, int)'> (0x0000000088509438) 
thrown [s\src\hotspot\share\interpreter\linkResolver.cpp, line 784]
Event: 12.929 Thread 0x0000024d4d988120 Exception <a 'java/lang/NoSuchMethodError'{0x0000000088518b48}: 'int java.lang.invoke.DelegatingMethodHandle$Holder.reinvoke_L(java.lang.Object, java.lang.Object, java.lang.Object, long, long, long)'> (0x0000000088518b48) 
thrown [s\src\hotspot\share\interpreter\linkResolver.cpp, line 784]
Event: 12.930 Thread 0x0000024d4d988120 Exception <a 'java/lang/NoSuchMethodError'{0x0000000088527f20}: 'int java.lang.invoke.DelegatingMethodHandle$Holder.reinvoke_L(java.lang.Object, java.lang.Object, java.lang.Object, long, int)'> (0x0000000088527f20) 
thrown [s\src\hotspot\share\interpreter\linkResolver.cpp, line 784]
Event: 12.930 Thread 0x0000024d4d988120 Exception <a 'java/lang/NoSuchMethodError'{0x000000008853b398}: 'void java.lang.invoke.DelegatingMethodHandle$Holder.reinvoke_L(java.lang.Object, java.lang.Object, java.lang.Object, long, java.lang.Object, long, long)'> (0x000000008853b398) 
thrown [s\src\hotspot\share\interpreter\linkResolver.cpp, line 784]
Event: 12.931 Thread 0x0000024d4d988120 Exception <a 'java/lang/NoSuchMethodError'{0x00000000885435a0}: 'long java.lang.invoke.Invokers$Holder.invokeExact_MT(java.lang.Object, java.lang.Object, java.lang.Object)'> (0x00000000885435a0) 
thrown [s\src\hotspot\share\interpreter\linkResolver.cpp, line 784]
Event: 12.932 Thread 0x0000024d4d988120 Exception <a 'java/lang/NoSuchMethodError'{0x0000000088548648}: 'int java.lang.invoke.Invokers$Holder.invokeExact_MT(java.lang.Object, java.lang.Object, java.lang.Object)'> (0x0000000088548648) 
thrown [s\src\hotspot\share\interpreter\linkResolver.cpp, line 784]
Event: 13.656 Thread 0x0000024d4d988120 Exception <a 'java/lang/NoSuchMethodError'{0x00000000860e1fc8}: 'java.lang.Object java.lang.invoke.DirectMethodHandle$Holder.invokeStatic(java.lang.Object, java.lang.Object, java.lang.Object, java.lang.Object, int, java.lang.Object)'> (0x00000000860e1fc8) 
thrown [s\src\hotspot\share\interpreter\linkResolver.cpp, line 784]
Event: 13.692 Thread 0x0000024d4d988120 Exception <a 'java/lang/NoSuchMethodError'{0x0000000085e56528}: 'long java.lang.invoke.DirectMethodHandle$Holder.invokeStatic(java.lang.Object, java.lang.Object, int)'> (0x0000000085e56528) 
thrown [s\src\hotspot\share\interpreter\linkResolver.cpp, line 784]
Event: 13.693 Thread 0x0000024d4d988120 Exception <a 'java/lang/NoSuchMethodError'{0x0000000085e62dc0}: 'java.lang.Object java.lang.invoke.DelegatingMethodHandle$Holder.reinvoke_L(java.lang.Object, int, long, java.lang.Object, java.lang.Object, int, java.lang.Object)'> (0x0000000085e62dc0) 
thrown [s\src\hotspot\share\interpreter\linkResolver.cpp, line 784]
Event: 14.010 Thread 0x0000024d4d988120 Exception <a 'java/lang/NoSuchMethodError'{0x000000008841ee30}: 'java.lang.Object java.lang.invoke.Invokers$Holder.invokeExact_MT(java.lang.Object, java.lang.Object, long, java.lang.Object)'> (0x000000008841ee30) 
thrown [s\src\hotspot\share\interpreter\linkResolver.cpp, line 784]
Event: 14.092 Thread 0x0000024d4d988120 Exception <a 'java/lang/NoSuchMethodError'{0x0000000087e6bf18}: 'java.lang.Object java.lang.invoke.DirectMethodHandle$Holder.invokeStatic(java.lang.Object, java.lang.Object, long, long)'> (0x0000000087e6bf18) 
thrown [s\src\hotspot\share\interpreter\linkResolver.cpp, line 784]
Event: 14.099 Thread 0x0000024d4d988120 Exception <a 'java/lang/NoSuchMethodError'{0x0000000087ebaf70}: 'java.lang.Object java.lang.invoke.DirectMethodHandle$Holder.invokeStatic(java.lang.Object, java.lang.Object, java.lang.Object, long, java.lang.Object)'> (0x0000000087ebaf70) 
thrown [s\src\hotspot\share\interpreter\linkResolver.cpp, line 784]
Event: 14.100 Thread 0x0000024d4d988120 Exception <a 'java/lang/NoSuchMethodError'{0x0000000087ec3928}: 'java.lang.Object java.lang.invoke.DirectMethodHandle$Holder.newInvokeSpecial(java.lang.Object, java.lang.Object, java.lang.Object, long)'> (0x0000000087ec3928) 
thrown [s\src\hotspot\share\interpreter\linkResolver.cpp, line 784]
Event: 14.100 Thread 0x0000024d4d988120 Exception <a 'java/lang/NoSuchMethodError'{0x0000000087ec8ef0}: 'java.lang.Object java.lang.invoke.Invokers$Holder.linkToTargetMethod(java.lang.Object, java.lang.Object, long, java.lang.Object)'> (0x0000000087ec8ef0) 
thrown [s\src\hotspot\share\interpreter\linkResolver.cpp, line 784]
Event: 14.223 Thread 0x0000024d4d988120 Implicit null exception at 0x0000024d3a030ce7 to 0x0000024d3a0310f0
Event: 14.234 Thread 0x0000024d4d988120 Implicit null exception at 0x0000024d3a191c70 to 0x0000024d3a1929f8
Event: 17.440 Thread 0x0000024d4d988120 Exception <a 'java/lang/NoSuchMethodError'{0x000000008a655130}: 'java.lang.Object java.lang.invoke.DirectMethodHandle$Holder.newInvokeSpecial(java.lang.Object, int, java.lang.Object, java.lang.Object)'> (0x000000008a655130) 
thrown [s\src\hotspot\share\interpreter\linkResolver.cpp, line 784]

ZGC Phase Switch (0 events):
No events

VM Operations (20 events):
Event: 16.505 Executing safepoint VM operation: G1CollectForAllocation (G1 Evacuation Pause)
Event: 16.511 Executing safepoint VM operation: G1CollectForAllocation (G1 Evacuation Pause) done
Event: 17.102 Executing non-safepoint VM operation: HandshakeAllThreads (Deoptimize)
Event: 17.102 Executing non-safepoint VM operation: HandshakeAllThreads (Deoptimize) done
Event: 17.286 Executing non-safepoint VM operation: HandshakeAllThreads (Deoptimize)
Event: 17.286 Executing non-safepoint VM operation: HandshakeAllThreads (Deoptimize) done
Event: 17.322 Executing safepoint VM operation: G1CollectForAllocation (G1 Evacuation Pause)
Event: 17.330 Executing safepoint VM operation: G1CollectForAllocation (G1 Evacuation Pause) done
Event: 17.368 Executing non-safepoint VM operation: HandshakeAllThreads (Deoptimize)
Event: 17.368 Executing non-safepoint VM operation: HandshakeAllThreads (Deoptimize) done
Event: 17.696 Executing non-safepoint VM operation: HandshakeAllThreads (Deoptimize)
Event: 17.696 Executing non-safepoint VM operation: HandshakeAllThreads (Deoptimize) done
Event: 17.803 Executing safepoint VM operation: G1TryInitiateConcMark (G1 Humongous Allocation)
Event: 17.809 Executing safepoint VM operation: G1TryInitiateConcMark (G1 Humongous Allocation) done
Event: 17.857 Executing safepoint VM operation: G1PauseRemark
Event: 17.861 Executing safepoint VM operation: G1PauseRemark done
Event: 17.880 Executing safepoint VM operation: G1PauseCleanup
Event: 17.881 Executing safepoint VM operation: G1PauseCleanup done
Event: 18.882 Executing safepoint VM operation: Cleanup
Event: 18.883 Executing safepoint VM operation: Cleanup done

Memory protections (0 events):
No events

Nmethod flushes (20 events):
Event: 17.860 Thread 0x0000024d4b033fd0 flushing  nmethod 0x0000024d32b2c090
Event: 17.860 Thread 0x0000024d4b033fd0 flushing  nmethod 0x0000024d39e6d410
Event: 17.860 Thread 0x0000024d4b033fd0 flushing  nmethod 0x0000024d3a01fc90
Event: 17.860 Thread 0x0000024d4b033fd0 flushing  nmethod 0x0000024d3a020910
Event: 17.860 Thread 0x0000024d4b033fd0 flushing  nmethod 0x0000024d3a030a10
Event: 17.860 Thread 0x0000024d4b033fd0 flushing  nmethod 0x0000024d3a1d4010
Event: 17.860 Thread 0x0000024d4b033fd0 flushing  nmethod 0x0000024d3245f190
Event: 17.860 Thread 0x0000024d4b033fd0 flushing  nmethod 0x0000024d324e8d90
Event: 17.860 Thread 0x0000024d4b033fd0 flushing  nmethod 0x0000024d3266c910
Event: 17.860 Thread 0x0000024d4b033fd0 flushing  nmethod 0x0000024d32722610
Event: 17.860 Thread 0x0000024d4b033fd0 flushing  nmethod 0x0000024d32722e10
Event: 17.860 Thread 0x0000024d4b033fd0 flushing  nmethod 0x0000024d3286cd10
Event: 17.860 Thread 0x0000024d4b033fd0 flushing  nmethod 0x0000024d3297ad10
Event: 17.860 Thread 0x0000024d4b033fd0 flushing  nmethod 0x0000024d32bff210
Event: 17.860 Thread 0x0000024d4b033fd0 flushing  nmethod 0x0000024d32ddc510
Event: 17.860 Thread 0x0000024d4b033fd0 flushing  nmethod 0x0000024d32ddd410
Event: 17.860 Thread 0x0000024d4b033fd0 flushing  nmethod 0x0000024d32de0710
Event: 17.860 Thread 0x0000024d4b033fd0 flushing  nmethod 0x0000024d32de1790
Event: 17.860 Thread 0x0000024d4b033fd0 flushing  nmethod 0x0000024d32de8810
Event: 17.860 Thread 0x0000024d4b033fd0 flushing  nmethod 0x0000024d32de9210

Events (20 events):
Event: 11.178 Thread 0x0000024d4d988120 Thread added: 0x0000024d50899560
Event: 11.179 Thread 0x0000024d4d988120 Thread added: 0x0000024d51fe9ee0
Event: 11.181 Thread 0x0000024d4d988120 Thread added: 0x0000024d51fe9850
Event: 11.736 Thread 0x0000024d4ea40240 Thread exited: 0x0000024d4ea40240
Event: 11.777 Thread 0x0000024d4b0a4da0 Thread added: 0x0000024d4e6d3070
Event: 11.961 Thread 0x0000024d4b0a4da0 Thread added: 0x0000024d4fbbcd10
Event: 12.423 Thread 0x0000024d4fbbcd10 Thread exited: 0x0000024d4fbbcd10
Event: 12.467 Thread 0x0000024d4e6d3070 Thread exited: 0x0000024d4e6d3070
Event: 14.042 Thread 0x0000024d4b0a4da0 Thread added: 0x0000024d4fbbdab0
Event: 14.125 Thread 0x0000024d4b0a46f0 Thread added: 0x0000024d4fbbe180
Event: 14.775 Thread 0x0000024d4fbbe180 Thread exited: 0x0000024d4fbbe180
Event: 14.832 Thread 0x0000024d4fbbdab0 Thread exited: 0x0000024d4fbbdab0
Event: 15.203 Thread 0x0000024d4b0a4da0 Thread added: 0x0000024d4fbbe850
Event: 15.406 Thread 0x0000024d4b0a4da0 Thread added: 0x0000024d4fbbfcc0
Event: 15.829 Thread 0x0000024d4fbbfcc0 Thread exited: 0x0000024d4fbbfcc0
Event: 15.936 Thread 0x0000024d4fbbe850 Thread exited: 0x0000024d4fbbe850
Event: 16.685 Thread 0x0000024d4b0a46f0 Thread added: 0x0000024d4cfa8620
Event: 17.364 Thread 0x0000024d4cfa8620 Thread exited: 0x0000024d4cfa8620
Event: 17.821 Thread 0x0000024d4b0a4da0 Thread added: 0x0000024d4cfa5670
Event: 18.410 Thread 0x0000024d4cfa5670 Thread exited: 0x0000024d4cfa5670


Dynamic libraries:
0x00007ff6047d0000 - 0x00007ff6047da000 	C:\Program Files\Android\Android Studio\jbr\bin\java.exe
0x00007ffd51460000 - 0x00007ffd516c7000 	C:\WINDOWS\SYSTEM32\ntdll.dll
0x00007ffd510f0000 - 0x00007ffd511b9000 	C:\WINDOWS\System32\KERNEL32.DLL
0x00007ffd4edf0000 - 0x00007ffd4f1e4000 	C:\WINDOWS\System32\KERNELBASE.dll
0x00007ffd4dfa0000 - 0x00007ffd4e0eb000 	C:\WINDOWS\System32\ucrtbase.dll
0x00007ffd33e70000 - 0x00007ffd33e88000 	C:\Program Files\Android\Android Studio\jbr\bin\jli.dll
0x00007ffd37000000 - 0x00007ffd3701b000 	C:\Program Files\Android\Android Studio\jbr\bin\VCRUNTIME140.dll
0x00007ffd50f20000 - 0x00007ffd510e5000 	C:\WINDOWS\System32\USER32.dll
0x00007ffd4e0f0000 - 0x00007ffd4e117000 	C:\WINDOWS\System32\win32u.dll
0x00007ffd333b0000 - 0x00007ffd33643000 	C:\WINDOWS\WinSxS\amd64_microsoft.windows.common-controls_6595b64144ccf1df_6.0.26100.8115_none_3e075c82e3354f9c\COMCTL32.dll
0x00007ffd51250000 - 0x00007ffd5127b000 	C:\WINDOWS\System32\GDI32.dll
0x00007ffd4f2b0000 - 0x00007ffd4f359000 	C:\WINDOWS\System32\msvcrt.dll
0x00007ffd4ddc0000 - 0x00007ffd4deeb000 	C:\WINDOWS\System32\gdi32full.dll
0x00007ffd4e360000 - 0x00007ffd4e403000 	C:\WINDOWS\System32\msvcp_win.dll
0x00007ffd50260000 - 0x00007ffd50292000 	C:\WINDOWS\System32\IMM32.DLL
0x00007ffd48660000 - 0x00007ffd4866c000 	C:\Program Files\Android\Android Studio\jbr\bin\vcruntime140_1.dll
0x00007ffced7a0000 - 0x00007ffced82d000 	C:\Program Files\Android\Android Studio\jbr\bin\msvcp140.dll
0x00007ffcca470000 - 0x00007ffccb106000 	C:\Program Files\Android\Android Studio\jbr\bin\server\jvm.dll
0x00007ffd503a0000 - 0x00007ffd50456000 	C:\WINDOWS\System32\ADVAPI32.dll
0x00007ffd50e70000 - 0x00007ffd50f17000 	C:\WINDOWS\System32\sechost.dll
0x00007ffd500b0000 - 0x00007ffd501c8000 	C:\WINDOWS\System32\RPCRT4.dll
0x00007ffd501d0000 - 0x00007ffd50250000 	C:\WINDOWS\System32\WS2_32.dll
0x00007ffd4db90000 - 0x00007ffd4dbee000 	C:\WINDOWS\SYSTEM32\POWRPROF.dll
0x00007ffd470b0000 - 0x00007ffd470bb000 	C:\WINDOWS\SYSTEM32\VERSION.dll
0x00007ffd47070000 - 0x00007ffd470a6000 	C:\WINDOWS\SYSTEM32\WINMM.dll
0x00007ffd4db70000 - 0x00007ffd4db84000 	C:\WINDOWS\SYSTEM32\UMPDC.dll
0x00007ffd4ca80000 - 0x00007ffd4ca9b000 	C:\WINDOWS\SYSTEM32\kernel.appcore.dll
0x00007ffd36ff0000 - 0x00007ffd36ffa000 	C:\Program Files\Android\Android Studio\jbr\bin\jimage.dll
0x00007ffd43210000 - 0x00007ffd43452000 	C:\WINDOWS\SYSTEM32\DBGHELP.DLL
0x00007ffd4fae0000 - 0x00007ffd4fe62000 	C:\WINDOWS\System32\combase.dll
0x00007ffd50670000 - 0x00007ffd50748000 	C:\WINDOWS\System32\OLEAUT32.dll
0x00007ffd32ea0000 - 0x00007ffd32edb000 	C:\WINDOWS\SYSTEM32\dbgcore.DLL
0x00007ffd4def0000 - 0x00007ffd4df95000 	C:\WINDOWS\System32\bcryptPrimitives.dll
0x00007ffd33e90000 - 0x00007ffd33e9e000 	C:\Program Files\Android\Android Studio\jbr\bin\instrument.dll
0x00007ffd36fd0000 - 0x00007ffd36ff0000 	C:\Program Files\Android\Android Studio\jbr\bin\java.dll
0x00007ffd36f80000 - 0x00007ffd36f98000 	C:\Program Files\Android\Android Studio\jbr\bin\zip.dll
0x00007ffd4f360000 - 0x00007ffd4fac7000 	C:\WINDOWS\System32\SHELL32.dll
0x00007ffd4e410000 - 0x00007ffd4e57a000 	C:\WINDOWS\System32\wintypes.dll
0x00007ffd4e580000 - 0x00007ffd4ede8000 	C:\WINDOWS\System32\windows.storage.dll
0x00007ffd502a0000 - 0x00007ffd50398000 	C:\WINDOWS\System32\SHCORE.dll
0x00007ffd50600000 - 0x00007ffd50666000 	C:\WINDOWS\System32\shlwapi.dll
0x00007ffd4dc50000 - 0x00007ffd4dc79000 	C:\WINDOWS\SYSTEM32\profapi.dll
0x00007ffd36ea0000 - 0x00007ffd36eb0000 	C:\Program Files\Android\Android Studio\jbr\bin\net.dll
0x00007ffd47740000 - 0x00007ffd4786d000 	C:\WINDOWS\SYSTEM32\WINHTTP.dll
0x00007ffd4cfd0000 - 0x00007ffd4d03c000 	C:\WINDOWS\system32\mswsock.dll
0x00007ffd35d80000 - 0x00007ffd35d96000 	C:\Program Files\Android\Android Studio\jbr\bin\nio.dll
0x00007ffd35d40000 - 0x00007ffd35d50000 	C:\Program Files\Android\Android Studio\jbr\bin\verify.dll
0x00007ffd2df60000 - 0x00007ffd2df87000 	C:\Users\Kabo\.gradle\native\660c5614fbf4a5f2a75b1949f50a0caf5cd603558e7d8a26e50b933a0cfb79d1\windows-amd64\native-platform.dll
0x00007ffd29090000 - 0x00007ffd29107000 	C:\Users\Kabo\.gradle\native\0.2.8\x86_64-windows-gnu\gradle-fileevents.dll
0x00007ffd36a00000 - 0x00007ffd36a09000 	C:\Program Files\Android\Android Studio\jbr\bin\management.dll
0x00007ffd36960000 - 0x00007ffd3696b000 	C:\Program Files\Android\Android Studio\jbr\bin\management_ext.dll
0x00007ffd51380000 - 0x00007ffd51388000 	C:\WINDOWS\System32\PSAPI.DLL
0x00007ffd4c450000 - 0x00007ffd4c482000 	C:\WINDOWS\SYSTEM32\IPHLPAPI.DLL
0x00007ffd508d0000 - 0x00007ffd508da000 	C:\WINDOWS\System32\NSI.dll
0x00007ffd36e90000 - 0x00007ffd36e99000 	C:\Program Files\Android\Android Studio\jbr\bin\extnet.dll
0x00007ffd4d3d0000 - 0x00007ffd4d3eb000 	C:\WINDOWS\SYSTEM32\CRYPTSP.dll
0x00007ffd4c9e0000 - 0x00007ffd4ca19000 	C:\WINDOWS\system32\rsaenh.dll
0x00007ffd4d080000 - 0x00007ffd4d0b3000 	C:\WINDOWS\SYSTEM32\USERENV.dll
0x00007ffd4dc20000 - 0x00007ffd4dc4a000 	C:\WINDOWS\SYSTEM32\bcrypt.dll
0x00007ffd4d230000 - 0x00007ffd4d23c000 	C:\WINDOWS\SYSTEM32\CRYPTBASE.dll
0x00007ffd17670000 - 0x00007ffd17678000 	C:\WINDOWS\system32\wshunix.dll

JVMTI agents:
C:\Users\Kabo\.gradle\wrapper\dists\gradle-9.3.1-bin\23ovyewtku6u96viwx3xl3oks\gradle-9.3.1\lib\agents\gradle-instrumentation-agent-9.3.1.jar path:C:\Program Files\Android\Android Studio\jbr\bin\instrument.dll, loaded, initialized, instrumentlib options:none

dbghelp: loaded successfully - version: 4.0.5 - missing functions: none
symbol engine: initialized successfully - sym options: 0x614 - pdb path: .;C:\Program Files\Android\Android Studio\jbr\bin;C:\WINDOWS\SYSTEM32;C:\WINDOWS\WinSxS\amd64_microsoft.windows.common-controls_6595b64144ccf1df_6.0.26100.8115_none_3e075c82e3354f9c;C:\Program Files\Android\Android Studio\jbr\bin\server;C:\Users\Kabo\.gradle\native\660c5614fbf4a5f2a75b1949f50a0caf5cd603558e7d8a26e50b933a0cfb79d1\windows-amd64;C:\Users\Kabo\.gradle\native\0.2.8\x86_64-windows-gnu

VM Arguments:
jvm_args: --add-opens=java.base/java.lang=ALL-UNNAMED --add-opens=java.base/java.lang.invoke=ALL-UNNAMED --add-opens=java.base/java.util=ALL-UNNAMED --add-opens=java.prefs/java.util.prefs=ALL-UNNAMED --add-exports=jdk.compiler/com.sun.tools.javac.api=ALL-UNNAMED --add-exports=jdk.compiler/com.sun.tools.javac.util=ALL-UNNAMED --add-opens=java.base/java.util=ALL-UNNAMED --add-opens=java.prefs/java.util.prefs=ALL-UNNAMED --add-opens=java.base/java.nio.charset=ALL-UNNAMED --add-opens=java.base/java.net=ALL-UNNAMED --add-opens=java.base/java.util.concurrent=ALL-UNNAMED --add-opens=java.base/java.util.concurrent.atomic=ALL-UNNAMED --add-opens=java.xml/javax.xml.namespace=ALL-UNNAMED --add-opens=java.base/java.time=ALL-UNNAMED -Xmx2048m -Dfile.encoding=UTF-8 -Duser.country=US -Duser.language=en -Duser.variant -javaagent:C:\Users\Kabo\.gradle\wrapper\dists\gradle-9.3.1-bin\23ovyewtku6u96viwx3xl3oks\gradle-9.3.1\lib\agents\gradle-instrumentation-agent-9.3.1.jar 
java_command: org.gradle.launcher.daemon.bootstrap.GradleDaemon 9.3.1
java_class_path (initial): C:\Users\Kabo\.gradle\wrapper\dists\gradle-9.3.1-bin\23ovyewtku6u96viwx3xl3oks\gradle-9.3.1\lib\gradle-daemon-main-9.3.1.jar
Launcher Type: SUN_STANDARD

[Global flags]
     intx CICompilerCount                          = 4                                         {product} {ergonomic}
     uint ConcGCThreads                            = 3                                         {product} {ergonomic}
     uint G1ConcRefinementThreads                  = 10                                        {product} {ergonomic}
   size_t G1HeapRegionSize                         = 1048576                                   {product} {ergonomic}
    uintx GCDrainStackTargetSize                   = 64                                        {product} {ergonomic}
   size_t InitialHeapSize                          = 123731968                                 {product} {ergonomic}
   size_t MarkStackSize                            = 4194304                                   {product} {ergonomic}
   size_t MaxHeapSize                              = 2147483648                                {product} {command line}
   size_t MaxNewSize                               = 1287651328                                {product} {ergonomic}
   size_t MinHeapDeltaBytes                        = 1048576                                   {product} {ergonomic}
   size_t MinHeapSize                              = 8388608                                   {product} {ergonomic}
    uintx NonNMethodCodeHeapSize                   = 5839372                                {pd product} {ergonomic}
    uintx NonProfiledCodeHeapSize                  = 122909434                              {pd product} {ergonomic}
    uintx ProfiledCodeHeapSize                     = 122909434                              {pd product} {ergonomic}
    uintx ReservedCodeCacheSize                    = 251658240                              {pd product} {ergonomic}
     bool SegmentedCodeCache                       = true                                      {product} {ergonomic}
   size_t SoftMaxHeapSize                          = 2147483648                             {manageable} {ergonomic}
     bool UseCompressedOops                        = true                           {product lp64_product} {ergonomic}
     bool UseG1GC                                  = true                                      {product} {ergonomic}
     bool UseLargePagesIndividualAllocation        = false                                  {pd product} {ergonomic}

Logging:
Log output configuration:
 #0: stdout all=warning uptime,level,tags foldmultilines=false
 #1: stderr all=off uptime,level,tags foldmultilines=false

Release file:
JAVA_VERSION="21.0.10" 
MODULES="java.base java.compiler java.datatransfer java.xml java.prefs java.desktop java.instrument java.logging java.management java.security.sasl java.naming java.rmi java.management.rmi java.net.http java.scripting java.security.jgss java.transaction.xa java.sql java.sql.rowset java.xml.crypto java.se java.smartcardio jdk.accessibility jdk.internal.jvmstat jdk.attach jdk.charsets jdk.internal.opt jdk.zipfs jdk.compiler jdk.crypto.ec jdk.crypto.cryptoki jdk.dynalink jdk.hotspot.agent jdk.httpserver jdk.internal.ed jdk.internal.le jdk.internal.vm.ci jdk.jartool jdk.javadoc jdk.jcmd jdk.jdeps jdk.jdwp.agent jdk.jdi jdk.jfr jdk.jlink jdk.jsobject jdk.localedata jdk.management jdk.management.agent jdk.management.jfr jdk.naming.dns jdk.naming.rmi jdk.net jdk.sctp jdk.security.auth jdk.security.jgss jdk.unsupported jdk.unsupported.desktop jdk.xml.dom" 
IMPLEMENTOR="JetBrains s.r.o." 
JAVA_RUNTIME_VERSION="21.0.10+-14961533-b1163.108" 
LIBC="default" 
OS_ARCH="x86_64" 
OS_NAME="Windows" 
SOURCE=".:git:1351622c2ff2" 

Environment Variables:
JAVA_HOME=C:\Program Files\Java\jdk-23
PATH=C:\Program Files (x86)\NVIDIA Corporation\PhysX\Common;C:\Program Files\Common Files\Oracle\Java\javapath;C:\WINDOWS\system32;C:\WINDOWS;C:\WINDOWS\System32\Wbem;C:\WINDOWS\System32\WindowsPowerShell\v1.0\;C:\WINDOWS\System32\OpenSSH\;C:\msys64\mingw64\bin;C:\Program Files\Git\cmd;C:\Program Files\nodejs\;D:\sql\160\Tools\Binn\;C:\Program Files\Microsoft SQL Server\160\Tools\Binn\;C:\Program Files\Microsoft SQL Server\Client SDK\ODBC\170\Tools\Binn\;C:\Program Files\Microsoft SQL Server\160\DTS\Binn\;C:\Users\Kabo\AppData\Local\Microsoft\WindowsApps;C:\flutter\flutter\bin;C:\Program Files\Git\bin;C:\dart-sdk\bin;C:\Users\Kabo\AppData\Local\Android\Sdk;C:\cmdline-tools\latest\bin;C:\Users\Kabo\AppData\Local\Programs\Microsoft VS Code\bin;C:\Program Files\Java\jdk-23\bin;D:\Program Files\CLion 2025.1.3\bin;;C:\Users\Kabo\AppData\Local\Pub\Cache\bin;C:\Users\Kabo\AppData\Roaming\npm;C:\Users\Kabo\AppData\Local\GitHubDesktop\bin
USERNAME=Kabo
OS=Windows_NT
PROCESSOR_IDENTIFIER=AMD64 Family 23 Model 104 Stepping 1, AuthenticAMD
TMP=C:\Users\Kabo\AppData\Local\Temp
TEMP=C:\Users\Kabo\AppData\Local\Temp




Periodic native trim disabled

JNI global refs:
JNI global refs: 27, weak refs: 0

JNI global refs memory usage: 835, weak refs: 833

Process memory usage:
Resident Set Size: 438612K (5% of 7681736K total physical memory with 468700K free physical memory)

OOME stack traces (most recent first):
Classloader memory used:
Loader org.gradle.internal.classloader.VisitableURLClassLoader                         : 74233K
Loader bootstrap                                                                       : 22532K
Loader org.gradle.initialization.MixInLegacyTypesClassLoader                           : 6649K
Loader org.gradle.internal.classloader.VisitableURLClassLoader                         : 750K
Loader org.gradle.internal.classloader.VisitableURLClassLoader$InstrumentingVisitableURLClassLoader: 580K
Loader jdk.internal.jrtfs.JrtFileSystemProvider$JrtFsLoader                            : 330K
Loader jdk.internal.loader.ClassLoaders$AppClassLoader                                 : 229K
Loader jdk.internal.loader.ClassLoaders$PlatformClassLoader                            : 196K
Loader jdk.internal.reflect.DelegatingClassLoader                                      : 192K
Loader org.gradle.groovy.scripts.internal.DefaultScriptCompilationHandler$ScriptClassLoader: 91656B

Classes loaded by more than one classloader:
Class org.gradle.internal.IoActions                                                   : loaded 3 times (x 71B)
Class org.gradle.api.Action                                                           : loaded 3 times (x 70B)
Class org.gradle.api.GradleException                                                  : loaded 3 times (x 82B)
Class org.gradle.internal.classloader.ClassLoaderHierarchy                            : loaded 2 times (x 70B)
Class org.gradle.api.internal.classpath.ManifestUtil                                  : loaded 2 times (x 71B)
Class jdk.internal.jimage.decompressor.StringSharingDecompressorFactory               : loaded 2 times (x 74B)
Class com.google.common.collect.UnmodifiableListIterator                              : loaded 2 times (x 95B)
Class ijInit1_7kuqguvl5i0dzr882g47jaebj$_run_closure1                                 : loaded 2 times (x 140B)
Class org.gradle.internal.operations.MultipleBuildOperationFailures                   : loaded 2 times (x 95B)
Class org.gradle.internal.classloader.DefaultClassLoaderFactory                       : loaded 2 times (x 82B)
Class kotlin.collections.AbstractList$Companion                                       : loaded 2 times (x 71B)
Class org.gradle.internal.classloader.ClassLoaderVisitor                              : loaded 2 times (x 76B)
Class org.gradle.api.internal.classpath.EffectiveClassPath                            : loaded 2 times (x 90B)
Class org.gradle.api.internal.DefaultClassPathProvider                                : loaded 2 times (x 76B)
Class [Lorg.gradle.api.internal.ClassPathProvider;                                    : loaded 2 times (x 69B)
Class org.gradle.api.internal.ClassPathProvider                                       : loaded 2 times (x 70B)
Class org.gradle.internal.service.UnknownServiceException                             : loaded 2 times (x 83B)
Class org.gradle.internal.classpath.TransformedClassPath                              : loaded 2 times (x 96B)
Class org.gradle.internal.classloader.InstrumentingClassLoader                        : loaded 2 times (x 70B)
Class com.google.common.collect.Iterators$ArrayItr                                    : loaded 2 times (x 97B)
Class kotlin.enums.EnumEntriesList                                                    : loaded 2 times (x 223B)
Class com.google.common.collect.UnmodifiableIterator                                  : loaded 2 times (x 80B)
Class org.gradle.internal.service.ServiceLocator                                      : loaded 2 times (x 70B)
Class jdk.internal.jrtfs.JrtFileSystemProvider                                        : loaded 2 times (x 101B)
Class com.google.common.collect.Iterators$SingletonIterator                           : loaded 2 times (x 81B)
Class com.google.common.collect.Iterators                                             : loaded 2 times (x 71B)
Class jdk.internal.jimage.ImageLocation                                               : loaded 2 times (x 90B)
Class com.google.common.collect.Lists$StringAsImmutableList                           : loaded 2 times (x 207B)
Class ijInit1_7kuqguvl5i0dzr882g47jaebj                                               : loaded 2 times (x 171B)
Class jdk.internal.jimage.ImageBufferCache$1                                          : loaded 2 times (x 83B)
Class org.gradle.internal.time.DefaultTimer                                           : loaded 2 times (x 80B)
Class org.gradle.internal.classloader.ClasspathUtil$1                                 : loaded 2 times (x 76B)
Class jdk.internal.jimage.ImageBufferCache$2                                          : loaded 2 times (x 91B)
Class org.gradle.api.internal.classpath.DefaultModuleRegistry$DefaultModule           : loaded 2 times (x 86B)
Class com.google.common.collect.AbstractIterator                                      : loaded 2 times (x 82B)
Class com.google.common.collect.AbstractIndexedListIterator                           : loaded 2 times (x 96B)
Class org.gradle.internal.time.DefaultCountdownTimer                                  : loaded 2 times (x 88B)
Class org.gradle.api.internal.classpath.Module                                        : loaded 2 times (x 70B)
Class org.gradle.api.internal.classpath.UnknownModuleException                        : loaded 2 times (x 82B)
Class jdk.internal.jimage.ImageHeader                                                 : loaded 2 times (x 71B)
Class org.gradle.api.internal.DefaultClassPathRegistry                                : loaded 2 times (x 76B)
Class org.gradle.api.internal.ClassPathRegistry                                       : loaded 2 times (x 70B)
Class org.gradle.internal.classpath.DefaultClassPath$ImmutableUniqueList              : loaded 2 times (x 199B)
Class jdk.internal.jimage.decompressor.ResourceDecompressor                           : loaded 2 times (x 70B)
Class sync_studio_tooling_6kyc3usmlixn0cpd33a97nd0i                                   : loaded 2 times (x 171B)
Class org.gradle.internal.classpath.ClassPath                                         : loaded 2 times (x 70B)
Class jdk.internal.jimage.ImageStringsReader                                          : loaded 2 times (x 80B)
Class jdk.internal.jimage.BasicImageReader                                            : loaded 2 times (x 95B)
Class kotlin.UninitializedPropertyAccessException                                     : loaded 2 times (x 82B)
Class jdk.internal.jimage.ImageReader                                                 : loaded 2 times (x 75B)
Class jdk.internal.jimage.ImageReader$SharedImageReader                               : loaded 2 times (x 95B)
Class com.google.common.collect.Iterators$4                                           : loaded 2 times (x 82B)
Class org.gradle.api.internal.classpath.ModuleRegistry                                : loaded 2 times (x 70B)
Class org.gradle.internal.installation.GradleInstallation$1                           : loaded 2 times (x 75B)
Class jdk.internal.jimage.decompressor.ResourceDecompressorFactory                    : loaded 2 times (x 74B)
Class com.google.common.collect.Iterators$5                                           : loaded 2 times (x 82B)
Class jdk.internal.jimage.ImageReader$Node                                            : loaded 2 times (x 84B)
Class com.google.common.collect.ImmutableCollection                                   : loaded 2 times (x 125B)
Class org.gradle.api.internal.classpath.DefaultModuleRegistry                         : loaded 2 times (x 86B)
Class jdk.internal.jimage.BasicImageReader$1                                          : loaded 2 times (x 77B)
Class com.google.common.collect.Lists                                                 : loaded 2 times (x 71B)
Class com.google.common.collect.Iterators$9                                           : loaded 2 times (x 81B)
Class jdk.internal.jimage.decompressor.Decompressor                                   : loaded 2 times (x 72B)
Class org.gradle.internal.time.MonotonicClock                                         : loaded 2 times (x 77B)
Class org.gradle.internal.service.ServiceLookupException                              : loaded 2 times (x 82B)
Class org.gradle.internal.classloader.ClassLoaderFactory                              : loaded 2 times (x 70B)
Class org.gradle.internal.service.CachingServiceLocator                               : loaded 2 times (x 82B)
Class org.gradle.internal.time.TimeSource                                             : loaded 2 times (x 70B)
Class kotlin.enums.EnumEntries                                                        : loaded 2 times (x 70B)
Class org.gradle.internal.exceptions.ResolutionProvider                               : loaded 2 times (x 70B)
Class jdk.internal.jimage.ImageBufferCache                                            : loaded 2 times (x 71B)
Class jdk.internal.jrtfs.JrtPath                                                      : loaded 2 times (x 118B)
Class org.gradle.internal.classloader.ClasspathUtil                                   : loaded 2 times (x 71B)
Class org.gradle.internal.time.TimeSource$1                                           : loaded 2 times (x 77B)
Class kotlin.jvm.internal.DefaultConstructorMarker                                    : loaded 2 times (x 71B)
Class org.gradle.api.specs.Spec                                                       : loaded 2 times (x 70B)
Class jdk.internal.jimage.decompressor.ResourceDecompressorRepository                 : loaded 2 times (x 71B)
Class org.gradle.internal.time.Clock                                                  : loaded 2 times (x 70B)
Class jdk.internal.jimage.ImageReader$Directory                                       : loaded 2 times (x 84B)
Class kotlin.collections.AbstractList                                                 : loaded 2 times (x 197B)
Class kotlin.collections.AbstractCollection                                           : loaded 2 times (x 117B)
Class org.gradle.internal.classloader.VisitableURLClassLoader$InstrumentingVisitableURLClassLoader: loaded 2 times (x 123B)
Class org.gradle.internal.classloader.VisitableURLClassLoader$Spec                    : loaded 2 times (x 74B)
Class org.gradle.internal.classpath.DefaultClassPath                                  : loaded 2 times (x 90B)
Class jdk.internal.jimage.decompressor.ZipDecompressorFactory                         : loaded 2 times (x 74B)
Class org.gradle.util.internal.DefaultGradleVersion                                   : loaded 2 times (x 82B)
Class org.gradle.internal.classloader.ClassLoaderSpec                                 : loaded 2 times (x 71B)
Class sync_studio_tooling_6kyc3usmlixn0cpd33a97nd0i$_run_closure1                     : loaded 2 times (x 139B)
Class org.gradle.internal.classloader.VisitableURLClassLoader                         : loaded 2 times (x 117B)
Class org.gradle.internal.classloader.FilteringClassLoader                            : loaded 2 times (x 105B)
Class org.gradle.internal.Cast                                                        : loaded 2 times (x 71B)
Class jdk.internal.jimage.decompressor.ZipDecompressor                                : loaded 2 times (x 75B)
Class org.gradle.internal.classpath.DefaultClassPath$ImmutableUniqueList$Builder      : loaded 2 times (x 75B)
Class com.google.common.collect.Iterators$1                                           : loaded 2 times (x 81B)
Class org.gradle.internal.exceptions.NonGradleCauseExceptionsHolder                   : loaded 2 times (x 70B)
Class jdk.internal.jimage.ImageStrings                                                : loaded 2 times (x 70B)
Class kotlin.NotImplementedError                                                      : loaded 2 times (x 82B)
Class kotlin.enums.EnumEntriesKt                                                      : loaded 2 times (x 71B)
Class org.gradle.internal.classloader.SystemClassLoaderSpec                           : loaded 2 times (x 71B)
Class org.gradle.internal.exceptions.MultiCauseException                              : loaded 2 times (x 70B)
Class org.gradle.internal.time.CountdownTimer                                         : loaded 2 times (x 70B)
Class kotlin.jvm.internal.Intrinsics                                                  : loaded 2 times (x 71B)
Class jdk.internal.jrtfs.JrtFileSystem                                                : loaded 2 times (x 102B)
Class org.gradle.tooling.model.ProjectModel                                           : loaded 2 times (x 70B)
Class jdk.internal.jimage.decompressor.CompressedResourceHeader                       : loaded 2 times (x 71B)
Class kotlin.KotlinNullPointerException                                               : loaded 2 times (x 83B)
Class org.gradle.internal.exceptions.DefaultMultiCauseException                       : loaded 2 times (x 95B)
Class com.google.common.base.Preconditions                                            : loaded 2 times (x 71B)
Class com.google.common.collect.PeekingIterator                                       : loaded 2 times (x 70B)
Class org.gradle.internal.time.Time                                                   : loaded 2 times (x 71B)
Class org.gradle.api.internal.classpath.GlobalCacheRootsProvider                      : loaded 2 times (x 70B)
Class kotlin.NoWhenBranchMatchedException                                             : loaded 2 times (x 82B)
Class org.gradle.internal.time.Timer                                                  : loaded 2 times (x 70B)
Class kotlin.jvm.internal.markers.KMappedMarker                                       : loaded 2 times (x 70B)
Class org.gradle.internal.installation.CurrentGradleInstallationLocator               : loaded 2 times (x 71B)
Class com.google.common.collect.ImmutableList                                         : loaded 2 times (x 206B)
Class org.gradle.internal.service.DefaultServiceLocator                               : loaded 2 times (x 83B)
Class org.gradle.util.GradleVersion                                                   : loaded 2 times (x 81B)
Class org.gradle.internal.installation.CurrentGradleInstallation                      : loaded 2 times (x 73B)
Class org.gradle.util.internal.GUtil                                                  : loaded 2 times (x 71B)
Class com.google.common.collect.Iterators$MergingIterator                             : loaded 2 times (x 81B)
Class org.gradle.internal.installation.GradleInstallation                             : loaded 2 times (x 75B)
Class jdk.internal.jimage.decompressor.ResourceDecompressor$StringsProvider           : loaded 2 times (x 70B)

---------------  S Y S T E M  ---------------

OS:
 Windows 11 , 64 bit Build 26100 (10.0.26100.8246)
OS uptime: 4 days 22:43 hours
Hyper-V role detected

CPU: total 12 (initial active 12) (12 cores per cpu, 2 threads per core) family 23 model 104 stepping 1 microcode 0x8608107, cx8, cmov, fxsr, ht, mmx, 3dnowpref, sse, sse2, sse3, ssse3, sse4a, sse4.1, sse4.2, popcnt, lzcnt, tsc, tscinvbit, avx, avx2, aes, clmul, bmi1, bmi2, adx, sha, fma, vzeroupper, clflush, clflushopt, hv, rdtscp, rdpid, f16c
Processor Information for the first 12 processors :
  Max Mhz: 2100, Current Mhz: 2100, Mhz Limit: 2100

Memory: 4k page, system-wide physical 7501M (456M free)
TotalPageFile size 21837M (AvailPageFile size 20M)
current process WorkingSet (physical memory assigned to process): 428M, peak: 439M
current process commit charge ("private bytes"): 493M, peak: 494M

vm_info: OpenJDK 64-Bit Server VM (21.0.10+-14961533-b1163.108) for windows-amd64 JRE (21.0.10+-14961533-b1163.108), built on 2026-03-02T19:58:50Z by "builder" with MS VC++ 16.10 / 16.11 (VS2019)

END.
