#
# There is insufficient memory for the Java Runtime Environment to continue.
# Native memory allocation (malloc) failed to allocate 990016 bytes. Error detail: Chunk::new
# Possible reasons:
#   The system is out of physical RAM or swap space
#   This process is running with CompressedOops enabled, and the Java Heap may be blocking the growth of the native heap
# Possible solutions:
#   Reduce memory load on the system
#   Increase physical memory or swap space
#   Check if swap backing store is full
#   Decrease Java heap size (-Xmx/-Xms)
#   Decrease number of Java threads
#   Decrease Java thread stack sizes (-Xss)
#   Set larger code cache with -XX:ReservedCodeCacheSize=
#   JVM is running with Unscaled Compressed Oops mode in which the Java heap is
#     placed in the first 4GB address space. The Java Heap base address is the
#     maximum limit for the native heap growth. Please use -XX:HeapBaseMinAddress
#     to set the Java Heap base and to place the Java Heap above 4GB virtual address.
# This output file may be truncated or incomplete.
#
#  Out of Memory Error (arena.cpp:168), pid=14480, tid=14696
#
# JRE version: OpenJDK Runtime Environment (21.0.10) (build 21.0.10+-14961533-b1163.108)
# Java VM: OpenJDK 64-Bit Server VM (21.0.10+-14961533-b1163.108, mixed mode, tiered, compressed oops, compressed class ptrs, g1 gc, windows-amd64)
# No core dump will be written. Minidumps are not enabled by default on client versions of Windows
#

---------------  S U M M A R Y ------------

Command Line: --add-opens=java.base/java.lang=ALL-UNNAMED --add-opens=java.base/java.lang.invoke=ALL-UNNAMED --add-opens=java.base/java.util=ALL-UNNAMED --add-opens=java.prefs/java.util.prefs=ALL-UNNAMED --add-exports=jdk.compiler/com.sun.tools.javac.api=ALL-UNNAMED --add-exports=jdk.compiler/com.sun.tools.javac.util=ALL-UNNAMED --add-opens=java.base/java.util=ALL-UNNAMED --add-opens=java.prefs/java.util.prefs=ALL-UNNAMED --add-opens=java.base/java.nio.charset=ALL-UNNAMED --add-opens=java.base/java.net=ALL-UNNAMED --add-opens=java.base/java.util.concurrent=ALL-UNNAMED --add-opens=java.base/java.util.concurrent.atomic=ALL-UNNAMED --add-opens=java.xml/javax.xml.namespace=ALL-UNNAMED --add-opens=java.base/java.time=ALL-UNNAMED -Xmx2048m -Dfile.encoding=UTF-8 -Duser.country=US -Duser.language=en -Duser.variant -javaagent:C:\Users\Kabo\.gradle\wrapper\dists\gradle-9.3.1-bin\23ovyewtku6u96viwx3xl3oks\gradle-9.3.1\lib\agents\gradle-instrumentation-agent-9.3.1.jar org.gradle.launcher.daemon.bootstrap.GradleDaemon 9.3.1

Host: AMD Ryzen 5 5500U with Radeon Graphics         , 12 cores, 7G,  Windows 11 , 64 bit Build 26100 (10.0.26100.8246)
Time: Mon May 18 02:30:13 2026 Egypt Daylight Time elapsed time: 765.210452 seconds (0d 0h 12m 45s)

---------------  T H R E A D  ---------------

Current thread (0x000001ec53a8be40):  JavaThread "C2 CompilerThread0" daemon [_thread_in_native, id=14696, stack(0x000000325d200000,0x000000325d300000) (1024K)]


Current CompileTask:
C2:765210 31951       4       com.google.common.collect.MapMakerInternalMap$Segment::expand (276 bytes)

Stack: [0x000000325d200000,0x000000325d300000]
Native frames: (J=compiled Java code, j=interpreted, Vv=VM code, C=native code)
V  [jvm.dll+0x6d78a9]
V  [jvm.dll+0x8665b3]
V  [jvm.dll+0x868bde]
V  [jvm.dll+0x8692c3]
V  [jvm.dll+0x280ee6]
V  [jvm.dll+0xc07cd]
V  [jvm.dll+0xc0d03]
V  [jvm.dll+0x3ba0cb]
V  [jvm.dll+0x385df7]
V  [jvm.dll+0x38526a]
V  [jvm.dll+0x249bd2]
V  [jvm.dll+0x2491a1]
V  [jvm.dll+0x1c76e4]
V  [jvm.dll+0x25891e]
V  [jvm.dll+0x256e66]
V  [jvm.dll+0x3f513e]
V  [jvm.dll+0x80fd28]
V  [jvm.dll+0x6d60fd]
C  [ucrtbase.dll+0x37b0]
C  [KERNEL32.DLL+0x2e8d7]
C  [ntdll.dll+0x8c3fc]


---------------  P R O C E S S  ---------------

Threads class SMR info:
_java_thread_list=0x000001ec6fb8d8e0, length=109, elements={
0x000001ec39984ab0, 0x000001ec53a591b0, 0x000001ec53a65880, 0x000001ec53a63c10,
0x000001ec53a88570, 0x000001ec53a88be0, 0x000001ec53a89640, 0x000001ec53a8a0a0,
0x000001ec53a8be40, 0x000001ec53a976f0, 0x000001ec53cdc0f0, 0x000001ec5aa320d0,
0x000001ec5aa8e870, 0x000001ec5ab0a420, 0x000001ec5a8e94b0, 0x000001ec5a8e7a70,
0x000001ec5a8e8100, 0x000001ec5c317eb0, 0x000001ec5c315750, 0x000001ec5c316470,
0x000001ec5c31a610, 0x000001ec5c31aca0, 0x000001ec5c31b9c0, 0x000001ec582f6230,
0x000001ec582f5510, 0x000001ec582fb780, 0x000001ec582f96b0, 0x000001ec582faa60,
0x000001ec5e2df300, 0x000001ec644c0230, 0x000001ec644c08c0, 0x000001ec644c5780,
0x000001ec644c36b0, 0x000001ec64e87c30, 0x000001ec64e88950, 0x000001ec64e88fe0,
0x000001ec64e85b60, 0x000001ec64e847b0, 0x000001ec65ef9e40, 0x000001ec5d6e31a0,
0x000001ec65ef97b0, 0x000001ec59ecad70, 0x000001ec64c67430, 0x000001ec58fb4f40,
0x000001ec58fb2e70, 0x000001ec58fb27e0, 0x000001ec64c65360, 0x000001ec6f3c5e40,
0x000001ec6659ae90, 0x000001ec64c659f0, 0x000001ec6f335c40, 0x000001ec6659cf60,
0x000001ec64c64cd0, 0x000001ec66677680, 0x000001ec65ef76e0, 0x000001ec65efa4d0,
0x000001ec6f3ecd30, 0x000001ec6f3ec6a0, 0x000001ec6f3eb980, 0x000001ec6f3eac60,
0x000001ec6f3eb2f0, 0x000001ec5ed62ef0, 0x000001ec5ed64930, 0x000001ec5ed63c10,
0x000001ec5ed642a0, 0x000001ec5ed64fc0, 0x000001ec5ed63580, 0x000001ec5b2fcb00,
0x000001ec5b2fc470, 0x000001ec5b2fd820, 0x000001ec6adc2000, 0x000001ec6adc1970,
0x000001ec5a0ebef0, 0x000001ec5a0ec580, 0x000001ec5a0ed2a0, 0x000001ec5a0ecc10,
0x000001ec5a0ed930, 0x000001ec5a0eb1d0, 0x000001ec5a0ea4b0, 0x000001ec58299c90,
0x000001ec5829a320, 0x000001ec5829a9b0, 0x000001ec5b189870, 0x000001ec5b1884c0,
0x000001ec59ecce40, 0x000001ec59ecd4d0, 0x000001ec64c9f070, 0x000001ec59ecb400,
0x000001ec59ecdb60, 0x000001ec59ecc7b0, 0x000001ec59ecba90, 0x000001ec59ecc120,
0x000001ec59eca6e0, 0x000001ec6f6b21f0, 0x000001ec6f6b2880, 0x000001ec6f6b2f10,
0x000001ec6f6b3c30, 0x000001ec6f6b07b0, 0x000001ec6f6b14d0, 0x000001ec6f6b0e40,
0x000001ec6f9f60b0, 0x000001ec6f9f6740, 0x000001ec6f9f5a20, 0x000001ec6f9f5390,
0x000001ec6f9f6dd0, 0x000001ec6f9f3950, 0x000001ec6f9f3fe0, 0x000001ec6f9f4670,
0x000001ec6f9f4d00
}

Java Threads: ( => current thread )
  0x000001ec39984ab0 JavaThread "main"                              [_thread_blocked, id=22524, stack(0x000000325c300000,0x000000325c400000) (1024K)]
  0x000001ec53a591b0 JavaThread "Common-Cleaner"             daemon [_thread_blocked, id=24324, stack(0x000000325cb00000,0x000000325cc00000) (1024K)]
  0x000001ec53a65880 JavaThread "Reference Handler"          daemon [_thread_blocked, id=20836, stack(0x000000325cc00000,0x000000325cd00000) (1024K)]
  0x000001ec53a63c10 JavaThread "Finalizer"                  daemon [_thread_blocked, id=31032, stack(0x000000325cd00000,0x000000325ce00000) (1024K)]
  0x000001ec53a88570 JavaThread "Signal Dispatcher"          daemon [_thread_blocked, id=7632, stack(0x000000325ce00000,0x000000325cf00000) (1024K)]
  0x000001ec53a88be0 JavaThread "Attach Listener"            daemon [_thread_blocked, id=4100, stack(0x000000325cf00000,0x000000325d000000) (1024K)]
  0x000001ec53a89640 JavaThread "Service Thread"             daemon [_thread_blocked, id=7968, stack(0x000000325d000000,0x000000325d100000) (1024K)]
  0x000001ec53a8a0a0 JavaThread "Monitor Deflation Thread"   daemon [_thread_blocked, id=19392, stack(0x000000325d100000,0x000000325d200000) (1024K)]
=>0x000001ec53a8be40 JavaThread "C2 CompilerThread0"         daemon [_thread_in_native, id=14696, stack(0x000000325d200000,0x000000325d300000) (1024K)]
  0x000001ec53a976f0 JavaThread "C1 CompilerThread0"         daemon [_thread_blocked, id=30876, stack(0x000000325d300000,0x000000325d400000) (1024K)]
  0x000001ec53cdc0f0 JavaThread "Notification Thread"        daemon [_thread_blocked, id=14216, stack(0x000000325d400000,0x000000325d500000) (1024K)]
  0x000001ec5aa320d0 JavaThread "Daemon health stats"               [_thread_blocked, id=17868, stack(0x000000325d800000,0x000000325d900000) (1024K)]
  0x000001ec5aa8e870 JavaThread "Incoming local TCP Connector on port 62681"        [_thread_in_native, id=21648, stack(0x000000325df00000,0x000000325e000000) (1024K)]
  0x000001ec5ab0a420 JavaThread "Daemon periodic checks"            [_thread_blocked, id=20964, stack(0x000000325e000000,0x000000325e100000) (1024K)]
  0x000001ec5a8e94b0 JavaThread "Cache worker for journal cache (C:\Users\Kabo\.gradle\caches\journal-1)"        [_thread_blocked, id=27444, stack(0x000000325eb00000,0x000000325ec00000) (1024K)]
  0x000001ec5a8e7a70 JavaThread "File lock request listener"        [_thread_in_native, id=21240, stack(0x000000325ec00000,0x000000325ed00000) (1024K)]
  0x000001ec5a8e8100 JavaThread "Cache worker for file hash cache (C:\Users\Kabo\.gradle\caches\9.3.1\fileHashes)"        [_thread_blocked, id=15504, stack(0x000000325ed00000,0x000000325ee00000) (1024K)]
  0x000001ec5c317eb0 JavaThread "File watcher server"        daemon [_thread_in_native, id=21048, stack(0x000000325f000000,0x000000325f100000) (1024K)]
  0x000001ec5c315750 JavaThread "File watcher consumer"      daemon [_thread_blocked, id=5444, stack(0x000000325f100000,0x000000325f200000) (1024K)]
  0x000001ec5c316470 JavaThread "Cache worker for file content cache (C:\Users\Kabo\.gradle\caches\9.3.1\fileContent)"        [_thread_blocked, id=13964, stack(0x000000325f300000,0x000000325f400000) (1024K)]
  0x000001ec5c31a610 JavaThread "jar transforms"                    [_thread_blocked, id=10044, stack(0x000000325f600000,0x000000325f700000) (1024K)]
  0x000001ec5c31aca0 JavaThread "jar transforms Thread 2"           [_thread_blocked, id=27120, stack(0x000000325f700000,0x000000325f800000) (1024K)]
  0x000001ec5c31b9c0 JavaThread "jar transforms Thread 3"           [_thread_blocked, id=14032, stack(0x000000325f900000,0x000000325fa00000) (1024K)]
  0x000001ec582f6230 JavaThread "jar transforms Thread 4"           [_thread_blocked, id=25868, stack(0x0000003260e00000,0x0000003260f00000) (1024K)]
  0x000001ec582f5510 JavaThread "jar transforms Thread 5"           [_thread_blocked, id=29804, stack(0x0000003260f00000,0x0000003261000000) (1024K)]
  0x000001ec582fb780 JavaThread "jar transforms Thread 6"           [_thread_blocked, id=27340, stack(0x0000003261a00000,0x0000003261b00000) (1024K)]
  0x000001ec582f96b0 JavaThread "jar transforms Thread 7"           [_thread_blocked, id=2208, stack(0x0000003261b00000,0x0000003261c00000) (1024K)]
  0x000001ec582faa60 JavaThread "jar transforms Thread 8"           [_thread_blocked, id=11508, stack(0x0000003261c00000,0x0000003261d00000) (1024K)]
  0x000001ec5e2df300 JavaThread "Memory manager"                    [_thread_blocked, id=26808, stack(0x0000003264300000,0x0000003264400000) (1024K)]
  0x000001ec644c0230 JavaThread "Periodic tasks thread"      daemon [_thread_blocked, id=23864, stack(0x0000003268a00000,0x0000003268b00000) (1024K)]
  0x000001ec644c08c0 JavaThread "ApplicationImpl pooled thread 1" daemon [_thread_blocked, id=13976, stack(0x0000003268b00000,0x0000003268c00000) (1024K)]
  0x000001ec644c5780 JavaThread "Java2D Disposer"            daemon [_thread_blocked, id=25512, stack(0x0000003268d00000,0x0000003268e00000) (1024K)]
  0x000001ec644c36b0 JavaThread "AWT-Windows"                daemon [_thread_in_native, id=16832, stack(0x0000003268f00000,0x0000003269000000) (1024K)]
  0x000001ec64e87c30 JavaThread "RMI Scheduler(0)"           daemon [_thread_blocked, id=12656, stack(0x000000325c000000,0x000000325c100000) (1024K)]
  0x000001ec64e88950 JavaThread "RMI GC Daemon"              daemon [_thread_blocked, id=13348, stack(0x0000003269300000,0x0000003269400000) (1024K)]
  0x000001ec64e88fe0 JavaThread "RMI TCP Accept-0"           daemon [_thread_in_native, id=29452, stack(0x0000003269400000,0x0000003269500000) (1024K)]
  0x000001ec64e85b60 JavaThread "RMI Reaper"                        [_thread_blocked, id=6184, stack(0x0000003269500000,0x0000003269600000) (1024K)]
  0x000001ec64e847b0 JavaThread "Cache worker for Java compile cache (C:\Users\Kabo\.gradle\caches\9.3.1\javaCompile)"        [_thread_blocked, id=6332, stack(0x0000003268900000,0x0000003268a00000) (1024K)]
  0x000001ec65ef9e40 JavaThread "RMI TCP Connection(idle)"   daemon [_thread_blocked, id=26260, stack(0x000000325c100000,0x000000325c200000) (1024K)]
  0x000001ec5d6e31a0 JavaThread "Daemon Thread 4"                   [_thread_blocked, id=7924, stack(0x000000325e300000,0x000000325e400000) (1024K)]
  0x000001ec65ef97b0 JavaThread "Daemon worker Thread 4"            [_thread_in_Java, id=15544, stack(0x000000325e900000,0x000000325ea00000) (1024K)]
  0x000001ec59ecad70 JavaThread "included builds"                   [_thread_blocked, id=1808, stack(0x0000003262e00000,0x0000003262f00000) (1024K)]
  0x000001ec64c67430 JavaThread "ForkJoinPool.commonPool-worker-46" daemon [_thread_blocked, id=28668, stack(0x0000003269a00000,0x0000003269b00000) (1024K)]
  0x000001ec58fb4f40 JavaThread "ForkJoinPool.commonPool-worker-47" daemon [_thread_blocked, id=5896, stack(0x0000003269b00000,0x0000003269c00000) (1024K)]
  0x000001ec58fb2e70 JavaThread "ForkJoinPool.commonPool-worker-48" daemon [_thread_blocked, id=9328, stack(0x0000003269c00000,0x0000003269d00000) (1024K)]
  0x000001ec58fb27e0 JavaThread "ForkJoinPool.commonPool-worker-49" daemon [_thread_blocked, id=30576, stack(0x0000003269d00000,0x0000003269e00000) (1024K)]
  0x000001ec64c65360 JavaThread "ForkJoinPool.commonPool-worker-50" daemon [_thread_blocked, id=25412, stack(0x0000003269e00000,0x0000003269f00000) (1024K)]
  0x000001ec6f3c5e40 JavaThread "ForkJoinPool.commonPool-worker-51" daemon [_thread_blocked, id=24052, stack(0x0000003269f00000,0x000000326a000000) (1024K)]
  0x000001ec6659ae90 JavaThread "ForkJoinPool.commonPool-worker-52" daemon [_thread_blocked, id=24832, stack(0x000000326a000000,0x000000326a100000) (1024K)]
  0x000001ec64c659f0 JavaThread "ForkJoinPool.commonPool-worker-53" daemon [_thread_blocked, id=17968, stack(0x000000326a100000,0x000000326a200000) (1024K)]
  0x000001ec6f335c40 JavaThread "ForkJoinPool.commonPool-worker-54" daemon [_thread_blocked, id=3824, stack(0x0000003269900000,0x0000003269a00000) (1024K)]
  0x000001ec6659cf60 JavaThread "ForkJoinPool.commonPool-worker-55" daemon [_thread_blocked, id=11808, stack(0x000000326a200000,0x000000326a300000) (1024K)]
  0x000001ec64c64cd0 JavaThread "ForkJoinPool.commonPool-worker-56" daemon [_thread_blocked, id=30284, stack(0x000000326a300000,0x000000326a400000) (1024K)]
  0x000001ec66677680 JavaThread "VFS cleanup Thread 4"              [_thread_blocked, id=23856, stack(0x000000325c200000,0x000000325c300000) (1024K)]
  0x000001ec65ef76e0 JavaThread "Handler for socket connection from /127.0.0.1:62681 to /127.0.0.1:55267"        [_thread_in_native, id=30932, stack(0x000000325d500000,0x000000325d600000) (1024K)]
  0x000001ec65efa4d0 JavaThread "Cancel handler"                    [_thread_blocked, id=29044, stack(0x000000325e100000,0x000000325e200000) (1024K)]
  0x000001ec6f3ecd30 JavaThread "Asynchronous log dispatcher for DefaultDaemonConnection: socket connection from /127.0.0.1:62681 to /127.0.0.1:55267"        [_thread_blocked, id=5468, stack(0x000000325e200000,0x000000325e300000) (1024K)]
  0x000001ec6f3ec6a0 JavaThread "Stdin handler"                     [_thread_blocked, id=23728, stack(0x000000325e400000,0x000000325e500000) (1024K)]
  0x000001ec6f3eb980 JavaThread "Daemon client event forwarder"        [_thread_blocked, id=7492, stack(0x000000325e800000,0x000000325e900000) (1024K)]
  0x000001ec6f3eac60 JavaThread "Cache worker for file hash cache (D:\android_projects\24_Makany\.gradle\9.3.1\fileHashes)"        [_thread_blocked, id=4332, stack(0x000000325ea00000,0x000000325eb00000) (1024K)]
  0x000001ec6f3eb2f0 JavaThread "Cache worker for Build Output Cleanup Cache (D:\android_projects\24_Makany\.gradle\buildOutputCleanup)"        [_thread_blocked, id=7676, stack(0x000000325ee00000,0x000000325ef00000) (1024K)]
  0x000001ec5ed62ef0 JavaThread "Cache worker for checksums cache (D:\android_projects\24_Makany\.gradle\9.3.1\checksums)"        [_thread_blocked, id=28916, stack(0x000000325ef00000,0x000000325f000000) (1024K)]
  0x000001ec5ed64930 JavaThread "Cache worker for cache directory md-supplier (C:\Users\Kabo\.gradle\caches\9.3.1\md-supplier)"        [_thread_blocked, id=16224, stack(0x000000325f200000,0x000000325f300000) (1024K)]
  0x000001ec5ed63c10 JavaThread "Cache worker for cache directory md-rule (C:\Users\Kabo\.gradle\caches\9.3.1\md-rule)"        [_thread_blocked, id=22424, stack(0x000000325f400000,0x000000325f500000) (1024K)]
  0x000001ec5ed642a0 JavaThread "Unconstrained build operations"        [_thread_blocked, id=19288, stack(0x000000325f500000,0x000000325f600000) (1024K)]
  0x000001ec5ed64fc0 JavaThread "Unconstrained build operations Thread 2"        [_thread_blocked, id=17440, stack(0x000000325f800000,0x000000325f900000) (1024K)]
  0x000001ec5ed63580 JavaThread "Unconstrained build operations Thread 3"        [_thread_blocked, id=12528, stack(0x000000325fa00000,0x000000325fb00000) (1024K)]
  0x000001ec5b2fcb00 JavaThread "Unconstrained build operations Thread 4"        [_thread_blocked, id=7260, stack(0x000000325fb00000,0x000000325fc00000) (1024K)]
  0x000001ec5b2fc470 JavaThread "Unconstrained build operations Thread 5"        [_thread_blocked, id=1968, stack(0x000000325fc00000,0x000000325fd00000) (1024K)]
  0x000001ec5b2fd820 JavaThread "Unconstrained build operations Thread 6"        [_thread_blocked, id=21964, stack(0x000000325fd00000,0x000000325fe00000) (1024K)]
  0x000001ec6adc2000 JavaThread "Unconstrained build operations Thread 7"        [_thread_blocked, id=28168, stack(0x000000325fe00000,0x000000325ff00000) (1024K)]
  0x000001ec6adc1970 JavaThread "Unconstrained build operations Thread 8"        [_thread_blocked, id=10892, stack(0x000000325ff00000,0x0000003260000000) (1024K)]
  0x000001ec5a0ebef0 JavaThread "Unconstrained build operations Thread 9"        [_thread_blocked, id=26596, stack(0x0000003260000000,0x0000003260100000) (1024K)]
  0x000001ec5a0ec580 JavaThread "Unconstrained build operations Thread 10"        [_thread_blocked, id=15060, stack(0x0000003260100000,0x0000003260200000) (1024K)]
  0x000001ec5a0ed2a0 JavaThread "Unconstrained build operations Thread 11"        [_thread_blocked, id=20252, stack(0x0000003260200000,0x0000003260300000) (1024K)]
  0x000001ec5a0ecc10 JavaThread "Unconstrained build operations Thread 12"        [_thread_blocked, id=9240, stack(0x0000003260300000,0x0000003260400000) (1024K)]
  0x000001ec5a0ed930 JavaThread "Unconstrained build operations Thread 13"        [_thread_blocked, id=15992, stack(0x0000003260400000,0x0000003260500000) (1024K)]
  0x000001ec5a0eb1d0 JavaThread "Unconstrained build operations Thread 14"        [_thread_blocked, id=30428, stack(0x0000003260500000,0x0000003260600000) (1024K)]
  0x000001ec5a0ea4b0 JavaThread "Unconstrained build operations Thread 15"        [_thread_blocked, id=27232, stack(0x0000003260600000,0x0000003260700000) (1024K)]
  0x000001ec58299c90 JavaThread "Unconstrained build operations Thread 16"        [_thread_blocked, id=29668, stack(0x0000003260700000,0x0000003260800000) (1024K)]
  0x000001ec5829a320 JavaThread "Unconstrained build operations Thread 17"        [_thread_blocked, id=4288, stack(0x0000003260800000,0x0000003260900000) (1024K)]
  0x000001ec5829a9b0 JavaThread "Unconstrained build operations Thread 18"        [_thread_blocked, id=28412, stack(0x0000003260900000,0x0000003260a00000) (1024K)]
  0x000001ec5b189870 JavaThread "Unconstrained build operations Thread 19"        [_thread_blocked, id=26216, stack(0x0000003260a00000,0x0000003260b00000) (1024K)]
  0x000001ec5b1884c0 JavaThread "Unconstrained build operations Thread 20"        [_thread_blocked, id=7460, stack(0x0000003260b00000,0x0000003260c00000) (1024K)]
  0x000001ec59ecce40 JavaThread "Unconstrained build operations Thread 21"        [_thread_blocked, id=5496, stack(0x0000003260c00000,0x0000003260d00000) (1024K)]
  0x000001ec59ecd4d0 JavaThread "Unconstrained build operations Thread 22"        [_thread_blocked, id=9260, stack(0x0000003260d00000,0x0000003260e00000) (1024K)]
  0x000001ec64c9f070 JavaThread "C2 CompilerThread1"         daemon [_thread_in_vm, id=9896, stack(0x0000003261000000,0x0000003261100000) (1024K)]
  0x000001ec59ecb400 JavaThread "Unconstrained build operations Thread 23"        [_thread_blocked, id=9868, stack(0x0000003261100000,0x0000003261200000) (1024K)]
  0x000001ec59ecdb60 JavaThread "Unconstrained build operations Thread 24"        [_thread_blocked, id=26032, stack(0x0000003261200000,0x0000003261300000) (1024K)]
  0x000001ec59ecc7b0 JavaThread "Unconstrained build operations Thread 25"        [_thread_blocked, id=15976, stack(0x0000003261300000,0x0000003261400000) (1024K)]
  0x000001ec59ecba90 JavaThread "Unconstrained build operations Thread 26"        [_thread_blocked, id=17340, stack(0x0000003261400000,0x0000003261500000) (1024K)]
  0x000001ec59ecc120 JavaThread "Unconstrained build operations Thread 27"        [_thread_blocked, id=1824, stack(0x0000003261500000,0x0000003261600000) (1024K)]
  0x000001ec59eca6e0 JavaThread "Unconstrained build operations Thread 28"        [_thread_blocked, id=16044, stack(0x0000003261600000,0x0000003261700000) (1024K)]
  0x000001ec6f6b21f0 JavaThread "Unconstrained build operations Thread 29"        [_thread_blocked, id=10268, stack(0x0000003261700000,0x0000003261800000) (1024K)]
  0x000001ec6f6b2880 JavaThread "Unconstrained build operations Thread 30"        [_thread_blocked, id=1844, stack(0x0000003261800000,0x0000003261900000) (1024K)]
  0x000001ec6f6b2f10 JavaThread "Unconstrained build operations Thread 31"        [_thread_blocked, id=14916, stack(0x0000003261900000,0x0000003261a00000) (1024K)]
  0x000001ec6f6b3c30 JavaThread "Unconstrained build operations Thread 32"        [_thread_blocked, id=18188, stack(0x0000003261d00000,0x0000003261e00000) (1024K)]
  0x000001ec6f6b07b0 JavaThread "Unconstrained build operations Thread 33"        [_thread_blocked, id=28980, stack(0x0000003261e00000,0x0000003261f00000) (1024K)]
  0x000001ec6f6b14d0 JavaThread "Unconstrained build operations Thread 34"        [_thread_blocked, id=16816, stack(0x0000003261f00000,0x0000003262000000) (1024K)]
  0x000001ec6f6b0e40 JavaThread "Unconstrained build operations Thread 35"        [_thread_blocked, id=8924, stack(0x0000003262000000,0x0000003262100000) (1024K)]
  0x000001ec6f9f60b0 JavaThread "Unconstrained build operations Thread 36"        [_thread_blocked, id=21832, stack(0x0000003262100000,0x0000003262200000) (1024K)]
  0x000001ec6f9f6740 JavaThread "Unconstrained build operations Thread 37"        [_thread_blocked, id=19104, stack(0x0000003262200000,0x0000003262300000) (1024K)]
  0x000001ec6f9f5a20 JavaThread "Unconstrained build operations Thread 38"        [_thread_blocked, id=14684, stack(0x0000003262300000,0x0000003262400000) (1024K)]
  0x000001ec6f9f5390 JavaThread "Unconstrained build operations Thread 39"        [_thread_blocked, id=22116, stack(0x0000003262400000,0x0000003262500000) (1024K)]
  0x000001ec6f9f6dd0 JavaThread "Unconstrained build operations Thread 40"        [_thread_blocked, id=16256, stack(0x0000003262500000,0x0000003262600000) (1024K)]
  0x000001ec6f9f3950 JavaThread "Unconstrained build operations Thread 41"        [_thread_blocked, id=15396, stack(0x0000003262600000,0x0000003262700000) (1024K)]
  0x000001ec6f9f3fe0 JavaThread "Unconstrained build operations Thread 42"        [_thread_blocked, id=10492, stack(0x0000003262700000,0x0000003262800000) (1024K)]
  0x000001ec6f9f4670 JavaThread "Unconstrained build operations Thread 43"        [_thread_blocked, id=30436, stack(0x0000003262800000,0x0000003262900000) (1024K)]
  0x000001ec6f9f4d00 JavaThread "Unconstrained build operations Thread 44"        [_thread_blocked, id=4124, stack(0x0000003262900000,0x0000003262a00000) (1024K)]
Total: 109

Other Threads:
  0x000001ec539e4000 VMThread "VM Thread"                           [id=28232, stack(0x000000325ca00000,0x000000325cb00000) (1024K)]
  0x000001ec531cab40 WatcherThread "VM Periodic Task Thread"        [id=9136, stack(0x000000325c900000,0x000000325ca00000) (1024K)]
  0x000001ec3bd83da0 WorkerThread "GC Thread#0"                     [id=1556, stack(0x000000325c400000,0x000000325c500000) (1024K)]
  0x000001ec5821f070 WorkerThread "GC Thread#1"                     [id=10852, stack(0x000000325d600000,0x000000325d700000) (1024K)]
  0x000001ec5832fb30 WorkerThread "GC Thread#2"                     [id=15708, stack(0x000000325d700000,0x000000325d800000) (1024K)]
  0x000001ec58b5dfe0 WorkerThread "GC Thread#3"                     [id=25204, stack(0x000000325d900000,0x000000325da00000) (1024K)]
  0x000001ec58db7ad0 WorkerThread "GC Thread#4"                     [id=21088, stack(0x000000325da00000,0x000000325db00000) (1024K)]
  0x000001ec5a113c70 WorkerThread "GC Thread#5"                     [id=27144, stack(0x000000325db00000,0x000000325dc00000) (1024K)]
  0x000001ec5a114020 WorkerThread "GC Thread#6"                     [id=16348, stack(0x000000325dc00000,0x000000325dd00000) (1024K)]
  0x000001ec59d32e30 WorkerThread "GC Thread#7"                     [id=1548, stack(0x000000325dd00000,0x000000325de00000) (1024K)]
  0x000001ec5907abd0 WorkerThread "GC Thread#8"                     [id=14588, stack(0x000000325de00000,0x000000325df00000) (1024K)]
  0x000001ec5a918840 WorkerThread "GC Thread#9"                     [id=16484, stack(0x000000325e500000,0x000000325e600000) (1024K)]
  0x000001ec3bd94ca0 ConcurrentGCThread "G1 Main Marker"            [id=8716, stack(0x000000325c500000,0x000000325c600000) (1024K)]
  0x000001ec3bd96500 WorkerThread "G1 Conc#0"                       [id=18760, stack(0x000000325c600000,0x000000325c700000) (1024K)]
  0x000001ec5a919350 WorkerThread "G1 Conc#1"                       [id=17932, stack(0x000000325e600000,0x000000325e700000) (1024K)]
  0x000001ec5a918490 WorkerThread "G1 Conc#2"                       [id=29596, stack(0x000000325e700000,0x000000325e800000) (1024K)]
  0x000001ec53095a80 ConcurrentGCThread "G1 Refine#0"               [id=13288, stack(0x000000325c700000,0x000000325c800000) (1024K)]
  0x000001ec530973c0 ConcurrentGCThread "G1 Service"                [id=3444, stack(0x000000325c800000,0x000000325c900000) (1024K)]
Total: 18

Threads with active compile tasks:
C2 CompilerThread0  765275 31951       4       com.google.common.collect.MapMakerInternalMap$Segment::expand (276 bytes)
C2 CompilerThread1  765275 31972       4       java.lang.reflect.Proxy::getProxyConstructor (92 bytes)
Total: 2

VM state: not at safepoint (normal execution)

VM Mutex/Monitor currently owned by a thread:  ([mutex/lock_event])
[0x00007ffcf2bb70d0] MethodCompileQueue_lock - owner thread: 0x000001ec64c9f070
[0x00007ffcf2bb85d0] CodeCache_lock - owner thread: 0x000001ec64c9f070
[0x00007ffcf2bb8750] Compile_lock - owner thread: 0x000001ec64c9f070

Heap address: 0x0000000080000000, size: 2048 MB, Compressed Oops mode: 32-bit

CDS archive(s) not mapped
Compressed class space mapped at: 0x0000000100000000-0x0000000140000000, reserved size: 1073741824
Narrow klass base: 0x0000000000000000, Narrow klass shift: 3, Narrow klass range: 0x140000000

GC Precious Log:
 CardTable entry size: 512
 Card Set container configuration: InlinePtr #cards 5 size 8 Array Of Cards #cards 12 size 40 Howl #buckets 4 coarsen threshold 1843 Howl Bitmap #cards 512 size 80 coarsen threshold 460 Card regions per heap region 1 cards per card region 2048
 CPUs: 12 total, 12 available
 Memory: 7501M
 Large Page Support: Disabled
 NUMA Support: Disabled
 Compressed Oops: Enabled (32-bit)
 Heap Region Size: 1M
 Heap Min Capacity: 8M
 Heap Initial Capacity: 118M
 Heap Max Capacity: 2G
 Pre-touch: Disabled
 Parallel Workers: 10
 Concurrent Workers: 3
 Concurrent Refinement Workers: 10
 Periodic GC: Disabled

Heap:
 garbage-first heap   total 826368K, used 444162K [0x0000000080000000, 0x0000000100000000)
  region size 1024K, 92 young (94208K), 2 survivors (2048K)
 Metaspace       used 209774K, committed 212544K, reserved 1245184K
  class space    used 27995K, committed 29376K, reserved 1048576K

Heap Regions: E=young(eden), S=young(survivor), O=old, HS=humongous(starts), HC=humongous(continues), CS=collection set, F=free, TAMS=top-at-mark-start, PB=parsable bottom
|   0|0x0000000080000000, 0x0000000080100000, 0x0000000080100000|100%|HS|  |TAMS 0x0000000080000000| PB 0x0000000080000000| Complete 
|   1|0x0000000080100000, 0x0000000080200000, 0x0000000080200000|100%|HC|  |TAMS 0x0000000080100000| PB 0x0000000080100000| Complete 
|   2|0x0000000080200000, 0x0000000080300000, 0x0000000080300000|100%|HC|  |TAMS 0x0000000080200000| PB 0x0000000080200000| Complete 
|   3|0x0000000080300000, 0x0000000080400000, 0x0000000080400000|100%|HC|  |TAMS 0x0000000080300000| PB 0x0000000080300000| Complete 
|   4|0x0000000080400000, 0x0000000080500000, 0x0000000080500000|100%| O|  |TAMS 0x0000000080400000| PB 0x0000000080400000| Untracked 
|   5|0x0000000080500000, 0x0000000080600000, 0x0000000080600000|100%| O|  |TAMS 0x0000000080500000| PB 0x0000000080500000| Untracked 
|   6|0x0000000080600000, 0x0000000080700000, 0x0000000080700000|100%| O|  |TAMS 0x0000000080600000| PB 0x0000000080600000| Untracked 
|   7|0x0000000080700000, 0x0000000080800000, 0x0000000080800000|100%|HS|  |TAMS 0x0000000080700000| PB 0x0000000080700000| Complete 
|   8|0x0000000080800000, 0x0000000080900000, 0x0000000080900000|100%| O|  |TAMS 0x0000000080800000| PB 0x0000000080800000| Untracked 
|   9|0x0000000080900000, 0x0000000080a00000, 0x0000000080a00000|100%| O|  |TAMS 0x0000000080900000| PB 0x0000000080900000| Untracked 
|  10|0x0000000080a00000, 0x0000000080b00000, 0x0000000080b00000|100%| O|  |TAMS 0x0000000080a00000| PB 0x0000000080a00000| Untracked 
|  11|0x0000000080b00000, 0x0000000080c00000, 0x0000000080c00000|100%| O|  |TAMS 0x0000000080b00000| PB 0x0000000080b00000| Untracked 
|  12|0x0000000080c00000, 0x0000000080d00000, 0x0000000080d00000|100%| O|  |TAMS 0x0000000080c00000| PB 0x0000000080c00000| Untracked 
|  13|0x0000000080d00000, 0x0000000080e00000, 0x0000000080e00000|100%| O|  |TAMS 0x0000000080d00000| PB 0x0000000080d00000| Untracked 
|  14|0x0000000080e00000, 0x0000000080f00000, 0x0000000080f00000|100%| O|  |TAMS 0x0000000080e00000| PB 0x0000000080e00000| Untracked 
|  15|0x0000000080f00000, 0x0000000081000000, 0x0000000081000000|100%| O|  |TAMS 0x0000000080f00000| PB 0x0000000080f00000| Untracked 
|  16|0x0000000081000000, 0x0000000081100000, 0x0000000081100000|100%| O|  |TAMS 0x0000000081000000| PB 0x0000000081000000| Untracked 
|  17|0x0000000081100000, 0x0000000081200000, 0x0000000081200000|100%| O|  |TAMS 0x0000000081100000| PB 0x0000000081100000| Untracked 
|  18|0x0000000081200000, 0x0000000081300000, 0x0000000081300000|100%| O|  |TAMS 0x0000000081200000| PB 0x0000000081200000| Untracked 
|  19|0x0000000081300000, 0x0000000081400000, 0x0000000081400000|100%| O|  |TAMS 0x0000000081300000| PB 0x0000000081300000| Untracked 
|  20|0x0000000081400000, 0x0000000081500000, 0x0000000081500000|100%| O|  |TAMS 0x0000000081400000| PB 0x0000000081400000| Untracked 
|  21|0x0000000081500000, 0x0000000081600000, 0x0000000081600000|100%| O|  |TAMS 0x0000000081500000| PB 0x0000000081500000| Untracked 
|  22|0x0000000081600000, 0x0000000081700000, 0x0000000081700000|100%| O|  |TAMS 0x0000000081600000| PB 0x0000000081600000| Untracked 
|  23|0x0000000081700000, 0x0000000081800000, 0x0000000081800000|100%| O|  |TAMS 0x0000000081700000| PB 0x0000000081700000| Untracked 
|  24|0x0000000081800000, 0x0000000081900000, 0x0000000081900000|100%| O|  |TAMS 0x0000000081800000| PB 0x0000000081800000| Untracked 
|  25|0x0000000081900000, 0x0000000081a00000, 0x0000000081a00000|100%| O|  |TAMS 0x0000000081900000| PB 0x0000000081900000| Untracked 
|  26|0x0000000081a00000, 0x0000000081b00000, 0x0000000081b00000|100%| O|  |TAMS 0x0000000081a00000| PB 0x0000000081a00000| Untracked 
|  27|0x0000000081b00000, 0x0000000081c00000, 0x0000000081c00000|100%| O|  |TAMS 0x0000000081b00000| PB 0x0000000081b00000| Untracked 
|  28|0x0000000081c00000, 0x0000000081d00000, 0x0000000081d00000|100%| O|  |TAMS 0x0000000081c00000| PB 0x0000000081c00000| Untracked 
|  29|0x0000000081d00000, 0x0000000081e00000, 0x0000000081e00000|100%| O|  |TAMS 0x0000000081d00000| PB 0x0000000081d00000| Untracked 
|  30|0x0000000081e00000, 0x0000000081f00000, 0x0000000081f00000|100%| O|  |TAMS 0x0000000081e00000| PB 0x0000000081e00000| Untracked 
|  31|0x0000000081f00000, 0x0000000082000000, 0x0000000082000000|100%| O|  |TAMS 0x0000000081f00000| PB 0x0000000081f00000| Untracked 
|  32|0x0000000082000000, 0x0000000082100000, 0x0000000082100000|100%| O|  |TAMS 0x0000000082000000| PB 0x0000000082000000| Untracked 
|  33|0x0000000082100000, 0x0000000082200000, 0x0000000082200000|100%| O|  |TAMS 0x0000000082100000| PB 0x0000000082100000| Untracked 
|  34|0x0000000082200000, 0x0000000082300000, 0x0000000082300000|100%| O|  |TAMS 0x0000000082200000| PB 0x0000000082200000| Untracked 
|  35|0x0000000082300000, 0x0000000082400000, 0x0000000082400000|100%| O|  |TAMS 0x0000000082300000| PB 0x0000000082300000| Untracked 
|  36|0x0000000082400000, 0x0000000082500000, 0x0000000082500000|100%|HS|  |TAMS 0x0000000082400000| PB 0x0000000082400000| Complete 
|  37|0x0000000082500000, 0x0000000082600000, 0x0000000082600000|100%|HC|  |TAMS 0x0000000082500000| PB 0x0000000082500000| Complete 
|  38|0x0000000082600000, 0x0000000082700000, 0x0000000082700000|100%| O|  |TAMS 0x0000000082600000| PB 0x0000000082600000| Untracked 
|  39|0x0000000082700000, 0x0000000082800000, 0x0000000082800000|100%| O|  |TAMS 0x0000000082700000| PB 0x0000000082700000| Untracked 
|  40|0x0000000082800000, 0x0000000082900000, 0x0000000082900000|100%| O|  |TAMS 0x0000000082800000| PB 0x0000000082800000| Untracked 
|  41|0x0000000082900000, 0x0000000082a00000, 0x0000000082a00000|100%| O|  |TAMS 0x0000000082900000| PB 0x0000000082900000| Untracked 
|  42|0x0000000082a00000, 0x0000000082b00000, 0x0000000082b00000|100%| O|  |TAMS 0x0000000082a00000| PB 0x0000000082a00000| Untracked 
|  43|0x0000000082b00000, 0x0000000082c00000, 0x0000000082c00000|100%|HS|  |TAMS 0x0000000082b00000| PB 0x0000000082b00000| Complete 
|  44|0x0000000082c00000, 0x0000000082d00000, 0x0000000082d00000|100%| O|  |TAMS 0x0000000082c00000| PB 0x0000000082c00000| Untracked 
|  45|0x0000000082d00000, 0x0000000082e00000, 0x0000000082e00000|100%| O|  |TAMS 0x0000000082d00000| PB 0x0000000082d00000| Untracked 
|  46|0x0000000082e00000, 0x0000000082f00000, 0x0000000082f00000|100%| O|  |TAMS 0x0000000082e00000| PB 0x0000000082e00000| Untracked 
|  47|0x0000000082f00000, 0x0000000083000000, 0x0000000083000000|100%| O|  |TAMS 0x0000000082f00000| PB 0x0000000082f00000| Untracked 
|  48|0x0000000083000000, 0x0000000083100000, 0x0000000083100000|100%| O|  |TAMS 0x0000000083000000| PB 0x0000000083000000| Untracked 
|  49|0x0000000083100000, 0x0000000083200000, 0x0000000083200000|100%| O|  |TAMS 0x0000000083100000| PB 0x0000000083100000| Untracked 
|  50|0x0000000083200000, 0x0000000083300000, 0x0000000083300000|100%| O|  |TAMS 0x0000000083200000| PB 0x0000000083200000| Untracked 
|  51|0x0000000083300000, 0x0000000083400000, 0x0000000083400000|100%|HS|  |TAMS 0x0000000083300000| PB 0x0000000083300000| Complete 
|  52|0x0000000083400000, 0x0000000083500000, 0x0000000083500000|100%| O|  |TAMS 0x0000000083400000| PB 0x0000000083400000| Untracked 
|  53|0x0000000083500000, 0x0000000083600000, 0x0000000083600000|100%| O|  |TAMS 0x0000000083500000| PB 0x0000000083500000| Untracked 
|  54|0x0000000083600000, 0x0000000083700000, 0x0000000083700000|100%| O|  |TAMS 0x0000000083600000| PB 0x0000000083600000| Untracked 
|  55|0x0000000083700000, 0x0000000083800000, 0x0000000083800000|100%| O|  |TAMS 0x0000000083700000| PB 0x0000000083700000| Untracked 
|  56|0x0000000083800000, 0x0000000083900000, 0x0000000083900000|100%| O|  |TAMS 0x0000000083800000| PB 0x0000000083800000| Untracked 
|  57|0x0000000083900000, 0x0000000083a00000, 0x0000000083a00000|100%| O|  |TAMS 0x0000000083900000| PB 0x0000000083900000| Untracked 
|  58|0x0000000083a00000, 0x0000000083b00000, 0x0000000083b00000|100%| O|  |TAMS 0x0000000083a00000| PB 0x0000000083a00000| Untracked 
|  59|0x0000000083b00000, 0x0000000083c00000, 0x0000000083c00000|100%|HS|  |TAMS 0x0000000083b00000| PB 0x0000000083b00000| Complete 
|  60|0x0000000083c00000, 0x0000000083d00000, 0x0000000083d00000|100%|HC|  |TAMS 0x0000000083c00000| PB 0x0000000083c00000| Complete 
|  61|0x0000000083d00000, 0x0000000083e00000, 0x0000000083e00000|100%|HS|  |TAMS 0x0000000083d00000| PB 0x0000000083d00000| Complete 
|  62|0x0000000083e00000, 0x0000000083f00000, 0x0000000083f00000|100%|HS|  |TAMS 0x0000000083e00000| PB 0x0000000083e00000| Complete 
|  63|0x0000000083f00000, 0x0000000084000000, 0x0000000084000000|100%|HS|  |TAMS 0x0000000083f00000| PB 0x0000000083f00000| Complete 
|  64|0x0000000084000000, 0x0000000084100000, 0x0000000084100000|100%|HC|  |TAMS 0x0000000084000000| PB 0x0000000084000000| Complete 
|  65|0x0000000084100000, 0x0000000084200000, 0x0000000084200000|100%|HS|  |TAMS 0x0000000084100000| PB 0x0000000084100000| Complete 
|  66|0x0000000084200000, 0x0000000084300000, 0x0000000084300000|100%|HS|  |TAMS 0x0000000084200000| PB 0x0000000084200000| Complete 
|  67|0x0000000084300000, 0x0000000084400000, 0x0000000084400000|100%| O|  |TAMS 0x0000000084300000| PB 0x0000000084300000| Untracked 
|  68|0x0000000084400000, 0x0000000084500000, 0x0000000084500000|100%| O|  |TAMS 0x0000000084400000| PB 0x0000000084400000| Untracked 
|  69|0x0000000084500000, 0x0000000084600000, 0x0000000084600000|100%| O|  |TAMS 0x0000000084500000| PB 0x0000000084500000| Untracked 
|  70|0x0000000084600000, 0x0000000084700000, 0x0000000084700000|100%| O|  |TAMS 0x0000000084600000| PB 0x0000000084600000| Untracked 
|  71|0x0000000084700000, 0x0000000084800000, 0x0000000084800000|100%| O|  |TAMS 0x0000000084700000| PB 0x0000000084700000| Untracked 
|  72|0x0000000084800000, 0x0000000084900000, 0x0000000084900000|100%| O|  |TAMS 0x0000000084800000| PB 0x0000000084800000| Untracked 
|  73|0x0000000084900000, 0x0000000084a00000, 0x0000000084a00000|100%| O|  |TAMS 0x0000000084900000| PB 0x0000000084900000| Untracked 
|  74|0x0000000084a00000, 0x0000000084b00000, 0x0000000084b00000|100%|HS|  |TAMS 0x0000000084a00000| PB 0x0000000084a00000| Complete 
|  75|0x0000000084b00000, 0x0000000084c00000, 0x0000000084c00000|100%| O|  |TAMS 0x0000000084b00000| PB 0x0000000084b00000| Untracked 
|  76|0x0000000084c00000, 0x0000000084d00000, 0x0000000084d00000|100%| O|  |TAMS 0x0000000084c00000| PB 0x0000000084c00000| Untracked 
|  77|0x0000000084d00000, 0x0000000084e00000, 0x0000000084e00000|100%| O|  |TAMS 0x0000000084d00000| PB 0x0000000084d00000| Untracked 
|  78|0x0000000084e00000, 0x0000000084f00000, 0x0000000084f00000|100%| O|  |TAMS 0x0000000084e00000| PB 0x0000000084e00000| Untracked 
|  79|0x0000000084f00000, 0x0000000085000000, 0x0000000085000000|100%| O|  |TAMS 0x0000000084f00000| PB 0x0000000084f00000| Untracked 
|  80|0x0000000085000000, 0x0000000085100000, 0x0000000085100000|100%| O|  |TAMS 0x0000000085000000| PB 0x0000000085000000| Untracked 
|  81|0x0000000085100000, 0x0000000085200000, 0x0000000085200000|100%| O|  |TAMS 0x0000000085100000| PB 0x0000000085100000| Untracked 
|  82|0x0000000085200000, 0x0000000085300000, 0x0000000085300000|100%| O|  |TAMS 0x0000000085200000| PB 0x0000000085200000| Untracked 
|  83|0x0000000085300000, 0x0000000085400000, 0x0000000085400000|100%| O|  |TAMS 0x0000000085300000| PB 0x0000000085300000| Untracked 
|  84|0x0000000085400000, 0x0000000085500000, 0x0000000085500000|100%| O|  |TAMS 0x0000000085400000| PB 0x0000000085400000| Untracked 
|  85|0x0000000085500000, 0x0000000085600000, 0x0000000085600000|100%| O|  |TAMS 0x0000000085500000| PB 0x0000000085500000| Untracked 
|  86|0x0000000085600000, 0x0000000085700000, 0x0000000085700000|100%| O|  |TAMS 0x0000000085600000| PB 0x0000000085600000| Untracked 
|  87|0x0000000085700000, 0x0000000085800000, 0x0000000085800000|100%| O|  |TAMS 0x0000000085700000| PB 0x0000000085700000| Untracked 
|  88|0x0000000085800000, 0x0000000085900000, 0x0000000085900000|100%| O|  |TAMS 0x0000000085800000| PB 0x0000000085800000| Untracked 
|  89|0x0000000085900000, 0x0000000085a00000, 0x0000000085a00000|100%| O|  |TAMS 0x0000000085900000| PB 0x0000000085900000| Untracked 
|  90|0x0000000085a00000, 0x0000000085b00000, 0x0000000085b00000|100%| O|  |TAMS 0x0000000085a00000| PB 0x0000000085a00000| Untracked 
|  91|0x0000000085b00000, 0x0000000085c00000, 0x0000000085c00000|100%| O|  |TAMS 0x0000000085b00000| PB 0x0000000085b00000| Untracked 
|  92|0x0000000085c00000, 0x0000000085d00000, 0x0000000085d00000|100%| O|  |TAMS 0x0000000085c00000| PB 0x0000000085c00000| Untracked 
|  93|0x0000000085d00000, 0x0000000085e00000, 0x0000000085e00000|100%| O|  |TAMS 0x0000000085d00000| PB 0x0000000085d00000| Untracked 
|  94|0x0000000085e00000, 0x0000000085f00000, 0x0000000085f00000|100%| O|  |TAMS 0x0000000085e00000| PB 0x0000000085e00000| Untracked 
|  95|0x0000000085f00000, 0x0000000086000000, 0x0000000086000000|100%| O|  |TAMS 0x0000000085f00000| PB 0x0000000085f00000| Untracked 
|  96|0x0000000086000000, 0x0000000086100000, 0x0000000086100000|100%| O|  |TAMS 0x0000000086000000| PB 0x0000000086000000| Untracked 
|  97|0x0000000086100000, 0x0000000086200000, 0x0000000086200000|100%| O|  |TAMS 0x0000000086100000| PB 0x0000000086100000| Untracked 
|  98|0x0000000086200000, 0x0000000086300000, 0x0000000086300000|100%| O|  |TAMS 0x0000000086200000| PB 0x0000000086200000| Untracked 
|  99|0x0000000086300000, 0x0000000086400000, 0x0000000086400000|100%| O|  |TAMS 0x0000000086300000| PB 0x0000000086300000| Untracked 
| 100|0x0000000086400000, 0x0000000086500000, 0x0000000086500000|100%| O|  |TAMS 0x0000000086400000| PB 0x0000000086400000| Untracked 
| 101|0x0000000086500000, 0x0000000086600000, 0x0000000086600000|100%| O|  |TAMS 0x0000000086500000| PB 0x0000000086500000| Untracked 
| 102|0x0000000086600000, 0x0000000086700000, 0x0000000086700000|100%| O|  |TAMS 0x0000000086600000| PB 0x0000000086600000| Untracked 
| 103|0x0000000086700000, 0x0000000086800000, 0x0000000086800000|100%| O|  |TAMS 0x0000000086700000| PB 0x0000000086700000| Untracked 
| 104|0x0000000086800000, 0x0000000086900000, 0x0000000086900000|100%| O|  |TAMS 0x0000000086800000| PB 0x0000000086800000| Untracked 
| 105|0x0000000086900000, 0x0000000086a00000, 0x0000000086a00000|100%| O|  |TAMS 0x0000000086900000| PB 0x0000000086900000| Untracked 
| 106|0x0000000086a00000, 0x0000000086b00000, 0x0000000086b00000|100%| O|  |TAMS 0x0000000086a00000| PB 0x0000000086a00000| Untracked 
| 107|0x0000000086b00000, 0x0000000086c00000, 0x0000000086c00000|100%| O|  |TAMS 0x0000000086b00000| PB 0x0000000086b00000| Untracked 
| 108|0x0000000086c00000, 0x0000000086d00000, 0x0000000086d00000|100%| O|  |TAMS 0x0000000086c00000| PB 0x0000000086c00000| Untracked 
| 109|0x0000000086d00000, 0x0000000086e00000, 0x0000000086e00000|100%| O|  |TAMS 0x0000000086d00000| PB 0x0000000086d00000| Untracked 
| 110|0x0000000086e00000, 0x0000000086f00000, 0x0000000086f00000|100%| O|  |TAMS 0x0000000086e00000| PB 0x0000000086e00000| Untracked 
| 111|0x0000000086f00000, 0x0000000087000000, 0x0000000087000000|100%| O|  |TAMS 0x0000000086f00000| PB 0x0000000086f00000| Untracked 
| 112|0x0000000087000000, 0x0000000087100000, 0x0000000087100000|100%| O|  |TAMS 0x0000000087000000| PB 0x0000000087000000| Untracked 
| 113|0x0000000087100000, 0x0000000087200000, 0x0000000087200000|100%| O|  |TAMS 0x0000000087100000| PB 0x0000000087100000| Untracked 
| 114|0x0000000087200000, 0x0000000087300000, 0x0000000087300000|100%| O|  |TAMS 0x0000000087200000| PB 0x0000000087200000| Untracked 
| 115|0x0000000087300000, 0x0000000087400000, 0x0000000087400000|100%| O|  |TAMS 0x0000000087300000| PB 0x0000000087300000| Untracked 
| 116|0x0000000087400000, 0x0000000087500000, 0x0000000087500000|100%| O|  |TAMS 0x0000000087400000| PB 0x0000000087400000| Untracked 
| 117|0x0000000087500000, 0x0000000087600000, 0x0000000087600000|100%| O|  |TAMS 0x0000000087500000| PB 0x0000000087500000| Untracked 
| 118|0x0000000087600000, 0x0000000087700000, 0x0000000087700000|100%| O|  |TAMS 0x0000000087600000| PB 0x0000000087600000| Untracked 
| 119|0x0000000087700000, 0x0000000087800000, 0x0000000087800000|100%| O|  |TAMS 0x0000000087700000| PB 0x0000000087700000| Untracked 
| 120|0x0000000087800000, 0x0000000087900000, 0x0000000087900000|100%| O|  |TAMS 0x0000000087800000| PB 0x0000000087800000| Untracked 
| 121|0x0000000087900000, 0x0000000087a00000, 0x0000000087a00000|100%| O|  |TAMS 0x0000000087900000| PB 0x0000000087900000| Untracked 
| 122|0x0000000087a00000, 0x0000000087b00000, 0x0000000087b00000|100%| O|  |TAMS 0x0000000087a00000| PB 0x0000000087a00000| Untracked 
| 123|0x0000000087b00000, 0x0000000087c00000, 0x0000000087c00000|100%| O|  |TAMS 0x0000000087b00000| PB 0x0000000087b00000| Untracked 
| 124|0x0000000087c00000, 0x0000000087d00000, 0x0000000087d00000|100%| O|  |TAMS 0x0000000087c00000| PB 0x0000000087c00000| Untracked 
| 125|0x0000000087d00000, 0x0000000087e00000, 0x0000000087e00000|100%| O|  |TAMS 0x0000000087d00000| PB 0x0000000087d00000| Untracked 
| 126|0x0000000087e00000, 0x0000000087f00000, 0x0000000087f00000|100%| O|  |TAMS 0x0000000087e00000| PB 0x0000000087e00000| Untracked 
| 127|0x0000000087f00000, 0x0000000088000000, 0x0000000088000000|100%| O|  |TAMS 0x0000000087f00000| PB 0x0000000087f00000| Untracked 
| 128|0x0000000088000000, 0x0000000088100000, 0x0000000088100000|100%| O|  |TAMS 0x0000000088000000| PB 0x0000000088000000| Untracked 
| 129|0x0000000088100000, 0x0000000088200000, 0x0000000088200000|100%| O|  |TAMS 0x0000000088100000| PB 0x0000000088100000| Untracked 
| 130|0x0000000088200000, 0x0000000088300000, 0x0000000088300000|100%| O|  |TAMS 0x0000000088200000| PB 0x0000000088200000| Untracked 
| 131|0x0000000088300000, 0x0000000088400000, 0x0000000088400000|100%| O|  |TAMS 0x0000000088300000| PB 0x0000000088300000| Untracked 
| 132|0x0000000088400000, 0x0000000088500000, 0x0000000088500000|100%| O|  |TAMS 0x0000000088400000| PB 0x0000000088400000| Untracked 
| 133|0x0000000088500000, 0x0000000088600000, 0x0000000088600000|100%| O|  |TAMS 0x0000000088500000| PB 0x0000000088500000| Untracked 
| 134|0x0000000088600000, 0x0000000088700000, 0x0000000088700000|100%| O|  |TAMS 0x0000000088600000| PB 0x0000000088600000| Untracked 
| 135|0x0000000088700000, 0x0000000088700000, 0x0000000088800000|  0%| F|  |TAMS 0x0000000088700000| PB 0x0000000088700000| Untracked 
| 136|0x0000000088800000, 0x0000000088900000, 0x0000000088900000|100%| O|  |TAMS 0x0000000088800000| PB 0x0000000088800000| Untracked 
| 137|0x0000000088900000, 0x0000000088a00000, 0x0000000088a00000|100%| O|  |TAMS 0x0000000088900000| PB 0x0000000088900000| Untracked 
| 138|0x0000000088a00000, 0x0000000088b00000, 0x0000000088b00000|100%| O|  |TAMS 0x0000000088a00000| PB 0x0000000088a00000| Untracked 
| 139|0x0000000088b00000, 0x0000000088c00000, 0x0000000088c00000|100%| O|  |TAMS 0x0000000088b00000| PB 0x0000000088b00000| Untracked 
| 140|0x0000000088c00000, 0x0000000088d00000, 0x0000000088d00000|100%| O|  |TAMS 0x0000000088c00000| PB 0x0000000088c00000| Untracked 
| 141|0x0000000088d00000, 0x0000000088e00000, 0x0000000088e00000|100%| O|  |TAMS 0x0000000088d00000| PB 0x0000000088d00000| Untracked 
| 142|0x0000000088e00000, 0x0000000088f00000, 0x0000000088f00000|100%| O|  |TAMS 0x0000000088e00000| PB 0x0000000088e00000| Untracked 
| 143|0x0000000088f00000, 0x0000000089000000, 0x0000000089000000|100%| O|  |TAMS 0x0000000088f00000| PB 0x0000000088f00000| Untracked 
| 144|0x0000000089000000, 0x0000000089100000, 0x0000000089100000|100%|HS|  |TAMS 0x0000000089000000| PB 0x0000000089000000| Complete 
| 145|0x0000000089100000, 0x0000000089200000, 0x0000000089200000|100%|HC|  |TAMS 0x0000000089100000| PB 0x0000000089100000| Complete 
| 146|0x0000000089200000, 0x0000000089300000, 0x0000000089300000|100%|HC|  |TAMS 0x0000000089200000| PB 0x0000000089200000| Complete 
| 147|0x0000000089300000, 0x0000000089400000, 0x0000000089400000|100%|HC|  |TAMS 0x0000000089300000| PB 0x0000000089300000| Complete 
| 148|0x0000000089400000, 0x0000000089500000, 0x0000000089500000|100%|HC|  |TAMS 0x0000000089400000| PB 0x0000000089400000| Complete 
| 149|0x0000000089500000, 0x0000000089600000, 0x0000000089600000|100%| O|  |TAMS 0x0000000089500000| PB 0x0000000089500000| Untracked 
| 150|0x0000000089600000, 0x0000000089700000, 0x0000000089700000|100%| O|  |TAMS 0x0000000089600000| PB 0x0000000089600000| Untracked 
| 151|0x0000000089700000, 0x0000000089800000, 0x0000000089800000|100%| O|  |TAMS 0x0000000089700000| PB 0x0000000089700000| Untracked 
| 152|0x0000000089800000, 0x0000000089900000, 0x0000000089900000|100%| O|  |TAMS 0x0000000089800000| PB 0x0000000089800000| Untracked 
| 153|0x0000000089900000, 0x0000000089a00000, 0x0000000089a00000|100%| O|  |TAMS 0x0000000089900000| PB 0x0000000089900000| Untracked 
| 154|0x0000000089a00000, 0x0000000089b00000, 0x0000000089b00000|100%| O|  |TAMS 0x0000000089a00000| PB 0x0000000089a00000| Untracked 
| 155|0x0000000089b00000, 0x0000000089c00000, 0x0000000089c00000|100%| O|  |TAMS 0x0000000089b00000| PB 0x0000000089b00000| Untracked 
| 156|0x0000000089c00000, 0x0000000089d00000, 0x0000000089d00000|100%| O|  |TAMS 0x0000000089c00000| PB 0x0000000089c00000| Untracked 
| 157|0x0000000089d00000, 0x0000000089e00000, 0x0000000089e00000|100%| O|  |TAMS 0x0000000089d00000| PB 0x0000000089d00000| Untracked 
| 158|0x0000000089e00000, 0x0000000089f00000, 0x0000000089f00000|100%| O|  |TAMS 0x0000000089e00000| PB 0x0000000089e00000| Untracked 
| 159|0x0000000089f00000, 0x000000008a000000, 0x000000008a000000|100%| O|  |TAMS 0x0000000089f00000| PB 0x0000000089f00000| Untracked 
| 160|0x000000008a000000, 0x000000008a100000, 0x000000008a100000|100%| O|  |TAMS 0x000000008a000000| PB 0x000000008a000000| Untracked 
| 161|0x000000008a100000, 0x000000008a200000, 0x000000008a200000|100%| O|  |TAMS 0x000000008a100000| PB 0x000000008a100000| Untracked 
| 162|0x000000008a200000, 0x000000008a300000, 0x000000008a300000|100%| O|  |TAMS 0x000000008a200000| PB 0x000000008a200000| Untracked 
| 163|0x000000008a300000, 0x000000008a400000, 0x000000008a400000|100%| O|  |TAMS 0x000000008a300000| PB 0x000000008a300000| Untracked 
| 164|0x000000008a400000, 0x000000008a500000, 0x000000008a500000|100%| O|  |TAMS 0x000000008a400000| PB 0x000000008a400000| Untracked 
| 165|0x000000008a500000, 0x000000008a600000, 0x000000008a600000|100%| O|  |TAMS 0x000000008a500000| PB 0x000000008a500000| Untracked 
| 166|0x000000008a600000, 0x000000008a700000, 0x000000008a700000|100%| O|  |TAMS 0x000000008a600000| PB 0x000000008a600000| Untracked 
| 167|0x000000008a700000, 0x000000008a800000, 0x000000008a800000|100%| O|  |TAMS 0x000000008a700000| PB 0x000000008a700000| Untracked 
| 168|0x000000008a800000, 0x000000008a900000, 0x000000008a900000|100%| O|  |TAMS 0x000000008a800000| PB 0x000000008a800000| Untracked 
| 169|0x000000008a900000, 0x000000008aa00000, 0x000000008aa00000|100%| O|  |TAMS 0x000000008a900000| PB 0x000000008a900000| Untracked 
| 170|0x000000008aa00000, 0x000000008ab00000, 0x000000008ab00000|100%| O|  |TAMS 0x000000008aa00000| PB 0x000000008aa00000| Untracked 
| 171|0x000000008ab00000, 0x000000008ac00000, 0x000000008ac00000|100%| O|  |TAMS 0x000000008ab00000| PB 0x000000008ab00000| Untracked 
| 172|0x000000008ac00000, 0x000000008ad00000, 0x000000008ad00000|100%| O|  |TAMS 0x000000008ac00000| PB 0x000000008ac00000| Untracked 
| 173|0x000000008ad00000, 0x000000008ae00000, 0x000000008ae00000|100%| O|  |TAMS 0x000000008ad00000| PB 0x000000008ad00000| Untracked 
| 174|0x000000008ae00000, 0x000000008af00000, 0x000000008af00000|100%| O|  |TAMS 0x000000008ae00000| PB 0x000000008ae00000| Untracked 
| 175|0x000000008af00000, 0x000000008b000000, 0x000000008b000000|100%| O|  |TAMS 0x000000008af00000| PB 0x000000008af00000| Untracked 
| 176|0x000000008b000000, 0x000000008b100000, 0x000000008b100000|100%| O|  |TAMS 0x000000008b000000| PB 0x000000008b000000| Untracked 
| 177|0x000000008b100000, 0x000000008b200000, 0x000000008b200000|100%| O|  |TAMS 0x000000008b100000| PB 0x000000008b100000| Untracked 
| 178|0x000000008b200000, 0x000000008b300000, 0x000000008b300000|100%| O|  |TAMS 0x000000008b200000| PB 0x000000008b200000| Untracked 
| 179|0x000000008b300000, 0x000000008b400000, 0x000000008b400000|100%| O|  |TAMS 0x000000008b300000| PB 0x000000008b300000| Untracked 
| 180|0x000000008b400000, 0x000000008b500000, 0x000000008b500000|100%| O|  |TAMS 0x000000008b400000| PB 0x000000008b400000| Untracked 
| 181|0x000000008b500000, 0x000000008b600000, 0x000000008b600000|100%| O|  |TAMS 0x000000008b500000| PB 0x000000008b500000| Untracked 
| 182|0x000000008b600000, 0x000000008b700000, 0x000000008b700000|100%| O|  |TAMS 0x000000008b600000| PB 0x000000008b600000| Untracked 
| 183|0x000000008b700000, 0x000000008b800000, 0x000000008b800000|100%| O|  |TAMS 0x000000008b700000| PB 0x000000008b700000| Untracked 
| 184|0x000000008b800000, 0x000000008b900000, 0x000000008b900000|100%| O|  |TAMS 0x000000008b800000| PB 0x000000008b800000| Untracked 
| 185|0x000000008b900000, 0x000000008ba00000, 0x000000008ba00000|100%| O|  |TAMS 0x000000008b900000| PB 0x000000008b900000| Untracked 
| 186|0x000000008ba00000, 0x000000008bb00000, 0x000000008bb00000|100%| O|  |TAMS 0x000000008ba00000| PB 0x000000008ba00000| Untracked 
| 187|0x000000008bb00000, 0x000000008bc00000, 0x000000008bc00000|100%| O|  |TAMS 0x000000008bb00000| PB 0x000000008bb00000| Untracked 
| 188|0x000000008bc00000, 0x000000008bd00000, 0x000000008bd00000|100%| O|  |TAMS 0x000000008bc00000| PB 0x000000008bc00000| Untracked 
| 189|0x000000008bd00000, 0x000000008be00000, 0x000000008be00000|100%| O|  |TAMS 0x000000008bd00000| PB 0x000000008bd00000| Untracked 
| 190|0x000000008be00000, 0x000000008bf00000, 0x000000008bf00000|100%| O|  |TAMS 0x000000008be00000| PB 0x000000008be00000| Untracked 
| 191|0x000000008bf00000, 0x000000008c000000, 0x000000008c000000|100%| O|  |TAMS 0x000000008bf00000| PB 0x000000008bf00000| Untracked 
| 192|0x000000008c000000, 0x000000008c100000, 0x000000008c100000|100%| O|  |TAMS 0x000000008c000000| PB 0x000000008c000000| Untracked 
| 193|0x000000008c100000, 0x000000008c200000, 0x000000008c200000|100%| O|  |TAMS 0x000000008c100000| PB 0x000000008c100000| Untracked 
| 194|0x000000008c200000, 0x000000008c300000, 0x000000008c300000|100%| O|  |TAMS 0x000000008c200000| PB 0x000000008c200000| Untracked 
| 195|0x000000008c300000, 0x000000008c400000, 0x000000008c400000|100%| O|  |TAMS 0x000000008c300000| PB 0x000000008c300000| Untracked 
| 196|0x000000008c400000, 0x000000008c500000, 0x000000008c500000|100%| O|  |TAMS 0x000000008c400000| PB 0x000000008c400000| Untracked 
| 197|0x000000008c500000, 0x000000008c600000, 0x000000008c600000|100%| O|  |TAMS 0x000000008c500000| PB 0x000000008c500000| Untracked 
| 198|0x000000008c600000, 0x000000008c700000, 0x000000008c700000|100%| O|  |TAMS 0x000000008c600000| PB 0x000000008c600000| Untracked 
| 199|0x000000008c700000, 0x000000008c800000, 0x000000008c800000|100%| O|  |TAMS 0x000000008c700000| PB 0x000000008c700000| Untracked 
| 200|0x000000008c800000, 0x000000008c900000, 0x000000008c900000|100%| O|  |TAMS 0x000000008c800000| PB 0x000000008c800000| Untracked 
| 201|0x000000008c900000, 0x000000008ca00000, 0x000000008ca00000|100%| O|  |TAMS 0x000000008c900000| PB 0x000000008c900000| Untracked 
| 202|0x000000008ca00000, 0x000000008cb00000, 0x000000008cb00000|100%| O|  |TAMS 0x000000008ca00000| PB 0x000000008ca00000| Untracked 
| 203|0x000000008cb00000, 0x000000008cc00000, 0x000000008cc00000|100%| O|  |TAMS 0x000000008cb00000| PB 0x000000008cb00000| Untracked 
| 204|0x000000008cc00000, 0x000000008cd00000, 0x000000008cd00000|100%| O|  |TAMS 0x000000008cc00000| PB 0x000000008cc00000| Untracked 
| 205|0x000000008cd00000, 0x000000008ce00000, 0x000000008ce00000|100%| O|  |TAMS 0x000000008cd00000| PB 0x000000008cd00000| Untracked 
| 206|0x000000008ce00000, 0x000000008cf00000, 0x000000008cf00000|100%| O|  |TAMS 0x000000008ce00000| PB 0x000000008ce00000| Untracked 
| 207|0x000000008cf00000, 0x000000008d000000, 0x000000008d000000|100%| O|  |TAMS 0x000000008cf00000| PB 0x000000008cf00000| Untracked 
| 208|0x000000008d000000, 0x000000008d100000, 0x000000008d100000|100%| O|  |TAMS 0x000000008d000000| PB 0x000000008d000000| Untracked 
| 209|0x000000008d100000, 0x000000008d200000, 0x000000008d200000|100%| O|  |TAMS 0x000000008d100000| PB 0x000000008d100000| Untracked 
| 210|0x000000008d200000, 0x000000008d300000, 0x000000008d300000|100%| O|  |TAMS 0x000000008d200000| PB 0x000000008d200000| Untracked 
| 211|0x000000008d300000, 0x000000008d400000, 0x000000008d400000|100%| O|  |TAMS 0x000000008d300000| PB 0x000000008d300000| Untracked 
| 212|0x000000008d400000, 0x000000008d500000, 0x000000008d500000|100%| O|  |TAMS 0x000000008d400000| PB 0x000000008d400000| Untracked 
| 213|0x000000008d500000, 0x000000008d600000, 0x000000008d600000|100%| O|  |TAMS 0x000000008d500000| PB 0x000000008d500000| Untracked 
| 214|0x000000008d600000, 0x000000008d700000, 0x000000008d700000|100%| O|  |TAMS 0x000000008d600000| PB 0x000000008d600000| Untracked 
| 215|0x000000008d700000, 0x000000008d800000, 0x000000008d800000|100%| O|  |TAMS 0x000000008d700000| PB 0x000000008d700000| Untracked 
| 216|0x000000008d800000, 0x000000008d900000, 0x000000008d900000|100%| O|  |TAMS 0x000000008d800000| PB 0x000000008d800000| Untracked 
| 217|0x000000008d900000, 0x000000008da00000, 0x000000008da00000|100%| O|  |TAMS 0x000000008d900000| PB 0x000000008d900000| Untracked 
| 218|0x000000008da00000, 0x000000008db00000, 0x000000008db00000|100%| O|  |TAMS 0x000000008da00000| PB 0x000000008da00000| Untracked 
| 219|0x000000008db00000, 0x000000008dc00000, 0x000000008dc00000|100%| O|  |TAMS 0x000000008db00000| PB 0x000000008db00000| Untracked 
| 220|0x000000008dc00000, 0x000000008dd00000, 0x000000008dd00000|100%| O|  |TAMS 0x000000008dc00000| PB 0x000000008dc00000| Untracked 
| 221|0x000000008dd00000, 0x000000008de00000, 0x000000008de00000|100%| O|  |TAMS 0x000000008dd00000| PB 0x000000008dd00000| Untracked 
| 222|0x000000008de00000, 0x000000008df00000, 0x000000008df00000|100%| O|  |TAMS 0x000000008de00000| PB 0x000000008de00000| Untracked 
| 223|0x000000008df00000, 0x000000008e000000, 0x000000008e000000|100%| O|  |TAMS 0x000000008df00000| PB 0x000000008df00000| Untracked 
| 224|0x000000008e000000, 0x000000008e100000, 0x000000008e100000|100%| O|  |TAMS 0x000000008e000000| PB 0x000000008e000000| Untracked 
| 225|0x000000008e100000, 0x000000008e200000, 0x000000008e200000|100%| O|  |TAMS 0x000000008e100000| PB 0x000000008e100000| Untracked 
| 226|0x000000008e200000, 0x000000008e300000, 0x000000008e300000|100%| O|  |TAMS 0x000000008e200000| PB 0x000000008e200000| Untracked 
| 227|0x000000008e300000, 0x000000008e400000, 0x000000008e400000|100%| O|  |TAMS 0x000000008e300000| PB 0x000000008e300000| Untracked 
| 228|0x000000008e400000, 0x000000008e500000, 0x000000008e500000|100%| O|  |TAMS 0x000000008e400000| PB 0x000000008e400000| Untracked 
| 229|0x000000008e500000, 0x000000008e600000, 0x000000008e600000|100%| O|  |TAMS 0x000000008e500000| PB 0x000000008e500000| Untracked 
| 230|0x000000008e600000, 0x000000008e700000, 0x000000008e700000|100%| O|  |TAMS 0x000000008e600000| PB 0x000000008e600000| Untracked 
| 231|0x000000008e700000, 0x000000008e800000, 0x000000008e800000|100%| O|  |TAMS 0x000000008e700000| PB 0x000000008e700000| Untracked 
| 232|0x000000008e800000, 0x000000008e900000, 0x000000008e900000|100%| O|  |TAMS 0x000000008e800000| PB 0x000000008e800000| Untracked 
| 233|0x000000008e900000, 0x000000008ea00000, 0x000000008ea00000|100%| O|  |TAMS 0x000000008e900000| PB 0x000000008e900000| Untracked 
| 234|0x000000008ea00000, 0x000000008eb00000, 0x000000008eb00000|100%| O|  |TAMS 0x000000008ea00000| PB 0x000000008ea00000| Untracked 
| 235|0x000000008eb00000, 0x000000008ec00000, 0x000000008ec00000|100%| O|  |TAMS 0x000000008eb00000| PB 0x000000008eb00000| Untracked 
| 236|0x000000008ec00000, 0x000000008ed00000, 0x000000008ed00000|100%| O|  |TAMS 0x000000008ec00000| PB 0x000000008ec00000| Untracked 
| 237|0x000000008ed00000, 0x000000008ee00000, 0x000000008ee00000|100%| O|  |TAMS 0x000000008ed00000| PB 0x000000008ed00000| Untracked 
| 238|0x000000008ee00000, 0x000000008ef00000, 0x000000008ef00000|100%| O|  |TAMS 0x000000008ee00000| PB 0x000000008ee00000| Untracked 
| 239|0x000000008ef00000, 0x000000008f000000, 0x000000008f000000|100%| O|  |TAMS 0x000000008ef00000| PB 0x000000008ef00000| Untracked 
| 240|0x000000008f000000, 0x000000008f100000, 0x000000008f100000|100%| O|  |TAMS 0x000000008f000000| PB 0x000000008f000000| Untracked 
| 241|0x000000008f100000, 0x000000008f200000, 0x000000008f200000|100%| O|  |TAMS 0x000000008f100000| PB 0x000000008f100000| Untracked 
| 242|0x000000008f200000, 0x000000008f300000, 0x000000008f300000|100%| O|  |TAMS 0x000000008f200000| PB 0x000000008f200000| Untracked 
| 243|0x000000008f300000, 0x000000008f400000, 0x000000008f400000|100%| O|  |TAMS 0x000000008f300000| PB 0x000000008f300000| Untracked 
| 244|0x000000008f400000, 0x000000008f500000, 0x000000008f500000|100%| O|  |TAMS 0x000000008f400000| PB 0x000000008f400000| Untracked 
| 245|0x000000008f500000, 0x000000008f600000, 0x000000008f600000|100%| O|  |TAMS 0x000000008f500000| PB 0x000000008f500000| Untracked 
| 246|0x000000008f600000, 0x000000008f700000, 0x000000008f700000|100%| O|  |TAMS 0x000000008f600000| PB 0x000000008f600000| Untracked 
| 247|0x000000008f700000, 0x000000008f800000, 0x000000008f800000|100%| O|  |TAMS 0x000000008f700000| PB 0x000000008f700000| Untracked 
| 248|0x000000008f800000, 0x000000008f900000, 0x000000008f900000|100%| O|  |TAMS 0x000000008f800000| PB 0x000000008f800000| Untracked 
| 249|0x000000008f900000, 0x000000008fa00000, 0x000000008fa00000|100%| O|  |TAMS 0x000000008f900000| PB 0x000000008f900000| Untracked 
| 250|0x000000008fa00000, 0x000000008fb00000, 0x000000008fb00000|100%| O|  |TAMS 0x000000008fa00000| PB 0x000000008fa00000| Untracked 
| 251|0x000000008fb00000, 0x000000008fc00000, 0x000000008fc00000|100%| O|  |TAMS 0x000000008fb00000| PB 0x000000008fb00000| Untracked 
| 252|0x000000008fc00000, 0x000000008fd00000, 0x000000008fd00000|100%| O|  |TAMS 0x000000008fc00000| PB 0x000000008fc00000| Untracked 
| 253|0x000000008fd00000, 0x000000008fe00000, 0x000000008fe00000|100%| O|  |TAMS 0x000000008fd00000| PB 0x000000008fd00000| Untracked 
| 254|0x000000008fe00000, 0x000000008ff00000, 0x000000008ff00000|100%| O|  |TAMS 0x000000008fe00000| PB 0x000000008fe00000| Untracked 
| 255|0x000000008ff00000, 0x0000000090000000, 0x0000000090000000|100%| O|  |TAMS 0x000000008ff00000| PB 0x000000008ff00000| Untracked 
| 256|0x0000000090000000, 0x0000000090100000, 0x0000000090100000|100%| O|  |TAMS 0x0000000090000000| PB 0x0000000090000000| Untracked 
| 257|0x0000000090100000, 0x0000000090200000, 0x0000000090200000|100%| O|  |TAMS 0x0000000090100000| PB 0x0000000090100000| Untracked 
| 258|0x0000000090200000, 0x0000000090300000, 0x0000000090300000|100%| O|  |TAMS 0x0000000090200000| PB 0x0000000090200000| Untracked 
| 259|0x0000000090300000, 0x0000000090400000, 0x0000000090400000|100%| O|  |TAMS 0x0000000090300000| PB 0x0000000090300000| Untracked 
| 260|0x0000000090400000, 0x0000000090500000, 0x0000000090500000|100%| O|  |TAMS 0x0000000090400000| PB 0x0000000090400000| Untracked 
| 261|0x0000000090500000, 0x0000000090600000, 0x0000000090600000|100%| O|  |TAMS 0x0000000090500000| PB 0x0000000090500000| Untracked 
| 262|0x0000000090600000, 0x0000000090700000, 0x0000000090700000|100%| O|  |TAMS 0x0000000090600000| PB 0x0000000090600000| Untracked 
| 263|0x0000000090700000, 0x0000000090800000, 0x0000000090800000|100%| O|  |TAMS 0x0000000090700000| PB 0x0000000090700000| Untracked 
| 264|0x0000000090800000, 0x0000000090900000, 0x0000000090900000|100%| O|  |TAMS 0x0000000090800000| PB 0x0000000090800000| Untracked 
| 265|0x0000000090900000, 0x0000000090a00000, 0x0000000090a00000|100%| O|  |TAMS 0x0000000090900000| PB 0x0000000090900000| Untracked 
| 266|0x0000000090a00000, 0x0000000090b00000, 0x0000000090b00000|100%| O|  |TAMS 0x0000000090a00000| PB 0x0000000090a00000| Untracked 
| 267|0x0000000090b00000, 0x0000000090c00000, 0x0000000090c00000|100%| O|  |TAMS 0x0000000090b00000| PB 0x0000000090b00000| Untracked 
| 268|0x0000000090c00000, 0x0000000090d00000, 0x0000000090d00000|100%| O|  |TAMS 0x0000000090c00000| PB 0x0000000090c00000| Untracked 
| 269|0x0000000090d00000, 0x0000000090e00000, 0x0000000090e00000|100%| O|  |TAMS 0x0000000090d00000| PB 0x0000000090d00000| Untracked 
| 270|0x0000000090e00000, 0x0000000090f00000, 0x0000000090f00000|100%| O|  |TAMS 0x0000000090e00000| PB 0x0000000090e00000| Untracked 
| 271|0x0000000090f00000, 0x0000000091000000, 0x0000000091000000|100%| O|  |TAMS 0x0000000090f00000| PB 0x0000000090f00000| Untracked 
| 272|0x0000000091000000, 0x0000000091100000, 0x0000000091100000|100%| O|  |TAMS 0x0000000091000000| PB 0x0000000091000000| Untracked 
| 273|0x0000000091100000, 0x0000000091200000, 0x0000000091200000|100%| O|  |TAMS 0x0000000091100000| PB 0x0000000091100000| Untracked 
| 274|0x0000000091200000, 0x0000000091300000, 0x0000000091300000|100%| O|  |TAMS 0x0000000091200000| PB 0x0000000091200000| Untracked 
| 275|0x0000000091300000, 0x0000000091400000, 0x0000000091400000|100%| O|  |TAMS 0x0000000091300000| PB 0x0000000091300000| Untracked 
| 276|0x0000000091400000, 0x0000000091500000, 0x0000000091500000|100%| O|  |TAMS 0x0000000091400000| PB 0x0000000091400000| Untracked 
| 277|0x0000000091500000, 0x0000000091600000, 0x0000000091600000|100%| O|  |TAMS 0x0000000091500000| PB 0x0000000091500000| Untracked 
| 278|0x0000000091600000, 0x0000000091700000, 0x0000000091700000|100%| O|  |TAMS 0x0000000091600000| PB 0x0000000091600000| Untracked 
| 279|0x0000000091700000, 0x0000000091800000, 0x0000000091800000|100%| O|  |TAMS 0x0000000091700000| PB 0x0000000091700000| Untracked 
| 280|0x0000000091800000, 0x0000000091900000, 0x0000000091900000|100%| O|  |TAMS 0x0000000091800000| PB 0x0000000091800000| Untracked 
| 281|0x0000000091900000, 0x0000000091a00000, 0x0000000091a00000|100%| O|  |TAMS 0x0000000091900000| PB 0x0000000091900000| Untracked 
| 282|0x0000000091a00000, 0x0000000091b00000, 0x0000000091b00000|100%| O|  |TAMS 0x0000000091a00000| PB 0x0000000091a00000| Untracked 
| 283|0x0000000091b00000, 0x0000000091c00000, 0x0000000091c00000|100%| O|  |TAMS 0x0000000091b00000| PB 0x0000000091b00000| Untracked 
| 284|0x0000000091c00000, 0x0000000091d00000, 0x0000000091d00000|100%| O|  |TAMS 0x0000000091c00000| PB 0x0000000091c00000| Untracked 
| 285|0x0000000091d00000, 0x0000000091e00000, 0x0000000091e00000|100%| O|  |TAMS 0x0000000091d00000| PB 0x0000000091d00000| Untracked 
| 286|0x0000000091e00000, 0x0000000091f00000, 0x0000000091f00000|100%| O|  |TAMS 0x0000000091e00000| PB 0x0000000091e00000| Untracked 
| 287|0x0000000091f00000, 0x0000000092000000, 0x0000000092000000|100%| O|  |TAMS 0x0000000091f00000| PB 0x0000000091f00000| Untracked 
| 288|0x0000000092000000, 0x0000000092100000, 0x0000000092100000|100%| O|  |TAMS 0x0000000092000000| PB 0x0000000092000000| Untracked 
| 289|0x0000000092100000, 0x0000000092200000, 0x0000000092200000|100%| O|  |TAMS 0x0000000092100000| PB 0x0000000092100000| Untracked 
| 290|0x0000000092200000, 0x0000000092300000, 0x0000000092300000|100%| O|  |TAMS 0x0000000092200000| PB 0x0000000092200000| Untracked 
| 291|0x0000000092300000, 0x0000000092400000, 0x0000000092400000|100%| O|  |TAMS 0x0000000092300000| PB 0x0000000092300000| Untracked 
| 292|0x0000000092400000, 0x0000000092500000, 0x0000000092500000|100%| O|  |TAMS 0x0000000092400000| PB 0x0000000092400000| Untracked 
| 293|0x0000000092500000, 0x0000000092600000, 0x0000000092600000|100%| O|  |TAMS 0x0000000092500000| PB 0x0000000092500000| Untracked 
| 294|0x0000000092600000, 0x0000000092700000, 0x0000000092700000|100%| O|  |TAMS 0x0000000092600000| PB 0x0000000092600000| Untracked 
| 295|0x0000000092700000, 0x0000000092800000, 0x0000000092800000|100%| O|  |TAMS 0x0000000092700000| PB 0x0000000092700000| Untracked 
| 296|0x0000000092800000, 0x0000000092900000, 0x0000000092900000|100%| O|  |TAMS 0x0000000092800000| PB 0x0000000092800000| Untracked 
| 297|0x0000000092900000, 0x0000000092a00000, 0x0000000092a00000|100%| O|  |TAMS 0x0000000092900000| PB 0x0000000092900000| Untracked 
| 298|0x0000000092a00000, 0x0000000092b00000, 0x0000000092b00000|100%| O|  |TAMS 0x0000000092a00000| PB 0x0000000092a00000| Untracked 
| 299|0x0000000092b00000, 0x0000000092c00000, 0x0000000092c00000|100%| O|  |TAMS 0x0000000092b00000| PB 0x0000000092b00000| Untracked 
| 300|0x0000000092c00000, 0x0000000092d00000, 0x0000000092d00000|100%| O|  |TAMS 0x0000000092c00000| PB 0x0000000092c00000| Untracked 
| 301|0x0000000092d00000, 0x0000000092e00000, 0x0000000092e00000|100%| O|  |TAMS 0x0000000092d00000| PB 0x0000000092d00000| Untracked 
| 302|0x0000000092e00000, 0x0000000092f00000, 0x0000000092f00000|100%| O|  |TAMS 0x0000000092e00000| PB 0x0000000092e00000| Untracked 
| 303|0x0000000092f00000, 0x0000000093000000, 0x0000000093000000|100%| O|  |TAMS 0x0000000092f00000| PB 0x0000000092f00000| Untracked 
| 304|0x0000000093000000, 0x0000000093100000, 0x0000000093100000|100%| O|  |TAMS 0x0000000093000000| PB 0x0000000093000000| Untracked 
| 305|0x0000000093100000, 0x0000000093200000, 0x0000000093200000|100%| O|  |TAMS 0x0000000093100000| PB 0x0000000093100000| Untracked 
| 306|0x0000000093200000, 0x0000000093300000, 0x0000000093300000|100%| O|  |TAMS 0x0000000093200000| PB 0x0000000093200000| Untracked 
| 307|0x0000000093300000, 0x0000000093400000, 0x0000000093400000|100%| O|  |TAMS 0x0000000093300000| PB 0x0000000093300000| Untracked 
| 308|0x0000000093400000, 0x0000000093500000, 0x0000000093500000|100%| O|  |TAMS 0x0000000093400000| PB 0x0000000093400000| Untracked 
| 309|0x0000000093500000, 0x0000000093600000, 0x0000000093600000|100%| O|  |TAMS 0x0000000093500000| PB 0x0000000093500000| Untracked 
| 310|0x0000000093600000, 0x0000000093700000, 0x0000000093700000|100%| O|  |TAMS 0x0000000093600000| PB 0x0000000093600000| Untracked 
| 311|0x0000000093700000, 0x0000000093800000, 0x0000000093800000|100%| O|  |TAMS 0x0000000093700000| PB 0x0000000093700000| Untracked 
| 312|0x0000000093800000, 0x0000000093900000, 0x0000000093900000|100%| O|  |TAMS 0x0000000093800000| PB 0x0000000093800000| Untracked 
| 313|0x0000000093900000, 0x0000000093a00000, 0x0000000093a00000|100%| O|  |TAMS 0x0000000093900000| PB 0x0000000093900000| Untracked 
| 314|0x0000000093a00000, 0x0000000093b00000, 0x0000000093b00000|100%| O|  |TAMS 0x0000000093a00000| PB 0x0000000093a00000| Untracked 
| 315|0x0000000093b00000, 0x0000000093c00000, 0x0000000093c00000|100%| O|  |TAMS 0x0000000093b00000| PB 0x0000000093b00000| Untracked 
| 316|0x0000000093c00000, 0x0000000093d00000, 0x0000000093d00000|100%| O|  |TAMS 0x0000000093c00000| PB 0x0000000093c00000| Untracked 
| 317|0x0000000093d00000, 0x0000000093e00000, 0x0000000093e00000|100%| O|  |TAMS 0x0000000093d00000| PB 0x0000000093d00000| Untracked 
| 318|0x0000000093e00000, 0x0000000093f00000, 0x0000000093f00000|100%| O|  |TAMS 0x0000000093e00000| PB 0x0000000093e00000| Untracked 
| 319|0x0000000093f00000, 0x0000000094000000, 0x0000000094000000|100%| O|  |TAMS 0x0000000093f00000| PB 0x0000000093f00000| Untracked 
| 320|0x0000000094000000, 0x0000000094100000, 0x0000000094100000|100%| O|  |TAMS 0x0000000094000000| PB 0x0000000094000000| Untracked 
| 321|0x0000000094100000, 0x0000000094200000, 0x0000000094200000|100%| O|  |TAMS 0x0000000094100000| PB 0x0000000094100000| Untracked 
| 322|0x0000000094200000, 0x0000000094300000, 0x0000000094300000|100%| O|  |TAMS 0x0000000094200000| PB 0x0000000094200000| Untracked 
| 323|0x0000000094300000, 0x0000000094400000, 0x0000000094400000|100%| O|  |TAMS 0x0000000094300000| PB 0x0000000094300000| Untracked 
| 324|0x0000000094400000, 0x0000000094500000, 0x0000000094500000|100%| O|  |TAMS 0x0000000094400000| PB 0x0000000094400000| Untracked 
| 325|0x0000000094500000, 0x0000000094600000, 0x0000000094600000|100%| O|  |TAMS 0x0000000094500000| PB 0x0000000094500000| Untracked 
| 326|0x0000000094600000, 0x0000000094700000, 0x0000000094700000|100%| O|  |TAMS 0x0000000094600000| PB 0x0000000094600000| Untracked 
| 327|0x0000000094700000, 0x0000000094800000, 0x0000000094800000|100%| O|  |TAMS 0x0000000094700000| PB 0x0000000094700000| Untracked 
| 328|0x0000000094800000, 0x0000000094900000, 0x0000000094900000|100%| O|  |TAMS 0x0000000094800000| PB 0x0000000094800000| Untracked 
| 329|0x0000000094900000, 0x00000000949ab480, 0x0000000094a00000| 66%| O|  |TAMS 0x0000000094900000| PB 0x0000000094900000| Untracked 
| 330|0x0000000094a00000, 0x0000000094a00000, 0x0000000094b00000|  0%| F|  |TAMS 0x0000000094a00000| PB 0x0000000094a00000| Untracked 
| 331|0x0000000094b00000, 0x0000000094b00000, 0x0000000094c00000|  0%| F|  |TAMS 0x0000000094b00000| PB 0x0000000094b00000| Untracked 
| 332|0x0000000094c00000, 0x0000000094c00000, 0x0000000094d00000|  0%| F|  |TAMS 0x0000000094c00000| PB 0x0000000094c00000| Untracked 
| 333|0x0000000094d00000, 0x0000000094d00000, 0x0000000094e00000|  0%| F|  |TAMS 0x0000000094d00000| PB 0x0000000094d00000| Untracked 
| 334|0x0000000094e00000, 0x0000000094e00000, 0x0000000094f00000|  0%| F|  |TAMS 0x0000000094e00000| PB 0x0000000094e00000| Untracked 
| 335|0x0000000094f00000, 0x0000000094f00000, 0x0000000095000000|  0%| F|  |TAMS 0x0000000094f00000| PB 0x0000000094f00000| Untracked 
| 336|0x0000000095000000, 0x0000000095000000, 0x0000000095100000|  0%| F|  |TAMS 0x0000000095000000| PB 0x0000000095000000| Untracked 
| 337|0x0000000095100000, 0x0000000095100000, 0x0000000095200000|  0%| F|  |TAMS 0x0000000095100000| PB 0x0000000095100000| Untracked 
| 338|0x0000000095200000, 0x0000000095200000, 0x0000000095300000|  0%| F|  |TAMS 0x0000000095200000| PB 0x0000000095200000| Untracked 
| 339|0x0000000095300000, 0x0000000095300000, 0x0000000095400000|  0%| F|  |TAMS 0x0000000095300000| PB 0x0000000095300000| Untracked 
| 340|0x0000000095400000, 0x0000000095400000, 0x0000000095500000|  0%| F|  |TAMS 0x0000000095400000| PB 0x0000000095400000| Untracked 
| 341|0x0000000095500000, 0x0000000095500000, 0x0000000095600000|  0%| F|  |TAMS 0x0000000095500000| PB 0x0000000095500000| Untracked 
| 342|0x0000000095600000, 0x0000000095600000, 0x0000000095700000|  0%| F|  |TAMS 0x0000000095600000| PB 0x0000000095600000| Untracked 
| 343|0x0000000095700000, 0x0000000095700000, 0x0000000095800000|  0%| F|  |TAMS 0x0000000095700000| PB 0x0000000095700000| Untracked 
| 344|0x0000000095800000, 0x0000000095800000, 0x0000000095900000|  0%| F|  |TAMS 0x0000000095800000| PB 0x0000000095800000| Untracked 
| 345|0x0000000095900000, 0x0000000095900000, 0x0000000095a00000|  0%| F|  |TAMS 0x0000000095900000| PB 0x0000000095900000| Untracked 
| 346|0x0000000095a00000, 0x0000000095a00000, 0x0000000095b00000|  0%| F|  |TAMS 0x0000000095a00000| PB 0x0000000095a00000| Untracked 
| 347|0x0000000095b00000, 0x0000000095b00000, 0x0000000095c00000|  0%| F|  |TAMS 0x0000000095b00000| PB 0x0000000095b00000| Untracked 
| 348|0x0000000095c00000, 0x0000000095c00000, 0x0000000095d00000|  0%| F|  |TAMS 0x0000000095c00000| PB 0x0000000095c00000| Untracked 
| 349|0x0000000095d00000, 0x0000000095d00000, 0x0000000095e00000|  0%| F|  |TAMS 0x0000000095d00000| PB 0x0000000095d00000| Untracked 
| 350|0x0000000095e00000, 0x0000000095e00000, 0x0000000095f00000|  0%| F|  |TAMS 0x0000000095e00000| PB 0x0000000095e00000| Untracked 
| 351|0x0000000095f00000, 0x0000000095f00000, 0x0000000096000000|  0%| F|  |TAMS 0x0000000095f00000| PB 0x0000000095f00000| Untracked 
| 352|0x0000000096000000, 0x0000000096000000, 0x0000000096100000|  0%| F|  |TAMS 0x0000000096000000| PB 0x0000000096000000| Untracked 
| 353|0x0000000096100000, 0x0000000096100000, 0x0000000096200000|  0%| F|  |TAMS 0x0000000096100000| PB 0x0000000096100000| Untracked 
| 354|0x0000000096200000, 0x0000000096200000, 0x0000000096300000|  0%| F|  |TAMS 0x0000000096200000| PB 0x0000000096200000| Untracked 
| 355|0x0000000096300000, 0x0000000096300000, 0x0000000096400000|  0%| F|  |TAMS 0x0000000096300000| PB 0x0000000096300000| Untracked 
| 356|0x0000000096400000, 0x0000000096400000, 0x0000000096500000|  0%| F|  |TAMS 0x0000000096400000| PB 0x0000000096400000| Untracked 
| 357|0x0000000096500000, 0x0000000096500000, 0x0000000096600000|  0%| F|  |TAMS 0x0000000096500000| PB 0x0000000096500000| Untracked 
| 358|0x0000000096600000, 0x0000000096600000, 0x0000000096700000|  0%| F|  |TAMS 0x0000000096600000| PB 0x0000000096600000| Untracked 
| 359|0x0000000096700000, 0x0000000096700000, 0x0000000096800000|  0%| F|  |TAMS 0x0000000096700000| PB 0x0000000096700000| Untracked 
| 360|0x0000000096800000, 0x0000000096800000, 0x0000000096900000|  0%| F|  |TAMS 0x0000000096800000| PB 0x0000000096800000| Untracked 
| 361|0x0000000096900000, 0x0000000096900000, 0x0000000096a00000|  0%| F|  |TAMS 0x0000000096900000| PB 0x0000000096900000| Untracked 
| 362|0x0000000096a00000, 0x0000000096a00000, 0x0000000096b00000|  0%| F|  |TAMS 0x0000000096a00000| PB 0x0000000096a00000| Untracked 
| 363|0x0000000096b00000, 0x0000000096b00000, 0x0000000096c00000|  0%| F|  |TAMS 0x0000000096b00000| PB 0x0000000096b00000| Untracked 
| 364|0x0000000096c00000, 0x0000000096c00000, 0x0000000096d00000|  0%| F|  |TAMS 0x0000000096c00000| PB 0x0000000096c00000| Untracked 
| 365|0x0000000096d00000, 0x0000000096d00000, 0x0000000096e00000|  0%| F|  |TAMS 0x0000000096d00000| PB 0x0000000096d00000| Untracked 
| 366|0x0000000096e00000, 0x0000000096e00000, 0x0000000096f00000|  0%| F|  |TAMS 0x0000000096e00000| PB 0x0000000096e00000| Untracked 
| 367|0x0000000096f00000, 0x0000000096f00000, 0x0000000097000000|  0%| F|  |TAMS 0x0000000096f00000| PB 0x0000000096f00000| Untracked 
| 368|0x0000000097000000, 0x0000000097000000, 0x0000000097100000|  0%| F|  |TAMS 0x0000000097000000| PB 0x0000000097000000| Untracked 
| 369|0x0000000097100000, 0x0000000097100000, 0x0000000097200000|  0%| F|  |TAMS 0x0000000097100000| PB 0x0000000097100000| Untracked 
| 370|0x0000000097200000, 0x0000000097200000, 0x0000000097300000|  0%| F|  |TAMS 0x0000000097200000| PB 0x0000000097200000| Untracked 
| 371|0x0000000097300000, 0x0000000097300000, 0x0000000097400000|  0%| F|  |TAMS 0x0000000097300000| PB 0x0000000097300000| Untracked 
| 372|0x0000000097400000, 0x0000000097400000, 0x0000000097500000|  0%| F|  |TAMS 0x0000000097400000| PB 0x0000000097400000| Untracked 
| 373|0x0000000097500000, 0x0000000097500000, 0x0000000097600000|  0%| F|  |TAMS 0x0000000097500000| PB 0x0000000097500000| Untracked 
| 374|0x0000000097600000, 0x0000000097600000, 0x0000000097700000|  0%| F|  |TAMS 0x0000000097600000| PB 0x0000000097600000| Untracked 
| 375|0x0000000097700000, 0x0000000097700000, 0x0000000097800000|  0%| F|  |TAMS 0x0000000097700000| PB 0x0000000097700000| Untracked 
| 376|0x0000000097800000, 0x0000000097800000, 0x0000000097900000|  0%| F|  |TAMS 0x0000000097800000| PB 0x0000000097800000| Untracked 
| 377|0x0000000097900000, 0x0000000097900000, 0x0000000097a00000|  0%| F|  |TAMS 0x0000000097900000| PB 0x0000000097900000| Untracked 
| 378|0x0000000097a00000, 0x0000000097a00000, 0x0000000097b00000|  0%| F|  |TAMS 0x0000000097a00000| PB 0x0000000097a00000| Untracked 
| 379|0x0000000097b00000, 0x0000000097b00000, 0x0000000097c00000|  0%| F|  |TAMS 0x0000000097b00000| PB 0x0000000097b00000| Untracked 
| 380|0x0000000097c00000, 0x0000000097c00000, 0x0000000097d00000|  0%| F|  |TAMS 0x0000000097c00000| PB 0x0000000097c00000| Untracked 
| 381|0x0000000097d00000, 0x0000000097d00000, 0x0000000097e00000|  0%| F|  |TAMS 0x0000000097d00000| PB 0x0000000097d00000| Untracked 
| 382|0x0000000097e00000, 0x0000000097e00000, 0x0000000097f00000|  0%| F|  |TAMS 0x0000000097e00000| PB 0x0000000097e00000| Untracked 
| 383|0x0000000097f00000, 0x0000000097f00000, 0x0000000098000000|  0%| F|  |TAMS 0x0000000097f00000| PB 0x0000000097f00000| Untracked 
| 384|0x0000000098000000, 0x0000000098000000, 0x0000000098100000|  0%| F|  |TAMS 0x0000000098000000| PB 0x0000000098000000| Untracked 
| 385|0x0000000098100000, 0x0000000098100000, 0x0000000098200000|  0%| F|  |TAMS 0x0000000098100000| PB 0x0000000098100000| Untracked 
| 386|0x0000000098200000, 0x0000000098200000, 0x0000000098300000|  0%| F|  |TAMS 0x0000000098200000| PB 0x0000000098200000| Untracked 
| 387|0x0000000098300000, 0x0000000098300000, 0x0000000098400000|  0%| F|  |TAMS 0x0000000098300000| PB 0x0000000098300000| Untracked 
| 388|0x0000000098400000, 0x0000000098400000, 0x0000000098500000|  0%| F|  |TAMS 0x0000000098400000| PB 0x0000000098400000| Untracked 
| 389|0x0000000098500000, 0x0000000098500000, 0x0000000098600000|  0%| F|  |TAMS 0x0000000098500000| PB 0x0000000098500000| Untracked 
| 390|0x0000000098600000, 0x0000000098600000, 0x0000000098700000|  0%| F|  |TAMS 0x0000000098600000| PB 0x0000000098600000| Untracked 
| 391|0x0000000098700000, 0x0000000098700000, 0x0000000098800000|  0%| F|  |TAMS 0x0000000098700000| PB 0x0000000098700000| Untracked 
| 392|0x0000000098800000, 0x0000000098800000, 0x0000000098900000|  0%| F|  |TAMS 0x0000000098800000| PB 0x0000000098800000| Untracked 
| 393|0x0000000098900000, 0x0000000098900000, 0x0000000098a00000|  0%| F|  |TAMS 0x0000000098900000| PB 0x0000000098900000| Untracked 
| 394|0x0000000098a00000, 0x0000000098a00000, 0x0000000098b00000|  0%| F|  |TAMS 0x0000000098a00000| PB 0x0000000098a00000| Untracked 
| 395|0x0000000098b00000, 0x0000000098b00000, 0x0000000098c00000|  0%| F|  |TAMS 0x0000000098b00000| PB 0x0000000098b00000| Untracked 
| 396|0x0000000098c00000, 0x0000000098c00000, 0x0000000098d00000|  0%| F|  |TAMS 0x0000000098c00000| PB 0x0000000098c00000| Untracked 
| 397|0x0000000098d00000, 0x0000000098d00000, 0x0000000098e00000|  0%| F|  |TAMS 0x0000000098d00000| PB 0x0000000098d00000| Untracked 
| 398|0x0000000098e00000, 0x0000000098e00000, 0x0000000098f00000|  0%| F|  |TAMS 0x0000000098e00000| PB 0x0000000098e00000| Untracked 
| 399|0x0000000098f00000, 0x0000000098f00000, 0x0000000099000000|  0%| F|  |TAMS 0x0000000098f00000| PB 0x0000000098f00000| Untracked 
| 400|0x0000000099000000, 0x0000000099000000, 0x0000000099100000|  0%| F|  |TAMS 0x0000000099000000| PB 0x0000000099000000| Untracked 
| 401|0x0000000099100000, 0x0000000099100000, 0x0000000099200000|  0%| F|  |TAMS 0x0000000099100000| PB 0x0000000099100000| Untracked 
| 402|0x0000000099200000, 0x0000000099200000, 0x0000000099300000|  0%| F|  |TAMS 0x0000000099200000| PB 0x0000000099200000| Untracked 
| 403|0x0000000099300000, 0x0000000099300000, 0x0000000099400000|  0%| F|  |TAMS 0x0000000099300000| PB 0x0000000099300000| Untracked 
| 404|0x0000000099400000, 0x0000000099400000, 0x0000000099500000|  0%| F|  |TAMS 0x0000000099400000| PB 0x0000000099400000| Untracked 
| 405|0x0000000099500000, 0x0000000099500000, 0x0000000099600000|  0%| F|  |TAMS 0x0000000099500000| PB 0x0000000099500000| Untracked 
| 406|0x0000000099600000, 0x0000000099600000, 0x0000000099700000|  0%| F|  |TAMS 0x0000000099600000| PB 0x0000000099600000| Untracked 
| 407|0x0000000099700000, 0x0000000099700000, 0x0000000099800000|  0%| F|  |TAMS 0x0000000099700000| PB 0x0000000099700000| Untracked 
| 408|0x0000000099800000, 0x0000000099800000, 0x0000000099900000|  0%| F|  |TAMS 0x0000000099800000| PB 0x0000000099800000| Untracked 
| 409|0x0000000099900000, 0x0000000099900000, 0x0000000099a00000|  0%| F|  |TAMS 0x0000000099900000| PB 0x0000000099900000| Untracked 
| 410|0x0000000099a00000, 0x0000000099a00000, 0x0000000099b00000|  0%| F|  |TAMS 0x0000000099a00000| PB 0x0000000099a00000| Untracked 
| 411|0x0000000099b00000, 0x0000000099b00000, 0x0000000099c00000|  0%| F|  |TAMS 0x0000000099b00000| PB 0x0000000099b00000| Untracked 
| 412|0x0000000099c00000, 0x0000000099c00000, 0x0000000099d00000|  0%| F|  |TAMS 0x0000000099c00000| PB 0x0000000099c00000| Untracked 
| 413|0x0000000099d00000, 0x0000000099d00000, 0x0000000099e00000|  0%| F|  |TAMS 0x0000000099d00000| PB 0x0000000099d00000| Untracked 
| 414|0x0000000099e00000, 0x0000000099e00000, 0x0000000099f00000|  0%| F|  |TAMS 0x0000000099e00000| PB 0x0000000099e00000| Untracked 
| 415|0x0000000099f00000, 0x0000000099f00000, 0x000000009a000000|  0%| F|  |TAMS 0x0000000099f00000| PB 0x0000000099f00000| Untracked 
| 416|0x000000009a000000, 0x000000009a000000, 0x000000009a100000|  0%| F|  |TAMS 0x000000009a000000| PB 0x000000009a000000| Untracked 
| 417|0x000000009a100000, 0x000000009a100000, 0x000000009a200000|  0%| F|  |TAMS 0x000000009a100000| PB 0x000000009a100000| Untracked 
| 418|0x000000009a200000, 0x000000009a200000, 0x000000009a300000|  0%| F|  |TAMS 0x000000009a200000| PB 0x000000009a200000| Untracked 
| 419|0x000000009a300000, 0x000000009a300000, 0x000000009a400000|  0%| F|  |TAMS 0x000000009a300000| PB 0x000000009a300000| Untracked 
| 420|0x000000009a400000, 0x000000009a400000, 0x000000009a500000|  0%| F|  |TAMS 0x000000009a400000| PB 0x000000009a400000| Untracked 
| 421|0x000000009a500000, 0x000000009a500000, 0x000000009a600000|  0%| F|  |TAMS 0x000000009a500000| PB 0x000000009a500000| Untracked 
| 422|0x000000009a600000, 0x000000009a600000, 0x000000009a700000|  0%| F|  |TAMS 0x000000009a600000| PB 0x000000009a600000| Untracked 
| 423|0x000000009a700000, 0x000000009a700000, 0x000000009a800000|  0%| F|  |TAMS 0x000000009a700000| PB 0x000000009a700000| Untracked 
| 424|0x000000009a800000, 0x000000009a800000, 0x000000009a900000|  0%| F|  |TAMS 0x000000009a800000| PB 0x000000009a800000| Untracked 
| 425|0x000000009a900000, 0x000000009a900000, 0x000000009aa00000|  0%| F|  |TAMS 0x000000009a900000| PB 0x000000009a900000| Untracked 
| 426|0x000000009aa00000, 0x000000009aa00000, 0x000000009ab00000|  0%| F|  |TAMS 0x000000009aa00000| PB 0x000000009aa00000| Untracked 
| 427|0x000000009ab00000, 0x000000009ab00000, 0x000000009ac00000|  0%| F|  |TAMS 0x000000009ab00000| PB 0x000000009ab00000| Untracked 
| 428|0x000000009ac00000, 0x000000009ac00000, 0x000000009ad00000|  0%| F|  |TAMS 0x000000009ac00000| PB 0x000000009ac00000| Untracked 
| 429|0x000000009ad00000, 0x000000009ad00000, 0x000000009ae00000|  0%| F|  |TAMS 0x000000009ad00000| PB 0x000000009ad00000| Untracked 
| 430|0x000000009ae00000, 0x000000009ae00000, 0x000000009af00000|  0%| F|  |TAMS 0x000000009ae00000| PB 0x000000009ae00000| Untracked 
| 431|0x000000009af00000, 0x000000009af00000, 0x000000009b000000|  0%| F|  |TAMS 0x000000009af00000| PB 0x000000009af00000| Untracked 
| 432|0x000000009b000000, 0x000000009b000000, 0x000000009b100000|  0%| F|  |TAMS 0x000000009b000000| PB 0x000000009b000000| Untracked 
| 433|0x000000009b100000, 0x000000009b100000, 0x000000009b200000|  0%| F|  |TAMS 0x000000009b100000| PB 0x000000009b100000| Untracked 
| 434|0x000000009b200000, 0x000000009b200000, 0x000000009b300000|  0%| F|  |TAMS 0x000000009b200000| PB 0x000000009b200000| Untracked 
| 435|0x000000009b300000, 0x000000009b300000, 0x000000009b400000|  0%| F|  |TAMS 0x000000009b300000| PB 0x000000009b300000| Untracked 
| 436|0x000000009b400000, 0x000000009b400000, 0x000000009b500000|  0%| F|  |TAMS 0x000000009b400000| PB 0x000000009b400000| Untracked 
| 437|0x000000009b500000, 0x000000009b500000, 0x000000009b600000|  0%| F|  |TAMS 0x000000009b500000| PB 0x000000009b500000| Untracked 
| 438|0x000000009b600000, 0x000000009b600000, 0x000000009b700000|  0%| F|  |TAMS 0x000000009b600000| PB 0x000000009b600000| Untracked 
| 439|0x000000009b700000, 0x000000009b700000, 0x000000009b800000|  0%| F|  |TAMS 0x000000009b700000| PB 0x000000009b700000| Untracked 
| 440|0x000000009b800000, 0x000000009b800000, 0x000000009b900000|  0%| F|  |TAMS 0x000000009b800000| PB 0x000000009b800000| Untracked 
| 441|0x000000009b900000, 0x000000009b900000, 0x000000009ba00000|  0%| F|  |TAMS 0x000000009b900000| PB 0x000000009b900000| Untracked 
| 442|0x000000009ba00000, 0x000000009ba00000, 0x000000009bb00000|  0%| F|  |TAMS 0x000000009ba00000| PB 0x000000009ba00000| Untracked 
| 443|0x000000009bb00000, 0x000000009bb00000, 0x000000009bc00000|  0%| F|  |TAMS 0x000000009bb00000| PB 0x000000009bb00000| Untracked 
| 444|0x000000009bc00000, 0x000000009bc00000, 0x000000009bd00000|  0%| F|  |TAMS 0x000000009bc00000| PB 0x000000009bc00000| Untracked 
| 445|0x000000009bd00000, 0x000000009bd00000, 0x000000009be00000|  0%| F|  |TAMS 0x000000009bd00000| PB 0x000000009bd00000| Untracked 
| 446|0x000000009be00000, 0x000000009be00000, 0x000000009bf00000|  0%| F|  |TAMS 0x000000009be00000| PB 0x000000009be00000| Untracked 
| 447|0x000000009bf00000, 0x000000009bf00000, 0x000000009c000000|  0%| F|  |TAMS 0x000000009bf00000| PB 0x000000009bf00000| Untracked 
| 448|0x000000009c000000, 0x000000009c000000, 0x000000009c100000|  0%| F|  |TAMS 0x000000009c000000| PB 0x000000009c000000| Untracked 
| 449|0x000000009c100000, 0x000000009c100000, 0x000000009c200000|  0%| F|  |TAMS 0x000000009c100000| PB 0x000000009c100000| Untracked 
| 450|0x000000009c200000, 0x000000009c200000, 0x000000009c300000|  0%| F|  |TAMS 0x000000009c200000| PB 0x000000009c200000| Untracked 
| 451|0x000000009c300000, 0x000000009c300000, 0x000000009c400000|  0%| F|  |TAMS 0x000000009c300000| PB 0x000000009c300000| Untracked 
| 452|0x000000009c400000, 0x000000009c400000, 0x000000009c500000|  0%| F|  |TAMS 0x000000009c400000| PB 0x000000009c400000| Untracked 
| 453|0x000000009c500000, 0x000000009c500000, 0x000000009c600000|  0%| F|  |TAMS 0x000000009c500000| PB 0x000000009c500000| Untracked 
| 454|0x000000009c600000, 0x000000009c600000, 0x000000009c700000|  0%| F|  |TAMS 0x000000009c600000| PB 0x000000009c600000| Untracked 
| 455|0x000000009c700000, 0x000000009c700000, 0x000000009c800000|  0%| F|  |TAMS 0x000000009c700000| PB 0x000000009c700000| Untracked 
| 456|0x000000009c800000, 0x000000009c800000, 0x000000009c900000|  0%| F|  |TAMS 0x000000009c800000| PB 0x000000009c800000| Untracked 
| 457|0x000000009c900000, 0x000000009c900000, 0x000000009ca00000|  0%| F|  |TAMS 0x000000009c900000| PB 0x000000009c900000| Untracked 
| 458|0x000000009ca00000, 0x000000009ca00000, 0x000000009cb00000|  0%| F|  |TAMS 0x000000009ca00000| PB 0x000000009ca00000| Untracked 
| 459|0x000000009cb00000, 0x000000009cb00000, 0x000000009cc00000|  0%| F|  |TAMS 0x000000009cb00000| PB 0x000000009cb00000| Untracked 
| 460|0x000000009cc00000, 0x000000009cc00000, 0x000000009cd00000|  0%| F|  |TAMS 0x000000009cc00000| PB 0x000000009cc00000| Untracked 
| 461|0x000000009cd00000, 0x000000009cd00000, 0x000000009ce00000|  0%| F|  |TAMS 0x000000009cd00000| PB 0x000000009cd00000| Untracked 
| 462|0x000000009ce00000, 0x000000009ce00000, 0x000000009cf00000|  0%| F|  |TAMS 0x000000009ce00000| PB 0x000000009ce00000| Untracked 
| 463|0x000000009cf00000, 0x000000009cf00000, 0x000000009d000000|  0%| F|  |TAMS 0x000000009cf00000| PB 0x000000009cf00000| Untracked 
| 464|0x000000009d000000, 0x000000009d000000, 0x000000009d100000|  0%| F|  |TAMS 0x000000009d000000| PB 0x000000009d000000| Untracked 
| 465|0x000000009d100000, 0x000000009d100000, 0x000000009d200000|  0%| F|  |TAMS 0x000000009d100000| PB 0x000000009d100000| Untracked 
| 466|0x000000009d200000, 0x000000009d200000, 0x000000009d300000|  0%| F|  |TAMS 0x000000009d200000| PB 0x000000009d200000| Untracked 
| 467|0x000000009d300000, 0x000000009d300000, 0x000000009d400000|  0%| F|  |TAMS 0x000000009d300000| PB 0x000000009d300000| Untracked 
| 468|0x000000009d400000, 0x000000009d400000, 0x000000009d500000|  0%| F|  |TAMS 0x000000009d400000| PB 0x000000009d400000| Untracked 
| 469|0x000000009d500000, 0x000000009d500000, 0x000000009d600000|  0%| F|  |TAMS 0x000000009d500000| PB 0x000000009d500000| Untracked 
| 470|0x000000009d600000, 0x000000009d600000, 0x000000009d700000|  0%| F|  |TAMS 0x000000009d600000| PB 0x000000009d600000| Untracked 
| 471|0x000000009d700000, 0x000000009d700000, 0x000000009d800000|  0%| F|  |TAMS 0x000000009d700000| PB 0x000000009d700000| Untracked 
| 472|0x000000009d800000, 0x000000009d800000, 0x000000009d900000|  0%| F|  |TAMS 0x000000009d800000| PB 0x000000009d800000| Untracked 
| 473|0x000000009d900000, 0x000000009d900000, 0x000000009da00000|  0%| F|  |TAMS 0x000000009d900000| PB 0x000000009d900000| Untracked 
| 474|0x000000009da00000, 0x000000009da00000, 0x000000009db00000|  0%| F|  |TAMS 0x000000009da00000| PB 0x000000009da00000| Untracked 
| 475|0x000000009db00000, 0x000000009db00000, 0x000000009dc00000|  0%| F|  |TAMS 0x000000009db00000| PB 0x000000009db00000| Untracked 
| 476|0x000000009dc00000, 0x000000009dc00000, 0x000000009dd00000|  0%| F|  |TAMS 0x000000009dc00000| PB 0x000000009dc00000| Untracked 
| 477|0x000000009dd00000, 0x000000009dd00000, 0x000000009de00000|  0%| F|  |TAMS 0x000000009dd00000| PB 0x000000009dd00000| Untracked 
| 478|0x000000009de00000, 0x000000009de00000, 0x000000009df00000|  0%| F|  |TAMS 0x000000009de00000| PB 0x000000009de00000| Untracked 
| 479|0x000000009df00000, 0x000000009df00000, 0x000000009e000000|  0%| F|  |TAMS 0x000000009df00000| PB 0x000000009df00000| Untracked 
| 480|0x000000009e000000, 0x000000009e000000, 0x000000009e100000|  0%| F|  |TAMS 0x000000009e000000| PB 0x000000009e000000| Untracked 
| 481|0x000000009e100000, 0x000000009e100000, 0x000000009e200000|  0%| F|  |TAMS 0x000000009e100000| PB 0x000000009e100000| Untracked 
| 482|0x000000009e200000, 0x000000009e200000, 0x000000009e300000|  0%| F|  |TAMS 0x000000009e200000| PB 0x000000009e200000| Untracked 
| 483|0x000000009e300000, 0x000000009e300000, 0x000000009e400000|  0%| F|  |TAMS 0x000000009e300000| PB 0x000000009e300000| Untracked 
| 484|0x000000009e400000, 0x000000009e400000, 0x000000009e500000|  0%| F|  |TAMS 0x000000009e400000| PB 0x000000009e400000| Untracked 
| 485|0x000000009e500000, 0x000000009e500000, 0x000000009e600000|  0%| F|  |TAMS 0x000000009e500000| PB 0x000000009e500000| Untracked 
| 486|0x000000009e600000, 0x000000009e600000, 0x000000009e700000|  0%| F|  |TAMS 0x000000009e600000| PB 0x000000009e600000| Untracked 
| 487|0x000000009e700000, 0x000000009e700000, 0x000000009e800000|  0%| F|  |TAMS 0x000000009e700000| PB 0x000000009e700000| Untracked 
| 488|0x000000009e800000, 0x000000009e800000, 0x000000009e900000|  0%| F|  |TAMS 0x000000009e800000| PB 0x000000009e800000| Untracked 
| 489|0x000000009e900000, 0x000000009e900000, 0x000000009ea00000|  0%| F|  |TAMS 0x000000009e900000| PB 0x000000009e900000| Untracked 
| 490|0x000000009ea00000, 0x000000009ea00000, 0x000000009eb00000|  0%| F|  |TAMS 0x000000009ea00000| PB 0x000000009ea00000| Untracked 
| 491|0x000000009eb00000, 0x000000009eb00000, 0x000000009ec00000|  0%| F|  |TAMS 0x000000009eb00000| PB 0x000000009eb00000| Untracked 
| 492|0x000000009ec00000, 0x000000009ec00000, 0x000000009ed00000|  0%| F|  |TAMS 0x000000009ec00000| PB 0x000000009ec00000| Untracked 
| 493|0x000000009ed00000, 0x000000009ed00000, 0x000000009ee00000|  0%| F|  |TAMS 0x000000009ed00000| PB 0x000000009ed00000| Untracked 
| 494|0x000000009ee00000, 0x000000009ee00000, 0x000000009ef00000|  0%| F|  |TAMS 0x000000009ee00000| PB 0x000000009ee00000| Untracked 
| 495|0x000000009ef00000, 0x000000009ef00000, 0x000000009f000000|  0%| F|  |TAMS 0x000000009ef00000| PB 0x000000009ef00000| Untracked 
| 496|0x000000009f000000, 0x000000009f000000, 0x000000009f100000|  0%| F|  |TAMS 0x000000009f000000| PB 0x000000009f000000| Untracked 
| 497|0x000000009f100000, 0x000000009f100000, 0x000000009f200000|  0%| F|  |TAMS 0x000000009f100000| PB 0x000000009f100000| Untracked 
| 498|0x000000009f200000, 0x000000009f200000, 0x000000009f300000|  0%| F|  |TAMS 0x000000009f200000| PB 0x000000009f200000| Untracked 
| 499|0x000000009f300000, 0x000000009f300000, 0x000000009f400000|  0%| F|  |TAMS 0x000000009f300000| PB 0x000000009f300000| Untracked 
| 500|0x000000009f400000, 0x000000009f400000, 0x000000009f500000|  0%| F|  |TAMS 0x000000009f400000| PB 0x000000009f400000| Untracked 
| 501|0x000000009f500000, 0x000000009f500000, 0x000000009f600000|  0%| F|  |TAMS 0x000000009f500000| PB 0x000000009f500000| Untracked 
| 502|0x000000009f600000, 0x000000009f600000, 0x000000009f700000|  0%| F|  |TAMS 0x000000009f600000| PB 0x000000009f600000| Untracked 
| 503|0x000000009f700000, 0x000000009f700000, 0x000000009f800000|  0%| F|  |TAMS 0x000000009f700000| PB 0x000000009f700000| Untracked 
| 504|0x000000009f800000, 0x000000009f800000, 0x000000009f900000|  0%| F|  |TAMS 0x000000009f800000| PB 0x000000009f800000| Untracked 
| 505|0x000000009f900000, 0x000000009f900000, 0x000000009fa00000|  0%| F|  |TAMS 0x000000009f900000| PB 0x000000009f900000| Untracked 
| 506|0x000000009fa00000, 0x000000009fa00000, 0x000000009fb00000|  0%| F|  |TAMS 0x000000009fa00000| PB 0x000000009fa00000| Untracked 
| 507|0x000000009fb00000, 0x000000009fb00000, 0x000000009fc00000|  0%| F|  |TAMS 0x000000009fb00000| PB 0x000000009fb00000| Untracked 
| 508|0x000000009fc00000, 0x000000009fc00000, 0x000000009fd00000|  0%| F|  |TAMS 0x000000009fc00000| PB 0x000000009fc00000| Untracked 
| 509|0x000000009fd00000, 0x000000009fd00000, 0x000000009fe00000|  0%| F|  |TAMS 0x000000009fd00000| PB 0x000000009fd00000| Untracked 
| 510|0x000000009fe00000, 0x000000009fe00000, 0x000000009ff00000|  0%| F|  |TAMS 0x000000009fe00000| PB 0x000000009fe00000| Untracked 
| 511|0x000000009ff00000, 0x000000009ff00000, 0x00000000a0000000|  0%| F|  |TAMS 0x000000009ff00000| PB 0x000000009ff00000| Untracked 
| 512|0x00000000a0000000, 0x00000000a0000000, 0x00000000a0100000|  0%| F|  |TAMS 0x00000000a0000000| PB 0x00000000a0000000| Untracked 
| 513|0x00000000a0100000, 0x00000000a0100000, 0x00000000a0200000|  0%| F|  |TAMS 0x00000000a0100000| PB 0x00000000a0100000| Untracked 
| 514|0x00000000a0200000, 0x00000000a0200000, 0x00000000a0300000|  0%| F|  |TAMS 0x00000000a0200000| PB 0x00000000a0200000| Untracked 
| 515|0x00000000a0300000, 0x00000000a0300000, 0x00000000a0400000|  0%| F|  |TAMS 0x00000000a0300000| PB 0x00000000a0300000| Untracked 
| 516|0x00000000a0400000, 0x00000000a0400000, 0x00000000a0500000|  0%| F|  |TAMS 0x00000000a0400000| PB 0x00000000a0400000| Untracked 
| 517|0x00000000a0500000, 0x00000000a0500000, 0x00000000a0600000|  0%| F|  |TAMS 0x00000000a0500000| PB 0x00000000a0500000| Untracked 
| 518|0x00000000a0600000, 0x00000000a0600000, 0x00000000a0700000|  0%| F|  |TAMS 0x00000000a0600000| PB 0x00000000a0600000| Untracked 
| 519|0x00000000a0700000, 0x00000000a0700000, 0x00000000a0800000|  0%| F|  |TAMS 0x00000000a0700000| PB 0x00000000a0700000| Untracked 
| 520|0x00000000a0800000, 0x00000000a0800000, 0x00000000a0900000|  0%| F|  |TAMS 0x00000000a0800000| PB 0x00000000a0800000| Untracked 
| 521|0x00000000a0900000, 0x00000000a0900000, 0x00000000a0a00000|  0%| F|  |TAMS 0x00000000a0900000| PB 0x00000000a0900000| Untracked 
| 522|0x00000000a0a00000, 0x00000000a0a00000, 0x00000000a0b00000|  0%| F|  |TAMS 0x00000000a0a00000| PB 0x00000000a0a00000| Untracked 
| 523|0x00000000a0b00000, 0x00000000a0b00000, 0x00000000a0c00000|  0%| F|  |TAMS 0x00000000a0b00000| PB 0x00000000a0b00000| Untracked 
| 524|0x00000000a0c00000, 0x00000000a0c00000, 0x00000000a0d00000|  0%| F|  |TAMS 0x00000000a0c00000| PB 0x00000000a0c00000| Untracked 
| 525|0x00000000a0d00000, 0x00000000a0d00000, 0x00000000a0e00000|  0%| F|  |TAMS 0x00000000a0d00000| PB 0x00000000a0d00000| Untracked 
| 526|0x00000000a0e00000, 0x00000000a0e00000, 0x00000000a0f00000|  0%| F|  |TAMS 0x00000000a0e00000| PB 0x00000000a0e00000| Untracked 
| 527|0x00000000a0f00000, 0x00000000a0f00000, 0x00000000a1000000|  0%| F|  |TAMS 0x00000000a0f00000| PB 0x00000000a0f00000| Untracked 
| 528|0x00000000a1000000, 0x00000000a1000000, 0x00000000a1100000|  0%| F|  |TAMS 0x00000000a1000000| PB 0x00000000a1000000| Untracked 
| 529|0x00000000a1100000, 0x00000000a1100000, 0x00000000a1200000|  0%| F|  |TAMS 0x00000000a1100000| PB 0x00000000a1100000| Untracked 
| 530|0x00000000a1200000, 0x00000000a1200000, 0x00000000a1300000|  0%| F|  |TAMS 0x00000000a1200000| PB 0x00000000a1200000| Untracked 
| 531|0x00000000a1300000, 0x00000000a1300000, 0x00000000a1400000|  0%| F|  |TAMS 0x00000000a1300000| PB 0x00000000a1300000| Untracked 
| 532|0x00000000a1400000, 0x00000000a1400000, 0x00000000a1500000|  0%| F|  |TAMS 0x00000000a1400000| PB 0x00000000a1400000| Untracked 
| 533|0x00000000a1500000, 0x00000000a1500000, 0x00000000a1600000|  0%| F|  |TAMS 0x00000000a1500000| PB 0x00000000a1500000| Untracked 
| 534|0x00000000a1600000, 0x00000000a1600000, 0x00000000a1700000|  0%| F|  |TAMS 0x00000000a1600000| PB 0x00000000a1600000| Untracked 
| 535|0x00000000a1700000, 0x00000000a1700000, 0x00000000a1800000|  0%| F|  |TAMS 0x00000000a1700000| PB 0x00000000a1700000| Untracked 
| 536|0x00000000a1800000, 0x00000000a1800000, 0x00000000a1900000|  0%| F|  |TAMS 0x00000000a1800000| PB 0x00000000a1800000| Untracked 
| 537|0x00000000a1900000, 0x00000000a1900000, 0x00000000a1a00000|  0%| F|  |TAMS 0x00000000a1900000| PB 0x00000000a1900000| Untracked 
| 538|0x00000000a1a00000, 0x00000000a1a00000, 0x00000000a1b00000|  0%| F|  |TAMS 0x00000000a1a00000| PB 0x00000000a1a00000| Untracked 
| 539|0x00000000a1b00000, 0x00000000a1b00000, 0x00000000a1c00000|  0%| F|  |TAMS 0x00000000a1b00000| PB 0x00000000a1b00000| Untracked 
| 540|0x00000000a1c00000, 0x00000000a1c00000, 0x00000000a1d00000|  0%| F|  |TAMS 0x00000000a1c00000| PB 0x00000000a1c00000| Untracked 
| 541|0x00000000a1d00000, 0x00000000a1d00000, 0x00000000a1e00000|  0%| F|  |TAMS 0x00000000a1d00000| PB 0x00000000a1d00000| Untracked 
| 542|0x00000000a1e00000, 0x00000000a1e00000, 0x00000000a1f00000|  0%| F|  |TAMS 0x00000000a1e00000| PB 0x00000000a1e00000| Untracked 
| 543|0x00000000a1f00000, 0x00000000a1f00000, 0x00000000a2000000|  0%| F|  |TAMS 0x00000000a1f00000| PB 0x00000000a1f00000| Untracked 
| 544|0x00000000a2000000, 0x00000000a2000000, 0x00000000a2100000|  0%| F|  |TAMS 0x00000000a2000000| PB 0x00000000a2000000| Untracked 
| 545|0x00000000a2100000, 0x00000000a2100000, 0x00000000a2200000|  0%| F|  |TAMS 0x00000000a2100000| PB 0x00000000a2100000| Untracked 
| 546|0x00000000a2200000, 0x00000000a2200000, 0x00000000a2300000|  0%| F|  |TAMS 0x00000000a2200000| PB 0x00000000a2200000| Untracked 
| 547|0x00000000a2300000, 0x00000000a2300000, 0x00000000a2400000|  0%| F|  |TAMS 0x00000000a2300000| PB 0x00000000a2300000| Untracked 
| 548|0x00000000a2400000, 0x00000000a2400000, 0x00000000a2500000|  0%| F|  |TAMS 0x00000000a2400000| PB 0x00000000a2400000| Untracked 
| 549|0x00000000a2500000, 0x00000000a2500000, 0x00000000a2600000|  0%| F|  |TAMS 0x00000000a2500000| PB 0x00000000a2500000| Untracked 
| 550|0x00000000a2600000, 0x00000000a2600000, 0x00000000a2700000|  0%| F|  |TAMS 0x00000000a2600000| PB 0x00000000a2600000| Untracked 
| 551|0x00000000a2700000, 0x00000000a2700000, 0x00000000a2800000|  0%| F|  |TAMS 0x00000000a2700000| PB 0x00000000a2700000| Untracked 
| 552|0x00000000a2800000, 0x00000000a2800000, 0x00000000a2900000|  0%| F|  |TAMS 0x00000000a2800000| PB 0x00000000a2800000| Untracked 
| 553|0x00000000a2900000, 0x00000000a2900000, 0x00000000a2a00000|  0%| F|  |TAMS 0x00000000a2900000| PB 0x00000000a2900000| Untracked 
| 554|0x00000000a2a00000, 0x00000000a2a00000, 0x00000000a2b00000|  0%| F|  |TAMS 0x00000000a2a00000| PB 0x00000000a2a00000| Untracked 
| 555|0x00000000a2b00000, 0x00000000a2b00000, 0x00000000a2c00000|  0%| F|  |TAMS 0x00000000a2b00000| PB 0x00000000a2b00000| Untracked 
| 556|0x00000000a2c00000, 0x00000000a2c00000, 0x00000000a2d00000|  0%| F|  |TAMS 0x00000000a2c00000| PB 0x00000000a2c00000| Untracked 
| 557|0x00000000a2d00000, 0x00000000a2d00000, 0x00000000a2e00000|  0%| F|  |TAMS 0x00000000a2d00000| PB 0x00000000a2d00000| Untracked 
| 558|0x00000000a2e00000, 0x00000000a2e00000, 0x00000000a2f00000|  0%| F|  |TAMS 0x00000000a2e00000| PB 0x00000000a2e00000| Untracked 
| 559|0x00000000a2f00000, 0x00000000a2f00000, 0x00000000a3000000|  0%| F|  |TAMS 0x00000000a2f00000| PB 0x00000000a2f00000| Untracked 
| 560|0x00000000a3000000, 0x00000000a3000000, 0x00000000a3100000|  0%| F|  |TAMS 0x00000000a3000000| PB 0x00000000a3000000| Untracked 
| 561|0x00000000a3100000, 0x00000000a3100000, 0x00000000a3200000|  0%| F|  |TAMS 0x00000000a3100000| PB 0x00000000a3100000| Untracked 
| 562|0x00000000a3200000, 0x00000000a3200000, 0x00000000a3300000|  0%| F|  |TAMS 0x00000000a3200000| PB 0x00000000a3200000| Untracked 
| 563|0x00000000a3300000, 0x00000000a3300000, 0x00000000a3400000|  0%| F|  |TAMS 0x00000000a3300000| PB 0x00000000a3300000| Untracked 
| 564|0x00000000a3400000, 0x00000000a3400000, 0x00000000a3500000|  0%| F|  |TAMS 0x00000000a3400000| PB 0x00000000a3400000| Untracked 
| 565|0x00000000a3500000, 0x00000000a3500000, 0x00000000a3600000|  0%| F|  |TAMS 0x00000000a3500000| PB 0x00000000a3500000| Untracked 
| 566|0x00000000a3600000, 0x00000000a3600000, 0x00000000a3700000|  0%| F|  |TAMS 0x00000000a3600000| PB 0x00000000a3600000| Untracked 
| 567|0x00000000a3700000, 0x00000000a3700000, 0x00000000a3800000|  0%| F|  |TAMS 0x00000000a3700000| PB 0x00000000a3700000| Untracked 
| 568|0x00000000a3800000, 0x00000000a3800000, 0x00000000a3900000|  0%| F|  |TAMS 0x00000000a3800000| PB 0x00000000a3800000| Untracked 
| 569|0x00000000a3900000, 0x00000000a3900000, 0x00000000a3a00000|  0%| F|  |TAMS 0x00000000a3900000| PB 0x00000000a3900000| Untracked 
| 570|0x00000000a3a00000, 0x00000000a3a00000, 0x00000000a3b00000|  0%| F|  |TAMS 0x00000000a3a00000| PB 0x00000000a3a00000| Untracked 
| 571|0x00000000a3b00000, 0x00000000a3b00000, 0x00000000a3c00000|  0%| F|  |TAMS 0x00000000a3b00000| PB 0x00000000a3b00000| Untracked 
| 572|0x00000000a3c00000, 0x00000000a3c00000, 0x00000000a3d00000|  0%| F|  |TAMS 0x00000000a3c00000| PB 0x00000000a3c00000| Untracked 
| 573|0x00000000a3d00000, 0x00000000a3d00000, 0x00000000a3e00000|  0%| F|  |TAMS 0x00000000a3d00000| PB 0x00000000a3d00000| Untracked 
| 574|0x00000000a3e00000, 0x00000000a3e00000, 0x00000000a3f00000|  0%| F|  |TAMS 0x00000000a3e00000| PB 0x00000000a3e00000| Untracked 
| 575|0x00000000a3f00000, 0x00000000a3f00000, 0x00000000a4000000|  0%| F|  |TAMS 0x00000000a3f00000| PB 0x00000000a3f00000| Untracked 
| 576|0x00000000a4000000, 0x00000000a4000000, 0x00000000a4100000|  0%| F|  |TAMS 0x00000000a4000000| PB 0x00000000a4000000| Untracked 
| 577|0x00000000a4100000, 0x00000000a4100000, 0x00000000a4200000|  0%| F|  |TAMS 0x00000000a4100000| PB 0x00000000a4100000| Untracked 
| 578|0x00000000a4200000, 0x00000000a4200000, 0x00000000a4300000|  0%| F|  |TAMS 0x00000000a4200000| PB 0x00000000a4200000| Untracked 
| 579|0x00000000a4300000, 0x00000000a4300000, 0x00000000a4400000|  0%| F|  |TAMS 0x00000000a4300000| PB 0x00000000a4300000| Untracked 
| 580|0x00000000a4400000, 0x00000000a4400000, 0x00000000a4500000|  0%| F|  |TAMS 0x00000000a4400000| PB 0x00000000a4400000| Untracked 
| 581|0x00000000a4500000, 0x00000000a4500000, 0x00000000a4600000|  0%| F|  |TAMS 0x00000000a4500000| PB 0x00000000a4500000| Untracked 
| 582|0x00000000a4600000, 0x00000000a4600000, 0x00000000a4700000|  0%| F|  |TAMS 0x00000000a4600000| PB 0x00000000a4600000| Untracked 
| 583|0x00000000a4700000, 0x00000000a4700000, 0x00000000a4800000|  0%| F|  |TAMS 0x00000000a4700000| PB 0x00000000a4700000| Untracked 
| 584|0x00000000a4800000, 0x00000000a4800000, 0x00000000a4900000|  0%| F|  |TAMS 0x00000000a4800000| PB 0x00000000a4800000| Untracked 
| 585|0x00000000a4900000, 0x00000000a4900000, 0x00000000a4a00000|  0%| F|  |TAMS 0x00000000a4900000| PB 0x00000000a4900000| Untracked 
| 586|0x00000000a4a00000, 0x00000000a4a00000, 0x00000000a4b00000|  0%| F|  |TAMS 0x00000000a4a00000| PB 0x00000000a4a00000| Untracked 
| 587|0x00000000a4b00000, 0x00000000a4b00000, 0x00000000a4c00000|  0%| F|  |TAMS 0x00000000a4b00000| PB 0x00000000a4b00000| Untracked 
| 588|0x00000000a4c00000, 0x00000000a4c00000, 0x00000000a4d00000|  0%| F|  |TAMS 0x00000000a4c00000| PB 0x00000000a4c00000| Untracked 
| 589|0x00000000a4d00000, 0x00000000a4d00000, 0x00000000a4e00000|  0%| F|  |TAMS 0x00000000a4d00000| PB 0x00000000a4d00000| Untracked 
| 590|0x00000000a4e00000, 0x00000000a4e00000, 0x00000000a4f00000|  0%| F|  |TAMS 0x00000000a4e00000| PB 0x00000000a4e00000| Untracked 
| 591|0x00000000a4f00000, 0x00000000a4f00000, 0x00000000a5000000|  0%| F|  |TAMS 0x00000000a4f00000| PB 0x00000000a4f00000| Untracked 
| 592|0x00000000a5000000, 0x00000000a5000000, 0x00000000a5100000|  0%| F|  |TAMS 0x00000000a5000000| PB 0x00000000a5000000| Untracked 
| 593|0x00000000a5100000, 0x00000000a5100000, 0x00000000a5200000|  0%| F|  |TAMS 0x00000000a5100000| PB 0x00000000a5100000| Untracked 
| 594|0x00000000a5200000, 0x00000000a5200000, 0x00000000a5300000|  0%| F|  |TAMS 0x00000000a5200000| PB 0x00000000a5200000| Untracked 
| 595|0x00000000a5300000, 0x00000000a5300000, 0x00000000a5400000|  0%| F|  |TAMS 0x00000000a5300000| PB 0x00000000a5300000| Untracked 
| 596|0x00000000a5400000, 0x00000000a5400000, 0x00000000a5500000|  0%| F|  |TAMS 0x00000000a5400000| PB 0x00000000a5400000| Untracked 
| 597|0x00000000a5500000, 0x00000000a5500000, 0x00000000a5600000|  0%| F|  |TAMS 0x00000000a5500000| PB 0x00000000a5500000| Untracked 
| 598|0x00000000a5600000, 0x00000000a5600000, 0x00000000a5700000|  0%| F|  |TAMS 0x00000000a5600000| PB 0x00000000a5600000| Untracked 
| 599|0x00000000a5700000, 0x00000000a5700000, 0x00000000a5800000|  0%| F|  |TAMS 0x00000000a5700000| PB 0x00000000a5700000| Untracked 
| 600|0x00000000a5800000, 0x00000000a5800000, 0x00000000a5900000|  0%| F|  |TAMS 0x00000000a5800000| PB 0x00000000a5800000| Untracked 
| 601|0x00000000a5900000, 0x00000000a5900000, 0x00000000a5a00000|  0%| F|  |TAMS 0x00000000a5900000| PB 0x00000000a5900000| Untracked 
| 602|0x00000000a5a00000, 0x00000000a5a00000, 0x00000000a5b00000|  0%| F|  |TAMS 0x00000000a5a00000| PB 0x00000000a5a00000| Untracked 
| 603|0x00000000a5b00000, 0x00000000a5b00000, 0x00000000a5c00000|  0%| F|  |TAMS 0x00000000a5b00000| PB 0x00000000a5b00000| Untracked 
| 604|0x00000000a5c00000, 0x00000000a5c00000, 0x00000000a5d00000|  0%| F|  |TAMS 0x00000000a5c00000| PB 0x00000000a5c00000| Untracked 
| 605|0x00000000a5d00000, 0x00000000a5d00000, 0x00000000a5e00000|  0%| F|  |TAMS 0x00000000a5d00000| PB 0x00000000a5d00000| Untracked 
| 606|0x00000000a5e00000, 0x00000000a5e00000, 0x00000000a5f00000|  0%| F|  |TAMS 0x00000000a5e00000| PB 0x00000000a5e00000| Untracked 
| 607|0x00000000a5f00000, 0x00000000a5f00000, 0x00000000a6000000|  0%| F|  |TAMS 0x00000000a5f00000| PB 0x00000000a5f00000| Untracked 
| 608|0x00000000a6000000, 0x00000000a6000000, 0x00000000a6100000|  0%| F|  |TAMS 0x00000000a6000000| PB 0x00000000a6000000| Untracked 
| 609|0x00000000a6100000, 0x00000000a6100000, 0x00000000a6200000|  0%| F|  |TAMS 0x00000000a6100000| PB 0x00000000a6100000| Untracked 
| 610|0x00000000a6200000, 0x00000000a6200000, 0x00000000a6300000|  0%| F|  |TAMS 0x00000000a6200000| PB 0x00000000a6200000| Untracked 
| 611|0x00000000a6300000, 0x00000000a6300000, 0x00000000a6400000|  0%| F|  |TAMS 0x00000000a6300000| PB 0x00000000a6300000| Untracked 
| 612|0x00000000a6400000, 0x00000000a6400000, 0x00000000a6500000|  0%| F|  |TAMS 0x00000000a6400000| PB 0x00000000a6400000| Untracked 
| 613|0x00000000a6500000, 0x00000000a6500000, 0x00000000a6600000|  0%| F|  |TAMS 0x00000000a6500000| PB 0x00000000a6500000| Untracked 
| 614|0x00000000a6600000, 0x00000000a6600000, 0x00000000a6700000|  0%| F|  |TAMS 0x00000000a6600000| PB 0x00000000a6600000| Untracked 
| 615|0x00000000a6700000, 0x00000000a6700000, 0x00000000a6800000|  0%| F|  |TAMS 0x00000000a6700000| PB 0x00000000a6700000| Untracked 
| 616|0x00000000a6800000, 0x00000000a6800000, 0x00000000a6900000|  0%| F|  |TAMS 0x00000000a6800000| PB 0x00000000a6800000| Untracked 
| 617|0x00000000a6900000, 0x00000000a6900000, 0x00000000a6a00000|  0%| F|  |TAMS 0x00000000a6900000| PB 0x00000000a6900000| Untracked 
| 618|0x00000000a6a00000, 0x00000000a6a00000, 0x00000000a6b00000|  0%| F|  |TAMS 0x00000000a6a00000| PB 0x00000000a6a00000| Untracked 
| 619|0x00000000a6b00000, 0x00000000a6b00000, 0x00000000a6c00000|  0%| F|  |TAMS 0x00000000a6b00000| PB 0x00000000a6b00000| Untracked 
| 620|0x00000000a6c00000, 0x00000000a6c00000, 0x00000000a6d00000|  0%| F|  |TAMS 0x00000000a6c00000| PB 0x00000000a6c00000| Untracked 
| 621|0x00000000a6d00000, 0x00000000a6d00000, 0x00000000a6e00000|  0%| F|  |TAMS 0x00000000a6d00000| PB 0x00000000a6d00000| Untracked 
| 622|0x00000000a6e00000, 0x00000000a6e00000, 0x00000000a6f00000|  0%| F|  |TAMS 0x00000000a6e00000| PB 0x00000000a6e00000| Untracked 
| 623|0x00000000a6f00000, 0x00000000a6f00000, 0x00000000a7000000|  0%| F|  |TAMS 0x00000000a6f00000| PB 0x00000000a6f00000| Untracked 
| 624|0x00000000a7000000, 0x00000000a7000000, 0x00000000a7100000|  0%| F|  |TAMS 0x00000000a7000000| PB 0x00000000a7000000| Untracked 
| 625|0x00000000a7100000, 0x00000000a7100000, 0x00000000a7200000|  0%| F|  |TAMS 0x00000000a7100000| PB 0x00000000a7100000| Untracked 
| 626|0x00000000a7200000, 0x00000000a7200000, 0x00000000a7300000|  0%| F|  |TAMS 0x00000000a7200000| PB 0x00000000a7200000| Untracked 
| 627|0x00000000a7300000, 0x00000000a7300000, 0x00000000a7400000|  0%| F|  |TAMS 0x00000000a7300000| PB 0x00000000a7300000| Untracked 
| 628|0x00000000a7400000, 0x00000000a7400000, 0x00000000a7500000|  0%| F|  |TAMS 0x00000000a7400000| PB 0x00000000a7400000| Untracked 
| 629|0x00000000a7500000, 0x00000000a7500000, 0x00000000a7600000|  0%| F|  |TAMS 0x00000000a7500000| PB 0x00000000a7500000| Untracked 
| 630|0x00000000a7600000, 0x00000000a7600000, 0x00000000a7700000|  0%| F|  |TAMS 0x00000000a7600000| PB 0x00000000a7600000| Untracked 
| 631|0x00000000a7700000, 0x00000000a7700000, 0x00000000a7800000|  0%| F|  |TAMS 0x00000000a7700000| PB 0x00000000a7700000| Untracked 
| 632|0x00000000a7800000, 0x00000000a7800000, 0x00000000a7900000|  0%| F|  |TAMS 0x00000000a7800000| PB 0x00000000a7800000| Untracked 
| 633|0x00000000a7900000, 0x00000000a7900000, 0x00000000a7a00000|  0%| F|  |TAMS 0x00000000a7900000| PB 0x00000000a7900000| Untracked 
| 634|0x00000000a7a00000, 0x00000000a7a00000, 0x00000000a7b00000|  0%| F|  |TAMS 0x00000000a7a00000| PB 0x00000000a7a00000| Untracked 
| 635|0x00000000a7b00000, 0x00000000a7b00000, 0x00000000a7c00000|  0%| F|  |TAMS 0x00000000a7b00000| PB 0x00000000a7b00000| Untracked 
| 636|0x00000000a7c00000, 0x00000000a7c00000, 0x00000000a7d00000|  0%| F|  |TAMS 0x00000000a7c00000| PB 0x00000000a7c00000| Untracked 
| 637|0x00000000a7d00000, 0x00000000a7d00000, 0x00000000a7e00000|  0%| F|  |TAMS 0x00000000a7d00000| PB 0x00000000a7d00000| Untracked 
| 638|0x00000000a7e00000, 0x00000000a7e00000, 0x00000000a7f00000|  0%| F|  |TAMS 0x00000000a7e00000| PB 0x00000000a7e00000| Untracked 
| 639|0x00000000a7f00000, 0x00000000a7f00000, 0x00000000a8000000|  0%| F|  |TAMS 0x00000000a7f00000| PB 0x00000000a7f00000| Untracked 
| 640|0x00000000a8000000, 0x00000000a8000000, 0x00000000a8100000|  0%| F|  |TAMS 0x00000000a8000000| PB 0x00000000a8000000| Untracked 
| 641|0x00000000a8100000, 0x00000000a8100000, 0x00000000a8200000|  0%| F|  |TAMS 0x00000000a8100000| PB 0x00000000a8100000| Untracked 
| 642|0x00000000a8200000, 0x00000000a8200000, 0x00000000a8300000|  0%| F|  |TAMS 0x00000000a8200000| PB 0x00000000a8200000| Untracked 
| 643|0x00000000a8300000, 0x00000000a8300000, 0x00000000a8400000|  0%| F|  |TAMS 0x00000000a8300000| PB 0x00000000a8300000| Untracked 
| 644|0x00000000a8400000, 0x00000000a8400000, 0x00000000a8500000|  0%| F|  |TAMS 0x00000000a8400000| PB 0x00000000a8400000| Untracked 
| 645|0x00000000a8500000, 0x00000000a8500000, 0x00000000a8600000|  0%| F|  |TAMS 0x00000000a8500000| PB 0x00000000a8500000| Untracked 
| 646|0x00000000a8600000, 0x00000000a8600000, 0x00000000a8700000|  0%| F|  |TAMS 0x00000000a8600000| PB 0x00000000a8600000| Untracked 
| 647|0x00000000a8700000, 0x00000000a8700000, 0x00000000a8800000|  0%| F|  |TAMS 0x00000000a8700000| PB 0x00000000a8700000| Untracked 
| 648|0x00000000a8800000, 0x00000000a8800000, 0x00000000a8900000|  0%| F|  |TAMS 0x00000000a8800000| PB 0x00000000a8800000| Untracked 
| 649|0x00000000a8900000, 0x00000000a8900000, 0x00000000a8a00000|  0%| F|  |TAMS 0x00000000a8900000| PB 0x00000000a8900000| Untracked 
| 650|0x00000000a8a00000, 0x00000000a8a00000, 0x00000000a8b00000|  0%| F|  |TAMS 0x00000000a8a00000| PB 0x00000000a8a00000| Untracked 
| 651|0x00000000a8b00000, 0x00000000a8b00000, 0x00000000a8c00000|  0%| F|  |TAMS 0x00000000a8b00000| PB 0x00000000a8b00000| Untracked 
| 652|0x00000000a8c00000, 0x00000000a8c00000, 0x00000000a8d00000|  0%| F|  |TAMS 0x00000000a8c00000| PB 0x00000000a8c00000| Untracked 
| 653|0x00000000a8d00000, 0x00000000a8d00000, 0x00000000a8e00000|  0%| F|  |TAMS 0x00000000a8d00000| PB 0x00000000a8d00000| Untracked 
| 654|0x00000000a8e00000, 0x00000000a8e00000, 0x00000000a8f00000|  0%| F|  |TAMS 0x00000000a8e00000| PB 0x00000000a8e00000| Untracked 
| 655|0x00000000a8f00000, 0x00000000a8f00000, 0x00000000a9000000|  0%| F|  |TAMS 0x00000000a8f00000| PB 0x00000000a8f00000| Untracked 
| 656|0x00000000a9000000, 0x00000000a9000000, 0x00000000a9100000|  0%| F|  |TAMS 0x00000000a9000000| PB 0x00000000a9000000| Untracked 
| 657|0x00000000a9100000, 0x00000000a9100000, 0x00000000a9200000|  0%| F|  |TAMS 0x00000000a9100000| PB 0x00000000a9100000| Untracked 
| 658|0x00000000a9200000, 0x00000000a9200000, 0x00000000a9300000|  0%| F|  |TAMS 0x00000000a9200000| PB 0x00000000a9200000| Untracked 
| 659|0x00000000a9300000, 0x00000000a9300000, 0x00000000a9400000|  0%| F|  |TAMS 0x00000000a9300000| PB 0x00000000a9300000| Untracked 
| 660|0x00000000a9400000, 0x00000000a9400000, 0x00000000a9500000|  0%| F|  |TAMS 0x00000000a9400000| PB 0x00000000a9400000| Untracked 
| 661|0x00000000a9500000, 0x00000000a9500000, 0x00000000a9600000|  0%| F|  |TAMS 0x00000000a9500000| PB 0x00000000a9500000| Untracked 
| 662|0x00000000a9600000, 0x00000000a9600000, 0x00000000a9700000|  0%| F|  |TAMS 0x00000000a9600000| PB 0x00000000a9600000| Untracked 
| 663|0x00000000a9700000, 0x00000000a9700000, 0x00000000a9800000|  0%| F|  |TAMS 0x00000000a9700000| PB 0x00000000a9700000| Untracked 
| 664|0x00000000a9800000, 0x00000000a9800000, 0x00000000a9900000|  0%| F|  |TAMS 0x00000000a9800000| PB 0x00000000a9800000| Untracked 
| 665|0x00000000a9900000, 0x00000000a9900000, 0x00000000a9a00000|  0%| F|  |TAMS 0x00000000a9900000| PB 0x00000000a9900000| Untracked 
| 666|0x00000000a9a00000, 0x00000000a9a00000, 0x00000000a9b00000|  0%| F|  |TAMS 0x00000000a9a00000| PB 0x00000000a9a00000| Untracked 
| 667|0x00000000a9b00000, 0x00000000a9b00000, 0x00000000a9c00000|  0%| F|  |TAMS 0x00000000a9b00000| PB 0x00000000a9b00000| Untracked 
| 668|0x00000000a9c00000, 0x00000000a9c00000, 0x00000000a9d00000|  0%| F|  |TAMS 0x00000000a9c00000| PB 0x00000000a9c00000| Untracked 
| 669|0x00000000a9d00000, 0x00000000a9d00000, 0x00000000a9e00000|  0%| F|  |TAMS 0x00000000a9d00000| PB 0x00000000a9d00000| Untracked 
| 670|0x00000000a9e00000, 0x00000000a9e00000, 0x00000000a9f00000|  0%| F|  |TAMS 0x00000000a9e00000| PB 0x00000000a9e00000| Untracked 
| 671|0x00000000a9f00000, 0x00000000a9f00000, 0x00000000aa000000|  0%| F|  |TAMS 0x00000000a9f00000| PB 0x00000000a9f00000| Untracked 
| 672|0x00000000aa000000, 0x00000000aa000000, 0x00000000aa100000|  0%| F|  |TAMS 0x00000000aa000000| PB 0x00000000aa000000| Untracked 
| 673|0x00000000aa100000, 0x00000000aa100000, 0x00000000aa200000|  0%| F|  |TAMS 0x00000000aa100000| PB 0x00000000aa100000| Untracked 
| 674|0x00000000aa200000, 0x00000000aa200000, 0x00000000aa300000|  0%| F|  |TAMS 0x00000000aa200000| PB 0x00000000aa200000| Untracked 
| 675|0x00000000aa300000, 0x00000000aa300000, 0x00000000aa400000|  0%| F|  |TAMS 0x00000000aa300000| PB 0x00000000aa300000| Untracked 
| 676|0x00000000aa400000, 0x00000000aa400000, 0x00000000aa500000|  0%| F|  |TAMS 0x00000000aa400000| PB 0x00000000aa400000| Untracked 
| 677|0x00000000aa500000, 0x00000000aa500000, 0x00000000aa600000|  0%| F|  |TAMS 0x00000000aa500000| PB 0x00000000aa500000| Untracked 
| 678|0x00000000aa600000, 0x00000000aa600000, 0x00000000aa700000|  0%| F|  |TAMS 0x00000000aa600000| PB 0x00000000aa600000| Untracked 
| 679|0x00000000aa700000, 0x00000000aa700000, 0x00000000aa800000|  0%| F|  |TAMS 0x00000000aa700000| PB 0x00000000aa700000| Untracked 
| 680|0x00000000aa800000, 0x00000000aa800000, 0x00000000aa900000|  0%| F|  |TAMS 0x00000000aa800000| PB 0x00000000aa800000| Untracked 
| 681|0x00000000aa900000, 0x00000000aa900000, 0x00000000aaa00000|  0%| F|  |TAMS 0x00000000aa900000| PB 0x00000000aa900000| Untracked 
| 682|0x00000000aaa00000, 0x00000000aaa00000, 0x00000000aab00000|  0%| F|  |TAMS 0x00000000aaa00000| PB 0x00000000aaa00000| Untracked 
| 683|0x00000000aab00000, 0x00000000aab00000, 0x00000000aac00000|  0%| F|  |TAMS 0x00000000aab00000| PB 0x00000000aab00000| Untracked 
| 684|0x00000000aac00000, 0x00000000aac00000, 0x00000000aad00000|  0%| F|  |TAMS 0x00000000aac00000| PB 0x00000000aac00000| Untracked 
| 685|0x00000000aad00000, 0x00000000aad00000, 0x00000000aae00000|  0%| F|  |TAMS 0x00000000aad00000| PB 0x00000000aad00000| Untracked 
| 686|0x00000000aae00000, 0x00000000aae00000, 0x00000000aaf00000|  0%| F|  |TAMS 0x00000000aae00000| PB 0x00000000aae00000| Untracked 
| 687|0x00000000aaf00000, 0x00000000aaf00000, 0x00000000ab000000|  0%| F|  |TAMS 0x00000000aaf00000| PB 0x00000000aaf00000| Untracked 
| 688|0x00000000ab000000, 0x00000000ab000000, 0x00000000ab100000|  0%| F|  |TAMS 0x00000000ab000000| PB 0x00000000ab000000| Untracked 
| 689|0x00000000ab100000, 0x00000000ab100000, 0x00000000ab200000|  0%| F|  |TAMS 0x00000000ab100000| PB 0x00000000ab100000| Untracked 
| 690|0x00000000ab200000, 0x00000000ab200000, 0x00000000ab300000|  0%| F|  |TAMS 0x00000000ab200000| PB 0x00000000ab200000| Untracked 
| 691|0x00000000ab300000, 0x00000000ab300000, 0x00000000ab400000|  0%| F|  |TAMS 0x00000000ab300000| PB 0x00000000ab300000| Untracked 
| 692|0x00000000ab400000, 0x00000000ab400000, 0x00000000ab500000|  0%| F|  |TAMS 0x00000000ab400000| PB 0x00000000ab400000| Untracked 
| 693|0x00000000ab500000, 0x00000000ab500000, 0x00000000ab600000|  0%| F|  |TAMS 0x00000000ab500000| PB 0x00000000ab500000| Untracked 
| 694|0x00000000ab600000, 0x00000000ab600000, 0x00000000ab700000|  0%| F|  |TAMS 0x00000000ab600000| PB 0x00000000ab600000| Untracked 
| 695|0x00000000ab700000, 0x00000000ab700000, 0x00000000ab800000|  0%| F|  |TAMS 0x00000000ab700000| PB 0x00000000ab700000| Untracked 
| 696|0x00000000ab800000, 0x00000000ab800000, 0x00000000ab900000|  0%| F|  |TAMS 0x00000000ab800000| PB 0x00000000ab800000| Untracked 
| 697|0x00000000ab900000, 0x00000000ab900000, 0x00000000aba00000|  0%| F|  |TAMS 0x00000000ab900000| PB 0x00000000ab900000| Untracked 
| 698|0x00000000aba00000, 0x00000000aba00000, 0x00000000abb00000|  0%| F|  |TAMS 0x00000000aba00000| PB 0x00000000aba00000| Untracked 
| 699|0x00000000abb00000, 0x00000000abb00000, 0x00000000abc00000|  0%| F|  |TAMS 0x00000000abb00000| PB 0x00000000abb00000| Untracked 
| 700|0x00000000abc00000, 0x00000000abc22950, 0x00000000abd00000| 13%| E|  |TAMS 0x00000000abc00000| PB 0x00000000abc00000| Complete 
| 701|0x00000000abd00000, 0x00000000abe00000, 0x00000000abe00000|100%| E|CS|TAMS 0x00000000abd00000| PB 0x00000000abd00000| Complete 
| 702|0x00000000abe00000, 0x00000000abf00000, 0x00000000abf00000|100%| E|CS|TAMS 0x00000000abe00000| PB 0x00000000abe00000| Complete 
| 703|0x00000000abf00000, 0x00000000ac000000, 0x00000000ac000000|100%| E|CS|TAMS 0x00000000abf00000| PB 0x00000000abf00000| Complete 
| 704|0x00000000ac000000, 0x00000000ac100000, 0x00000000ac100000|100%| E|CS|TAMS 0x00000000ac000000| PB 0x00000000ac000000| Complete 
| 705|0x00000000ac100000, 0x00000000ac200000, 0x00000000ac200000|100%| E|CS|TAMS 0x00000000ac100000| PB 0x00000000ac100000| Complete 
| 706|0x00000000ac200000, 0x00000000ac300000, 0x00000000ac300000|100%| E|CS|TAMS 0x00000000ac200000| PB 0x00000000ac200000| Complete 
| 707|0x00000000ac300000, 0x00000000ac400000, 0x00000000ac400000|100%| E|CS|TAMS 0x00000000ac300000| PB 0x00000000ac300000| Complete 
| 708|0x00000000ac400000, 0x00000000ac500000, 0x00000000ac500000|100%| E|CS|TAMS 0x00000000ac400000| PB 0x00000000ac400000| Complete 
| 709|0x00000000ac500000, 0x00000000ac600000, 0x00000000ac600000|100%| E|CS|TAMS 0x00000000ac500000| PB 0x00000000ac500000| Complete 
| 710|0x00000000ac600000, 0x00000000ac700000, 0x00000000ac700000|100%| E|CS|TAMS 0x00000000ac600000| PB 0x00000000ac600000| Complete 
| 711|0x00000000ac700000, 0x00000000ac800000, 0x00000000ac800000|100%| E|CS|TAMS 0x00000000ac700000| PB 0x00000000ac700000| Complete 
| 712|0x00000000ac800000, 0x00000000ac900000, 0x00000000ac900000|100%| E|CS|TAMS 0x00000000ac800000| PB 0x00000000ac800000| Complete 
| 713|0x00000000ac900000, 0x00000000aca00000, 0x00000000aca00000|100%| E|CS|TAMS 0x00000000ac900000| PB 0x00000000ac900000| Complete 
| 714|0x00000000aca00000, 0x00000000acb00000, 0x00000000acb00000|100%| E|CS|TAMS 0x00000000aca00000| PB 0x00000000aca00000| Complete 
| 715|0x00000000acb00000, 0x00000000acc00000, 0x00000000acc00000|100%| E|CS|TAMS 0x00000000acb00000| PB 0x00000000acb00000| Complete 
| 716|0x00000000acc00000, 0x00000000acd00000, 0x00000000acd00000|100%| E|CS|TAMS 0x00000000acc00000| PB 0x00000000acc00000| Complete 
| 717|0x00000000acd00000, 0x00000000ace00000, 0x00000000ace00000|100%| E|CS|TAMS 0x00000000acd00000| PB 0x00000000acd00000| Complete 
| 718|0x00000000ace00000, 0x00000000acf00000, 0x00000000acf00000|100%| E|CS|TAMS 0x00000000ace00000| PB 0x00000000ace00000| Complete 
| 719|0x00000000acf00000, 0x00000000ad000000, 0x00000000ad000000|100%| E|CS|TAMS 0x00000000acf00000| PB 0x00000000acf00000| Complete 
| 720|0x00000000ad000000, 0x00000000ad100000, 0x00000000ad100000|100%| E|CS|TAMS 0x00000000ad000000| PB 0x00000000ad000000| Complete 
| 721|0x00000000ad100000, 0x00000000ad200000, 0x00000000ad200000|100%| E|CS|TAMS 0x00000000ad100000| PB 0x00000000ad100000| Complete 
| 722|0x00000000ad200000, 0x00000000ad300000, 0x00000000ad300000|100%| E|CS|TAMS 0x00000000ad200000| PB 0x00000000ad200000| Complete 
| 723|0x00000000ad300000, 0x00000000ad400000, 0x00000000ad400000|100%| E|CS|TAMS 0x00000000ad300000| PB 0x00000000ad300000| Complete 
| 724|0x00000000ad400000, 0x00000000ad500000, 0x00000000ad500000|100%| E|CS|TAMS 0x00000000ad400000| PB 0x00000000ad400000| Complete 
| 725|0x00000000ad500000, 0x00000000ad600000, 0x00000000ad600000|100%| E|CS|TAMS 0x00000000ad500000| PB 0x00000000ad500000| Complete 
| 726|0x00000000ad600000, 0x00000000ad700000, 0x00000000ad700000|100%| E|CS|TAMS 0x00000000ad600000| PB 0x00000000ad600000| Complete 
| 727|0x00000000ad700000, 0x00000000ad800000, 0x00000000ad800000|100%| E|CS|TAMS 0x00000000ad700000| PB 0x00000000ad700000| Complete 
| 728|0x00000000ad800000, 0x00000000ad900000, 0x00000000ad900000|100%| E|CS|TAMS 0x00000000ad800000| PB 0x00000000ad800000| Complete 
| 729|0x00000000ad900000, 0x00000000ada00000, 0x00000000ada00000|100%| E|CS|TAMS 0x00000000ad900000| PB 0x00000000ad900000| Complete 
| 730|0x00000000ada00000, 0x00000000adb00000, 0x00000000adb00000|100%| E|CS|TAMS 0x00000000ada00000| PB 0x00000000ada00000| Complete 
| 731|0x00000000adb00000, 0x00000000adc00000, 0x00000000adc00000|100%| E|CS|TAMS 0x00000000adb00000| PB 0x00000000adb00000| Complete 
| 732|0x00000000adc00000, 0x00000000add00000, 0x00000000add00000|100%| E|CS|TAMS 0x00000000adc00000| PB 0x00000000adc00000| Complete 
| 733|0x00000000add00000, 0x00000000ade00000, 0x00000000ade00000|100%| E|CS|TAMS 0x00000000add00000| PB 0x00000000add00000| Complete 
| 734|0x00000000ade00000, 0x00000000adf00000, 0x00000000adf00000|100%| E|CS|TAMS 0x00000000ade00000| PB 0x00000000ade00000| Complete 
| 735|0x00000000adf00000, 0x00000000ae000000, 0x00000000ae000000|100%| E|CS|TAMS 0x00000000adf00000| PB 0x00000000adf00000| Complete 
| 736|0x00000000ae000000, 0x00000000ae100000, 0x00000000ae100000|100%| E|CS|TAMS 0x00000000ae000000| PB 0x00000000ae000000| Complete 
| 737|0x00000000ae100000, 0x00000000ae200000, 0x00000000ae200000|100%| E|CS|TAMS 0x00000000ae100000| PB 0x00000000ae100000| Complete 
| 738|0x00000000ae200000, 0x00000000ae300000, 0x00000000ae300000|100%| E|CS|TAMS 0x00000000ae200000| PB 0x00000000ae200000| Complete 
| 739|0x00000000ae300000, 0x00000000ae400000, 0x00000000ae400000|100%| E|CS|TAMS 0x00000000ae300000| PB 0x00000000ae300000| Complete 
| 740|0x00000000ae400000, 0x00000000ae500000, 0x00000000ae500000|100%| E|CS|TAMS 0x00000000ae400000| PB 0x00000000ae400000| Complete 
| 741|0x00000000ae500000, 0x00000000ae600000, 0x00000000ae600000|100%| E|CS|TAMS 0x00000000ae500000| PB 0x00000000ae500000| Complete 
| 742|0x00000000ae600000, 0x00000000ae700000, 0x00000000ae700000|100%| E|CS|TAMS 0x00000000ae600000| PB 0x00000000ae600000| Complete 
| 743|0x00000000ae700000, 0x00000000ae800000, 0x00000000ae800000|100%| E|CS|TAMS 0x00000000ae700000| PB 0x00000000ae700000| Complete 
| 744|0x00000000ae800000, 0x00000000ae900000, 0x00000000ae900000|100%| E|CS|TAMS 0x00000000ae800000| PB 0x00000000ae800000| Complete 
| 745|0x00000000ae900000, 0x00000000aea00000, 0x00000000aea00000|100%| E|CS|TAMS 0x00000000ae900000| PB 0x00000000ae900000| Complete 
| 746|0x00000000aea00000, 0x00000000aeb00000, 0x00000000aeb00000|100%| E|CS|TAMS 0x00000000aea00000| PB 0x00000000aea00000| Complete 
| 747|0x00000000aeb00000, 0x00000000aec00000, 0x00000000aec00000|100%| E|CS|TAMS 0x00000000aeb00000| PB 0x00000000aeb00000| Complete 
| 748|0x00000000aec00000, 0x00000000aed00000, 0x00000000aed00000|100%| E|CS|TAMS 0x00000000aec00000| PB 0x00000000aec00000| Complete 
| 749|0x00000000aed00000, 0x00000000aee00000, 0x00000000aee00000|100%| E|CS|TAMS 0x00000000aed00000| PB 0x00000000aed00000| Complete 
| 750|0x00000000aee00000, 0x00000000aef00000, 0x00000000aef00000|100%| E|CS|TAMS 0x00000000aee00000| PB 0x00000000aee00000| Complete 
| 751|0x00000000aef00000, 0x00000000af000000, 0x00000000af000000|100%| E|CS|TAMS 0x00000000aef00000| PB 0x00000000aef00000| Complete 
| 752|0x00000000af000000, 0x00000000af100000, 0x00000000af100000|100%| E|CS|TAMS 0x00000000af000000| PB 0x00000000af000000| Complete 
| 753|0x00000000af100000, 0x00000000af115710, 0x00000000af200000|  8%| S|CS|TAMS 0x00000000af100000| PB 0x00000000af100000| Complete 
| 754|0x00000000af200000, 0x00000000af300000, 0x00000000af300000|100%| S|CS|TAMS 0x00000000af200000| PB 0x00000000af200000| Complete 
| 755|0x00000000af300000, 0x00000000af400000, 0x00000000af400000|100%| E|CS|TAMS 0x00000000af300000| PB 0x00000000af300000| Complete 
| 756|0x00000000af400000, 0x00000000af500000, 0x00000000af500000|100%| E|CS|TAMS 0x00000000af400000| PB 0x00000000af400000| Complete 
| 757|0x00000000af500000, 0x00000000af600000, 0x00000000af600000|100%| E|CS|TAMS 0x00000000af500000| PB 0x00000000af500000| Complete 
| 758|0x00000000af600000, 0x00000000af700000, 0x00000000af700000|100%| E|CS|TAMS 0x00000000af600000| PB 0x00000000af600000| Complete 
| 759|0x00000000af700000, 0x00000000af800000, 0x00000000af800000|100%| E|CS|TAMS 0x00000000af700000| PB 0x00000000af700000| Complete 
| 760|0x00000000af800000, 0x00000000af900000, 0x00000000af900000|100%| E|CS|TAMS 0x00000000af800000| PB 0x00000000af800000| Complete 
| 761|0x00000000af900000, 0x00000000afa00000, 0x00000000afa00000|100%| E|CS|TAMS 0x00000000af900000| PB 0x00000000af900000| Complete 
| 762|0x00000000afa00000, 0x00000000afb00000, 0x00000000afb00000|100%| E|CS|TAMS 0x00000000afa00000| PB 0x00000000afa00000| Complete 
| 763|0x00000000afb00000, 0x00000000afc00000, 0x00000000afc00000|100%| E|CS|TAMS 0x00000000afb00000| PB 0x00000000afb00000| Complete 
| 764|0x00000000afc00000, 0x00000000afd00000, 0x00000000afd00000|100%| E|CS|TAMS 0x00000000afc00000| PB 0x00000000afc00000| Complete 
| 765|0x00000000afd00000, 0x00000000afe00000, 0x00000000afe00000|100%| E|CS|TAMS 0x00000000afd00000| PB 0x00000000afd00000| Complete 
| 766|0x00000000afe00000, 0x00000000aff00000, 0x00000000aff00000|100%| E|CS|TAMS 0x00000000afe00000| PB 0x00000000afe00000| Complete 
| 767|0x00000000aff00000, 0x00000000b0000000, 0x00000000b0000000|100%| E|CS|TAMS 0x00000000aff00000| PB 0x00000000aff00000| Complete 
| 768|0x00000000b0000000, 0x00000000b0100000, 0x00000000b0100000|100%| E|CS|TAMS 0x00000000b0000000| PB 0x00000000b0000000| Complete 
| 769|0x00000000b0100000, 0x00000000b0200000, 0x00000000b0200000|100%| E|CS|TAMS 0x00000000b0100000| PB 0x00000000b0100000| Complete 
| 770|0x00000000b0200000, 0x00000000b0300000, 0x00000000b0300000|100%| E|CS|TAMS 0x00000000b0200000| PB 0x00000000b0200000| Complete 
| 771|0x00000000b0300000, 0x00000000b0400000, 0x00000000b0400000|100%| E|CS|TAMS 0x00000000b0300000| PB 0x00000000b0300000| Complete 
| 772|0x00000000b0400000, 0x00000000b0500000, 0x00000000b0500000|100%| E|CS|TAMS 0x00000000b0400000| PB 0x00000000b0400000| Complete 
| 773|0x00000000b0500000, 0x00000000b0600000, 0x00000000b0600000|100%| E|CS|TAMS 0x00000000b0500000| PB 0x00000000b0500000| Complete 
| 774|0x00000000b0600000, 0x00000000b0700000, 0x00000000b0700000|100%| E|CS|TAMS 0x00000000b0600000| PB 0x00000000b0600000| Complete 
| 775|0x00000000b0700000, 0x00000000b0800000, 0x00000000b0800000|100%| E|CS|TAMS 0x00000000b0700000| PB 0x00000000b0700000| Complete 
| 776|0x00000000b0800000, 0x00000000b0900000, 0x00000000b0900000|100%| E|CS|TAMS 0x00000000b0800000| PB 0x00000000b0800000| Complete 
| 777|0x00000000b0900000, 0x00000000b0a00000, 0x00000000b0a00000|100%| E|CS|TAMS 0x00000000b0900000| PB 0x00000000b0900000| Complete 
| 778|0x00000000b0a00000, 0x00000000b0b00000, 0x00000000b0b00000|100%| E|CS|TAMS 0x00000000b0a00000| PB 0x00000000b0a00000| Complete 
| 779|0x00000000b0b00000, 0x00000000b0c00000, 0x00000000b0c00000|100%| E|CS|TAMS 0x00000000b0b00000| PB 0x00000000b0b00000| Complete 
| 780|0x00000000b0c00000, 0x00000000b0d00000, 0x00000000b0d00000|100%| E|CS|TAMS 0x00000000b0c00000| PB 0x00000000b0c00000| Complete 
| 781|0x00000000b0d00000, 0x00000000b0e00000, 0x00000000b0e00000|100%| E|CS|TAMS 0x00000000b0d00000| PB 0x00000000b0d00000| Complete 
| 782|0x00000000b0e00000, 0x00000000b0f00000, 0x00000000b0f00000|100%| E|CS|TAMS 0x00000000b0e00000| PB 0x00000000b0e00000| Complete 
| 783|0x00000000b0f00000, 0x00000000b1000000, 0x00000000b1000000|100%| E|CS|TAMS 0x00000000b0f00000| PB 0x00000000b0f00000| Complete 
| 784|0x00000000b1000000, 0x00000000b1100000, 0x00000000b1100000|100%| E|CS|TAMS 0x00000000b1000000| PB 0x00000000b1000000| Complete 
| 785|0x00000000b1100000, 0x00000000b1200000, 0x00000000b1200000|100%| E|CS|TAMS 0x00000000b1100000| PB 0x00000000b1100000| Complete 
| 786|0x00000000b1200000, 0x00000000b1300000, 0x00000000b1300000|100%| E|CS|TAMS 0x00000000b1200000| PB 0x00000000b1200000| Complete 
|2028|0x00000000fec00000, 0x00000000fed00000, 0x00000000fed00000|100%| O|  |TAMS 0x00000000fec00000| PB 0x00000000fec00000| Untracked 
|2029|0x00000000fed00000, 0x00000000fee00000, 0x00000000fee00000|100%| O|  |TAMS 0x00000000fed00000| PB 0x00000000fed00000| Untracked 
|2030|0x00000000fee00000, 0x00000000fef00000, 0x00000000fef00000|100%| O|  |TAMS 0x00000000fee00000| PB 0x00000000fee00000| Untracked 
|2031|0x00000000fef00000, 0x00000000ff000000, 0x00000000ff000000|100%| O|  |TAMS 0x00000000fef00000| PB 0x00000000fef00000| Untracked 
|2032|0x00000000ff000000, 0x00000000ff100000, 0x00000000ff100000|100%| O|  |TAMS 0x00000000ff000000| PB 0x00000000ff000000| Untracked 
|2033|0x00000000ff100000, 0x00000000ff200000, 0x00000000ff200000|100%| O|  |TAMS 0x00000000ff100000| PB 0x00000000ff100000| Untracked 
|2034|0x00000000ff200000, 0x00000000ff300000, 0x00000000ff300000|100%| O|  |TAMS 0x00000000ff200000| PB 0x00000000ff200000| Untracked 
|2035|0x00000000ff300000, 0x00000000ff400000, 0x00000000ff400000|100%| O|  |TAMS 0x00000000ff300000| PB 0x00000000ff300000| Untracked 
|2036|0x00000000ff400000, 0x00000000ff500000, 0x00000000ff500000|100%| O|  |TAMS 0x00000000ff400000| PB 0x00000000ff400000| Untracked 
|2037|0x00000000ff500000, 0x00000000ff600000, 0x00000000ff600000|100%| O|  |TAMS 0x00000000ff500000| PB 0x00000000ff500000| Untracked 
|2038|0x00000000ff600000, 0x00000000ff700000, 0x00000000ff700000|100%| O|  |TAMS 0x00000000ff600000| PB 0x00000000ff600000| Untracked 
|2039|0x00000000ff700000, 0x00000000ff800000, 0x00000000ff800000|100%| E|CS|TAMS 0x00000000ff700000| PB 0x00000000ff700000| Complete 
|2040|0x00000000ff800000, 0x00000000ff900000, 0x00000000ff900000|100%| O|  |TAMS 0x00000000ff800000| PB 0x00000000ff800000| Untracked 
|2041|0x00000000ff900000, 0x00000000ffa00000, 0x00000000ffa00000|100%| O|  |TAMS 0x00000000ff900000| PB 0x00000000ff900000| Untracked 
|2042|0x00000000ffa00000, 0x00000000ffb00000, 0x00000000ffb00000|100%| O|  |TAMS 0x00000000ffa00000| PB 0x00000000ffa00000| Untracked 
|2043|0x00000000ffb00000, 0x00000000ffc00000, 0x00000000ffc00000|100%| E|CS|TAMS 0x00000000ffb00000| PB 0x00000000ffb00000| Complete 
|2044|0x00000000ffc00000, 0x00000000ffd00000, 0x00000000ffd00000|100%| E|CS|TAMS 0x00000000ffc00000| PB 0x00000000ffc00000| Complete 
|2045|0x00000000ffd00000, 0x00000000ffe00000, 0x00000000ffe00000|100%| E|CS|TAMS 0x00000000ffd00000| PB 0x00000000ffd00000| Complete 
|2046|0x00000000ffe00000, 0x00000000fff00000, 0x00000000fff00000|100%| E|CS|TAMS 0x00000000ffe00000| PB 0x00000000ffe00000| Complete 
|2047|0x00000000fff00000, 0x0000000100000000, 0x0000000100000000|100%| O|  |TAMS 0x00000000fff00000| PB 0x00000000fff00000| Untracked 

Card table byte_map: [0x000001ec4e7e0000,0x000001ec4ebe0000] _byte_map_base: 0x000001ec4e3e0000

Marking Bits: (CMBitMap*) 0x000001ec3bd843c0
 Bits: [0x000001ec4ebe0000, 0x000001ec50be0000)

Polling page: 0x000001ec39b60000

Metaspace:

Usage:
  Non-class:    177.52 MB used.
      Class:     27.34 MB used.
       Both:    204.86 MB used.

Virtual space:
  Non-class space:      192.00 MB reserved,     178.88 MB ( 93%) committed,  3 nodes.
      Class space:        1.00 GB reserved,      28.69 MB (  3%) committed,  1 nodes.
             Both:        1.19 GB reserved,     207.56 MB ( 17%) committed. 

Chunk freelists:
   Non-Class:  12.41 MB
       Class:  3.16 MB
        Both:  15.57 MB

MaxMetaspaceSize: unlimited
CompressedClassSpaceSize: 1.00 GB
Initial GC threshold: 21.00 MB
Current GC threshold: 339.81 MB
CDS: off
 - commit_granule_bytes: 65536.
 - commit_granule_words: 8192.
 - virtual_space_node_default_size: 8388608.
 - enlarge_chunks_in_place: 1.
 - use_allocation_guard: 0.


Internal statistics:

num_allocs_failed_limit: 21.
num_arena_births: 5424.
num_arena_deaths: 18.
num_vsnodes_births: 4.
num_vsnodes_deaths: 0.
num_space_committed: 3327.
num_space_uncommitted: 7.
num_chunks_returned_to_freelist: 84.
num_chunks_taken_from_freelist: 14070.
num_chunk_merges: 28.
num_chunk_splits: 9617.
num_chunks_enlarged: 6533.
num_inconsistent_stats: 0.

CodeHeap 'non-profiled nmethods': size=120000Kb used=20143Kb max_used=20143Kb free=99857Kb
 bounds [0x000001ec46960000, 0x000001ec47d10000, 0x000001ec4de90000]
CodeHeap 'profiled nmethods': size=120000Kb used=50831Kb max_used=50831Kb free=69168Kb
 bounds [0x000001ec3ee90000, 0x000001ec42040000, 0x000001ec463c0000]
CodeHeap 'non-nmethods': size=5760Kb used=2345Kb max_used=2411Kb free=3414Kb
 bounds [0x000001ec463c0000, 0x000001ec46630000, 0x000001ec46960000]
CodeCache: size=245760Kb, used=73319Kb, max_used=73385Kb, free=172439Kb
 total_blobs=25602, nmethods=24416, adapters=1089, full_count=0
Compilation: enabled, stopped_count=0, restarted_count=0

Compilation events (20 events):
Event: 761.407 Thread 0x000001ec53a976f0 nmethod 31982 0x000001ec4202fc10 code [0x000001ec4202fde0, 0x000001ec420300f8]
Event: 761.407 Thread 0x000001ec53a976f0 31979       1       org.gradle.api.internal.artifacts.DefaultResolverResults::getVisitedGraph (5 bytes)
Event: 761.408 Thread 0x000001ec53a976f0 nmethod 31979 0x000001ec47d07010 code [0x000001ec47d071a0, 0x000001ec47d07268]
Event: 761.408 Thread 0x000001ec53a976f0 31984       3       com.google.common.cache.CacheBuilder::getMaximumWeight (39 bytes)
Event: 761.408 Thread 0x000001ec53a976f0 nmethod 31984 0x000001ec42030210 code [0x000001ec420303c0, 0x000001ec420305e8]
Event: 761.408 Thread 0x000001ec53a976f0 31985       3       com.google.common.cache.LocalCache$EntryFactory::getFactory (39 bytes)
Event: 761.412 Thread 0x000001ec53a976f0 nmethod 31985 0x000001ec42030690 code [0x000001ec42030840, 0x000001ec42030a58]
Event: 761.412 Thread 0x000001ec53a976f0 31980       1       org.gradle.api.internal.artifacts.ivyservice.resolveengine.graph.results.DefaultVisitedGraphResults::getResolutionResult (5 bytes)
Event: 761.413 Thread 0x000001ec53a976f0 nmethod 31980 0x000001ec47d07310 code [0x000001ec47d074a0, 0x000001ec47d07568]
Event: 761.413 Thread 0x000001ec53a976f0 31981       1       org.gradle.api.internal.artifacts.result.MinimalResolutionResult::getGraphSource (5 bytes)
Event: 761.413 Thread 0x000001ec53a976f0 nmethod 31981 0x000001ec47d07610 code [0x000001ec47d077a0, 0x000001ec47d07868]
Event: 761.413 Thread 0x000001ec53a976f0 31983       1       org.gradle.api.attributes.LibraryElements$Impl::isImmutable (3 bytes)
Event: 761.414 Thread 0x000001ec53a976f0 nmethod 31983 0x000001ec47d07910 code [0x000001ec47d07aa0, 0x000001ec47d07b68]
Event: 761.645 Thread 0x000001ec53a976f0 31986       3       org.gradle.internal.snapshot.impl.IntegerValueSnapshot::isolate (5 bytes)
Event: 761.646 Thread 0x000001ec53a976f0 nmethod 31986 0x000001ec42030b10 code [0x000001ec42030cc0, 0x000001ec42030e98]
Event: 761.674 Thread 0x000001ec53a976f0 31988       3       org.gradle.cache.internal.filelock.LockFileAccess::markClean (21 bytes)
Event: 761.678 Thread 0x000001ec53a976f0 nmethod 31988 0x000001ec42030f90 code [0x000001ec42031160, 0x000001ec42031340]
Event: 763.803 Thread 0x000001ec53a976f0 31989   !   3       org.gradle.internal.serialize.beans.services.BeanPropertyReader::set (22 bytes)
Event: 765.204 Thread 0x000001ec53a976f0 nmethod 31989 0x000001ec42031490 code [0x000001ec420316e0, 0x000001ec42031dc0]
Event: 765.204 Thread 0x000001ec53a976f0 31991   !   3       jdk.internal.reflect.GeneratedSerializationConstructorAccessor27::newInstance (49 bytes)

GC Heap History (20 events):
Event: 463.966 GC heap before
{Heap before GC invocations=84 (full 0):
 garbage-first heap   total 731136K, used 441698K [0x0000000080000000, 0x0000000100000000)
  region size 1024K, 201 young (205824K), 18 survivors (18432K)
 Metaspace       used 205959K, committed 208768K, reserved 1245184K
  class space    used 27798K, committed 29184K, reserved 1048576K
}
Event: 464.035 GC heap after
{Heap after GC invocations=85 (full 0):
 garbage-first heap   total 731136K, used 272849K [0x0000000080000000, 0x0000000100000000)
  region size 1024K, 19 young (19456K), 19 survivors (19456K)
 Metaspace       used 205959K, committed 208768K, reserved 1245184K
  class space    used 27798K, committed 29184K, reserved 1048576K
}
Event: 467.238 GC heap before
{Heap before GC invocations=85 (full 0):
 garbage-first heap   total 731136K, used 422353K [0x0000000080000000, 0x0000000100000000)
  region size 1024K, 164 young (167936K), 19 survivors (19456K)
 Metaspace       used 206016K, committed 208832K, reserved 1245184K
  class space    used 27794K, committed 29184K, reserved 1048576K
}
Event: 467.296 GC heap after
{Heap after GC invocations=86 (full 0):
 garbage-first heap   total 731136K, used 282247K [0x0000000080000000, 0x0000000100000000)
  region size 1024K, 11 young (11264K), 11 survivors (11264K)
 Metaspace       used 206016K, committed 208832K, reserved 1245184K
  class space    used 27794K, committed 29184K, reserved 1048576K
}
Event: 502.940 GC heap before
{Heap before GC invocations=87 (full 0):
 garbage-first heap   total 731136K, used 474759K [0x0000000080000000, 0x0000000100000000)
  region size 1024K, 190 young (194560K), 11 survivors (11264K)
 Metaspace       used 207496K, committed 210240K, reserved 1245184K
  class space    used 27889K, committed 29248K, reserved 1048576K
}
Event: 503.162 GC heap after
{Heap after GC invocations=88 (full 0):
 garbage-first heap   total 731136K, used 294912K [0x0000000080000000, 0x0000000100000000)
  region size 1024K, 23 young (23552K), 23 survivors (23552K)
 Metaspace       used 207496K, committed 210240K, reserved 1245184K
  class space    used 27889K, committed 29248K, reserved 1048576K
}
Event: 602.263 GC heap before
{Heap before GC invocations=88 (full 0):
 garbage-first heap   total 731136K, used 730112K [0x0000000080000000, 0x0000000100000000)
  region size 1024K, 297 young (304128K), 23 survivors (23552K)
 Metaspace       used 207779K, committed 210560K, reserved 1245184K
  class space    used 27889K, committed 29248K, reserved 1048576K
}
Event: 602.520 GC heap after
{Heap after GC invocations=89 (full 0):
 garbage-first heap   total 748544K, used 286237K [0x0000000080000000, 0x0000000100000000)
  region size 1024K, 9 young (9216K), 9 survivors (9216K)
 Metaspace       used 207779K, committed 210560K, reserved 1245184K
  class space    used 27889K, committed 29248K, reserved 1048576K
}
Event: 654.035 GC heap before
{Heap before GC invocations=89 (full 0):
 garbage-first heap   total 748544K, used 582173K [0x0000000080000000, 0x0000000100000000)
  region size 1024K, 298 young (305152K), 9 survivors (9216K)
 Metaspace       used 208048K, committed 210816K, reserved 1245184K
  class space    used 27895K, committed 29248K, reserved 1048576K
}
Event: 654.139 GC heap after
{Heap after GC invocations=90 (full 0):
 garbage-first heap   total 748544K, used 315519K [0x0000000080000000, 0x0000000100000000)
  region size 1024K, 38 young (38912K), 38 survivors (38912K)
 Metaspace       used 208048K, committed 210816K, reserved 1245184K
  class space    used 27895K, committed 29248K, reserved 1048576K
}
Event: 654.279 GC heap before
{Heap before GC invocations=90 (full 0):
 garbage-first heap   total 748544K, used 374911K [0x0000000080000000, 0x0000000100000000)
  region size 1024K, 96 young (98304K), 38 survivors (38912K)
 Metaspace       used 208048K, committed 210816K, reserved 1245184K
  class space    used 27895K, committed 29248K, reserved 1048576K
}
Event: 654.377 GC heap after
{Heap after GC invocations=91 (full 0):
 garbage-first heap   total 748544K, used 328510K [0x0000000080000000, 0x0000000100000000)
  region size 1024K, 12 young (12288K), 12 survivors (12288K)
 Metaspace       used 208048K, committed 210816K, reserved 1245184K
  class space    used 27895K, committed 29248K, reserved 1048576K
}
Event: 654.608 GC heap before
{Heap before GC invocations=91 (full 0):
 garbage-first heap   total 748544K, used 352062K [0x0000000080000000, 0x0000000100000000)
  region size 1024K, 36 young (36864K), 12 survivors (12288K)
 Metaspace       used 208051K, committed 210816K, reserved 1245184K
  class space    used 27896K, committed 29248K, reserved 1048576K
}
Event: 654.896 GC heap after
{Heap after GC invocations=92 (full 0):
 garbage-first heap   total 748544K, used 332614K [0x0000000080000000, 0x0000000100000000)
  region size 1024K, 5 young (5120K), 5 survivors (5120K)
 Metaspace       used 208051K, committed 210816K, reserved 1245184K
  class space    used 27896K, committed 29248K, reserved 1048576K
}
Event: 710.945 GC heap before
{Heap before GC invocations=92 (full 0):
 garbage-first heap   total 801792K, used 799558K [0x0000000080000000, 0x0000000100000000)
  region size 1024K, 298 young (305152K), 5 survivors (5120K)
 Metaspace       used 209676K, committed 212480K, reserved 1245184K
  class space    used 27993K, committed 29376K, reserved 1048576K
}
Event: 711.120 GC heap after
{Heap after GC invocations=93 (full 0):
 garbage-first heap   total 826368K, used 351192K [0x0000000080000000, 0x0000000100000000)
  region size 1024K, 22 young (22528K), 22 survivors (22528K)
 Metaspace       used 209676K, committed 212480K, reserved 1245184K
  class space    used 27993K, committed 29376K, reserved 1048576K
}
Event: 742.595 GC heap before
{Heap before GC invocations=93 (full 0):
 garbage-first heap   total 826368K, used 471000K [0x0000000080000000, 0x0000000100000000)
  region size 1024K, 139 young (142336K), 22 survivors (22528K)
 Metaspace       used 209684K, committed 212480K, reserved 1245184K
  class space    used 27993K, committed 29376K, reserved 1048576K
}
Event: 744.139 GC heap after
{Heap after GC invocations=94 (full 0):
 garbage-first heap   total 826368K, used 352387K [0x0000000080000000, 0x0000000100000000)
  region size 1024K, 3 young (3072K), 3 survivors (3072K)
 Metaspace       used 209684K, committed 212480K, reserved 1245184K
  class space    used 27993K, committed 29376K, reserved 1048576K
}
Event: 753.360 GC heap before
{Heap before GC invocations=94 (full 0):
 garbage-first heap   total 826368K, used 390275K [0x0000000080000000, 0x0000000100000000)
  region size 1024K, 40 young (40960K), 3 survivors (3072K)
 Metaspace       used 209695K, committed 212480K, reserved 1245184K
  class space    used 27994K, committed 29376K, reserved 1048576K
}
Event: 753.396 GC heap after
{Heap after GC invocations=95 (full 0):
 garbage-first heap   total 826368K, used 353026K [0x0000000080000000, 0x0000000100000000)
  region size 1024K, 2 young (2048K), 2 survivors (2048K)
 Metaspace       used 209695K, committed 212480K, reserved 1245184K
  class space    used 27994K, committed 29376K, reserved 1048576K
}

Dll operation events (4 events):
Event: 0.014 Loaded shared library C:\Program Files\Android\Android Studio\jbr\bin\java.dll
Event: 0.019 Loaded shared library C:\Program Files\Android\Android Studio\jbr\bin\zip.dll
Event: 0.703 Loaded shared library C:\Program Files\Android\Android Studio\jbr\bin\verify.dll
Event: 83.305 Unloaded dll "C:\Users\Kabo\AppData\Local\Temp\sqlite-3.41.2.2-b71f5a9e-4d32-4403-9b2f-5f04613dac34-sqlitejdbc.dll" [0x00007ffd203b0000]

Deoptimization events (20 events):
Event: 710.342 Thread 0x000001ec6659bbb0 Uncommon trap: trap_request=0xffffffbe fr.pc=0x000001ec47069f04 relative=0x0000000000000a24
Event: 710.342 Thread 0x000001ec6659bbb0 Uncommon trap: reason=profile_predicate action=maybe_recompile pc=0x000001ec47069f04 method=java.math.MutableBigInteger.add(Ljava/math/MutableBigInteger;)V @ 68 c2
Event: 710.342 Thread 0x000001ec6659bbb0 DEOPT PACKING pc=0x000001ec47069f04 sp=0x00000032681fd1c0
Event: 710.343 Thread 0x000001ec6659bbb0 DEOPT UNPACKING pc=0x000001ec464143a2 sp=0x00000032681fd150 mode 2
Event: 710.343 Thread 0x000001ec6659bbb0 Uncommon trap: trap_request=0xffffffbe fr.pc=0x000001ec47069f04 relative=0x0000000000000a24
Event: 710.343 Thread 0x000001ec6659bbb0 Uncommon trap: reason=profile_predicate action=maybe_recompile pc=0x000001ec47069f04 method=java.math.MutableBigInteger.add(Ljava/math/MutableBigInteger;)V @ 68 c2
Event: 710.343 Thread 0x000001ec6659bbb0 DEOPT PACKING pc=0x000001ec47069f04 sp=0x00000032681fd170
Event: 710.343 Thread 0x000001ec6659bbb0 DEOPT UNPACKING pc=0x000001ec464143a2 sp=0x00000032681fd0f0 mode 2
Event: 710.343 Thread 0x000001ec6659bbb0 Uncommon trap: trap_request=0xffffffbe fr.pc=0x000001ec47069f04 relative=0x0000000000000a24
Event: 710.343 Thread 0x000001ec6659bbb0 Uncommon trap: reason=profile_predicate action=maybe_recompile pc=0x000001ec47069f04 method=java.math.MutableBigInteger.add(Ljava/math/MutableBigInteger;)V @ 68 c2
Event: 710.343 Thread 0x000001ec6659bbb0 DEOPT PACKING pc=0x000001ec47069f04 sp=0x00000032681fd170
Event: 710.343 Thread 0x000001ec6659bbb0 DEOPT UNPACKING pc=0x000001ec464143a2 sp=0x00000032681fd0f0 mode 2
Event: 710.343 Thread 0x000001ec6659bbb0 Uncommon trap: trap_request=0xffffffbe fr.pc=0x000001ec47069f04 relative=0x0000000000000a24
Event: 710.343 Thread 0x000001ec6659bbb0 Uncommon trap: reason=profile_predicate action=maybe_recompile pc=0x000001ec47069f04 method=java.math.MutableBigInteger.add(Ljava/math/MutableBigInteger;)V @ 68 c2
Event: 710.343 Thread 0x000001ec6659bbb0 DEOPT PACKING pc=0x000001ec47069f04 sp=0x00000032681fd170
Event: 710.343 Thread 0x000001ec6659bbb0 DEOPT UNPACKING pc=0x000001ec464143a2 sp=0x00000032681fd0f0 mode 2
Event: 712.139 Thread 0x000001ec5ab0a420 Uncommon trap: trap_request=0xffffff45 fr.pc=0x000001ec478b85b8 relative=0x0000000000000398
Event: 712.140 Thread 0x000001ec5ab0a420 Uncommon trap: reason=unstable_if action=reinterpret pc=0x000001ec478b85b8 method=org.gradle.internal.logging.sink.OutputEventRenderer.onOutput(Lorg/gradle/internal/logging/events/OutputEvent;)V @ 24 c2
Event: 712.140 Thread 0x000001ec5ab0a420 DEOPT PACKING pc=0x000001ec478b85b8 sp=0x000000325e0ff0d0
Event: 712.141 Thread 0x000001ec5ab0a420 DEOPT UNPACKING pc=0x000001ec464143a2 sp=0x000000325e0ff020 mode 2

Classes loaded (20 events):
Event: 84.918 Loading class java/util/concurrent/CompletableFuture$AsyncRun
Event: 84.918 Loading class java/util/concurrent/CompletableFuture$AsyncRun done
Event: 94.177 Loading class java/lang/StackStreamFactory
Event: 94.179 Loading class java/lang/StackStreamFactory done
Event: 94.179 Loading class java/lang/StackWalker$ExtendedOption
Event: 94.180 Loading class java/lang/StackWalker$ExtendedOption done
Event: 94.180 Loading class java/lang/StackStreamFactory$StackFrameTraverser
Event: 94.181 Loading class java/lang/StackStreamFactory$StackFrameTraverser done
Event: 94.181 Loading class java/lang/StackStreamFactory$WalkerState
Event: 94.181 Loading class java/lang/StackStreamFactory$WalkerState done
Event: 94.181 Loading class java/lang/StackStreamFactory$StackFrameTraverser$StackFrameBuffer
Event: 94.182 Loading class java/lang/StackStreamFactory$FrameBuffer
Event: 94.183 Loading class java/lang/StackStreamFactory$FrameBuffer done
Event: 94.183 Loading class java/lang/StackStreamFactory$StackFrameTraverser$StackFrameBuffer done
Event: 94.184 Loading class java/util/logging/LogRecord
Event: 94.186 Loading class java/util/logging/LogRecord done
Event: 278.136 Loading class jdk/internal/math/FormattedFPDecimal
Event: 278.199 Loading class jdk/internal/math/FormattedFPDecimal done
Event: 308.044 Loading class java/rmi/server/Unreferenced
Event: 308.050 Loading class java/rmi/server/Unreferenced done

Classes unloaded (20 events):
Event: 82.705 Thread 0x000001ec539e4000 Unloading class 0x00000001016f06e8 'androidx/room/compiler/processing/ksp/KspBasicAnnotationProcessor$DelegateLogger'
Event: 82.705 Thread 0x000001ec539e4000 Unloading class 0x00000001016f0240 'androidx/room/processor/Context$BooleanProcessorOptions'
Event: 82.705 Thread 0x000001ec539e4000 Unloading class 0x00000001016f0000 'androidx/room/compiler/processing/XProcessingEnvConfig$Builder'
Event: 82.705 Thread 0x000001ec539e4000 Unloading class 0x00000001016e9bd8 'androidx/room/compiler/processing/XProcessingEnvConfig$Companion'
Event: 82.705 Thread 0x000001ec539e4000 Unloading class 0x00000001016e99a0 'androidx/room/compiler/processing/XProcessingEnvConfig'
Event: 82.705 Thread 0x000001ec539e4000 Unloading class 0x00000001016e9768 'androidx/room/DatabaseProcessingStep$Companion'
Event: 82.706 Thread 0x000001ec539e4000 Unloading class 0x00000001016e94f0 'androidx/room/DatabaseProcessingStep'
Event: 82.706 Thread 0x000001ec539e4000 Unloading class 0x00000001016e92c0 'androidx/room/compiler/processing/XProcessingStep'
Event: 82.706 Thread 0x000001ec539e4000 Unloading class 0x00000001016e9000 'androidx/room/RoomKspProcessor'
Event: 82.706 Thread 0x000001ec539e4000 Unloading class 0x00000001011fcc80 'androidx/room/compiler/processing/ksp/KspBasicAnnotationProcessor'
Event: 82.706 Thread 0x000001ec539e4000 Unloading class 0x00000001011fca50 'androidx/room/compiler/processing/XBasicAnnotationProcessor'
Event: 82.706 Thread 0x000001ec539e4000 Unloading class 0x00000001011fc800 'androidx/room/RoomKspProcessor$Provider'
Event: 465.328 Thread 0x000001ec539e4000 Unloading class 0x0000000101a58000 'java/lang/invoke/LambdaForm$DMH+0x0000000101a58000'
Event: 465.329 Thread 0x000001ec539e4000 Unloading class 0x0000000101984000 'java/lang/invoke/LambdaForm$DMH+0x0000000101984000'
Event: 465.329 Thread 0x000001ec539e4000 Unloading class 0x0000000101905400 'jdk/internal/reflect/GeneratedSerializationConstructorAccessor188'
Event: 465.330 Thread 0x000001ec539e4000 Unloading class 0x0000000101905000 'jdk/internal/reflect/GeneratedSerializationConstructorAccessor190'
Event: 465.330 Thread 0x000001ec539e4000 Unloading class 0x0000000101904c00 'jdk/internal/reflect/GeneratedSerializationConstructorAccessor192'
Event: 465.330 Thread 0x000001ec539e4000 Unloading class 0x0000000101904800 'jdk/internal/reflect/GeneratedSerializationConstructorAccessor191'
Event: 465.330 Thread 0x000001ec539e4000 Unloading class 0x0000000101904400 'jdk/internal/reflect/GeneratedSerializationConstructorAccessor189'
Event: 465.331 Thread 0x000001ec539e4000 Unloading class 0x0000000100fee000 'java/lang/invoke/LambdaForm$MH+0x0000000100fee000'

Classes redefined (0 events):
No events

Internal exceptions (20 events):
Event: 761.614 Thread 0x000001ec65ef97b0 Exception <a 'sun/nio/fs/WindowsException'{0x00000000ad4d3ee8}> (0x00000000ad4d3ee8) 
thrown [s\src\hotspot\share\prims\jni.cpp, line 537]
Event: 761.617 Thread 0x000001ec65ef97b0 Exception <a 'sun/nio/fs/WindowsException'{0x00000000ad4e3930}> (0x00000000ad4e3930) 
thrown [s\src\hotspot\share\prims\jni.cpp, line 537]
Event: 761.618 Thread 0x000001ec65ef97b0 Exception <a 'sun/nio/fs/WindowsException'{0x00000000ad4f1838}> (0x00000000ad4f1838) 
thrown [s\src\hotspot\share\prims\jni.cpp, line 537]
Event: 761.621 Thread 0x000001ec65ef97b0 Exception <a 'sun/nio/fs/WindowsException'{0x00000000ad4ff720}> (0x00000000ad4ff720) 
thrown [s\src\hotspot\share\prims\jni.cpp, line 537]
Event: 761.622 Thread 0x000001ec65ef97b0 Exception <a 'sun/nio/fs/WindowsException'{0x00000000ad314788}> (0x00000000ad314788) 
thrown [s\src\hotspot\share\prims\jni.cpp, line 537]
Event: 761.624 Thread 0x000001ec65ef97b0 Exception <a 'sun/nio/fs/WindowsException'{0x00000000ad325dd8}> (0x00000000ad325dd8) 
thrown [s\src\hotspot\share\prims\jni.cpp, line 537]
Event: 761.625 Thread 0x000001ec65ef97b0 Exception <a 'sun/nio/fs/WindowsException'{0x00000000ad338540}> (0x00000000ad338540) 
thrown [s\src\hotspot\share\prims\jni.cpp, line 537]
Event: 761.627 Thread 0x000001ec65ef97b0 Exception <a 'sun/nio/fs/WindowsException'{0x00000000ad348550}> (0x00000000ad348550) 
thrown [s\src\hotspot\share\prims\jni.cpp, line 537]
Event: 761.629 Thread 0x000001ec65ef97b0 Exception <a 'sun/nio/fs/WindowsException'{0x00000000ad357888}> (0x00000000ad357888) 
thrown [s\src\hotspot\share\prims\jni.cpp, line 537]
Event: 761.630 Thread 0x000001ec65ef97b0 Exception <a 'sun/nio/fs/WindowsException'{0x00000000ad3666a8}> (0x00000000ad3666a8) 
thrown [s\src\hotspot\share\prims\jni.cpp, line 537]
Event: 761.631 Thread 0x000001ec65ef97b0 Exception <a 'sun/nio/fs/WindowsException'{0x00000000ad376be8}> (0x00000000ad376be8) 
thrown [s\src\hotspot\share\prims\jni.cpp, line 537]
Event: 761.633 Thread 0x000001ec65ef97b0 Exception <a 'sun/nio/fs/WindowsException'{0x00000000ad382e28}> (0x00000000ad382e28) 
thrown [s\src\hotspot\share\prims\jni.cpp, line 537]
Event: 761.634 Thread 0x000001ec65ef97b0 Exception <a 'sun/nio/fs/WindowsException'{0x00000000ad393938}> (0x00000000ad393938) 
thrown [s\src\hotspot\share\prims\jni.cpp, line 537]
Event: 761.637 Thread 0x000001ec65ef97b0 Exception <a 'sun/nio/fs/WindowsException'{0x00000000ad3a52b8}> (0x00000000ad3a52b8) 
thrown [s\src\hotspot\share\prims\jni.cpp, line 537]
Event: 761.639 Thread 0x000001ec65ef97b0 Exception <a 'sun/nio/fs/WindowsException'{0x00000000ad3b17e8}> (0x00000000ad3b17e8) 
thrown [s\src\hotspot\share\prims\jni.cpp, line 537]
Event: 761.641 Thread 0x000001ec65ef97b0 Exception <a 'sun/nio/fs/WindowsException'{0x00000000ad3c23c0}> (0x00000000ad3c23c0) 
thrown [s\src\hotspot\share\prims\jni.cpp, line 537]
Event: 761.642 Thread 0x000001ec65ef97b0 Exception <a 'sun/nio/fs/WindowsException'{0x00000000ad3d5338}> (0x00000000ad3d5338) 
thrown [s\src\hotspot\share\prims\jni.cpp, line 537]
Event: 761.645 Thread 0x000001ec65ef97b0 Exception <a 'sun/nio/fs/WindowsException'{0x00000000ad3e3f98}> (0x00000000ad3e3f98) 
thrown [s\src\hotspot\share\prims\jni.cpp, line 537]
Event: 762.147 Thread 0x000001ec5ab0a420 Exception <a 'sun/nio/fs/WindowsException'{0x00000000acb87cf0}> (0x00000000acb87cf0) 
thrown [s\src\hotspot\share\prims\jni.cpp, line 537]
Event: 763.815 Thread 0x000001ec65ef97b0 Exception <a 'sun/nio/fs/WindowsException'{0x00000000abd88e10}> (0x00000000abd88e10) 
thrown [s\src\hotspot\share\prims\jni.cpp, line 537]

ZGC Phase Switch (0 events):
No events

VM Operations (20 events):
Event: 751.368 Executing safepoint VM operation: Cleanup
Event: 751.455 Executing safepoint VM operation: Cleanup done
Event: 752.455 Executing safepoint VM operation: Cleanup
Event: 752.479 Executing safepoint VM operation: Cleanup done
Event: 753.358 Executing safepoint VM operation: G1CollectForAllocation (G1 Evacuation Pause)
Event: 753.396 Executing safepoint VM operation: G1CollectForAllocation (G1 Evacuation Pause) done
Event: 755.397 Executing safepoint VM operation: Cleanup
Event: 755.426 Executing safepoint VM operation: Cleanup done
Event: 756.427 Executing safepoint VM operation: Cleanup
Event: 756.444 Executing safepoint VM operation: Cleanup done
Event: 758.445 Executing safepoint VM operation: Cleanup
Event: 758.445 Executing safepoint VM operation: Cleanup done
Event: 760.445 Executing safepoint VM operation: Cleanup
Event: 760.475 Executing safepoint VM operation: Cleanup done
Event: 761.475 Executing safepoint VM operation: Cleanup
Event: 761.475 Executing safepoint VM operation: Cleanup done
Event: 763.476 Executing safepoint VM operation: Cleanup
Event: 763.483 Executing safepoint VM operation: Cleanup done
Event: 764.483 Executing safepoint VM operation: Cleanup
Event: 765.203 Executing safepoint VM operation: Cleanup done

Memory protections (0 events):
No events

Nmethod flushes (20 events):
Event: 466.747 Thread 0x000001ec539e4000 flushing  nmethod 0x000001ec3f929310
Event: 466.747 Thread 0x000001ec539e4000 flushing  nmethod 0x000001ec3f9c4990
Event: 466.747 Thread 0x000001ec539e4000 flushing  nmethod 0x000001ec3fbab710
Event: 466.747 Thread 0x000001ec539e4000 flushing  nmethod 0x000001ec3fbabb90
Event: 466.747 Thread 0x000001ec539e4000 flushing  nmethod 0x000001ec3fbe1310
Event: 466.747 Thread 0x000001ec539e4000 flushing  nmethod 0x000001ec3fbe2910
Event: 466.747 Thread 0x000001ec539e4000 flushing  nmethod 0x000001ec3fbe2f10
Event: 466.747 Thread 0x000001ec539e4000 flushing  nmethod 0x000001ec400bd690
Event: 466.747 Thread 0x000001ec539e4000 flushing  nmethod 0x000001ec400be110
Event: 466.748 Thread 0x000001ec539e4000 flushing  nmethod 0x000001ec4027d990
Event: 466.748 Thread 0x000001ec539e4000 flushing  nmethod 0x000001ec4037a190
Event: 466.748 Thread 0x000001ec539e4000 flushing  nmethod 0x000001ec40412890
Event: 466.748 Thread 0x000001ec539e4000 flushing  nmethod 0x000001ec404c9210
Event: 466.748 Thread 0x000001ec539e4000 flushing  nmethod 0x000001ec404f8c10
Event: 466.748 Thread 0x000001ec539e4000 flushing  nmethod 0x000001ec40528010
Event: 466.749 Thread 0x000001ec539e4000 flushing  nmethod 0x000001ec40c53f90
Event: 466.750 Thread 0x000001ec539e4000 flushing  nmethod 0x000001ec40e1c710
Event: 466.750 Thread 0x000001ec539e4000 flushing  nmethod 0x000001ec40e1cd90
Event: 466.750 Thread 0x000001ec539e4000 flushing  nmethod 0x000001ec41022e10
Event: 466.750 Thread 0x000001ec539e4000 flushing  nmethod 0x000001ec41642b90

Events (20 events):
Event: 761.654 Thread 0x000001ec65ef97b0 Thread added: 0x000001ec59ecc7b0
Event: 761.655 Thread 0x000001ec65ef97b0 Thread added: 0x000001ec59ecba90
Event: 761.655 Thread 0x000001ec65ef97b0 Thread added: 0x000001ec59ecc120
Event: 761.655 Thread 0x000001ec65ef97b0 Thread added: 0x000001ec59eca6e0
Event: 761.655 Thread 0x000001ec65ef97b0 Thread added: 0x000001ec6f6b21f0
Event: 761.655 Thread 0x000001ec65ef97b0 Thread added: 0x000001ec6f6b2880
Event: 761.655 Thread 0x000001ec65ef97b0 Thread added: 0x000001ec6f6b2f10
Event: 761.656 Thread 0x000001ec65ef97b0 Thread added: 0x000001ec6f6b3c30
Event: 761.656 Thread 0x000001ec65ef97b0 Thread added: 0x000001ec6f6b07b0
Event: 763.769 Thread 0x000001ec65ef97b0 Thread added: 0x000001ec6f6b14d0
Event: 763.769 Thread 0x000001ec65ef97b0 Thread added: 0x000001ec6f6b0e40
Event: 763.770 Thread 0x000001ec65ef97b0 Thread added: 0x000001ec6f9f60b0
Event: 763.770 Thread 0x000001ec65ef97b0 Thread added: 0x000001ec6f9f6740
Event: 763.770 Thread 0x000001ec65ef97b0 Thread added: 0x000001ec6f9f5a20
Event: 763.770 Thread 0x000001ec65ef97b0 Thread added: 0x000001ec6f9f5390
Event: 763.770 Thread 0x000001ec65ef97b0 Thread added: 0x000001ec6f9f6dd0
Event: 763.771 Thread 0x000001ec65ef97b0 Thread added: 0x000001ec6f9f3950
Event: 763.771 Thread 0x000001ec65ef97b0 Thread added: 0x000001ec6f9f3fe0
Event: 763.771 Thread 0x000001ec65ef97b0 Thread added: 0x000001ec6f9f4670
Event: 763.771 Thread 0x000001ec65ef97b0 Thread added: 0x000001ec6f9f4d00


Dynamic libraries:
0x00007ff7cb400000 - 0x00007ff7cb40a000 	C:\Program Files\Android\Android Studio\jbr\bin\java.exe
0x00007ffd51460000 - 0x00007ffd516c7000 	C:\WINDOWS\SYSTEM32\ntdll.dll
0x00007ffd510f0000 - 0x00007ffd511b9000 	C:\WINDOWS\System32\KERNEL32.DLL
0x00007ffd4edf0000 - 0x00007ffd4f1e4000 	C:\WINDOWS\System32\KERNELBASE.dll
0x00007ffd4dfa0000 - 0x00007ffd4e0eb000 	C:\WINDOWS\System32\ucrtbase.dll
0x00007ffd494c0000 - 0x00007ffd494db000 	C:\Program Files\Android\Android Studio\jbr\bin\VCRUNTIME140.dll
0x00007ffd34e80000 - 0x00007ffd34e98000 	C:\Program Files\Android\Android Studio\jbr\bin\jli.dll
0x00007ffd50f20000 - 0x00007ffd510e5000 	C:\WINDOWS\System32\USER32.dll
0x00007ffd333b0000 - 0x00007ffd33643000 	C:\WINDOWS\WinSxS\amd64_microsoft.windows.common-controls_6595b64144ccf1df_6.0.26100.8115_none_3e075c82e3354f9c\COMCTL32.dll
0x00007ffd4e0f0000 - 0x00007ffd4e117000 	C:\WINDOWS\System32\win32u.dll
0x00007ffd4f2b0000 - 0x00007ffd4f359000 	C:\WINDOWS\System32\msvcrt.dll
0x00007ffd51250000 - 0x00007ffd5127b000 	C:\WINDOWS\System32\GDI32.dll
0x00007ffd4ddc0000 - 0x00007ffd4deeb000 	C:\WINDOWS\System32\gdi32full.dll
0x00007ffd4e360000 - 0x00007ffd4e403000 	C:\WINDOWS\System32\msvcp_win.dll
0x00007ffd50260000 - 0x00007ffd50292000 	C:\WINDOWS\System32\IMM32.DLL
0x00007ffd4ab70000 - 0x00007ffd4ab7c000 	C:\Program Files\Android\Android Studio\jbr\bin\vcruntime140_1.dll
0x00007ffd293e0000 - 0x00007ffd2946d000 	C:\Program Files\Android\Android Studio\jbr\bin\msvcp140.dll
0x00007ffcf2000000 - 0x00007ffcf2c96000 	C:\Program Files\Android\Android Studio\jbr\bin\server\jvm.dll
0x00007ffd503a0000 - 0x00007ffd50456000 	C:\WINDOWS\System32\ADVAPI32.dll
0x00007ffd50e70000 - 0x00007ffd50f17000 	C:\WINDOWS\System32\sechost.dll
0x00007ffd500b0000 - 0x00007ffd501c8000 	C:\WINDOWS\System32\RPCRT4.dll
0x00007ffd501d0000 - 0x00007ffd50250000 	C:\WINDOWS\System32\WS2_32.dll
0x00007ffd47070000 - 0x00007ffd470a6000 	C:\WINDOWS\SYSTEM32\WINMM.dll
0x00007ffd4db90000 - 0x00007ffd4dbee000 	C:\WINDOWS\SYSTEM32\POWRPROF.dll
0x00007ffd470b0000 - 0x00007ffd470bb000 	C:\WINDOWS\SYSTEM32\VERSION.dll
0x00007ffd4db70000 - 0x00007ffd4db84000 	C:\WINDOWS\SYSTEM32\UMPDC.dll
0x00007ffd4ca80000 - 0x00007ffd4ca9b000 	C:\WINDOWS\SYSTEM32\kernel.appcore.dll
0x00007ffd494f0000 - 0x00007ffd494fa000 	C:\Program Files\Android\Android Studio\jbr\bin\jimage.dll
0x00007ffd43210000 - 0x00007ffd43452000 	C:\WINDOWS\SYSTEM32\DBGHELP.DLL
0x00007ffd4fae0000 - 0x00007ffd4fe62000 	C:\WINDOWS\System32\combase.dll
0x00007ffd50670000 - 0x00007ffd50748000 	C:\WINDOWS\System32\OLEAUT32.dll
0x00007ffd32ea0000 - 0x00007ffd32edb000 	C:\WINDOWS\SYSTEM32\dbgcore.DLL
0x00007ffd4def0000 - 0x00007ffd4df95000 	C:\WINDOWS\System32\bcryptPrimitives.dll
0x00007ffd356d0000 - 0x00007ffd356de000 	C:\Program Files\Android\Android Studio\jbr\bin\instrument.dll
0x00007ffd413e0000 - 0x00007ffd41400000 	C:\Program Files\Android\Android Studio\jbr\bin\java.dll
0x00007ffd36a10000 - 0x00007ffd36a28000 	C:\Program Files\Android\Android Studio\jbr\bin\zip.dll
0x00007ffd4f360000 - 0x00007ffd4fac7000 	C:\WINDOWS\System32\SHELL32.dll
0x00007ffd4e410000 - 0x00007ffd4e57a000 	C:\WINDOWS\System32\wintypes.dll
0x00007ffd4e580000 - 0x00007ffd4ede8000 	C:\WINDOWS\System32\windows.storage.dll
0x00007ffd502a0000 - 0x00007ffd50398000 	C:\WINDOWS\System32\SHCORE.dll
0x00007ffd50600000 - 0x00007ffd50666000 	C:\WINDOWS\System32\shlwapi.dll
0x00007ffd4dc50000 - 0x00007ffd4dc79000 	C:\WINDOWS\SYSTEM32\profapi.dll
0x00007ffd48940000 - 0x00007ffd48950000 	C:\Program Files\Android\Android Studio\jbr\bin\net.dll
0x00007ffd47740000 - 0x00007ffd4786d000 	C:\WINDOWS\SYSTEM32\WINHTTP.dll
0x00007ffd4cfd0000 - 0x00007ffd4d03c000 	C:\WINDOWS\system32\mswsock.dll
0x00007ffd36830000 - 0x00007ffd36846000 	C:\Program Files\Android\Android Studio\jbr\bin\nio.dll
0x00007ffd358e0000 - 0x00007ffd358f0000 	C:\Program Files\Android\Android Studio\jbr\bin\verify.dll
0x00007ffd29470000 - 0x00007ffd29497000 	C:\Users\Kabo\.gradle\native\660c5614fbf4a5f2a75b1949f50a0caf5cd603558e7d8a26e50b933a0cfb79d1\windows-amd64\native-platform.dll
0x00007ffd217b0000 - 0x00007ffd21827000 	C:\Users\Kabo\.gradle\native\0.2.8\x86_64-windows-gnu\gradle-fileevents.dll
0x00007ffd36c40000 - 0x00007ffd36c49000 	C:\Program Files\Android\Android Studio\jbr\bin\management.dll
0x00007ffd35900000 - 0x00007ffd3590b000 	C:\Program Files\Android\Android Studio\jbr\bin\management_ext.dll
0x00007ffd51380000 - 0x00007ffd51388000 	C:\WINDOWS\System32\PSAPI.DLL
0x00007ffd4c450000 - 0x00007ffd4c482000 	C:\WINDOWS\SYSTEM32\IPHLPAPI.DLL
0x00007ffd508d0000 - 0x00007ffd508da000 	C:\WINDOWS\System32\NSI.dll
0x00007ffd48740000 - 0x00007ffd48749000 	C:\Program Files\Android\Android Studio\jbr\bin\extnet.dll
0x00007ffd4d3d0000 - 0x00007ffd4d3eb000 	C:\WINDOWS\SYSTEM32\CRYPTSP.dll
0x00007ffd4c9e0000 - 0x00007ffd4ca19000 	C:\WINDOWS\system32\rsaenh.dll
0x00007ffd4d080000 - 0x00007ffd4d0b3000 	C:\WINDOWS\SYSTEM32\USERENV.dll
0x00007ffd4dc20000 - 0x00007ffd4dc4a000 	C:\WINDOWS\SYSTEM32\bcrypt.dll
0x00007ffd4d230000 - 0x00007ffd4d23c000 	C:\WINDOWS\SYSTEM32\CRYPTBASE.dll
0x00007ffd195a0000 - 0x00007ffd195a8000 	C:\WINDOWS\system32\wshunix.dll
0x00007ffd4c490000 - 0x00007ffd4c5c2000 	C:\WINDOWS\SYSTEM32\DNSAPI.dll
0x00007ffd472d0000 - 0x00007ffd472db000 	C:\Windows\System32\rasadhlp.dll
0x00007ffd490c0000 - 0x00007ffd49146000 	C:\WINDOWS\System32\fwpuclnt.dll
0x00007ffd2a840000 - 0x00007ffd2a9d9000 	C:\Program Files\Android\Android Studio\jbr\bin\awt.dll
0x00007ffd4ba10000 - 0x00007ffd4ba3f000 	C:\WINDOWS\SYSTEM32\dwmapi.dll
0x00007ffd33f30000 - 0x00007ffd33f74000 	C:\Program Files\Android\Android Studio\jbr\bin\nvdaControllerClient64.dll
0x00007ffd445e0000 - 0x00007ffd44656000 	C:\WINDOWS\SYSTEM32\OLEACC.dll
0x00007ffd4b590000 - 0x00007ffd4b62f000 	C:\WINDOWS\SYSTEM32\apphelp.dll
0x00007ffd4b770000 - 0x00007ffd4b819000 	C:\WINDOWS\system32\uxtheme.dll
0x00007ffd50770000 - 0x00007ffd508cc000 	C:\WINDOWS\System32\MSCTF.dll
0x00007ffd50460000 - 0x00007ffd505f7000 	C:\WINDOWS\System32\ole32.dll
0x00007ffd48620000 - 0x00007ffd48627000 	C:\Program Files\Android\Android Studio\jbr\bin\rmi.dll
0x00007ffd20110000 - 0x00007ffd201f9000 	C:\Users\Kabo\AppData\Local\Temp\sqlite-3.41.2.2-3cee639f-a3fc-46b0-8434-1a81ccbab7d0-sqlitejdbc.dll
0x00007ffd172a0000 - 0x00007ffd17389000 	C:\Users\Kabo\AppData\Local\Temp\sqlite-3.41.2.2-d0e9e267-d0b5-4135-89c6-3d20eb93df0c-sqlitejdbc.dll
0x00007ffd171b0000 - 0x00007ffd17299000 	C:\Users\Kabo\AppData\Local\Temp\sqlite-3.41.2.2-0494df99-dcf3-4a87-8cdf-6b1b0f44a450-sqlitejdbc.dll

JVMTI agents:
C:\Users\Kabo\.gradle\wrapper\dists\gradle-9.3.1-bin\23ovyewtku6u96viwx3xl3oks\gradle-9.3.1\lib\agents\gradle-instrumentation-agent-9.3.1.jar path:C:\Program Files\Android\Android Studio\jbr\bin\instrument.dll, loaded, initialized, instrumentlib options:none

dbghelp: loaded successfully - version: 4.0.5 - missing functions: none
symbol engine: initialized successfully - sym options: 0x614 - pdb path: .;C:\Program Files\Android\Android Studio\jbr\bin;C:\WINDOWS\SYSTEM32;C:\WINDOWS\WinSxS\amd64_microsoft.windows.common-controls_6595b64144ccf1df_6.0.26100.8115_none_3e075c82e3354f9c;C:\Program Files\Android\Android Studio\jbr\bin\server;C:\Users\Kabo\.gradle\native\660c5614fbf4a5f2a75b1949f50a0caf5cd603558e7d8a26e50b933a0cfb79d1\windows-amd64;C:\Users\Kabo\.gradle\native\0.2.8\x86_64-windows-gnu;C:\Users\Kabo\AppData\Local\Temp

VM Arguments:
jvm_args: --add-opens=java.base/java.lang=ALL-UNNAMED --add-opens=java.base/java.lang.invoke=ALL-UNNAMED --add-opens=java.base/java.util=ALL-UNNAMED --add-opens=java.prefs/java.util.prefs=ALL-UNNAMED --add-exports=jdk.compiler/com.sun.tools.javac.api=ALL-UNNAMED --add-exports=jdk.compiler/com.sun.tools.javac.util=ALL-UNNAMED --add-opens=java.base/java.util=ALL-UNNAMED --add-opens=java.prefs/java.util.prefs=ALL-UNNAMED --add-opens=java.base/java.nio.charset=ALL-UNNAMED --add-opens=java.base/java.net=ALL-UNNAMED --add-opens=java.base/java.util.concurrent=ALL-UNNAMED --add-opens=java.base/java.util.concurrent.atomic=ALL-UNNAMED --add-opens=java.xml/javax.xml.namespace=ALL-UNNAMED --add-opens=java.base/java.time=ALL-UNNAMED -Xmx2048m -Dfile.encoding=UTF-8 -Duser.country=US -Duser.language=en -Duser.variant -javaagent:C:\Users\Kabo\.gradle\wrapper\dists\gradle-9.3.1-bin\23ovyewtku6u96viwx3xl3oks\gradle-9.3.1\lib\agents\gradle-instrumentation-agent-9.3.1.jar 
java_command: org.gradle.launcher.daemon.bootstrap.GradleDaemon 9.3.1
java_class_path (initial): C:\Users\Kabo\.gradle\wrapper\dists\gradle-9.3.1-bin\23ovyewtku6u96viwx3xl3oks\gradle-9.3.1\lib\gradle-daemon-main-9.3.1.jar
Launcher Type: SUN_STANDARD

[Global flags]
     intx CICompilerCount                          = 4                                         {product} {ergonomic}
     uint ConcGCThreads                            = 3                                         {product} {ergonomic}
     uint G1ConcRefinementThreads                  = 10                                        {product} {ergonomic}
   size_t G1HeapRegionSize                         = 1048576                                   {product} {ergonomic}
    uintx GCDrainStackTargetSize                   = 64                                        {product} {ergonomic}
   size_t InitialHeapSize                          = 123731968                                 {product} {ergonomic}
   size_t MarkStackSize                            = 4194304                                   {product} {ergonomic}
   size_t MaxHeapSize                              = 2147483648                                {product} {command line}
   size_t MaxNewSize                               = 1287651328                                {product} {ergonomic}
   size_t MinHeapDeltaBytes                        = 1048576                                   {product} {ergonomic}
   size_t MinHeapSize                              = 8388608                                   {product} {ergonomic}
    uintx NonNMethodCodeHeapSize                   = 5839372                                {pd product} {ergonomic}
    uintx NonProfiledCodeHeapSize                  = 122909434                              {pd product} {ergonomic}
    uintx ProfiledCodeHeapSize                     = 122909434                              {pd product} {ergonomic}
    uintx ReservedCodeCacheSize                    = 251658240                              {pd product} {ergonomic}
     bool SegmentedCodeCache                       = true                                      {product} {ergonomic}
   size_t SoftMaxHeapSize                          = 2147483648                             {manageable} {ergonomic}
     bool UseCompressedOops                        = true                           {product lp64_product} {ergonomic}
     bool UseG1GC                                  = true                                      {product} {ergonomic}
     bool UseLargePagesIndividualAllocation        = false                                  {pd product} {ergonomic}

Logging:
Log output configuration:
 #0: stdout all=warning uptime,level,tags foldmultilines=false
 #1: stderr all=off uptime,level,tags foldmultilines=false

Release file:
JAVA_VERSION="21.0.10" 
MODULES="java.base java.compiler java.datatransfer java.xml java.prefs java.desktop java.instrument java.logging java.management java.security.sasl java.naming java.rmi java.management.rmi java.net.http java.scripting java.security.jgss java.transaction.xa java.sql java.sql.rowset java.xml.crypto java.se java.smartcardio jdk.accessibility jdk.internal.jvmstat jdk.attach jdk.charsets jdk.internal.opt jdk.zipfs jdk.compiler jdk.crypto.ec jdk.crypto.cryptoki jdk.dynalink jdk.hotspot.agent jdk.httpserver jdk.internal.ed jdk.internal.le jdk.internal.vm.ci jdk.jartool jdk.javadoc jdk.jcmd jdk.jdeps jdk.jdwp.agent jdk.jdi jdk.jfr jdk.jlink jdk.jsobject jdk.localedata jdk.management jdk.management.agent jdk.management.jfr jdk.naming.dns jdk.naming.rmi jdk.net jdk.sctp jdk.security.auth jdk.security.jgss jdk.unsupported jdk.unsupported.desktop jdk.xml.dom" 
IMPLEMENTOR="JetBrains s.r.o." 
JAVA_RUNTIME_VERSION="21.0.10+-14961533-b1163.108" 
LIBC="default" 
OS_ARCH="x86_64" 
OS_NAME="Windows" 
SOURCE=".:git:1351622c2ff2" 

Environment Variables:
JAVA_HOME=C:\Program Files\Java\jdk-23
PATH=C:\Program Files (x86)\NVIDIA Corporation\PhysX\Common;C:\Program Files\Common Files\Oracle\Java\javapath;C:\WINDOWS\system32;C:\WINDOWS;C:\WINDOWS\System32\Wbem;C:\WINDOWS\System32\WindowsPowerShell\v1.0\;C:\WINDOWS\System32\OpenSSH\;C:\msys64\mingw64\bin;C:\Program Files\Git\cmd;C:\Program Files\nodejs\;D:\sql\160\Tools\Binn\;C:\Program Files\Microsoft SQL Server\160\Tools\Binn\;C:\Program Files\Microsoft SQL Server\Client SDK\ODBC\170\Tools\Binn\;C:\Program Files\Microsoft SQL Server\160\DTS\Binn\;C:\Users\Kabo\AppData\Local\Microsoft\WindowsApps;C:\flutter\flutter\bin;C:\Program Files\Git\bin;C:\dart-sdk\bin;C:\Users\Kabo\AppData\Local\Android\Sdk;C:\cmdline-tools\latest\bin;C:\Users\Kabo\AppData\Local\Programs\Microsoft VS Code\bin;C:\Program Files\Java\jdk-23\bin;D:\Program Files\CLion 2025.1.3\bin;;C:\Users\Kabo\AppData\Local\Pub\Cache\bin;C:\Users\Kabo\AppData\Roaming\npm;C:\Users\Kabo\AppData\Local\GitHubDesktop\bin
USERNAME=Kabo
OS=Windows_NT
PROCESSOR_IDENTIFIER=AMD64 Family 23 Model 104 Stepping 1, AuthenticAMD
TMP=C:\Users\Kabo\AppData\Local\Temp
TEMP=C:\Users\Kabo\AppData\Local\Temp




Periodic native trim disabled

JNI global refs:
JNI global refs: 41, weak refs: 30

JNI global refs memory usage: 835, weak refs: 833

Process memory usage:
Resident Set Size: 352280K (4% of 7681736K total physical memory with 1056572K free physical memory)

OOME stack traces (most recent first):
Classloader memory used:
Loader org.gradle.internal.classloader.VisitableURLClassLoader$InstrumentingVisitableURLClassLoader: 52929K
Loader java.net.URLClassLoader                                                         : 52743K
Loader org.gradle.internal.classloader.VisitableURLClassLoader                         : 50583K
Loader bootstrap                                                                       : 37072K
Loader org.gradle.initialization.MixInLegacyTypesClassLoader                           : 14223K
Loader jdk.internal.reflect.DelegatingClassLoader                                      : 712K
Loader jdk.internal.loader.ClassLoaders$PlatformClassLoader                            : 571K
Loader jdk.internal.jrtfs.JrtFileSystemProvider$JrtFsLoader                            : 324K
Loader org.gradle.internal.classloader.VisitableURLClassLoader                         : 245K
Loader jdk.internal.loader.ClassLoaders$AppClassLoader                                 : 237K
Loader org.gradle.groovy.scripts.internal.DefaultScriptCompilationHandler$ScriptClassLoader: 127K
Loader sun.reflect.misc.MethodUtil                                                     : 2984B

Classes loaded by more than one classloader:
Class Program                                                                         : loaded 5 times (x 72B)
Class androidx.room.compiler.processing.XEquality                                     : loaded 3 times (x 70B)
Class androidx.room.compiler.processing.ksp.KspBasicAnnotationProcessor$DelegateLogger: loaded 3 times (x 79B)
Class com.squareup.javapoet.ClassName                                                 : loaded 3 times (x 84B)
Class androidx.room.compiler.processing.ksp.KspProcessingEnv$JvmDefaultMode           : loaded 3 times (x 79B)
Class androidx.room.processor.CustomConverterProcessor$ProcessResult$Companion        : loaded 3 times (x 71B)
Class androidx.room.compiler.codegen.XTypeName                                        : loaded 3 times (x 75B)
Class org.sqlite.Collation                                                            : loaded 3 times (x 73B)
Class Build_gradle                                                                    : loaded 3 times (x 126B)
Class androidx.room.compiler.processing.XProcessingEnv                                : loaded 3 times (x 70B)
Class androidx.room.BuiltInTypeConverters$State                                       : loaded 3 times (x 79B)
Class androidx.room.log.RLog                                                          : loaded 3 times (x 72B)
Class androidx.room.compiler.processing.XProcessingStep                               : loaded 3 times (x 70B)
Class androidx.room.compiler.processing.XMessager                                     : loaded 3 times (x 73B)
Class androidx.room.solver.TypeAdapterStore                                           : loaded 3 times (x 72B)
Class androidx.room.compiler.processing.XType                                         : loaded 3 times (x 70B)
Class androidx.room.compiler.processing.ksp.KspMemberContainer                        : loaded 3 times (x 70B)
Class androidx.room.compiler.codegen.CodeLanguage                                     : loaded 3 times (x 79B)
Class androidx.room.DatabaseProcessingStep                                            : loaded 3 times (x 79B)
Class androidx.room.compiler.processing.XProcessingEnv$Companion                      : loaded 3 times (x 71B)
Class org.sqlite.Function                                                             : loaded 3 times (x 73B)
Class org.sqlite.JDBC                                                                 : loaded 3 times (x 87B)
Class androidx.room.compiler.processing.XProcessingEnvConfig                          : loaded 3 times (x 71B)
Class org.sqlite.SQLiteJDBCLoader                                                     : loaded 3 times (x 71B)
Class androidx.room.compiler.processing.XProcessingEnvConfig$Companion                : loaded 3 times (x 71B)
Class androidx.room.compiler.processing.ksp.KspProcessingEnv                          : loaded 3 times (x 121B)
Class org.sqlite.BusyHandler                                                          : loaded 3 times (x 72B)
Class androidx.room.vo.BuiltInConverterFlags                                          : loaded 3 times (x 72B)
Class com.squareup.javapoet.Util                                                      : loaded 3 times (x 71B)
Class androidx.room.verifier.DatabaseVerifier                                         : loaded 3 times (x 72B)
Class org.sqlite.SQLiteException                                                      : loaded 3 times (x 96B)
Class [Landroidx.room.compiler.processing.XProcessingEnv$Platform;                    : loaded 3 times (x 69B)
Class [Landroidx.room.processor.Context$BooleanProcessorOptions;                      : loaded 3 times (x 69B)
Class androidx.room.verifier.DatabaseVerifier$Companion                               : loaded 3 times (x 71B)
Class androidx.room.compiler.processing.ksp.KspFiler                                  : loaded 3 times (x 78B)
Class androidx.room.compiler.processing.javac.XTypeElementStore                       : loaded 3 times (x 72B)
Class androidx.room.compiler.processing.XProcessingEnv$Backend                        : loaded 3 times (x 79B)
Class androidx.room.log.RLog$Companion                                                : loaded 3 times (x 71B)
Class androidx.room.compiler.processing.XExecutableElementStore                       : loaded 3 times (x 72B)
Class androidx.room.compiler.processing.XRoundEnv                                     : loaded 3 times (x 70B)
Class androidx.room.Database                                                          : loaded 3 times (x 70B)
Class org.sqlite.Function$Aggregate                                                   : loaded 3 times (x 75B)
Class androidx.room.compiler.processing.XMemberContainer                              : loaded 3 times (x 70B)
Class androidx.room.compiler.processing.XBasicAnnotationProcessor                     : loaded 3 times (x 70B)
Class androidx.room.processor.Context$BooleanProcessorOptions                         : loaded 3 times (x 80B)
Class androidx.room.compiler.processing.ksp.KspElement                                : loaded 3 times (x 146B)
Class com.squareup.javapoet.ArrayTypeName                                             : loaded 3 times (x 81B)
Class androidx.room.DatabaseProcessingStep$Companion                                  : loaded 3 times (x 71B)
Class androidx.room.preconditions.Checks                                              : loaded 3 times (x 72B)
Class androidx.room.compiler.processing.XElement                                      : loaded 3 times (x 70B)
Class org.sqlite.SQLiteJDBCLoader$VersionHolder                                       : loaded 3 times (x 71B)
Class com.squareup.javapoet.TypeVariableName                                          : loaded 3 times (x 81B)
Class androidx.room.processor.Context                                                 : loaded 3 times (x 72B)
Class androidx.room.compiler.processing.XProcessingEnv$Platform                       : loaded 3 times (x 79B)
Class org.sqlite.jdbc4.JDBC4Connection                                                : loaded 3 times (x 223B)
Class androidx.room.compiler.processing.ksp.KspAnnotated                              : loaded 3 times (x 133B)
Class [Landroidx.room.compiler.codegen.CodeLanguage;                                  : loaded 3 times (x 69B)
Class com.squareup.javapoet.LineWrapper$RecordingAppendable                           : loaded 3 times (x 77B)
Class org.sqlite.core.NativeDB                                                        : loaded 3 times (x 143B)
Class com.squareup.javapoet.LineWrapper                                               : loaded 3 times (x 72B)
Class org.sqlite.core.DB$ProgressObserver                                             : loaded 3 times (x 70B)
Class org.sqlite.SQLiteConnection                                                     : loaded 3 times (x 222B)
Class com.squareup.javapoet.TypeName                                                  : loaded 3 times (x 81B)
Class androidx.room.compiler.processing.ksp.KspTypeElement                            : loaded 3 times (x 302B)
Class org.sqlite.util.OSInfo                                                          : loaded 3 times (x 71B)
Class androidx.room.processor.CustomConverterProcessor$ProcessResult                  : loaded 3 times (x 72B)
Class [Landroidx.room.BuiltInTypeConverters$State;                                    : loaded 3 times (x 69B)
Class androidx.room.compiler.processing.ksp.DefaultKspType                            : loaded 3 times (x 186B)
Class org.sqlite.ProgressHandler                                                      : loaded 3 times (x 72B)
Class androidx.room.compiler.processing.XExecutableElement                            : loaded 3 times (x 70B)
Class androidx.room.compiler.processing.InternalXAnnotated                            : loaded 3 times (x 70B)
Class androidx.room.compiler.processing.CommonProcessorDelegate                       : loaded 3 times (x 72B)
Class androidx.room.compiler.processing.ksp.KspRawType                                : loaded 3 times (x 79B)
Class androidx.room.compiler.processing.XNullability                                  : loaded 3 times (x 79B)
Class org.sqlite.core.DB                                                              : loaded 3 times (x 143B)
Class org.sqlite.Function$Window                                                      : loaded 3 times (x 77B)
Class androidx.room.processor.cache.Cache$Bucket                                      : loaded 3 times (x 72B)
Class org.sqlite.core.Codes                                                           : loaded 3 times (x 70B)
Class androidx.room.compiler.processing.ksp.KspBasicAnnotationProcessor               : loaded 3 times (x 88B)
Class androidx.room.compiler.processing.XFiler                                        : loaded 3 times (x 70B)
Class androidx.room.compiler.processing.XRawType                                      : loaded 3 times (x 70B)
Class org.sqlite.util.LibraryLoaderUtil                                               : loaded 3 times (x 71B)
Class androidx.room.RoomKspProcessor$Provider                                         : loaded 3 times (x 74B)
Class androidx.room.compiler.processing.XParameterizable                              : loaded 3 times (x 70B)
Class androidx.room.compiler.processing.XProcessingEnvConfig$Builder                  : loaded 3 times (x 72B)
Class com.squareup.javapoet.ParameterizedTypeName                                     : loaded 3 times (x 81B)
Class androidx.room.compiler.processing.ksp.KspArrayType$Factory                      : loaded 3 times (x 72B)
Class androidx.room.compiler.processing.XTypeElement                                  : loaded 3 times (x 70B)
Class androidx.room.processor.QueryRewriter                                           : loaded 3 times (x 70B)
Class androidx.room.compiler.processing.ksp.KspTypeMapper                             : loaded 3 times (x 71B)
Class org.sqlite.util.ProcessRunner                                                   : loaded 3 times (x 73B)
Class [Landroidx.room.compiler.processing.XProcessingEnv$Backend;                     : loaded 3 times (x 69B)
Class androidx.room.compiler.processing.XAnnotated                                    : loaded 3 times (x 70B)
Class androidx.room.compiler.processing.ksp.KspType                                   : loaded 3 times (x 186B)
Class androidx.room.processor.Context$Companion                                       : loaded 3 times (x 71B)
Class androidx.room.compiler.processing.ksp.KspAnnotated$Companion                    : loaded 3 times (x 71B)
Class com.squareup.javapoet.CodeWriter                                                : loaded 3 times (x 72B)
Class androidx.room.compiler.processing.XHasModifiers                                 : loaded 3 times (x 70B)
Class androidx.room.processor.cache.Cache                                             : loaded 3 times (x 72B)
Class com.squareup.javapoet.CodeWriter$Multiset                                       : loaded 3 times (x 72B)
Class androidx.room.RoomKspProcessor                                                  : loaded 3 times (x 88B)
Class androidx.room.compiler.processing.ksp.KspMessager                               : loaded 3 times (x 73B)
Class androidx.room.compiler.processing.ksp.KspPrimitiveType                          : loaded 3 times (x 186B)
Class androidx.room.compiler.processing.ksp.ResolverExtKt                             : loaded 3 times (x 71B)
Class org.sqlite.jdbc3.JDBC3Connection                                                : loaded 3 times (x 223B)
Class androidx.room.vo.BuiltInConverterFlags$Companion                                : loaded 3 times (x 71B)
Class androidx.room.compiler.processing.ksp.KspExecutableElement                      : loaded 3 times (x 208B)
Class androidx.room.compiler.processing.ksp.KspRoundEnv                               : loaded 3 times (x 77B)
Class com.google.common.util.concurrent.SettableFuture                                : loaded 2 times (x 114B)
Class kotlin.reflect.KTypeParameter                                                   : loaded 2 times (x 70B)
Class kotlin.text.StringsKt__RegexExtensionsJVMKt                                     : loaded 2 times (x 71B)
Class kotlin.collections.ArraysKt___ArraysJvmKt                                       : loaded 2 times (x 71B)
Class kotlin.collections.CollectionsKt__CollectionsKt                                 : loaded 2 times (x 71B)
Class com.google.common.collect.TransformedIterator                                   : loaded 2 times (x 80B)
Class [Lcom.google.common.collect.Maps$EntryFunction;                                 : loaded 2 times (x 69B)
Class com.google.common.cache.LocalCache$Strength$3                                   : loaded 2 times (x 81B)
Class com.google.common.collect.MapDifference                                         : loaded 2 times (x 70B)
Class org.apache.commons.io.output.QueueOutputStream                                  : loaded 2 times (x 87B)
Class kotlin.text.Regex$Companion                                                     : loaded 2 times (x 71B)
Class kotlin._Assertions                                                              : loaded 2 times (x 71B)
Class com.google.common.reflect.Invokable                                             : loaded 2 times (x 103B)
Class org.objectweb.asm.FieldWriter                                                   : loaded 2 times (x 78B)
Class com.google.common.cache.CacheBuilder$NullListener                               : loaded 2 times (x 82B)
Class org.gradle.internal.classpath.TransformedClassPath                              : loaded 2 times (x 96B)
Class org.gradle.internal.classloader.InstrumentingClassLoader                        : loaded 2 times (x 70B)
Class com.google.common.collect.Collections2$FilteredCollection                       : loaded 2 times (x 119B)
Class com.google.common.reflect.Types$ClassOwnership$3                                : loaded 2 times (x 71B)
Class [Lkotlin.annotation.AnnotationTarget;                                           : loaded 2 times (x 69B)
Class kotlin.jvm.internal.FunctionReference                                           : loaded 2 times (x 122B)
Class [Lkotlin.coroutines.intrinsics.CoroutineSingletons;                             : loaded 2 times (x 69B)
Class kotlin.jvm.internal.FunctionBase                                                : loaded 2 times (x 70B)
Class kotlin.enums.EnumEntriesList                                                    : loaded 2 times (x 223B)
Class com.google.common.reflect.Types$ParameterizedTypeImpl                           : loaded 2 times (x 81B)
Class com.google.common.collect.Maps$IteratorBasedAbstractMap$1                       : loaded 2 times (x 138B)
Class org.apache.commons.io.output.UnsynchronizedByteArrayOutputStream                : loaded 2 times (x 102B)
Class com.google.common.cache.CacheLoader$FunctionToCacheLoader                       : loaded 2 times (x 75B)
Class com.google.common.collect.Iterators$ArrayItr                                    : loaded 2 times (x 97B)
Class com.google.common.collect.ImmutableCollection$Builder                           : loaded 2 times (x 76B)
Class kotlin.coroutines.jvm.internal.ContinuationImpl                                 : loaded 2 times (x 87B)
Class kotlin.comparisons.ComparisonsKt___ComparisonsJvmKt                             : loaded 2 times (x 71B)
Class kotlin.collections.CollectionsKt__IteratorsJVMKt                                : loaded 2 times (x 71B)
Class com.google.common.reflect.TypeResolver$TypeVariableKey                          : loaded 2 times (x 72B)
Class org.apache.commons.io.output.ByteArrayOutputStream                              : loaded 2 times (x 102B)
Class com.google.common.base.Joiner                                                   : loaded 2 times (x 79B)
Class com.google.common.base.MoreObjects                                              : loaded 2 times (x 71B)
Class kotlin.reflect.KProperty0                                                       : loaded 2 times (x 70B)
Class kotlin.Result                                                                   : loaded 2 times (x 72B)
Class com.google.common.collect.Platform                                              : loaded 2 times (x 71B)
Class [Lorg.objectweb.asm.Type;                                                       : loaded 2 times (x 69B)
Class com.google.common.collect.UnmodifiableIterator                                  : loaded 2 times (x 80B)
Class org.gradle.internal.service.ServiceLocator                                      : loaded 2 times (x 70B)
Class kotlin.coroutines.jvm.internal.SuspendLambda                                    : loaded 2 times (x 91B)
Class kotlin.collections.MapWithDefault                                               : loaded 2 times (x 70B)
Class jdk.internal.jrtfs.JrtFileSystemProvider                                        : loaded 2 times (x 101B)
Class kotlin.reflect.KProperty1                                                       : loaded 2 times (x 70B)
Class kotlin.reflect.KClass                                                           : loaded 2 times (x 70B)
Class kotlin.sequences.TransformingSequence$iterator$1                                : loaded 2 times (x 79B)
Class kotlin.Pair                                                                     : loaded 2 times (x 72B)
Class com.google.common.collect.HashBiMap$BiEntry                                     : loaded 2 times (x 83B)
Class com.google.common.base.Ascii                                                    : loaded 2 times (x 71B)
Class com.google.common.collect.SingletonImmutableBiMap                               : loaded 2 times (x 143B)
Class com.google.common.cache.LocalCache$1                                            : loaded 2 times (x 89B)
Class com.google.common.collect.Iterators$SingletonIterator                           : loaded 2 times (x 81B)
Class com.google.common.collect.AbstractMapEntry                                      : loaded 2 times (x 81B)
Class kotlin.jvm.functions.Function22                                                 : loaded 2 times (x 70B)
Class kotlin.annotation.AnnotationRetention                                           : loaded 2 times (x 79B)
Class com.google.common.cache.LocalCache$Strength$1                                   : loaded 2 times (x 81B)
Class kotlin.sequences.GeneratorSequence$iterator$1                                   : loaded 2 times (x 79B)
Class kotlin.reflect.KProperty2                                                       : loaded 2 times (x 70B)
Class kotlin.collections.CollectionsKt__MutableCollectionsKt                          : loaded 2 times (x 71B)
Class kotlin.io.CloseableKt                                                           : loaded 2 times (x 71B)
Class com.google.common.reflect.TypeToken$SimpleTypeToken                             : loaded 2 times (x 73B)
Class com.google.common.collect.Sets$ImprovedAbstractSet                              : loaded 2 times (x 135B)
Class com.google.common.collect.ImmutableList$Builder                                 : loaded 2 times (x 77B)
Class com.google.common.collect.AbstractMultimap                                      : loaded 2 times (x 123B)
Class com.google.common.cache.LocalCache$2                                            : loaded 2 times (x 142B)
Class org.objectweb.asm.ModuleVisitor                                                 : loaded 2 times (x 81B)
Class kotlin.io.TerminateException                                                    : loaded 2 times (x 82B)
Class kotlin.io.FilesKt__FilePathComponentsKt                                         : loaded 2 times (x 71B)
Class kotlin.reflect.KCallable                                                        : loaded 2 times (x 70B)
Class kotlin.coroutines.CoroutineContext$Element                                      : loaded 2 times (x 70B)
Class com.google.common.collect.RegularImmutableAsList                                : loaded 2 times (x 217B)
Class kotlin.io.LinesSequence$iterator$1                                              : loaded 2 times (x 79B)
Class kotlin.collections.AbstractIterator                                             : loaded 2 times (x 83B)
Class kotlin.text.CharsKt                                                             : loaded 2 times (x 71B)
Class com.google.common.base.Optional                                                 : loaded 2 times (x 80B)
Class com.google.common.util.concurrent.AbstractFuture$Trusted                        : loaded 2 times (x 70B)
Class com.google.common.collect.Iterators                                             : loaded 2 times (x 71B)
Class jdk.internal.jimage.ImageLocation                                               : loaded 2 times (x 90B)
Class kotlin.coroutines.ContinuationInterceptor$Key                                   : loaded 2 times (x 71B)
Class kotlin.text.DelimitedRangesSequence$iterator$1                                  : loaded 2 times (x 79B)
Class com.google.common.collect.Lists$StringAsImmutableList                           : loaded 2 times (x 207B)
Class com.google.common.util.concurrent.UncheckedExecutionException                   : loaded 2 times (x 82B)
Class org.gradle.kotlin.dsl.VersionCatalogAccessorsKt                                 : loaded 2 times (x 71B)
Class com.google.common.collect.Sets$4                                                : loaded 2 times (x 139B)
Class kotlin.io.FileTreeWalk$FileTreeWalkIterator$WhenMappings                        : loaded 2 times (x 71B)
Class com.google.common.reflect.TypeResolver                                          : loaded 2 times (x 72B)
Class jdk.internal.jimage.ImageBufferCache$1                                          : loaded 2 times (x 83B)
Class kotlin.DeprecationLevel                                                         : loaded 2 times (x 79B)
Class kotlin.collections.ArraysKt___ArraysKt$asSequence$$inlined$Sequence$1           : loaded 2 times (x 75B)
Class kotlin.time.DurationUnitKt__DurationUnitJvmKt                                   : loaded 2 times (x 71B)
Class kotlin.jvm.JvmStatic                                                            : loaded 2 times (x 70B)
Class kotlin.collections.MapsKt__MapsJVMKt                                            : loaded 2 times (x 71B)
Class kotlin.collections.EmptyList                                                    : loaded 2 times (x 174B)
Class com.google.common.collect.AbstractMapBasedMultimap$KeySet$1                     : loaded 2 times (x 82B)
Class org.objectweb.asm.ClassWriter                                                   : loaded 2 times (x 106B)
Class com.google.common.cache.CacheLoader$UnsupportedLoadingOperationException        : loaded 2 times (x 82B)
Class com.google.common.base.CharMatcher$And                                          : loaded 2 times (x 112B)
Class org.gradle.internal.classloader.ClasspathUtil$1                                 : loaded 2 times (x 76B)
Class com.google.common.reflect.Types$ClassOwnership$2                                : loaded 2 times (x 80B)
Class kotlin.jvm.functions.Function21                                                 : loaded 2 times (x 70B)
Class org.gradle.internal.service.UnknownServiceException                             : loaded 2 times (x 83B)
Class jdk.internal.jimage.ImageBufferCache$2                                          : loaded 2 times (x 91B)
Class kotlin.collections.builders.ListBuilderKt                                       : loaded 2 times (x 71B)
Class com.google.common.collect.FluentIterable$1                                      : loaded 2 times (x 81B)
Class com.google.common.base.Objects                                                  : loaded 2 times (x 71B)
Class org.objectweb.asm.FieldVisitor                                                  : loaded 2 times (x 77B)
Class com.google.common.collect.IndexedImmutableSet                                   : loaded 2 times (x 152B)
Class com.google.common.collect.ImmutableMap$1                                        : loaded 2 times (x 81B)
Class com.google.common.collect.BiMap                                                 : loaded 2 times (x 70B)
Class org.gradle.api.internal.classpath.DefaultModuleRegistry$DefaultModule           : loaded 2 times (x 86B)
Class com.google.common.cache.LocalCache$LocalLoadingCache                            : loaded 2 times (x 134B)
Class com.google.common.collect.Sets$3                                                : loaded 2 times (x 139B)
Class kotlin.ResultKt                                                                 : loaded 2 times (x 71B)
Class com.google.common.reflect.Reflection                                            : loaded 2 times (x 71B)
Class com.google.common.collect.FluentIterable$2                                      : loaded 2 times (x 81B)
Class com.google.common.base.Absent                                                   : loaded 2 times (x 80B)
Class com.google.common.primitives.Ints                                               : loaded 2 times (x 71B)
Class com.google.common.collect.AbstractIterator                                      : loaded 2 times (x 82B)
Class [Lorg.objectweb.asm.AnnotationVisitor;                                          : loaded 2 times (x 69B)
Class com.google.common.reflect.Types$ClassOwnership$1                                : loaded 2 times (x 80B)
Class kotlin.collections.IndexingIterable                                             : loaded 2 times (x 79B)
Class kotlin.Result$Failure                                                           : loaded 2 times (x 72B)
Class kotlin.collections.ArraysKt__ArraysKt                                           : loaded 2 times (x 71B)
Class com.google.common.collect.FluentIterable$3                                      : loaded 2 times (x 81B)
Class com.google.common.collect.ObjectArrays                                          : loaded 2 times (x 71B)
Class com.google.common.math.MathPreconditions                                        : loaded 2 times (x 71B)
Class com.google.common.collect.Multiset                                              : loaded 2 times (x 70B)
Class com.google.common.collect.ArrayListMultimapGwtSerializationDependencies         : loaded 2 times (x 172B)
Class com.google.common.collect.AbstractIndexedListIterator                           : loaded 2 times (x 96B)
Class kotlin.collections.CollectionsKt___CollectionsKt$asSequence$$inlined$Sequence$1 : loaded 2 times (x 75B)
Class kotlin.jvm.functions.Function20                                                 : loaded 2 times (x 70B)
Class org.gradle.api.internal.ClassPathProvider                                       : loaded 2 times (x 70B)
Class kotlin.collections.SetsKt__SetsJVMKt                                            : loaded 2 times (x 71B)
Class kotlin.Function                                                                 : loaded 2 times (x 70B)
Class org.apache.commons.io.output.NullOutputStream                                   : loaded 2 times (x 85B)
Class com.google.common.collect.ImmutableMapEntrySet                                  : loaded 2 times (x 152B)
Class org.gradle.api.internal.classpath.Module                                        : loaded 2 times (x 70B)
Class [Lorg.gradle.api.internal.ClassPathProvider;                                    : loaded 2 times (x 69B)
Class com.google.common.collect.Sets$2                                                : loaded 2 times (x 139B)
Class kotlin.KotlinVersion                                                            : loaded 2 times (x 74B)
Class kotlin.reflect.KMutableProperty                                                 : loaded 2 times (x 70B)
Class kotlin.io.FileAlreadyExistsException                                            : loaded 2 times (x 82B)
Class kotlin.internal.ProgressionUtilKt                                               : loaded 2 times (x 71B)
Class com.google.common.cache.Weigher                                                 : loaded 2 times (x 70B)
Class ijKotlinCoroutineJvmDebugInit1_304z3prfvr8kmkv6gmy1lljlt$_run_closure1          : loaded 2 times (x 139B)
Class org.gradle.api.internal.classpath.UnknownModuleException                        : loaded 2 times (x 82B)
Class jdk.internal.jimage.ImageHeader                                                 : loaded 2 times (x 71B)
Class kotlin.jvm.internal.PropertyReference                                           : loaded 2 times (x 115B)
Class com.google.common.base.Stopwatch                                                : loaded 2 times (x 72B)
Class com.google.common.cache.LocalCache$Strength                                     : loaded 2 times (x 81B)
Class com.google.common.cache.Cache                                                   : loaded 2 times (x 70B)
Class [Lcom.google.common.base.Function;                                              : loaded 2 times (x 69B)
Class com.google.common.collect.Maps$ViewCachingAbstractMap                           : loaded 2 times (x 125B)
Class kotlin.sequences.Sequence                                                       : loaded 2 times (x 70B)
Class kotlin.collections.IndexingIterator                                             : loaded 2 times (x 79B)
Class com.google.common.base.NullnessCasts                                            : loaded 2 times (x 71B)
Class com.google.common.util.concurrent.AbstractFuture$Cancellation                   : loaded 2 times (x 72B)
Class com.google.common.collect.ImmutableMap$Builder                                  : loaded 2 times (x 82B)
Class kotlin.text.StringsKt__StringNumberConversionsJVMKt                             : loaded 2 times (x 71B)
Class [Lkotlin.reflect.KAnnotatedElement;                                             : loaded 2 times (x 69B)
Class com.google.common.collect.Maps$EntryFunction$1                                  : loaded 2 times (x 91B)
Class com.google.common.base.Present                                                  : loaded 2 times (x 81B)
Class com.google.common.cache.RemovalListener                                         : loaded 2 times (x 70B)
Class org.gradle.api.internal.DefaultClassPathRegistry                                : loaded 2 times (x 76B)
Class kotlin.annotation.AnnotationTarget                                              : loaded 2 times (x 79B)
Class kotlin.jvm.JvmClassMappingKt                                                    : loaded 2 times (x 71B)
Class kotlin.jvm.internal.Reflection                                                  : loaded 2 times (x 71B)
Class kotlin.reflect.KProperty                                                        : loaded 2 times (x 70B)
Class kotlin.ranges.ClosedRange                                                       : loaded 2 times (x 70B)
Class com.google.common.reflect.Invokable$ConstructorInvokable                        : loaded 2 times (x 107B)
Class com.google.common.collect.Maps$EntryFunction$2                                  : loaded 2 times (x 91B)
Class com.google.common.primitives.IntsMethodsForWeb                                  : loaded 2 times (x 71B)
Class com.google.common.collect.Multimap                                              : loaded 2 times (x 70B)
Class org.gradle.api.internal.ClassPathRegistry                                       : loaded 2 times (x 70B)
Class org.gradle.internal.classpath.DefaultClassPath$ImmutableUniqueList              : loaded 2 times (x 199B)
Class kotlin.sequences.SequenceScope                                                  : loaded 2 times (x 73B)
Class jdk.internal.jimage.decompressor.ResourceDecompressor                           : loaded 2 times (x 70B)
Class kotlin.jvm.internal.TypeIntrinsics                                              : loaded 2 times (x 71B)
Class kotlin.collections.IntIterator                                                  : loaded 2 times (x 82B)
Class kotlin.text.StringsKt__StringsJVMKt                                             : loaded 2 times (x 71B)
Class com.google.common.reflect.TypeToken                                             : loaded 2 times (x 73B)
Class com.google.common.base.ExtraObjectsMethodsForWeb                                : loaded 2 times (x 71B)
Class org.apache.commons.io.IOUtils                                                   : loaded 2 times (x 71B)
Class kotlin.time.DurationUnit                                                        : loaded 2 times (x 79B)
Class kotlin.text.StringsKt__IndentKt                                                 : loaded 2 times (x 71B)
Class kotlin.collections.SetsKt                                                       : loaded 2 times (x 71B)
Class org.gradle.api.internal.DefaultClassPathProvider                                : loaded 2 times (x 76B)
Class com.google.common.cache.CacheBuilder                                            : loaded 2 times (x 72B)
Class com.google.common.collect.SingletonImmutableList                                : loaded 2 times (x 207B)
Class Settings_gradle$1                                                               : loaded 2 times (x 74B)
Class org.gradle.internal.classpath.ClassPath                                         : loaded 2 times (x 70B)
Class org.objectweb.asm.AnnotationVisitor                                             : loaded 2 times (x 78B)
Class com.google.common.collect.Sets$1                                                : loaded 2 times (x 139B)
Class kotlin.collections.ArrayDeque                                                   : loaded 2 times (x 207B)
Class kotlin.reflect.KFunction                                                        : loaded 2 times (x 70B)
Class [Lcom.google.common.reflect.Types$JavaVersion;                                  : loaded 2 times (x 69B)
Class com.google.common.base.JdkPattern                                               : loaded 2 times (x 75B)
Class com.google.common.collect.ImmutableList$ReverseImmutableList                    : loaded 2 times (x 209B)
Class com.google.common.collect.ImmutableSet$SerializedForm                           : loaded 2 times (x 73B)
Class kotlin.jvm.internal.AdaptedFunctionReference                                    : loaded 2 times (x 77B)
Class kotlin.time.DurationUnitKt__DurationUnitKt                                      : loaded 2 times (x 71B)
Class [Lkotlin.reflect.KDeclarationContainer;                                         : loaded 2 times (x 69B)
Class kotlin.jvm.internal.Lambda                                                      : loaded 2 times (x 75B)
Class kotlin.collections.MapsKt__MapsKt                                               : loaded 2 times (x 71B)
Class org.objectweb.asm.SymbolTable$Entry                                             : loaded 2 times (x 74B)
Class [Lkotlin.reflect.KCallable;                                                     : loaded 2 times (x 69B)
Class jdk.internal.jimage.ImageStringsReader                                          : loaded 2 times (x 80B)
Class org.objectweb.asm.Edge                                                          : loaded 2 times (x 72B)
Class com.google.common.base.Suppliers$SupplierOfInstance                             : loaded 2 times (x 79B)
Class com.google.common.collect.Iterators$1                                           : loaded 2 times (x 81B)
Class kotlin.reflect.KProperty$Accessor                                               : loaded 2 times (x 70B)
Class kotlin.properties.Delegates                                                     : loaded 2 times (x 71B)
Class kotlin.Metadata                                                                 : loaded 2 times (x 70B)
Class kotlin.collections.AbstractMutableSet                                           : loaded 2 times (x 142B)
Class com.google.devtools.ksp.processing.KSPJvmConfig                                 : loaded 2 times (x 72B)
Class kotlin.UninitializedPropertyAccessException                                     : loaded 2 times (x 82B)
Class com.google.common.reflect.TypeToken$1                                           : loaded 2 times (x 110B)
Class com.google.common.cache.LocalCache$ComputingValueReference                      : loaded 2 times (x 96B)
Class com.google.common.collect.SingletonImmutableSet                                 : loaded 2 times (x 146B)
Class com.google.common.collect.ImmutableMap$IteratorBasedImmutableMap                : loaded 2 times (x 126B)
Class kotlin.jvm.internal.ArrayIteratorKt                                             : loaded 2 times (x 71B)
Class com.google.common.collect.ImmutableEnumMap                                      : loaded 2 times (x 126B)
Class com.google.common.collect.ListMultimap                                          : loaded 2 times (x 70B)
Class org.apache.commons.io.output.StringBuilderWriter                                : loaded 2 times (x 100B)
Class jdk.internal.jimage.ImageReader                                                 : loaded 2 times (x 75B)
Class kotlin.reflect.KProperty$Getter                                                 : loaded 2 times (x 70B)
Class com.google.common.reflect.TypeToken$2                                           : loaded 2 times (x 110B)
Class com.google.common.cache.LocalCache$Segment                                      : loaded 2 times (x 154B)
Class [Lorg.apache.commons.io.StandardLineSeparator;                                  : loaded 2 times (x 69B)
Class kotlin.text.StringsKt__AppendableKt                                             : loaded 2 times (x 71B)
Class jdk.internal.jimage.ImageReader$SharedImageReader                               : loaded 2 times (x 95B)
Class kotlin.time.DurationJvmKt                                                       : loaded 2 times (x 71B)
Class kotlin.SafePublicationLazyImpl                                                  : loaded 2 times (x 76B)
Class com.google.common.collect.AbstractListMultimap                                  : loaded 2 times (x 172B)
Class [Lorg.objectweb.asm.SymbolTable$Entry;                                          : loaded 2 times (x 69B)
Class com.google.common.cache.CacheLoader                                             : loaded 2 times (x 74B)
Class com.google.common.collect.Iterators$4                                           : loaded 2 times (x 82B)
Class com.google.common.collect.ImmutableBiMap                                        : loaded 2 times (x 143B)
Class org.gradle.api.internal.classpath.ModuleRegistry                                : loaded 2 times (x 70B)
Class org.gradle.internal.installation.GradleInstallation$1                           : loaded 2 times (x 75B)
Class jdk.internal.jimage.decompressor.ResourceDecompressorFactory                    : loaded 2 times (x 74B)
Class com.google.devtools.ksp.processing.KSPLogger                                    : loaded 2 times (x 70B)
Class org.apache.commons.io.output.NullWriter                                         : loaded 2 times (x 99B)
Class com.google.common.collect.ImmutableSet$JdkBackedSetBuilderImpl                  : loaded 2 times (x 76B)
Class com.google.common.util.concurrent.internal.InternalFutureFailureAccess          : loaded 2 times (x 72B)
Class com.google.common.collect.Iterators$5                                           : loaded 2 times (x 82B)
Class kotlin.time.Duration$Companion                                                  : loaded 2 times (x 71B)
Class kotlin.coroutines.intrinsics.IntrinsicsKt__IntrinsicsKt                         : loaded 2 times (x 71B)
Class com.google.common.collect.Iterators$6                                           : loaded 2 times (x 81B)
Class com.google.common.collect.HashBiMap$Inverse                                     : loaded 2 times (x 142B)
Class com.google.common.cache.LocalCache$LocalManualCache$1                           : loaded 2 times (x 75B)
Class com.google.common.base.CharMatcher$ForPredicate                                 : loaded 2 times (x 112B)
Class jdk.internal.jimage.ImageReader$Node                                            : loaded 2 times (x 84B)
Class kotlin.io.FilesKt__UtilsKt                                                      : loaded 2 times (x 71B)
Class kotlin.collections.CollectionsKt__CollectionsJVMKt                              : loaded 2 times (x 71B)
Class com.google.common.base.CharMatcher$AnyOf                                        : loaded 2 times (x 112B)
Class com.google.common.collect.ImmutableCollection                                   : loaded 2 times (x 125B)
Class ijJvmDebugger1_2vo8nnuqe8yg4l9ak5kr516ns                                        : loaded 2 times (x 171B)
Class org.gradle.api.internal.classpath.DefaultModuleRegistry                         : loaded 2 times (x 86B)
Class kotlin.coroutines.ContinuationInterceptor                                       : loaded 2 times (x 70B)
Class jdk.internal.jimage.BasicImageReader$1                                          : loaded 2 times (x 77B)
Class kotlin.collections.IndexedValue                                                 : loaded 2 times (x 72B)
Class kotlin.KotlinVersionCurrentValue                                                : loaded 2 times (x 71B)
Class kotlin.collections.builders.MapBuilder$Itr                                      : loaded 2 times (x 72B)
Class kotlin.sequences.SequencesKt                                                    : loaded 2 times (x 71B)
Class kotlin.collections.CollectionsKt__IteratorsKt                                   : loaded 2 times (x 71B)
Class com.google.common.collect.Lists                                                 : loaded 2 times (x 71B)
Class com.google.common.util.concurrent.ListenableFuture                              : loaded 2 times (x 70B)
Class com.google.common.cache.ReferenceEntry                                          : loaded 2 times (x 70B)
Class com.google.common.base.Converter                                                : loaded 2 times (x 90B)
Class com.google.common.collect.ImmutableSet$CachingAsList                            : loaded 2 times (x 148B)
Class kotlin.jvm.internal.markers.KMutableSet                                         : loaded 2 times (x 70B)
Class kotlin.text.StringsKt                                                           : loaded 2 times (x 71B)
Class com.google.common.collect.AbstractMapBasedMultimap                              : loaded 2 times (x 139B)
Class com.google.common.util.concurrent.AbstractFuture                                : loaded 2 times (x 106B)
Class com.google.common.base.FunctionalEquivalence                                    : loaded 2 times (x 83B)
Class com.google.common.collect.Iterators$9                                           : loaded 2 times (x 81B)
Class com.google.common.collect.ImmutableAsList                                       : loaded 2 times (x 209B)
Class kotlin.coroutines.jvm.internal.RestrictedContinuationImpl                       : loaded 2 times (x 87B)
Class kotlin.coroutines.CoroutineContext$Key                                          : loaded 2 times (x 70B)
Class kotlin.LazyKt__LazyJVMKt                                                        : loaded 2 times (x 71B)
Class com.google.common.reflect.TypeResolver$TypeTable                                : loaded 2 times (x 73B)
Class org.objectweb.asm.RecordComponentVisitor                                        : loaded 2 times (x 77B)
Class com.google.common.cache.CacheLoader$SupplierToCacheLoader                       : loaded 2 times (x 75B)
Class jdk.internal.jimage.decompressor.Decompressor                                   : loaded 2 times (x 72B)
Class [Lkotlin.Pair;                                                                  : loaded 2 times (x 69B)
Class kotlin.jvm.internal.markers.KMutableList                                        : loaded 2 times (x 70B)
Class kotlin.io.FilesKt__FileReadWriteKt                                              : loaded 2 times (x 71B)
Class kotlin.text.StringsKt__StringNumberConversionsKt                                : loaded 2 times (x 71B)
Class com.google.common.reflect.TypeResolver$TypeTable$1                              : loaded 2 times (x 73B)
Class com.google.common.collect.Maps$EntryTransformer                                 : loaded 2 times (x 70B)
Class org.gradle.internal.service.ServiceLookupException                              : loaded 2 times (x 82B)
Class org.gradle.api.internal.classpath.EffectiveClassPath                            : loaded 2 times (x 90B)
Class [Lcom.google.common.collect.ImmutableMapEntry;                                  : loaded 2 times (x 69B)
Class kotlin.io.FileTreeWalk$FileTreeWalkIterator                                     : loaded 2 times (x 83B)
Class [Lkotlin.sequences.Sequence;                                                    : loaded 2 times (x 69B)
Class kotlin.jvm.internal.MutablePropertyReference1Impl                               : loaded 2 times (x 137B)
Class com.google.common.collect.Lists$ReverseList                                     : loaded 2 times (x 200B)
Class [Lcom.google.common.cache.LocalCache$EntryFactory;                              : loaded 2 times (x 69B)
Class org.gradle.internal.classloader.ClassLoaderFactory                              : loaded 2 times (x 70B)
Class org.apache.commons.io.CloseableURLConnection                                    : loaded 2 times (x 116B)
Class com.google.common.base.CommonPattern                                            : loaded 2 times (x 74B)
Class com.google.common.cache.LocalCache$LocalManualCache                             : loaded 2 times (x 99B)
Class com.google.common.base.CharMatcher$IsNot                                        : loaded 2 times (x 111B)
Class org.gradle.internal.service.CachingServiceLocator                               : loaded 2 times (x 82B)
Class kotlin.sequences.SequencesKt___SequencesKt$flatMap$2                            : loaded 2 times (x 125B)
Class org.gradle.internal.classloader.ClassLoaderVisitor                              : loaded 2 times (x 76B)
Class kotlin.jvm.internal.CallableReference                                           : loaded 2 times (x 106B)
Class kotlin.collections.AbstractList$IteratorImpl                                    : loaded 2 times (x 82B)
Class com.google.common.collect.AbstractMapBasedMultimap$KeySet                       : loaded 2 times (x 137B)
Class com.google.common.math.IntMath                                                  : loaded 2 times (x 71B)
Class kotlin.properties.ReadOnlyProperty                                              : loaded 2 times (x 70B)
Class kotlin.jvm.internal.markers.KMutableMap                                         : loaded 2 times (x 70B)
Class kotlin.ranges.IntRange                                                          : loaded 2 times (x 93B)
Class com.google.common.reflect.Types$TypeVariableInvocationHandler                   : loaded 2 times (x 75B)
Class [Lcom.google.common.collect.HashBiMap$BiEntry;                                  : loaded 2 times (x 69B)
Class com.google.common.collect.ImmutableMapEntry                                     : loaded 2 times (x 85B)
Class [Lcom.google.common.collect.AbstractIterator$State;                             : loaded 2 times (x 69B)
Class kotlin.enums.EnumEntries                                                        : loaded 2 times (x 70B)
Class com.google.common.base.Predicates                                               : loaded 2 times (x 71B)
Class com.google.common.base.Equivalence                                              : loaded 2 times (x 82B)
Class com.google.common.base.Function                                                 : loaded 2 times (x 70B)
Class com.google.common.collect.ImmutableMapEntry$NonTerminalImmutableMapEntry        : loaded 2 times (x 85B)
Class kotlin.collections.AbstractList$Companion                                       : loaded 2 times (x 71B)
Class org.apache.commons.io.output.AbstractByteArrayOutputStream                      : loaded 2 times (x 102B)
Class com.google.common.cache.CacheBuilder$OneWeigher                                 : loaded 2 times (x 82B)
Class com.google.common.collect.RegularImmutableList                                  : loaded 2 times (x 213B)
Class jdk.internal.jimage.ImageBufferCache                                            : loaded 2 times (x 71B)
Class jdk.internal.jrtfs.JrtPath                                                      : loaded 2 times (x 118B)
Class com.google.common.reflect.Types$ClassOwnership$1LocalClass                      : loaded 2 times (x 71B)
Class com.google.common.collect.Maps$EntryFunction                                    : loaded 2 times (x 91B)
Class org.gradle.internal.classloader.ClasspathUtil                                   : loaded 2 times (x 71B)
Class kotlin.sequences.SequencesKt___SequencesKt                                      : loaded 2 times (x 71B)
Class kotlin.jvm.internal.PropertyReference0                                          : loaded 2 times (x 127B)
Class kotlin.sequences.EmptySequence                                                  : loaded 2 times (x 78B)
Class kotlin.io.FileSystemException                                                   : loaded 2 times (x 82B)
Class com.google.common.util.concurrent.Uninterruptibles                              : loaded 2 times (x 71B)
Class kotlin.KotlinVersion$Companion                                                  : loaded 2 times (x 71B)
Class org.gradle.internal.classloader.DefaultClassLoaderFactory                       : loaded 2 times (x 82B)
Class kotlin.jvm.internal.DefaultConstructorMarker                                    : loaded 2 times (x 71B)
Class kotlin.jvm.internal.PropertyReference1                                          : loaded 2 times (x 127B)
Class com.google.common.util.concurrent.LazyLogger                                    : loaded 2 times (x 72B)
Class com.google.common.collect.Maps                                                  : loaded 2 times (x 71B)
Class ijJvmDebugger1_2vo8nnuqe8yg4l9ak5kr516ns$_run_closure1                          : loaded 2 times (x 139B)
Class org.gradle.api.specs.Spec                                                       : loaded 2 times (x 70B)
Class kotlin.jvm.internal.MutablePropertyReference                                    : loaded 2 times (x 119B)
Class kotlin.UnsafeLazyImpl                                                           : loaded 2 times (x 76B)
Class kotlin.LazyKt__LazyJVMKt$WhenMappings                                           : loaded 2 times (x 71B)
Class com.google.common.reflect.Types$JavaVersion                                     : loaded 2 times (x 83B)
Class [Lcom.google.common.collect.ImmutableEntry;                                     : loaded 2 times (x 69B)
Class com.google.common.base.Suppliers                                                : loaded 2 times (x 71B)
Class [Lcom.google.common.cache.CacheBuilder$OneWeigher;                              : loaded 2 times (x 69B)
Class kotlin.jvm.internal.ArrayIterator                                               : loaded 2 times (x 79B)
Class kotlin.LazyThreadSafetyMode                                                     : loaded 2 times (x 79B)
Class com.google.common.collect.Sets$3$1                                              : loaded 2 times (x 82B)
Class com.google.common.cache.LocalCache$LoadingValueReference                        : loaded 2 times (x 96B)
Class ijKotlinCoroutineJvmDebugInit1_304z3prfvr8kmkv6gmy1lljlt$_run_closure1$_closure2: loaded 2 times (x 139B)
Class org.objectweb.asm.MethodTooLargeException                                       : loaded 2 times (x 83B)
Class jdk.internal.jimage.decompressor.ResourceDecompressorRepository                 : loaded 2 times (x 71B)
Class kotlin.jvm.internal.SpreadBuilder                                               : loaded 2 times (x 76B)
Class kotlin.collections.EmptyIterator                                                : loaded 2 times (x 89B)
Class kotlin.text.StringsKt__RegexExtensionsKt                                        : loaded 2 times (x 71B)
Class kotlin.SynchronizedLazyImpl                                                     : loaded 2 times (x 76B)
Class com.google.common.reflect.Invokable$MethodInvokable                             : loaded 2 times (x 107B)
Class com.google.common.base.Platform                                                 : loaded 2 times (x 71B)
Class jdk.internal.jimage.ImageReader$Directory                                       : loaded 2 times (x 84B)
Class kotlin.io.FilePathComponents                                                    : loaded 2 times (x 72B)
Class kotlin.coroutines.jvm.internal.RestrictedSuspendLambda                          : loaded 2 times (x 91B)
Class kotlin.sequences.SequencesKt__SequencesJVMKt                                    : loaded 2 times (x 71B)
Class kotlin.collections.AbstractList                                                 : loaded 2 times (x 197B)
Class kotlin.collections.AbstractCollection                                           : loaded 2 times (x 117B)
Class com.google.devtools.ksp.processing.KspGradleLogger$Companion                    : loaded 2 times (x 71B)
Class [Lorg.objectweb.asm.AnnotationWriter;                                           : loaded 2 times (x 69B)
Class com.google.common.collect.Maps$8                                                : loaded 2 times (x 82B)
Class kotlin.text.Regex                                                               : loaded 2 times (x 72B)
Class kotlin.Triple                                                                   : loaded 2 times (x 72B)
Class kotlin.sequences.SequencesKt__SequenceBuilderKt$sequence$$inlined$Sequence$1    : loaded 2 times (x 75B)
Class kotlin.text.StringsKt__StringBuilderJVMKt                                       : loaded 2 times (x 71B)
Class kotlin.collections.ArrayAsCollection                                            : loaded 2 times (x 105B)
Class kotlin.LazyKt__LazyKt                                                           : loaded 2 times (x 71B)
Class com.google.common.base.Predicates$CompositionPredicate                          : loaded 2 times (x 88B)
Class com.google.common.collect.Lists$ReverseList$1                                   : loaded 2 times (x 99B)
Class com.google.common.collect.Sets$SetView                                          : loaded 2 times (x 138B)
Class com.google.common.cache.LocalCache$StrongValueReference                         : loaded 2 times (x 90B)
Class com.google.common.base.Platform$JdkPatternCompiler                              : loaded 2 times (x 75B)
Class kotlin.jvm.internal.Ref$ObjectRef                                               : loaded 2 times (x 72B)
Class kotlin.jvm.internal.ReflectionFactory                                           : loaded 2 times (x 91B)
Class kotlin.UNINITIALIZED_VALUE                                                      : loaded 2 times (x 71B)
Class org.objectweb.asm.Type                                                          : loaded 2 times (x 72B)
Class org.gradle.internal.classloader.VisitableURLClassLoader$InstrumentingVisitableURLClassLoader: loaded 2 times (x 123B)
Class [Lkotlin.reflect.KClass;                                                        : loaded 2 times (x 69B)
Class kotlin.comparisons.ComparisonsKt__ComparisonsKt                                 : loaded 2 times (x 71B)
Class kotlin.jvm.internal.ClassBasedDeclarationContainer                              : loaded 2 times (x 70B)
Class kotlin.coroutines.Continuation                                                  : loaded 2 times (x 70B)
Class kotlin.ranges.RangesKt__RangesKt                                                : loaded 2 times (x 71B)
Class kotlin.sequences.SequencesKt__SequencesKt                                       : loaded 2 times (x 71B)
Class kotlin.collections.SetsKt___SetsKt                                              : loaded 2 times (x 71B)
Class com.google.common.math.IntMath$1                                                : loaded 2 times (x 71B)
Class org.objectweb.asm.ByteVector                                                    : loaded 2 times (x 79B)
Class [Lcom.google.common.cache.CacheBuilder$NullListener;                            : loaded 2 times (x 69B)
Class org.gradle.internal.classloader.VisitableURLClassLoader$Spec                    : loaded 2 times (x 74B)
Class org.gradle.internal.classpath.DefaultClassPath                                  : loaded 2 times (x 90B)
Class jdk.internal.jimage.decompressor.ZipDecompressorFactory                         : loaded 2 times (x 74B)
Class kotlin.comparisons.ComparisonsKt                                                : loaded 2 times (x 71B)
Class kotlin.comparisons.ComparisonsKt___ComparisonsKt                                : loaded 2 times (x 71B)
Class kotlin.Result$Companion                                                         : loaded 2 times (x 71B)
Class kotlin.coroutines.jvm.internal.BaseContinuationImpl                             : loaded 2 times (x 87B)
Class kotlin.text.CharsKt__CharJVMKt                                                  : loaded 2 times (x 71B)
Class kotlin.sequences.FilteringSequence                                              : loaded 2 times (x 75B)
Class com.google.devtools.ksp.processing.KspGradleLogger                              : loaded 2 times (x 79B)
Class com.google.common.reflect.Types$ClassOwnership                                  : loaded 2 times (x 80B)
Class org.objectweb.asm.Symbol                                                        : loaded 2 times (x 73B)
Class kotlin.io.LinesSequence                                                         : loaded 2 times (x 75B)
Class kotlin.reflect.KType                                                            : loaded 2 times (x 70B)
Class com.google.common.collect.Sets$FilteredSet                                      : loaded 2 times (x 137B)
Class com.google.common.io.Closer                                                     : loaded 2 times (x 78B)
Class com.google.common.base.CharMatcher$BitSetMatcher                                : loaded 2 times (x 112B)
Class com.google.common.collect.ImmutableSet                                          : loaded 2 times (x 145B)
Class com.google.common.collect.RegularImmutableMap$Values                            : loaded 2 times (x 207B)
Class org.gradle.internal.classloader.ClassLoaderSpec                                 : loaded 2 times (x 71B)
Class kotlin.jvm.internal.FunctionReferenceImpl                                       : loaded 2 times (x 122B)
Class kotlin.text.DelimitedRangesSequence                                             : loaded 2 times (x 75B)
Class kotlin.collections.CollectionsKt___CollectionsJvmKt                             : loaded 2 times (x 71B)
Class org.objectweb.asm.AnnotationWriter                                              : loaded 2 times (x 79B)
Class com.google.common.cache.CacheStats                                              : loaded 2 times (x 71B)
Class com.google.common.collect.UnmodifiableListIterator                              : loaded 2 times (x 95B)
Class kotlin.jdk7.AutoCloseableKt                                                     : loaded 2 times (x 71B)
Class kotlin.time.DurationKt                                                          : loaded 2 times (x 71B)
Class kotlin.TuplesKt                                                                 : loaded 2 times (x 71B)
Class kotlin.jvm.internal.markers.KMutableIterable                                    : loaded 2 times (x 70B)
Class kotlin.sequences.SequencesKt___SequencesJvmKt                                   : loaded 2 times (x 71B)
Class kotlin.Unit                                                                     : loaded 2 times (x 71B)
Class com.google.common.io.Closer$Suppressor                                          : loaded 2 times (x 70B)
Class org.objectweb.asm.RecordComponentWriter                                         : loaded 2 times (x 78B)
Class com.google.common.util.concurrent.AbstractFuture$Listener                       : loaded 2 times (x 72B)
Class com.google.common.base.CharMatcher$Or                                           : loaded 2 times (x 112B)
Class Settings_gradle$1$1                                                             : loaded 2 times (x 74B)
Class kotlin.io.FileTreeWalk$DirectoryState                                           : loaded 2 times (x 73B)
Class kotlin.ranges.RangesKt                                                          : loaded 2 times (x 71B)
Class org.objectweb.asm.Attribute                                                     : loaded 2 times (x 77B)
Class com.google.common.base.Supplier                                                 : loaded 2 times (x 70B)
Class org.gradle.internal.classloader.VisitableURLClassLoader                         : loaded 2 times (x 117B)
Class org.objectweb.asm.ClassVisitor                                                  : loaded 2 times (x 88B)
Class [Lkotlin.DeprecationLevel;                                                      : loaded 2 times (x 69B)
Class kotlin.sequences.GeneratorSequence                                              : loaded 2 times (x 75B)
Class kotlin.sequences.FlatteningSequence$iterator$1                                  : loaded 2 times (x 79B)
Class kotlin.collections.ArraysUtilJVM                                                : loaded 2 times (x 71B)
Class kotlin.jvm.functions.Function0                                                  : loaded 2 times (x 70B)
Class com.google.common.collect.ImmutableList$SerializedForm                          : loaded 2 times (x 73B)
Class Settings_gradle                                                                 : loaded 2 times (x 124B)
Class org.gradle.internal.Cast                                                        : loaded 2 times (x 71B)
Class org.gradle.api.Action                                                           : loaded 2 times (x 70B)
Class jdk.internal.jimage.decompressor.ZipDecompressor                                : loaded 2 times (x 75B)
Class kotlin.properties.ReadWriteProperty                                             : loaded 2 times (x 70B)
Class kotlin.collections.AbstractMutableList                                          : loaded 2 times (x 206B)
Class kotlin.jvm.functions.Function1                                                  : loaded 2 times (x 70B)
Class com.google.common.collect.HashBiMap                                             : loaded 2 times (x 143B)
Class com.google.common.base.Strings                                                  : loaded 2 times (x 71B)
Class com.google.common.collect.Sets                                                  : loaded 2 times (x 71B)
Class org.objectweb.asm.Handler                                                       : loaded 2 times (x 72B)
Class com.google.common.base.Ticker                                                   : loaded 2 times (x 72B)
Class com.google.common.base.CharMatcher$FastMatcher                                  : loaded 2 times (x 111B)
Class [Lorg.objectweb.asm.Symbol;                                                     : loaded 2 times (x 69B)
Class com.google.common.reflect.TypeCapture                                           : loaded 2 times (x 71B)
Class kotlin.sequences.TransformingSequence                                           : loaded 2 times (x 75B)
Class kotlin.jvm.internal.markers.KMutableIterator                                    : loaded 2 times (x 70B)
Class kotlin.jvm.functions.Function2                                                  : loaded 2 times (x 70B)
Class kotlin.KotlinNothingValueException                                              : loaded 2 times (x 82B)
Class com.google.devtools.ksp.processing.KSPConfig                                    : loaded 2 times (x 72B)
Class [Lcom.google.common.cache.LocalCache$Segment;                                   : loaded 2 times (x 69B)
Class [Lcom.google.common.cache.LocalCache$Strength;                                  : loaded 2 times (x 69B)
Class com.google.common.cache.CacheBuilder$1                                          : loaded 2 times (x 85B)
Class com.google.common.base.Predicate                                                : loaded 2 times (x 70B)
Class com.google.common.collect.ImmutableMap                                          : loaded 2 times (x 120B)
Class org.gradle.internal.classpath.DefaultClassPath$ImmutableUniqueList$Builder      : loaded 2 times (x 75B)
Class jdk.internal.jimage.decompressor.StringSharingDecompressorFactory               : loaded 2 times (x 74B)
Class com.google.common.collect.ImmutableMap$MapViewOfValuesAsSingletonSets           : loaded 2 times (x 126B)
Class kotlin.jvm.functions.Function3                                                  : loaded 2 times (x 70B)
Class kotlin.io.FileTreeWalk$WalkState                                                : loaded 2 times (x 73B)
Class kotlin.collections.MapsKt___MapsJvmKt                                           : loaded 2 times (x 71B)
Class com.google.common.cache.LocalCache                                              : loaded 2 times (x 187B)
Class com.google.common.cache.CacheBuilder$2                                          : loaded 2 times (x 79B)
Class com.google.common.base.CharMatcher$NegatedFastMatcher                           : loaded 2 times (x 113B)
Class com.google.common.collect.RegularImmutableMap                                   : loaded 2 times (x 121B)
Class kotlin.ranges.IntProgression$Companion                                          : loaded 2 times (x 71B)
Class kotlin.annotation.Target                                                        : loaded 2 times (x 70B)
Class kotlin.jvm.functions.Function4                                                  : loaded 2 times (x 70B)
Class kotlin.collections.EmptySet                                                     : loaded 2 times (x 122B)
Class kotlin.collections.CollectionsKt___CollectionsKt                                : loaded 2 times (x 71B)
Class com.google.common.collect.ArrayListMultimap                                     : loaded 2 times (x 172B)
Class com.google.common.cache.CacheBuilder$3                                          : loaded 2 times (x 72B)
Class [Lcom.google.common.collect.AbstractMapEntry;                                   : loaded 2 times (x 69B)
Class com.google.common.collect.ImmutableEntry                                        : loaded 2 times (x 82B)
Class org.gradle.api.GradleException                                                  : loaded 2 times (x 82B)
Class jdk.internal.jimage.ImageStrings                                                : loaded 2 times (x 70B)
Class kotlin.annotation.Retention                                                     : loaded 2 times (x 70B)
Class kotlin.jvm.functions.Function5                                                  : loaded 2 times (x 70B)
Class kotlin.reflect.KDeclarationContainer                                            : loaded 2 times (x 70B)
Class kotlin.text.StringsKt___StringsJvmKt                                            : loaded 2 times (x 71B)
Class com.google.common.base.Suppliers$MemoizingSupplier                              : loaded 2 times (x 79B)
Class org.apache.commons.io.StandardLineSeparator                                     : loaded 2 times (x 79B)
Class com.google.common.collect.CollectPreconditions                                  : loaded 2 times (x 71B)
Class kotlin.collections.builders.MapBuilder                                          : loaded 2 times (x 112B)
Class kotlin.jvm.functions.Function6                                                  : loaded 2 times (x 70B)
Class kotlin.io.FilesKt                                                               : loaded 2 times (x 71B)
Class kotlin.collections.ArraysKt___ArraysKt                                          : loaded 2 times (x 71B)
Class kotlin.collections.MapsKt___MapsKt                                              : loaded 2 times (x 71B)
Class com.google.common.collect.Maps$AbstractFilteredMap                              : loaded 2 times (x 127B)
Class com.google.common.collect.SortedMapDifference                                   : loaded 2 times (x 70B)
Class [Lkotlin.time.DurationUnit;                                                     : loaded 2 times (x 69B)
Class kotlin.jvm.functions.Function7                                                  : loaded 2 times (x 70B)
Class kotlin.sequences.SequencesKt___SequencesKt$asIterable$$inlined$Iterable$1       : loaded 2 times (x 79B)
Class kotlin.collections.MapsKt__MapWithDefaultKt                                     : loaded 2 times (x 71B)
Class com.google.common.cache.LocalCache$EntryFactory                                 : loaded 2 times (x 83B)
Class org.gradle.api.internal.classpath.ManifestUtil                                  : loaded 2 times (x 71B)
Class com.google.common.collect.ImmutableList$1                                       : loaded 2 times (x 97B)
Class com.google.common.util.concurrent.ExecutionError                                : loaded 2 times (x 82B)
Class com.google.common.collect.ImmutableEnumSet                                      : loaded 2 times (x 146B)
Class [Lkotlin.annotation.AnnotationRetention;                                        : loaded 2 times (x 69B)
Class kotlin.jvm.functions.Function8                                                  : loaded 2 times (x 70B)
Class kotlin.collections.builders.MapBuilder$Companion                                : loaded 2 times (x 71B)
Class kotlin.text.StringsKt___StringsKt                                               : loaded 2 times (x 71B)
Class kotlin.collections.CollectionsKt__MutableCollectionsJVMKt                       : loaded 2 times (x 71B)
Class kotlin.enums.EnumEntriesKt                                                      : loaded 2 times (x 71B)
Class com.google.common.reflect.Types$NativeTypeVariableEquals                        : loaded 2 times (x 71B)
Class com.google.common.reflect.TypeParameter                                         : loaded 2 times (x 72B)
Class com.google.common.collect.Iterables$5                                           : loaded 2 times (x 81B)
Class com.google.common.cache.LocalCache$AbstractReferenceEntry                       : loaded 2 times (x 107B)
Class org.gradle.internal.IoActions                                                   : loaded 2 times (x 71B)
Class kotlin.annotation.MustBeDocumented                                              : loaded 2 times (x 70B)
Class kotlin.jvm.functions.Function10                                                 : loaded 2 times (x 70B)
Class kotlin.jvm.functions.Function9                                                  : loaded 2 times (x 70B)
Class [Lkotlin.reflect.KClassifier;                                                   : loaded 2 times (x 69B)
Class [Lkotlin.LazyThreadSafetyMode;                                                  : loaded 2 times (x 69B)
Class org.objectweb.asm.SymbolTable                                                   : loaded 2 times (x 72B)
Class com.google.common.cache.CacheLoader$InvalidCacheLoadException                   : loaded 2 times (x 82B)
Class com.google.common.collect.ImmutableSet$RegularSetBuilderImpl                    : loaded 2 times (x 77B)
Class org.gradle.internal.classloader.SystemClassLoaderSpec                           : loaded 2 times (x 71B)
Class kotlin.SafePublicationLazyImpl$Companion                                        : loaded 2 times (x 71B)
Class kotlin.jvm.functions.Function11                                                 : loaded 2 times (x 70B)
Class kotlin.jvm.internal.PropertyReference0Impl                                      : loaded 2 times (x 127B)
Class kotlin.reflect.KAnnotatedElement                                                : loaded 2 times (x 70B)
Class kotlin.jvm.internal.markers.KMutableCollection                                  : loaded 2 times (x 70B)
Class kotlin.coroutines.intrinsics.IntrinsicsKt                                       : loaded 2 times (x 71B)
Class kotlin.ranges.IntRange$Companion                                                : loaded 2 times (x 71B)
Class kotlin.collections.EmptyMap                                                     : loaded 2 times (x 108B)
Class kotlin.jvm.internal.Intrinsics                                                  : loaded 2 times (x 71B)
Class com.google.common.collect.FluentIterable                                        : loaded 2 times (x 81B)
Class com.google.common.cache.LocalCache$StrongEntry                                  : loaded 2 times (x 108B)
Class com.google.common.util.concurrent.AbstractFuture$TrustedFuture                  : loaded 2 times (x 114B)
Class com.google.common.cache.LoadingCache                                            : loaded 2 times (x 70B)
Class ijKotlinCoroutineJvmDebugInit1_304z3prfvr8kmkv6gmy1lljlt                        : loaded 2 times (x 171B)
Class kotlin.jvm.internal.PropertyReference1Impl                                      : loaded 2 times (x 127B)
Class kotlin.jvm.internal.MutablePropertyReference1                                   : loaded 2 times (x 137B)
Class org.gradle.internal.classloader.ClassLoaderHierarchy                            : loaded 2 times (x 70B)
Class jdk.internal.jrtfs.JrtFileSystem                                                : loaded 2 times (x 102B)
Class kotlin.jvm.functions.Function12                                                 : loaded 2 times (x 70B)
Class kotlin.io.FileTreeWalk$FileTreeWalkIterator$TopDownDirectoryState               : loaded 2 times (x 74B)
Class kotlin.coroutines.intrinsics.CoroutineSingletons                                : loaded 2 times (x 79B)
Class kotlin.collections.MapsKt                                                       : loaded 2 times (x 71B)
Class kotlin.collections.CollectionsKt__IterablesKt                                   : loaded 2 times (x 71B)
Class com.google.common.base.Suppliers$NonSerializableMemoizingSupplier               : loaded 2 times (x 79B)
Class org.objectweb.asm.MethodWriter                                                  : loaded 2 times (x 106B)
Class [Lcom.google.common.cache.Weigher;                                              : loaded 2 times (x 69B)
Class com.google.common.collect.RegularImmutableMap$BucketOverflowException           : loaded 2 times (x 82B)
Class com.google.common.base.CharMatcher$IsEither                                     : loaded 2 times (x 111B)
Class jdk.internal.jimage.decompressor.CompressedResourceHeader                       : loaded 2 times (x 71B)
Class kotlin.text.Charsets                                                            : loaded 2 times (x 71B)
Class kotlin.jvm.functions.Function13                                                 : loaded 2 times (x 70B)
Class kotlin.sequences.SequenceBuilderIterator                                        : loaded 2 times (x 85B)
Class kotlin.ranges.OpenEndRange                                                      : loaded 2 times (x 70B)
Class kotlin.KotlinNullPointerException                                               : loaded 2 times (x 83B)
Class kotlin.collections.CollectionsKt__ReversedViewsKt                               : loaded 2 times (x 71B)
Class kotlin.sequences.SequencesKt__SequenceBuilderKt                                 : loaded 2 times (x 71B)
Class kotlin.sequences.FilteringSequence$iterator$1                                   : loaded 2 times (x 79B)
Class kotlin.jvm.functions.Function14                                                 : loaded 2 times (x 70B)
Class kotlin.ranges.RangesKt___RangesKt                                               : loaded 2 times (x 71B)
Class com.google.common.reflect.Types$JavaVersion$1                                   : loaded 2 times (x 83B)
Class com.google.common.collect.AbstractIterator$State                                : loaded 2 times (x 79B)
Class com.google.common.collect.RegularImmutableBiMap                                 : loaded 2 times (x 149B)
Class com.google.common.cache.LocalCache$ValueReference                               : loaded 2 times (x 70B)
Class com.google.common.base.CharMatcher$Negated                                      : loaded 2 times (x 113B)
Class com.google.common.base.CharMatcher$Is                                           : loaded 2 times (x 111B)
Class kotlin.jvm.internal.CollectionToArray                                           : loaded 2 times (x 71B)
Class kotlin.collections.ArrayDeque$Companion                                         : loaded 2 times (x 71B)
Class kotlin.jvm.functions.Function15                                                 : loaded 2 times (x 70B)
Class kotlin.text.CharsKt__CharKt                                                     : loaded 2 times (x 71B)
Class kotlin.collections.ArraysKt                                                     : loaded 2 times (x 71B)
Class com.google.common.reflect.Types$JavaVersion$2                                   : loaded 2 times (x 83B)
Class com.google.common.reflect.Types                                                 : loaded 2 times (x 71B)
Class com.google.common.hash.PrimitiveSink                                            : loaded 2 times (x 70B)
Class com.google.common.base.PatternCompiler                                          : loaded 2 times (x 70B)
Class com.google.common.util.concurrent.AbstractFuture$Failure                        : loaded 2 times (x 72B)
Class com.google.common.base.Equivalence$Equals                                       : loaded 2 times (x 82B)
Class com.google.common.collect.Hashing                                               : loaded 2 times (x 71B)
Class com.google.common.base.Preconditions                                            : loaded 2 times (x 71B)
Class kotlin.jvm.functions.Function16                                                 : loaded 2 times (x 70B)
Class kotlin.coroutines.EmptyCoroutineContext                                         : loaded 2 times (x 77B)
Class kotlin.collections.SetsKt__SetsKt                                               : loaded 2 times (x 71B)
Class kotlin.LazyKt                                                                   : loaded 2 times (x 71B)
Class com.google.common.reflect.Types$JavaVersion$3                                   : loaded 2 times (x 83B)
Class com.google.common.base.Joiner$1                                                 : loaded 2 times (x 80B)
Class org.objectweb.asm.Label                                                         : loaded 2 times (x 73B)
Class org.objectweb.asm.CurrentFrame                                                  : loaded 2 times (x 73B)
Class org.objectweb.asm.ClassTooLargeException                                        : loaded 2 times (x 83B)
Class com.google.common.base.CharMatcher                                              : loaded 2 times (x 111B)
Class com.google.common.collect.PeekingIterator                                       : loaded 2 times (x 70B)
Class kotlin.io.FilesKt__FileTreeWalkKt                                               : loaded 2 times (x 71B)
Class kotlin.InitializedLazyImpl                                                      : loaded 2 times (x 76B)
Class kotlin.jvm.functions.Function17                                                 : loaded 2 times (x 70B)
Class kotlin.collections.ArraysKt__ArraysJVMKt                                        : loaded 2 times (x 71B)
Class com.google.common.reflect.Types$JavaVersion$4                                   : loaded 2 times (x 83B)
Class com.google.common.collect.Maps$IteratorBasedAbstractMap                         : loaded 2 times (x 125B)
Class com.google.common.base.Joiner$2                                                 : loaded 2 times (x 79B)
Class org.objectweb.asm.Frame                                                         : loaded 2 times (x 73B)
Class org.objectweb.asm.MethodVisitor                                                 : loaded 2 times (x 105B)
Class com.google.common.cache.LocalCache$EntryFactory$1                               : loaded 2 times (x 83B)
Class [Lcom.google.common.cache.RemovalListener;                                      : loaded 2 times (x 69B)
Class com.google.common.base.CharMatcher$NamedFastMatcher                             : loaded 2 times (x 112B)
Class com.google.common.base.CharMatcher$1                                            : loaded 2 times (x 113B)
Class jdk.internal.jimage.BasicImageReader                                            : loaded 2 times (x 95B)
Class kotlin.jvm.functions.Function18                                                 : loaded 2 times (x 70B)
Class kotlin.jvm.internal.CallableReference$NoReceiver                                : loaded 2 times (x 71B)
Class kotlin.text.StringsKt__StringBuilderKt                                          : loaded 2 times (x 71B)
Class com.google.common.reflect.Types$JavaVersion$5                                   : loaded 2 times (x 71B)
Class [Lcom.google.common.reflect.Types$ClassOwnership;                               : loaded 2 times (x 69B)
Class com.google.common.cache.LocalCache$EntryFactory$2                               : loaded 2 times (x 83B)
Class org.gradle.api.internal.classpath.GlobalCacheRootsProvider                      : loaded 2 times (x 70B)
Class org.gradle.internal.classloader.FilteringClassLoader                            : loaded 2 times (x 105B)
Class ijJvmDebugger1_2vo8nnuqe8yg4l9ak5kr516ns$_run_closure1$_closure2                : loaded 2 times (x 140B)
Class kotlin.reflect.KMutableProperty$Setter                                          : loaded 2 times (x 70B)
Class kotlin.jvm.functions.Function19                                                 : loaded 2 times (x 70B)
Class kotlin.Lazy                                                                     : loaded 2 times (x 70B)
Class kotlin.NoWhenBranchMatchedException                                             : loaded 2 times (x 82B)
Class org.objectweb.asm.ModuleWriter                                                  : loaded 2 times (x 82B)
Class com.google.common.cache.LocalCache$EntryFactory$3                               : loaded 2 times (x 83B)
Class com.google.common.base.Ticker$1                                                 : loaded 2 times (x 72B)
Class com.google.common.collect.Maps$BiMapConverter                                   : loaded 2 times (x 90B)
Class com.google.common.collect.ImmutableMapEntrySet$RegularEntrySet                  : loaded 2 times (x 152B)
Class com.google.common.collect.RegularImmutableMap$KeySet                            : loaded 2 times (x 152B)
Class com.google.common.collect.ImmutableSet$Builder                                  : loaded 2 times (x 85B)
Class com.google.common.cache.LocalCache$EntryFactory$4                               : loaded 2 times (x 83B)
Class com.google.common.base.CharMatcher$InRange                                      : loaded 2 times (x 111B)
Class com.google.common.base.Equivalence$Identity                                     : loaded 2 times (x 82B)
Class kotlin.sequences.ConstrainedOnceSequence                                        : loaded 2 times (x 75B)
Class com.google.common.cache.LocalCache$EntryFactory$5                               : loaded 2 times (x 83B)
Class com.google.common.base.PairwiseEquivalence                                      : loaded 2 times (x 83B)
Class kotlin.time.Duration                                                            : loaded 2 times (x 74B)
Class [Lkotlin.reflect.KProperty;                                                     : loaded 2 times (x 69B)
Class kotlin.jvm.internal.markers.KMappedMarker                                       : loaded 2 times (x 70B)
Class kotlin.NotImplementedError                                                      : loaded 2 times (x 82B)
Class org.apache.commons.io.output.AppendableWriter                                   : loaded 2 times (x 100B)
Class com.google.common.cache.LocalCache$EntryFactory$6                               : loaded 2 times (x 83B)
Class org.gradle.internal.installation.CurrentGradleInstallationLocator               : loaded 2 times (x 71B)
Class kotlin.text.StringsKt__StringsKt                                                : loaded 2 times (x 71B)
Class kotlin.coroutines.jvm.internal.CompletedContinuation                            : loaded 2 times (x 75B)
Class kotlin.coroutines.jvm.internal.SpillingKt                                       : loaded 2 times (x 71B)
Class [Lkotlin.io.FileWalkDirection;                                                  : loaded 2 times (x 69B)
Class org.apache.commons.io.output.ThresholdingOutputStream                           : loaded 2 times (x 95B)
Class com.google.common.collect.Maps$KeySet                                           : loaded 2 times (x 137B)
Class com.google.common.collect.ImmutableSet$EmptySetBuilderImpl                      : loaded 2 times (x 76B)
Class com.google.common.cache.LocalCache$EntryFactory$7                               : loaded 2 times (x 83B)
Class com.google.common.collect.ImmutableList                                         : loaded 2 times (x 206B)
Class org.gradle.internal.service.DefaultServiceLocator                               : loaded 2 times (x 83B)
Class kotlin.reflect.KMutableProperty0                                                : loaded 2 times (x 70B)
Class kotlin.reflect.KClassifier                                                      : loaded 2 times (x 70B)
Class kotlin.io.FileTreeWalk                                                          : loaded 2 times (x 75B)
Class kotlin.coroutines.jvm.internal.SuspendFunction                                  : loaded 2 times (x 70B)
Class com.google.common.collect.Maps$EntrySet                                         : loaded 2 times (x 136B)
Class com.google.common.cache.LocalCache$EntryFactory$8                               : loaded 2 times (x 83B)
Class com.google.common.collect.ImmutableSet$SetBuilderImpl                           : loaded 2 times (x 76B)
Class org.gradle.internal.installation.CurrentGradleInstallation                      : loaded 2 times (x 73B)
Class kotlin.jvm.internal.Ref$BooleanRef                                              : loaded 2 times (x 71B)
Class kotlin.jvm.internal.StringCompanionObject                                       : loaded 2 times (x 71B)
Class kotlin.reflect.KMutableProperty1                                                : loaded 2 times (x 70B)
Class kotlin.coroutines.intrinsics.IntrinsicsKt__IntrinsicsJvmKt                      : loaded 2 times (x 71B)
Class kotlin.coroutines.jvm.internal.CoroutineStackFrame                              : loaded 2 times (x 70B)
Class com.google.common.cache.CacheLoader$1                                           : loaded 2 times (x 75B)
Class com.google.common.collect.ForwardingObject                                      : loaded 2 times (x 72B)
Class com.google.common.collect.ImmutableList$SubList                                 : loaded 2 times (x 209B)
Class org.gradle.util.internal.GUtil                                                  : loaded 2 times (x 71B)
Class kotlin.reflect.KMutableProperty2                                                : loaded 2 times (x 70B)
Class kotlin.io.NoSuchFileException                                                   : loaded 2 times (x 82B)
Class kotlin.collections.CollectionsKt                                                : loaded 2 times (x 71B)
Class com.google.common.cache.AbstractCache$StatsCounter                              : loaded 2 times (x 70B)
Class kotlin.sequences.DropTakeSequence                                               : loaded 2 times (x 70B)
Class kotlin.sequences.FlatteningSequence                                             : loaded 2 times (x 75B)
Class kotlin.time.DurationUnitKt                                                      : loaded 2 times (x 71B)
Class kotlin.ranges.IntProgressionIterator                                            : loaded 2 times (x 82B)
Class kotlin.coroutines.jvm.internal.DebugProbesKt                                    : loaded 2 times (x 71B)
Class kotlin.coroutines.CoroutineContext                                              : loaded 2 times (x 70B)
Class com.google.common.reflect.Types$TypeVariableImpl                                : loaded 2 times (x 72B)
Class com.google.common.collect.Iterators$MergingIterator                             : loaded 2 times (x 81B)
Class com.google.common.collect.RegularImmutableSet                                   : loaded 2 times (x 149B)
Class org.gradle.internal.installation.GradleInstallation                             : loaded 2 times (x 75B)
Class kotlin.io.TextStreamsKt                                                         : loaded 2 times (x 71B)
Class jdk.internal.jimage.decompressor.ResourceDecompressor$StringsProvider           : loaded 2 times (x 70B)
Class com.google.common.collect.Iterables                                             : loaded 2 times (x 71B)
Class com.google.common.cache.LocalCache$Strength$2                                   : loaded 2 times (x 81B)
Class kotlin.io.FileWalkDirection                                                     : loaded 2 times (x 79B)
Class kotlin.jvm.KotlinReflectionNotSupportedError                                    : loaded 2 times (x 82B)
Class kotlin.ranges.IntProgression                                                    : loaded 2 times (x 81B)
Class com.google.common.collect.Lists$RandomAccessReverseList                         : loaded 2 times (x 200B)

---------------  S Y S T E M  ---------------

OS:
 Windows 11 , 64 bit Build 26100 (10.0.26100.8246)
OS uptime: 16 days 16:30 hours
Hyper-V role detected

CPU: total 12 (initial active 12) (12 cores per cpu, 2 threads per core) family 23 model 104 stepping 1 microcode 0x8608107, cx8, cmov, fxsr, ht, mmx, 3dnowpref, sse, sse2, sse3, ssse3, sse4a, sse4.1, sse4.2, popcnt, lzcnt, tsc, tscinvbit, avx, avx2, aes, clmul, bmi1, bmi2, adx, sha, fma, vzeroupper, clflush, clflushopt, hv, rdtscp, rdpid, f16c
Processor Information for the first 12 processors :
  Max Mhz: 2100, Current Mhz: 2100, Mhz Limit: 2100

Memory: 4k page, system-wide physical 7501M (1003M free)
TotalPageFile size 21837M (AvailPageFile size 7M)
current process WorkingSet (physical memory assigned to process): 407M, peak: 960M
current process commit charge ("private bytes"): 1380M, peak: 1403M

vm_info: OpenJDK 64-Bit Server VM (21.0.10+-14961533-b1163.108) for windows-amd64 JRE (21.0.10+-14961533-b1163.108), built on 2026-03-02T19:58:50Z by "builder" with MS VC++ 16.10 / 16.11 (VS2019)

END.
