#
# There is insufficient memory for the Java Runtime Environment to continue.
# Native memory allocation (mmap) failed to map 57671680 bytes. Error detail: G1 virtual space
# Possible reasons:
#   The system is out of physical RAM or swap space
#   This process is running with CompressedOops enabled, and the Java Heap may be blocking the growth of the native heap
# Possible solutions:
#   Reduce memory load on the system
#   Increase physical memory or swap space
#   Check if swap backing store is full
#   Decrease Java heap size (-Xmx/-Xms)
#   Decrease number of Java threads
#   Decrease Java thread stack sizes (-Xss)
#   Set larger code cache with -XX:ReservedCodeCacheSize=
#   JVM is running with Unscaled Compressed Oops mode in which the Java heap is
#     placed in the first 4GB address space. The Java Heap base address is the
#     maximum limit for the native heap growth. Please use -XX:HeapBaseMinAddress
#     to set the Java Heap base and to place the Java Heap above 4GB virtual address.
# This output file may be truncated or incomplete.
#
#  Out of Memory Error (os_windows.cpp:3926), pid=24088, tid=19240
#
# JRE version: OpenJDK Runtime Environment (21.0.10) (build 21.0.10+-14961533-b1163.108)
# Java VM: OpenJDK 64-Bit Server VM (21.0.10+-14961533-b1163.108, mixed mode, tiered, compressed oops, compressed class ptrs, g1 gc, windows-amd64)
# No core dump will be written. Minidumps are not enabled by default on client versions of Windows
#

---------------  S U M M A R Y ------------

Command Line: --add-opens=java.base/java.lang=ALL-UNNAMED --add-opens=java.base/java.lang.invoke=ALL-UNNAMED --add-opens=java.base/java.util=ALL-UNNAMED --add-opens=java.prefs/java.util.prefs=ALL-UNNAMED --add-exports=jdk.compiler/com.sun.tools.javac.api=ALL-UNNAMED --add-exports=jdk.compiler/com.sun.tools.javac.util=ALL-UNNAMED --add-opens=java.base/java.util=ALL-UNNAMED --add-opens=java.prefs/java.util.prefs=ALL-UNNAMED --add-opens=java.base/java.nio.charset=ALL-UNNAMED --add-opens=java.base/java.net=ALL-UNNAMED --add-opens=java.base/java.util.concurrent=ALL-UNNAMED --add-opens=java.base/java.util.concurrent.atomic=ALL-UNNAMED --add-opens=java.xml/javax.xml.namespace=ALL-UNNAMED --add-opens=java.base/java.time=ALL-UNNAMED -Xmx2048m -Dfile.encoding=UTF-8 -Duser.country=US -Duser.language=en -Duser.variant -javaagent:C:\Users\Kabo\.gradle\wrapper\dists\gradle-9.3.1-bin\23ovyewtku6u96viwx3xl3oks\gradle-9.3.1\lib\agents\gradle-instrumentation-agent-9.3.1.jar org.gradle.launcher.daemon.bootstrap.GradleDaemon 9.3.1

Host: AMD Ryzen 5 5500U with Radeon Graphics         , 12 cores, 7G,  Windows 11 , 64 bit Build 26100 (10.0.26100.8521)
Time: Fri Jun 26 14:16:46 2026 Egypt Daylight Time elapsed time: 41.328784 seconds (0d 0h 0m 41s)

---------------  T H R E A D  ---------------

Current thread (0x000001e8d0022040):  VMThread "VM Thread"          [id=19240, stack(0x000000bd85d00000,0x000000bd85e00000) (1024K)]

Stack: [0x000000bd85d00000,0x000000bd85e00000]
Native frames: (J=compiled Java code, j=interpreted, Vv=VM code, C=native code)
V  [jvm.dll+0x6d78a9]
V  [jvm.dll+0x8665b3]
V  [jvm.dll+0x868bde]
V  [jvm.dll+0x8692c3]
V  [jvm.dll+0x280ee6]
V  [jvm.dll+0x6d4165]
V  [jvm.dll+0x6c77fa]
V  [jvm.dll+0x358f4b]
V  [jvm.dll+0x360bc6]
V  [jvm.dll+0x3b2ea6]
V  [jvm.dll+0x3b3178]
V  [jvm.dll+0x32b65c]
V  [jvm.dll+0x32e066]
V  [jvm.dll+0x337f3d]
V  [jvm.dll+0x36f6a5]
V  [jvm.dll+0x86f048]
V  [jvm.dll+0x870394]
V  [jvm.dll+0x8708d0]
V  [jvm.dll+0x870b63]
V  [jvm.dll+0x80fd28]
V  [jvm.dll+0x6d60fd]
C  [ucrtbase.dll+0x2cd30]
C  [KERNEL32.DLL+0x2e957]
C  [ntdll.dll+0x87c1c]

VM_Operation (0x000000bd858ff3d0): G1PauseRemark, mode: safepoint, requested by thread 0x000001e8b2168220


---------------  P R O C E S S  ---------------

Threads class SMR info:
_java_thread_list=0x000001e8eef72520, length=108, elements={
0x000001e8b20f6da0, 0x000001e8d0052ae0, 0x000001e8d0085600, 0x000001e8d0086060,
0x000001e8d007c2e0, 0x000001e8d00afac0, 0x000001e8d00b0520, 0x000001e8d00b0f80,
0x000001e8d00b39a0, 0x000001e8d00b6450, 0x000001e8d03a0ef0, 0x000001e8d240c2a0,
0x000001e8d115ded0, 0x000001e8d1d673b0, 0x000001e8d26e6190, 0x000001e8d2779dc0,
0x000001e8d2952de0, 0x000001e8d293eb20, 0x000001e8d293de00, 0x000001e8d293e490,
0x000001e8d293d770, 0x000001e8d2aea9e0, 0x000001e8d2ae9cc0, 0x000001e8d2aea350,
0x000001e8d2aecab0, 0x000001e8d2aeb700, 0x000001e8d2aee4f0, 0x000001e8d2aec420,
0x000001e8d2aed140, 0x000001e8d2aef210, 0x000001e8d2aed7d0, 0x000001e8d2aede60,
0x000001e8d2aeeb80, 0x000001e8d2aebd90, 0x000001e8d2aef8a0, 0x000001e8d2aeff30,
0x000001e8d2af05c0, 0x000001e8d3bb64c0, 0x000001e8d3bb9fd0, 0x000001e8d3bb6b50,
0x000001e8d3bba660, 0x000001e8d3bb92b0, 0x000001e8d3bb7870, 0x000001e8d3bb7f00,
0x000001e8d3bb9940, 0x000001e8d3bbacf0, 0x000001e8d3bb8590, 0x000001e8d3bbb380,
0x000001e8d3bbba10, 0x000001e8d3bbc0a0, 0x000001e8d3bb8c20, 0x000001e8d3bbc730,
0x000001e8d3bbcdc0, 0x000001e8d3bbdae0, 0x000001e8d3bbd450, 0x000001e8d1f7d340,
0x000001e8d1f7bf90, 0x000001e8d1f7e060, 0x000001e8d1f7ed80, 0x000001e8d1f7d9d0,
0x000001e8d1f7b900, 0x000001e8d1f7e6f0, 0x000001e8d1f7f410, 0x000001e8d1f7faa0,
0x000001e8d1f7c620, 0x000001e8d1f80130, 0x000001e8d1f7ccb0, 0x000001e8d1f807c0,
0x000001e8d1f80e50, 0x000001e8d1f82200, 0x000001e8d1f81b70, 0x000001e8d1f82890,
0x000001e8d1f82f20, 0x000001e8d548d5c0, 0x000001e8d548c8a0, 0x000001e8d548b4f0,
0x000001e8d548cf30, 0x000001e8d548c210, 0x000001e8d548e2e0, 0x000001e8d548ae60,
0x000001e8d548f000, 0x000001e8d54910d0, 0x000001e8d5491df0, 0x000001e8d548e970,
0x000001e8d548f690, 0x000001e8d548fd20, 0x000001e8d5491760, 0x000001e8d54903b0,
0x000001e8d5490a40, 0x000001e8d526c570, 0x000001e8d526cc00, 0x000001e8d526d290,
0x000001e8d526ab30, 0x000001e8d526d920, 0x000001e8d526a4a0, 0x000001e8d526b850,
0x000001e8d526dfb0, 0x000001e8d526e640, 0x000001e8d526b1c0, 0x000001e8d526ecd0,
0x000001e8d526f360, 0x000001e8d526bee0, 0x000001e8d5271ac0, 0x000001e8d5270710,
0x000001e8d5271430, 0x000001e8d526f9f0, 0x000001e8ef905ea0, 0x000001e8ef906bc0
}

Java Threads: ( => current thread )
  0x000001e8b20f6da0 JavaThread "main"                              [_thread_blocked, id=4012, stack(0x000000bd85600000,0x000000bd85700000) (1024K)]
  0x000001e8d0052ae0 JavaThread "Common-Cleaner"             daemon [_thread_blocked, id=18116, stack(0x000000bd85e00000,0x000000bd85f00000) (1024K)]
  0x000001e8d0085600 JavaThread "Reference Handler"          daemon [_thread_blocked, id=12988, stack(0x000000bd85f00000,0x000000bd86000000) (1024K)]
  0x000001e8d0086060 JavaThread "Finalizer"                  daemon [_thread_blocked, id=15904, stack(0x000000bd86000000,0x000000bd86100000) (1024K)]
  0x000001e8d007c2e0 JavaThread "Signal Dispatcher"          daemon [_thread_blocked, id=20864, stack(0x000000bd86100000,0x000000bd86200000) (1024K)]
  0x000001e8d00afac0 JavaThread "Attach Listener"            daemon [_thread_blocked, id=21876, stack(0x000000bd86200000,0x000000bd86300000) (1024K)]
  0x000001e8d00b0520 JavaThread "Service Thread"             daemon [_thread_blocked, id=24600, stack(0x000000bd86300000,0x000000bd86400000) (1024K)]
  0x000001e8d00b0f80 JavaThread "Monitor Deflation Thread"   daemon [_thread_blocked, id=22812, stack(0x000000bd86400000,0x000000bd86500000) (1024K)]
  0x000001e8d00b39a0 JavaThread "C2 CompilerThread0"         daemon [_thread_blocked, id=10444, stack(0x000000bd86500000,0x000000bd86600000) (1024K)]
  0x000001e8d00b6450 JavaThread "C1 CompilerThread0"         daemon [_thread_blocked, id=21236, stack(0x000000bd86600000,0x000000bd86700000) (1024K)]
  0x000001e8d03a0ef0 JavaThread "Notification Thread"        daemon [_thread_blocked, id=22944, stack(0x000000bd86700000,0x000000bd86800000) (1024K)]
  0x000001e8d240c2a0 JavaThread "Daemon health stats"               [_thread_blocked, id=15472, stack(0x000000bd86d00000,0x000000bd86e00000) (1024K)]
  0x000001e8d115ded0 JavaThread "Incoming local TCP Connector on port 60963"        [_thread_in_native, id=26492, stack(0x000000bd87200000,0x000000bd87300000) (1024K)]
  0x000001e8d1d673b0 JavaThread "Daemon periodic checks"            [_thread_blocked, id=6360, stack(0x000000bd87300000,0x000000bd87400000) (1024K)]
  0x000001e8d26e6190 JavaThread "Daemon"                            [_thread_blocked, id=5044, stack(0x000000bd87400000,0x000000bd87500000) (1024K)]
  0x000001e8d2779dc0 JavaThread "Handler for socket connection from /127.0.0.1:60963 to /127.0.0.1:60964"        [_thread_in_native, id=21688, stack(0x000000bd87500000,0x000000bd87600000) (1024K)]
  0x000001e8d2952de0 JavaThread "Cancel handler"                    [_thread_blocked, id=13424, stack(0x000000bd87900000,0x000000bd87a00000) (1024K)]
  0x000001e8d293eb20 JavaThread "Daemon worker"                     [_thread_blocked, id=16912, stack(0x000000bd87a00000,0x000000bd87b00000) (1024K)]
  0x000001e8d293de00 JavaThread "Asynchronous log dispatcher for DefaultDaemonConnection: socket connection from /127.0.0.1:60963 to /127.0.0.1:60964"        [_thread_blocked, id=10700, stack(0x000000bd87b00000,0x000000bd87c00000) (1024K)]
  0x000001e8d293e490 JavaThread "Stdin handler"                     [_thread_blocked, id=27400, stack(0x000000bd87c00000,0x000000bd87d00000) (1024K)]
  0x000001e8d293d770 JavaThread "Daemon client event forwarder"        [_thread_blocked, id=25216, stack(0x000000bd87d00000,0x000000bd87e00000) (1024K)]
  0x000001e8d2aea9e0 JavaThread "Cache worker for journal cache (C:\Users\Kabo\.gradle\caches\journal-1)"        [_thread_blocked, id=25624, stack(0x000000bd87e00000,0x000000bd87f00000) (1024K)]
  0x000001e8d2ae9cc0 JavaThread "File lock request listener"        [_thread_in_native, id=5164, stack(0x000000bd87f00000,0x000000bd88000000) (1024K)]
  0x000001e8d2aea350 JavaThread "Cache worker for file hash cache (C:\Users\Kabo\.gradle\caches\9.3.1\fileHashes)"        [_thread_blocked, id=20200, stack(0x000000bd88000000,0x000000bd88100000) (1024K)]
  0x000001e8d2aecab0 JavaThread "Cache worker for file hash cache (D:\Depi\android_projects\24_Makany\.gradle\9.3.1\fileHashes)"        [_thread_blocked, id=5172, stack(0x000000bd88100000,0x000000bd88200000) (1024K)]
  0x000001e8d2aeb700 JavaThread "Cache worker for Build Output Cleanup Cache (D:\Depi\android_projects\24_Makany\.gradle\buildOutputCleanup)"        [_thread_blocked, id=25704, stack(0x000000bd88200000,0x000000bd88300000) (1024K)]
  0x000001e8d2aee4f0 JavaThread "File watcher server"        daemon [_thread_in_native, id=27108, stack(0x000000bd88300000,0x000000bd88400000) (1024K)]
  0x000001e8d2aec420 JavaThread "File watcher consumer"      daemon [_thread_blocked, id=2500, stack(0x000000bd88400000,0x000000bd88500000) (1024K)]
  0x000001e8d2aed140 JavaThread "jar transforms"                    [_thread_blocked, id=17688, stack(0x000000bd88500000,0x000000bd88600000) (1024K)]
  0x000001e8d2aef210 JavaThread "jar transforms Thread 2"           [_thread_blocked, id=16544, stack(0x000000bd88600000,0x000000bd88700000) (1024K)]
  0x000001e8d2aed7d0 JavaThread "jar transforms Thread 3"           [_thread_blocked, id=9596, stack(0x000000bd88700000,0x000000bd88800000) (1024K)]
  0x000001e8d2aede60 JavaThread "jar transforms Thread 4"           [_thread_blocked, id=27536, stack(0x000000bd88800000,0x000000bd88900000) (1024K)]
  0x000001e8d2aeeb80 JavaThread "jar transforms Thread 5"           [_thread_blocked, id=18216, stack(0x000000bd88900000,0x000000bd88a00000) (1024K)]
  0x000001e8d2aebd90 JavaThread "jar transforms Thread 6"           [_thread_blocked, id=7084, stack(0x000000bd88a00000,0x000000bd88b00000) (1024K)]
  0x000001e8d2aef8a0 JavaThread "jar transforms Thread 7"           [_thread_blocked, id=7196, stack(0x000000bd88b00000,0x000000bd88c00000) (1024K)]
  0x000001e8d2aeff30 JavaThread "jar transforms Thread 8"           [_thread_blocked, id=20432, stack(0x000000bd88c00000,0x000000bd88d00000) (1024K)]
  0x000001e8d2af05c0 JavaThread "jar transforms Thread 9"           [_thread_blocked, id=20800, stack(0x000000bd88d00000,0x000000bd88e00000) (1024K)]
  0x000001e8d3bb64c0 JavaThread "jar transforms Thread 10"          [_thread_blocked, id=21872, stack(0x000000bd88e00000,0x000000bd88f00000) (1024K)]
  0x000001e8d3bb9fd0 JavaThread "jar transforms Thread 11"          [_thread_blocked, id=2016, stack(0x000000bd88f00000,0x000000bd89000000) (1024K)]
  0x000001e8d3bb6b50 JavaThread "jar transforms Thread 12"          [_thread_blocked, id=14588, stack(0x000000bd89000000,0x000000bd89100000) (1024K)]
  0x000001e8d3bba660 JavaThread "Cache worker for checksums cache (D:\Depi\android_projects\24_Makany\.gradle\9.3.1\checksums)"        [_thread_blocked, id=25832, stack(0x000000bd89100000,0x000000bd89200000) (1024K)]
  0x000001e8d3bb92b0 JavaThread "Cache worker for file content cache (C:\Users\Kabo\.gradle\caches\9.3.1\fileContent)"        [_thread_blocked, id=10096, stack(0x000000bd89200000,0x000000bd89300000) (1024K)]
  0x000001e8d3bb7870 JavaThread "Cache worker for cache directory md-supplier (C:\Users\Kabo\.gradle\caches\9.3.1\md-supplier)"        [_thread_blocked, id=3508, stack(0x000000bd89300000,0x000000bd89400000) (1024K)]
  0x000001e8d3bb7f00 JavaThread "Cache worker for cache directory md-rule (C:\Users\Kabo\.gradle\caches\9.3.1\md-rule)"        [_thread_blocked, id=7016, stack(0x000000bd89400000,0x000000bd89500000) (1024K)]
  0x000001e8d3bb9940 JavaThread "Unconstrained build operations"        [_thread_blocked, id=4068, stack(0x000000bd89500000,0x000000bd89600000) (1024K)]
  0x000001e8d3bbacf0 JavaThread "Unconstrained build operations Thread 2"        [_thread_blocked, id=3332, stack(0x000000bd89600000,0x000000bd89700000) (1024K)]
  0x000001e8d3bb8590 JavaThread "Unconstrained build operations Thread 3"        [_thread_blocked, id=19496, stack(0x000000bd89700000,0x000000bd89800000) (1024K)]
  0x000001e8d3bbb380 JavaThread "Unconstrained build operations Thread 4"        [_thread_blocked, id=17708, stack(0x000000bd89800000,0x000000bd89900000) (1024K)]
  0x000001e8d3bbba10 JavaThread "Unconstrained build operations Thread 5"        [_thread_blocked, id=10568, stack(0x000000bd89900000,0x000000bd89a00000) (1024K)]
  0x000001e8d3bbc0a0 JavaThread "Unconstrained build operations Thread 6"        [_thread_blocked, id=16352, stack(0x000000bd89a00000,0x000000bd89b00000) (1024K)]
  0x000001e8d3bb8c20 JavaThread "Unconstrained build operations Thread 7"        [_thread_blocked, id=12028, stack(0x000000bd89b00000,0x000000bd89c00000) (1024K)]
  0x000001e8d3bbc730 JavaThread "Unconstrained build operations Thread 8"        [_thread_blocked, id=17980, stack(0x000000bd89c00000,0x000000bd89d00000) (1024K)]
  0x000001e8d3bbcdc0 JavaThread "Unconstrained build operations Thread 9"        [_thread_blocked, id=25732, stack(0x000000bd89d00000,0x000000bd89e00000) (1024K)]
  0x000001e8d3bbdae0 JavaThread "Unconstrained build operations Thread 10"        [_thread_blocked, id=25608, stack(0x000000bd89e00000,0x000000bd89f00000) (1024K)]
  0x000001e8d3bbd450 JavaThread "Unconstrained build operations Thread 11"        [_thread_blocked, id=24872, stack(0x000000bd89f00000,0x000000bd8a000000) (1024K)]
  0x000001e8d1f7d340 JavaThread "Unconstrained build operations Thread 12"        [_thread_blocked, id=20516, stack(0x000000bd8a000000,0x000000bd8a100000) (1024K)]
  0x000001e8d1f7bf90 JavaThread "Unconstrained build operations Thread 13"        [_thread_blocked, id=4188, stack(0x000000bd8a100000,0x000000bd8a200000) (1024K)]
  0x000001e8d1f7e060 JavaThread "Unconstrained build operations Thread 14"        [_thread_blocked, id=20424, stack(0x000000bd8a200000,0x000000bd8a300000) (1024K)]
  0x000001e8d1f7ed80 JavaThread "Unconstrained build operations Thread 15"        [_thread_blocked, id=20780, stack(0x000000bd8a300000,0x000000bd8a400000) (1024K)]
  0x000001e8d1f7d9d0 JavaThread "Unconstrained build operations Thread 16"        [_thread_blocked, id=17284, stack(0x000000bd8a400000,0x000000bd8a500000) (1024K)]
  0x000001e8d1f7b900 JavaThread "Unconstrained build operations Thread 17"        [_thread_blocked, id=10784, stack(0x000000bd8a500000,0x000000bd8a600000) (1024K)]
  0x000001e8d1f7e6f0 JavaThread "Unconstrained build operations Thread 18"        [_thread_blocked, id=25456, stack(0x000000bd8a600000,0x000000bd8a700000) (1024K)]
  0x000001e8d1f7f410 JavaThread "Unconstrained build operations Thread 19"        [_thread_blocked, id=10400, stack(0x000000bd8a700000,0x000000bd8a800000) (1024K)]
  0x000001e8d1f7faa0 JavaThread "Unconstrained build operations Thread 20"        [_thread_blocked, id=23056, stack(0x000000bd8a800000,0x000000bd8a900000) (1024K)]
  0x000001e8d1f7c620 JavaThread "Unconstrained build operations Thread 21"        [_thread_blocked, id=7124, stack(0x000000bd8a900000,0x000000bd8aa00000) (1024K)]
  0x000001e8d1f80130 JavaThread "Unconstrained build operations Thread 22"        [_thread_blocked, id=27152, stack(0x000000bd8aa00000,0x000000bd8ab00000) (1024K)]
  0x000001e8d1f7ccb0 JavaThread "Unconstrained build operations Thread 23"        [_thread_blocked, id=13724, stack(0x000000bd8ab00000,0x000000bd8ac00000) (1024K)]
  0x000001e8d1f807c0 JavaThread "Unconstrained build operations Thread 24"        [_thread_blocked, id=16148, stack(0x000000bd8ac00000,0x000000bd8ad00000) (1024K)]
  0x000001e8d1f80e50 JavaThread "Unconstrained build operations Thread 25"        [_thread_blocked, id=16056, stack(0x000000bd8ad00000,0x000000bd8ae00000) (1024K)]
  0x000001e8d1f82200 JavaThread "Unconstrained build operations Thread 26"        [_thread_blocked, id=23808, stack(0x000000bd8ae00000,0x000000bd8af00000) (1024K)]
  0x000001e8d1f81b70 JavaThread "Unconstrained build operations Thread 27"        [_thread_blocked, id=26024, stack(0x000000bd8af00000,0x000000bd8b000000) (1024K)]
  0x000001e8d1f82890 JavaThread "Unconstrained build operations Thread 28"        [_thread_blocked, id=22460, stack(0x000000bd8b000000,0x000000bd8b100000) (1024K)]
  0x000001e8d1f82f20 JavaThread "Unconstrained build operations Thread 29"        [_thread_blocked, id=12232, stack(0x000000bd8b100000,0x000000bd8b200000) (1024K)]
  0x000001e8d548d5c0 JavaThread "Unconstrained build operations Thread 30"        [_thread_blocked, id=19860, stack(0x000000bd8b200000,0x000000bd8b300000) (1024K)]
  0x000001e8d548c8a0 JavaThread "Unconstrained build operations Thread 31"        [_thread_blocked, id=4800, stack(0x000000bd8b300000,0x000000bd8b400000) (1024K)]
  0x000001e8d548b4f0 JavaThread "Unconstrained build operations Thread 32"        [_thread_blocked, id=11172, stack(0x000000bd8b400000,0x000000bd8b500000) (1024K)]
  0x000001e8d548cf30 JavaThread "Unconstrained build operations Thread 33"        [_thread_blocked, id=26828, stack(0x000000bd8b500000,0x000000bd8b600000) (1024K)]
  0x000001e8d548c210 JavaThread "Unconstrained build operations Thread 34"        [_thread_blocked, id=21460, stack(0x000000bd8b600000,0x000000bd8b700000) (1024K)]
  0x000001e8d548e2e0 JavaThread "Unconstrained build operations Thread 35"        [_thread_blocked, id=15876, stack(0x000000bd8b700000,0x000000bd8b800000) (1024K)]
  0x000001e8d548ae60 JavaThread "Unconstrained build operations Thread 36"        [_thread_blocked, id=15492, stack(0x000000bd8b800000,0x000000bd8b900000) (1024K)]
  0x000001e8d548f000 JavaThread "Unconstrained build operations Thread 37"        [_thread_blocked, id=9800, stack(0x000000bd8b900000,0x000000bd8ba00000) (1024K)]
  0x000001e8d54910d0 JavaThread "Unconstrained build operations Thread 38"        [_thread_blocked, id=9504, stack(0x000000bd8ba00000,0x000000bd8bb00000) (1024K)]
  0x000001e8d5491df0 JavaThread "Unconstrained build operations Thread 39"        [_thread_blocked, id=10152, stack(0x000000bd8bb00000,0x000000bd8bc00000) (1024K)]
  0x000001e8d548e970 JavaThread "Unconstrained build operations Thread 40"        [_thread_blocked, id=26248, stack(0x000000bd8bc00000,0x000000bd8bd00000) (1024K)]
  0x000001e8d548f690 JavaThread "Unconstrained build operations Thread 41"        [_thread_blocked, id=17576, stack(0x000000bd8bd00000,0x000000bd8be00000) (1024K)]
  0x000001e8d548fd20 JavaThread "Unconstrained build operations Thread 42"        [_thread_blocked, id=16604, stack(0x000000bd8be00000,0x000000bd8bf00000) (1024K)]
  0x000001e8d5491760 JavaThread "Unconstrained build operations Thread 43"        [_thread_blocked, id=12540, stack(0x000000bd8bf00000,0x000000bd8c000000) (1024K)]
  0x000001e8d54903b0 JavaThread "Unconstrained build operations Thread 44"        [_thread_blocked, id=20112, stack(0x000000bd8c000000,0x000000bd8c100000) (1024K)]
  0x000001e8d5490a40 JavaThread "Unconstrained build operations Thread 45"        [_thread_blocked, id=25068, stack(0x000000bd8c100000,0x000000bd8c200000) (1024K)]
  0x000001e8d526c570 JavaThread "Unconstrained build operations Thread 46"        [_thread_blocked, id=9708, stack(0x000000bd8c200000,0x000000bd8c300000) (1024K)]
  0x000001e8d526cc00 JavaThread "Unconstrained build operations Thread 47"        [_thread_blocked, id=12216, stack(0x000000bd8c300000,0x000000bd8c400000) (1024K)]
  0x000001e8d526d290 JavaThread "Unconstrained build operations Thread 48"        [_thread_blocked, id=13600, stack(0x000000bd8c400000,0x000000bd8c500000) (1024K)]
  0x000001e8d526ab30 JavaThread "Unconstrained build operations Thread 49"        [_thread_blocked, id=25480, stack(0x000000bd8c500000,0x000000bd8c600000) (1024K)]
  0x000001e8d526d920 JavaThread "Unconstrained build operations Thread 50"        [_thread_blocked, id=16440, stack(0x000000bd8c600000,0x000000bd8c700000) (1024K)]
  0x000001e8d526a4a0 JavaThread "Unconstrained build operations Thread 51"        [_thread_blocked, id=8940, stack(0x000000bd8c700000,0x000000bd8c800000) (1024K)]
  0x000001e8d526b850 JavaThread "Unconstrained build operations Thread 52"        [_thread_blocked, id=15352, stack(0x000000bd8c800000,0x000000bd8c900000) (1024K)]
  0x000001e8d526dfb0 JavaThread "Unconstrained build operations Thread 53"        [_thread_blocked, id=25880, stack(0x000000bd8c900000,0x000000bd8ca00000) (1024K)]
  0x000001e8d526e640 JavaThread "Unconstrained build operations Thread 54"        [_thread_blocked, id=22920, stack(0x000000bd8ca00000,0x000000bd8cb00000) (1024K)]
  0x000001e8d526b1c0 JavaThread "Unconstrained build operations Thread 55"        [_thread_blocked, id=10092, stack(0x000000bd8cb00000,0x000000bd8cc00000) (1024K)]
  0x000001e8d526ecd0 JavaThread "Unconstrained build operations Thread 56"        [_thread_blocked, id=1636, stack(0x000000bd8cc00000,0x000000bd8cd00000) (1024K)]
  0x000001e8d526f360 JavaThread "Unconstrained build operations Thread 57"        [_thread_blocked, id=23564, stack(0x000000bd8cd00000,0x000000bd8ce00000) (1024K)]
  0x000001e8d526bee0 JavaThread "Unconstrained build operations Thread 58"        [_thread_blocked, id=17396, stack(0x000000bd8ce00000,0x000000bd8cf00000) (1024K)]
  0x000001e8d5271ac0 JavaThread "Unconstrained build operations Thread 59"        [_thread_blocked, id=18956, stack(0x000000bd8cf00000,0x000000bd8d000000) (1024K)]
  0x000001e8d5270710 JavaThread "Unconstrained build operations Thread 60"        [_thread_blocked, id=21976, stack(0x000000bd8d000000,0x000000bd8d100000) (1024K)]
  0x000001e8d5271430 JavaThread "Unconstrained build operations Thread 61"        [_thread_blocked, id=24648, stack(0x000000bd8d100000,0x000000bd8d200000) (1024K)]
  0x000001e8d526f9f0 JavaThread "Unconstrained build operations Thread 62"        [_thread_blocked, id=26796, stack(0x000000bd8d200000,0x000000bd8d300000) (1024K)]
  0x000001e8ef905ea0 JavaThread "Memory manager"                    [_thread_blocked, id=4224, stack(0x000000bd8d300000,0x000000bd8d400000) (1024K)]
  0x000001e8ef906bc0 JavaThread "Kotlin DSL Writer"                 [_thread_blocked, id=9508, stack(0x000000bd8d400000,0x000000bd8d500000) (1024K)]
Total: 108

Other Threads:
=>0x000001e8d0022040 VMThread "VM Thread"                           [id=19240, stack(0x000000bd85d00000,0x000000bd85e00000) (1024K)]
  0x000001e8cba7dcb0 WatcherThread "VM Periodic Task Thread"        [id=12912, stack(0x000000bd85c00000,0x000000bd85d00000) (1024K)]
  0x000001e8b2157320 WorkerThread "GC Thread#0"                     [id=25684, stack(0x000000bd85700000,0x000000bd85800000) (1024K)]
  0x000001e8d062ab20 WorkerThread "GC Thread#1"                     [id=13316, stack(0x000000bd86900000,0x000000bd86a00000) (1024K)]
  0x000001e8d083e590 WorkerThread "GC Thread#2"                     [id=25656, stack(0x000000bd86a00000,0x000000bd86b00000) (1024K)]
  0x000001e8d1222040 WorkerThread "GC Thread#3"                     [id=26328, stack(0x000000bd86b00000,0x000000bd86c00000) (1024K)]
  0x000001e8d06b5760 WorkerThread "GC Thread#4"                     [id=23752, stack(0x000000bd86c00000,0x000000bd86d00000) (1024K)]
  0x000001e8d19b8080 WorkerThread "GC Thread#5"                     [id=10776, stack(0x000000bd86e00000,0x000000bd86f00000) (1024K)]
  0x000001e8d19b8430 WorkerThread "GC Thread#6"                     [id=25964, stack(0x000000bd86f00000,0x000000bd87000000) (1024K)]
  0x000001e8d25c8800 WorkerThread "GC Thread#7"                     [id=15748, stack(0x000000bd87000000,0x000000bd87100000) (1024K)]
  0x000001e8d1e9e010 WorkerThread "GC Thread#8"                     [id=19296, stack(0x000000bd87100000,0x000000bd87200000) (1024K)]
  0x000001e8d1e9dc60 WorkerThread "GC Thread#9"                     [id=10460, stack(0x000000bd87600000,0x000000bd87700000) (1024K)]
  0x000001e8b2168220 ConcurrentGCThread "G1 Main Marker"            [id=11812, stack(0x000000bd85800000,0x000000bd85900000) (1024K)]
  0x000001e8b216a930 WorkerThread "G1 Conc#0"                       [id=10016, stack(0x000000bd85900000,0x000000bd85a00000) (1024K)]
  0x000001e8d1e9e3c0 WorkerThread "G1 Conc#1"                       [id=7764, stack(0x000000bd87700000,0x000000bd87800000) (1024K)]
  0x000001e8d1e9eb20 WorkerThread "G1 Conc#2"                       [id=17744, stack(0x000000bd87800000,0x000000bd87900000) (1024K)]
  0x000001e8cb9511f0 ConcurrentGCThread "G1 Refine#0"               [id=6576, stack(0x000000bd85a00000,0x000000bd85b00000) (1024K)]
  0x000001e8cb951a20 ConcurrentGCThread "G1 Service"                [id=25260, stack(0x000000bd85b00000,0x000000bd85c00000) (1024K)]
Total: 18

Threads with active compile tasks:
Total: 0

VM state: at safepoint (normal execution)

VM Mutex/Monitor currently owned by a thread:  ([mutex/lock_event])
[0x00007ffc423586d0] Threads_lock - owner thread: 0x000001e8d0022040
[0x00007ffc423587d0] Heap_lock - owner thread: 0x000001e8b2168220

Heap address: 0x0000000080000000, size: 2048 MB, Compressed Oops mode: 32-bit

CDS archive(s) not mapped
Compressed class space mapped at: 0x0000000100000000-0x0000000140000000, reserved size: 1073741824
Narrow klass base: 0x0000000000000000, Narrow klass shift: 3, Narrow klass range: 0x140000000

GC Precious Log:
 CardTable entry size: 512
 Card Set container configuration: InlinePtr #cards 5 size 8 Array Of Cards #cards 12 size 40 Howl #buckets 4 coarsen threshold 1843 Howl Bitmap #cards 512 size 80 coarsen threshold 460 Card regions per heap region 1 cards per card region 2048
 CPUs: 12 total, 12 available
 Memory: 7501M
 Large Page Support: Disabled
 NUMA Support: Disabled
 Compressed Oops: Enabled (32-bit)
 Heap Region Size: 1M
 Heap Min Capacity: 8M
 Heap Initial Capacity: 118M
 Heap Max Capacity: 2G
 Pre-touch: Disabled
 Parallel Workers: 10
 Concurrent Workers: 3
 Concurrent Refinement Workers: 10
 Periodic GC: Disabled

Heap:
 garbage-first heap   total 306176K, used 221771K [0x0000000080000000, 0x0000000100000000)
  region size 1024K, 11 young (11264K), 5 survivors (5120K)
 Metaspace       used 164409K, committed 166656K, reserved 1245184K
  class space    used 21445K, committed 22528K, reserved 1048576K

Heap Regions: E=young(eden), S=young(survivor), O=old, HS=humongous(starts), HC=humongous(continues), CS=collection set, F=free, TAMS=top-at-mark-start, PB=parsable bottom
|   0|0x0000000080000000, 0x0000000080100000, 0x0000000080100000|100%|HS|  |TAMS 0x0000000080100000| PB 0x0000000080000000| Complete 
|   1|0x0000000080100000, 0x0000000080200000, 0x0000000080200000|100%|HC|  |TAMS 0x0000000080200000| PB 0x0000000080100000| Complete 
|   2|0x0000000080200000, 0x0000000080300000, 0x0000000080300000|100%|HC|  |TAMS 0x0000000080300000| PB 0x0000000080200000| Complete 
|   3|0x0000000080300000, 0x0000000080400000, 0x0000000080400000|100%|HC|  |TAMS 0x0000000080400000| PB 0x0000000080300000| Complete 
|   4|0x0000000080400000, 0x0000000080500000, 0x0000000080500000|100%| O|  |TAMS 0x0000000080500000| PB 0x0000000080500000| Untracked 
|   5|0x0000000080500000, 0x0000000080600000, 0x0000000080600000|100%| O|  |TAMS 0x0000000080600000| PB 0x0000000080600000| Untracked 
|   6|0x0000000080600000, 0x0000000080700000, 0x0000000080700000|100%| O|  |TAMS 0x0000000080700000| PB 0x0000000080700000| Untracked 
|   7|0x0000000080700000, 0x0000000080800000, 0x0000000080800000|100%|HS|  |TAMS 0x0000000080800000| PB 0x0000000080700000| Complete 
|   8|0x0000000080800000, 0x0000000080900000, 0x0000000080900000|100%| O|  |TAMS 0x0000000080900000| PB 0x0000000080900000| Untracked 
|   9|0x0000000080900000, 0x0000000080a00000, 0x0000000080a00000|100%| O|  |TAMS 0x0000000080a00000| PB 0x0000000080a00000| Untracked 
|  10|0x0000000080a00000, 0x0000000080b00000, 0x0000000080b00000|100%| O|  |TAMS 0x0000000080b00000| PB 0x0000000080b00000| Untracked 
|  11|0x0000000080b00000, 0x0000000080c00000, 0x0000000080c00000|100%| O|  |TAMS 0x0000000080c00000| PB 0x0000000080c00000| Untracked 
|  12|0x0000000080c00000, 0x0000000080d00000, 0x0000000080d00000|100%| O|  |TAMS 0x0000000080d00000| PB 0x0000000080d00000| Untracked 
|  13|0x0000000080d00000, 0x0000000080e00000, 0x0000000080e00000|100%| O|  |TAMS 0x0000000080e00000| PB 0x0000000080e00000| Untracked 
|  14|0x0000000080e00000, 0x0000000080f00000, 0x0000000080f00000|100%| O|  |TAMS 0x0000000080f00000| PB 0x0000000080f00000| Updating 
|  15|0x0000000080f00000, 0x0000000081000000, 0x0000000081000000|100%| O|  |TAMS 0x0000000081000000| PB 0x0000000081000000| Untracked 
|  16|0x0000000081000000, 0x0000000081100000, 0x0000000081100000|100%| O|  |TAMS 0x0000000081100000| PB 0x0000000081100000| Untracked 
|  17|0x0000000081100000, 0x0000000081200000, 0x0000000081200000|100%| O|  |TAMS 0x0000000081200000| PB 0x0000000081200000| Untracked 
|  18|0x0000000081200000, 0x0000000081300000, 0x0000000081300000|100%| O|  |TAMS 0x0000000081300000| PB 0x0000000081300000| Untracked 
|  19|0x0000000081300000, 0x0000000081400000, 0x0000000081400000|100%| O|  |TAMS 0x0000000081400000| PB 0x0000000081400000| Untracked 
|  20|0x0000000081400000, 0x0000000081500000, 0x0000000081500000|100%| O|  |TAMS 0x0000000081500000| PB 0x0000000081500000| Untracked 
|  21|0x0000000081500000, 0x0000000081600000, 0x0000000081600000|100%| O|  |TAMS 0x0000000081600000| PB 0x0000000081600000| Untracked 
|  22|0x0000000081600000, 0x0000000081700000, 0x0000000081700000|100%| O|  |TAMS 0x0000000081700000| PB 0x0000000081700000| Updating 
|  23|0x0000000081700000, 0x0000000081800000, 0x0000000081800000|100%| O|  |TAMS 0x0000000081800000| PB 0x0000000081800000| Updating 
|  24|0x0000000081800000, 0x0000000081900000, 0x0000000081900000|100%|HS|  |TAMS 0x0000000081900000| PB 0x0000000081800000| Complete 
|  25|0x0000000081900000, 0x0000000081a00000, 0x0000000081a00000|100%|HC|  |TAMS 0x0000000081a00000| PB 0x0000000081900000| Complete 
|  26|0x0000000081a00000, 0x0000000081b00000, 0x0000000081b00000|100%|HC|  |TAMS 0x0000000081b00000| PB 0x0000000081a00000| Complete 
|  27|0x0000000081b00000, 0x0000000081c00000, 0x0000000081c00000|100%|HC|  |TAMS 0x0000000081c00000| PB 0x0000000081b00000| Complete 
|  28|0x0000000081c00000, 0x0000000081d00000, 0x0000000081d00000|100%|HC|  |TAMS 0x0000000081d00000| PB 0x0000000081c00000| Complete 
|  29|0x0000000081d00000, 0x0000000081e00000, 0x0000000081e00000|100%|HC|  |TAMS 0x0000000081e00000| PB 0x0000000081d00000| Complete 
|  30|0x0000000081e00000, 0x0000000081f00000, 0x0000000081f00000|100%|HS|  |TAMS 0x0000000081f00000| PB 0x0000000081e00000| Complete 
|  31|0x0000000081f00000, 0x0000000082000000, 0x0000000082000000|100%|HC|  |TAMS 0x0000000082000000| PB 0x0000000081f00000| Complete 
|  32|0x0000000082000000, 0x0000000082100000, 0x0000000082100000|100%|HS|  |TAMS 0x0000000082100000| PB 0x0000000082000000| Complete 
|  33|0x0000000082100000, 0x0000000082200000, 0x0000000082200000|100%|HS|  |TAMS 0x0000000082200000| PB 0x0000000082100000| Complete 
|  34|0x0000000082200000, 0x0000000082300000, 0x0000000082300000|100%|HC|  |TAMS 0x0000000082300000| PB 0x0000000082200000| Complete 
|  35|0x0000000082300000, 0x0000000082400000, 0x0000000082400000|100%|HC|  |TAMS 0x0000000082400000| PB 0x0000000082300000| Complete 
|  36|0x0000000082400000, 0x0000000082500000, 0x0000000082500000|100%|HC|  |TAMS 0x0000000082500000| PB 0x0000000082400000| Complete 
|  37|0x0000000082500000, 0x0000000082600000, 0x0000000082600000|100%|HC|  |TAMS 0x0000000082600000| PB 0x0000000082500000| Complete 
|  38|0x0000000082600000, 0x0000000082700000, 0x0000000082700000|100%|HC|  |TAMS 0x0000000082700000| PB 0x0000000082600000| Complete 
|  39|0x0000000082700000, 0x0000000082800000, 0x0000000082800000|100%|HS|  |TAMS 0x0000000082800000| PB 0x0000000082700000| Complete 
|  40|0x0000000082800000, 0x0000000082900000, 0x0000000082900000|100%| O|  |TAMS 0x0000000082900000| PB 0x0000000082900000| Updating 
|  41|0x0000000082900000, 0x0000000082a00000, 0x0000000082a00000|100%| O|  |TAMS 0x0000000082a00000| PB 0x0000000082a00000| Untracked 
|  42|0x0000000082a00000, 0x0000000082b00000, 0x0000000082b00000|100%| O|  |TAMS 0x0000000082b00000| PB 0x0000000082b00000| Untracked 
|  43|0x0000000082b00000, 0x0000000082c00000, 0x0000000082c00000|100%| O|  |TAMS 0x0000000082c00000| PB 0x0000000082c00000| Untracked 
|  44|0x0000000082c00000, 0x0000000082d00000, 0x0000000082d00000|100%| O|  |TAMS 0x0000000082d00000| PB 0x0000000082d00000| Untracked 
|  45|0x0000000082d00000, 0x0000000082e00000, 0x0000000082e00000|100%| O|  |TAMS 0x0000000082e00000| PB 0x0000000082e00000| Updating 
|  46|0x0000000082e00000, 0x0000000082f00000, 0x0000000082f00000|100%| O|  |TAMS 0x0000000082f00000| PB 0x0000000082f00000| Updating 
|  47|0x0000000082f00000, 0x0000000083000000, 0x0000000083000000|100%| O|  |TAMS 0x0000000083000000| PB 0x0000000083000000| Untracked 
|  48|0x0000000083000000, 0x0000000083100000, 0x0000000083100000|100%| O|  |TAMS 0x0000000083100000| PB 0x0000000083100000| Updating 
|  49|0x0000000083100000, 0x0000000083200000, 0x0000000083200000|100%| O|  |TAMS 0x0000000083200000| PB 0x0000000083200000| Updating 
|  50|0x0000000083200000, 0x0000000083300000, 0x0000000083300000|100%| O|  |TAMS 0x0000000083300000| PB 0x0000000083300000| Untracked 
|  51|0x0000000083300000, 0x0000000083400000, 0x0000000083400000|100%| O|  |TAMS 0x0000000083400000| PB 0x0000000083400000| Untracked 
|  52|0x0000000083400000, 0x0000000083500000, 0x0000000083500000|100%| O|  |TAMS 0x0000000083500000| PB 0x0000000083500000| Updating 
|  53|0x0000000083500000, 0x0000000083600000, 0x0000000083600000|100%|HS|  |TAMS 0x0000000083600000| PB 0x0000000083500000| Complete 
|  54|0x0000000083600000, 0x0000000083700000, 0x0000000083700000|100%|HC|  |TAMS 0x0000000083700000| PB 0x0000000083600000| Complete 
|  55|0x0000000083700000, 0x0000000083800000, 0x0000000083800000|100%| O|  |TAMS 0x0000000083800000| PB 0x0000000083800000| Untracked 
|  56|0x0000000083800000, 0x0000000083900000, 0x0000000083900000|100%| O|  |TAMS 0x0000000083900000| PB 0x0000000083900000| Untracked 
|  57|0x0000000083900000, 0x0000000083a00000, 0x0000000083a00000|100%| O|  |TAMS 0x0000000083a00000| PB 0x0000000083a00000| Untracked 
|  58|0x0000000083a00000, 0x0000000083b00000, 0x0000000083b00000|100%| O|  |TAMS 0x0000000083b00000| PB 0x0000000083b00000| Updating 
|  59|0x0000000083b00000, 0x0000000083c00000, 0x0000000083c00000|100%| O|  |TAMS 0x0000000083c00000| PB 0x0000000083c00000| Untracked 
|  60|0x0000000083c00000, 0x0000000083d00000, 0x0000000083d00000|100%| O|  |TAMS 0x0000000083d00000| PB 0x0000000083d00000| Untracked 
|  61|0x0000000083d00000, 0x0000000083e00000, 0x0000000083e00000|100%| O|  |TAMS 0x0000000083e00000| PB 0x0000000083e00000| Untracked 
|  62|0x0000000083e00000, 0x0000000083f00000, 0x0000000083f00000|100%| O|  |TAMS 0x0000000083f00000| PB 0x0000000083f00000| Updating 
|  63|0x0000000083f00000, 0x0000000084000000, 0x0000000084000000|100%| O|  |TAMS 0x0000000084000000| PB 0x0000000084000000| Untracked 
|  64|0x0000000084000000, 0x0000000084100000, 0x0000000084100000|100%| O|  |TAMS 0x0000000084100000| PB 0x0000000084100000| Untracked 
|  65|0x0000000084100000, 0x0000000084200000, 0x0000000084200000|100%| O|  |TAMS 0x0000000084200000| PB 0x0000000084200000| Updating 
|  66|0x0000000084200000, 0x0000000084300000, 0x0000000084300000|100%| O|  |TAMS 0x0000000084300000| PB 0x0000000084300000| Untracked 
|  67|0x0000000084300000, 0x0000000084400000, 0x0000000084400000|100%| O|  |TAMS 0x0000000084400000| PB 0x0000000084400000| Untracked 
|  68|0x0000000084400000, 0x0000000084500000, 0x0000000084500000|100%| O|  |TAMS 0x0000000084500000| PB 0x0000000084500000| Untracked 
|  69|0x0000000084500000, 0x0000000084600000, 0x0000000084600000|100%| O|  |TAMS 0x0000000084600000| PB 0x0000000084600000| Untracked 
|  70|0x0000000084600000, 0x0000000084700000, 0x0000000084700000|100%| O|  |TAMS 0x0000000084700000| PB 0x0000000084700000| Untracked 
|  71|0x0000000084700000, 0x0000000084800000, 0x0000000084800000|100%| O|  |TAMS 0x0000000084800000| PB 0x0000000084800000| Updating 
|  72|0x0000000084800000, 0x0000000084900000, 0x0000000084900000|100%| O|  |TAMS 0x0000000084900000| PB 0x0000000084900000| Untracked 
|  73|0x0000000084900000, 0x0000000084a00000, 0x0000000084a00000|100%| O|  |TAMS 0x0000000084a00000| PB 0x0000000084a00000| Untracked 
|  74|0x0000000084a00000, 0x0000000084b00000, 0x0000000084b00000|100%| O|  |TAMS 0x0000000084b00000| PB 0x0000000084b00000| Updating 
|  75|0x0000000084b00000, 0x0000000084c00000, 0x0000000084c00000|100%|HS|  |TAMS 0x0000000084c00000| PB 0x0000000084b00000| Complete 
|  76|0x0000000084c00000, 0x0000000084d00000, 0x0000000084d00000|100%|HC|  |TAMS 0x0000000084d00000| PB 0x0000000084c00000| Complete 
|  77|0x0000000084d00000, 0x0000000084e00000, 0x0000000084e00000|100%| O|  |TAMS 0x0000000084d00000| PB 0x0000000084d00000| Untracked 
|  78|0x0000000084e00000, 0x0000000084f00000, 0x0000000084f00000|100%| O|  |TAMS 0x0000000084f00000| PB 0x0000000084f00000| Untracked 
|  79|0x0000000084f00000, 0x0000000085000000, 0x0000000085000000|100%| O|  |TAMS 0x0000000085000000| PB 0x0000000085000000| Untracked 
|  80|0x0000000085000000, 0x0000000085100000, 0x0000000085100000|100%| O|  |TAMS 0x0000000085100000| PB 0x0000000085100000| Untracked 
|  81|0x0000000085100000, 0x0000000085200000, 0x0000000085200000|100%| O|  |TAMS 0x0000000085200000| PB 0x0000000085200000| Untracked 
|  82|0x0000000085200000, 0x0000000085300000, 0x0000000085300000|100%| O|  |TAMS 0x0000000085300000| PB 0x0000000085300000| Updating 
|  83|0x0000000085300000, 0x0000000085400000, 0x0000000085400000|100%| O|  |TAMS 0x0000000085400000| PB 0x0000000085400000| Untracked 
|  84|0x0000000085400000, 0x0000000085500000, 0x0000000085500000|100%| O|  |TAMS 0x0000000085400000| PB 0x0000000085400000| Untracked 
|  85|0x0000000085500000, 0x0000000085600000, 0x0000000085600000|100%| O|  |TAMS 0x0000000085600000| PB 0x0000000085600000| Untracked 
|  86|0x0000000085600000, 0x0000000085700000, 0x0000000085700000|100%| O|  |TAMS 0x0000000085700000| PB 0x0000000085700000| Untracked 
|  87|0x0000000085700000, 0x0000000085800000, 0x0000000085800000|100%| O|  |TAMS 0x0000000085800000| PB 0x0000000085800000| Untracked 
|  88|0x0000000085800000, 0x0000000085900000, 0x0000000085900000|100%| O|  |TAMS 0x0000000085900000| PB 0x0000000085900000| Updating 
|  89|0x0000000085900000, 0x0000000085a00000, 0x0000000085a00000|100%| O|  |TAMS 0x0000000085a00000| PB 0x0000000085a00000| Untracked 
|  90|0x0000000085a00000, 0x0000000085b00000, 0x0000000085b00000|100%| O|  |TAMS 0x0000000085b00000| PB 0x0000000085b00000| Updating 
|  91|0x0000000085b00000, 0x0000000085c00000, 0x0000000085c00000|100%| O|  |TAMS 0x0000000085c00000| PB 0x0000000085c00000| Untracked 
|  92|0x0000000085c00000, 0x0000000085d00000, 0x0000000085d00000|100%| O|  |TAMS 0x0000000085d00000| PB 0x0000000085d00000| Untracked 
|  93|0x0000000085d00000, 0x0000000085e00000, 0x0000000085e00000|100%| O|  |TAMS 0x0000000085e00000| PB 0x0000000085e00000| Untracked 
|  94|0x0000000085e00000, 0x0000000085f00000, 0x0000000085f00000|100%| O|  |TAMS 0x0000000085f00000| PB 0x0000000085f00000| Untracked 
|  95|0x0000000085f00000, 0x0000000086000000, 0x0000000086000000|100%| O|  |TAMS 0x0000000086000000| PB 0x0000000086000000| Untracked 
|  96|0x0000000086000000, 0x0000000086100000, 0x0000000086100000|100%| O|  |TAMS 0x0000000086100000| PB 0x0000000086100000| Updating 
|  97|0x0000000086100000, 0x0000000086200000, 0x0000000086200000|100%| O|  |TAMS 0x0000000086200000| PB 0x0000000086200000| Untracked 
|  98|0x0000000086200000, 0x0000000086300000, 0x0000000086300000|100%| O|  |TAMS 0x0000000086300000| PB 0x0000000086300000| Updating 
|  99|0x0000000086300000, 0x0000000086400000, 0x0000000086400000|100%| O|  |TAMS 0x0000000086400000| PB 0x0000000086400000| Untracked 
| 100|0x0000000086400000, 0x0000000086500000, 0x0000000086500000|100%| O|  |TAMS 0x0000000086500000| PB 0x0000000086500000| Updating 
| 101|0x0000000086500000, 0x0000000086600000, 0x0000000086600000|100%| O|  |TAMS 0x0000000086500000| PB 0x0000000086500000| Untracked 
| 102|0x0000000086600000, 0x0000000086700000, 0x0000000086700000|100%| O|  |TAMS 0x0000000086700000| PB 0x0000000086700000| Untracked 
| 103|0x0000000086700000, 0x0000000086800000, 0x0000000086800000|100%| O|  |TAMS 0x0000000086800000| PB 0x0000000086800000| Updating 
| 104|0x0000000086800000, 0x0000000086900000, 0x0000000086900000|100%| O|  |TAMS 0x0000000086900000| PB 0x0000000086900000| Updating 
| 105|0x0000000086900000, 0x0000000086a00000, 0x0000000086a00000|100%| O|  |TAMS 0x0000000086a00000| PB 0x0000000086a00000| Untracked 
| 106|0x0000000086a00000, 0x0000000086b00000, 0x0000000086b00000|100%| O|  |TAMS 0x0000000086b00000| PB 0x0000000086b00000| Updating 
| 107|0x0000000086b00000, 0x0000000086c00000, 0x0000000086c00000|100%| O|  |TAMS 0x0000000086c00000| PB 0x0000000086c00000| Untracked 
| 108|0x0000000086c00000, 0x0000000086d00000, 0x0000000086d00000|100%| O|  |TAMS 0x0000000086d00000| PB 0x0000000086d00000| Untracked 
| 109|0x0000000086d00000, 0x0000000086e00000, 0x0000000086e00000|100%| O|  |TAMS 0x0000000086e00000| PB 0x0000000086e00000| Untracked 
| 110|0x0000000086e00000, 0x0000000086f00000, 0x0000000086f00000|100%| O|  |TAMS 0x0000000086f00000| PB 0x0000000086f00000| Untracked 
| 111|0x0000000086f00000, 0x0000000087000000, 0x0000000087000000|100%| O|  |TAMS 0x0000000087000000| PB 0x0000000087000000| Untracked 
| 112|0x0000000087000000, 0x0000000087100000, 0x0000000087100000|100%| O|  |TAMS 0x0000000087100000| PB 0x0000000087100000| Untracked 
| 113|0x0000000087100000, 0x0000000087200000, 0x0000000087200000|100%| O|  |TAMS 0x0000000087200000| PB 0x0000000087200000| Untracked 
| 114|0x0000000087200000, 0x0000000087300000, 0x0000000087300000|100%| O|  |TAMS 0x0000000087300000| PB 0x0000000087300000| Untracked 
| 115|0x0000000087300000, 0x0000000087400000, 0x0000000087400000|100%| O|  |TAMS 0x0000000087400000| PB 0x0000000087400000| Untracked 
| 116|0x0000000087400000, 0x0000000087500000, 0x0000000087500000|100%| O|  |TAMS 0x0000000087500000| PB 0x0000000087500000| Updating 
| 117|0x0000000087500000, 0x0000000087600000, 0x0000000087600000|100%| O|  |TAMS 0x0000000087600000| PB 0x0000000087600000| Untracked 
| 118|0x0000000087600000, 0x0000000087700000, 0x0000000087700000|100%| O|  |TAMS 0x0000000087700000| PB 0x0000000087700000| Updating 
| 119|0x0000000087700000, 0x0000000087800000, 0x0000000087800000|100%| O|  |TAMS 0x0000000087800000| PB 0x0000000087800000| Untracked 
| 120|0x0000000087800000, 0x0000000087900000, 0x0000000087900000|100%| O|  |TAMS 0x0000000087900000| PB 0x0000000087900000| Updating 
| 121|0x0000000087900000, 0x0000000087a00000, 0x0000000087a00000|100%| O|  |TAMS 0x0000000087a00000| PB 0x0000000087a00000| Untracked 
| 122|0x0000000087a00000, 0x0000000087b00000, 0x0000000087b00000|100%| O|  |TAMS 0x0000000087b00000| PB 0x0000000087b00000| Untracked 
| 123|0x0000000087b00000, 0x0000000087c00000, 0x0000000087c00000|100%| O|  |TAMS 0x0000000087c00000| PB 0x0000000087c00000| Untracked 
| 124|0x0000000087c00000, 0x0000000087d00000, 0x0000000087d00000|100%| O|  |TAMS 0x0000000087d00000| PB 0x0000000087d00000| Untracked 
| 125|0x0000000087d00000, 0x0000000087e00000, 0x0000000087e00000|100%|HS|  |TAMS 0x0000000087e00000| PB 0x0000000087d00000| Complete 
| 126|0x0000000087e00000, 0x0000000087f00000, 0x0000000087f00000|100%| O|  |TAMS 0x0000000087f00000| PB 0x0000000087f00000| Untracked 
| 127|0x0000000087f00000, 0x0000000088000000, 0x0000000088000000|100%| O|  |TAMS 0x0000000088000000| PB 0x0000000088000000| Updating 
| 128|0x0000000088000000, 0x0000000088100000, 0x0000000088100000|100%| O|  |TAMS 0x0000000088100000| PB 0x0000000088100000| Updating 
| 129|0x0000000088100000, 0x0000000088200000, 0x0000000088200000|100%| O|  |TAMS 0x0000000088100000| PB 0x0000000088100000| Untracked 
| 130|0x0000000088200000, 0x0000000088300000, 0x0000000088300000|100%| O|  |TAMS 0x0000000088300000| PB 0x0000000088300000| Updating 
| 131|0x0000000088300000, 0x0000000088400000, 0x0000000088400000|100%| O|  |TAMS 0x0000000088400000| PB 0x0000000088400000| Updating 
| 132|0x0000000088400000, 0x0000000088500000, 0x0000000088500000|100%| O|  |TAMS 0x0000000088500000| PB 0x0000000088500000| Untracked 
| 133|0x0000000088500000, 0x0000000088600000, 0x0000000088600000|100%| O|  |TAMS 0x0000000088600000| PB 0x0000000088600000| Untracked 
| 134|0x0000000088600000, 0x0000000088700000, 0x0000000088700000|100%| O|  |TAMS 0x0000000088700000| PB 0x0000000088700000| Untracked 
| 135|0x0000000088700000, 0x0000000088800000, 0x0000000088800000|100%| O|  |TAMS 0x0000000088800000| PB 0x0000000088800000| Untracked 
| 136|0x0000000088800000, 0x0000000088900000, 0x0000000088900000|100%|HS|  |TAMS 0x0000000088900000| PB 0x0000000088800000| Complete 
| 137|0x0000000088900000, 0x0000000088a00000, 0x0000000088a00000|100%|HS|  |TAMS 0x0000000088a00000| PB 0x0000000088900000| Complete 
| 138|0x0000000088a00000, 0x0000000088b00000, 0x0000000088b00000|100%|HS|  |TAMS 0x0000000088b00000| PB 0x0000000088a00000| Complete 
| 139|0x0000000088b00000, 0x0000000088c00000, 0x0000000088c00000|100%|HS|  |TAMS 0x0000000088c00000| PB 0x0000000088b00000| Complete 
| 140|0x0000000088c00000, 0x0000000088d00000, 0x0000000088d00000|100%|HC|  |TAMS 0x0000000088d00000| PB 0x0000000088c00000| Complete 
| 141|0x0000000088d00000, 0x0000000088e00000, 0x0000000088e00000|100%|HS|  |TAMS 0x0000000088e00000| PB 0x0000000088d00000| Complete 
| 142|0x0000000088e00000, 0x0000000088f00000, 0x0000000088f00000|100%|HS|  |TAMS 0x0000000088f00000| PB 0x0000000088e00000| Complete 
| 143|0x0000000088f00000, 0x0000000089000000, 0x0000000089000000|100%| O|  |TAMS 0x0000000089000000| PB 0x0000000089000000| Untracked 
| 144|0x0000000089000000, 0x0000000089100000, 0x0000000089100000|100%|HS|  |TAMS 0x0000000089100000| PB 0x0000000089000000| Complete 
| 145|0x0000000089100000, 0x0000000089200000, 0x0000000089200000|100%| O|  |TAMS 0x0000000089200000| PB 0x0000000089200000| Untracked 
| 146|0x0000000089200000, 0x0000000089300000, 0x0000000089300000|100%| O|  |TAMS 0x0000000089300000| PB 0x0000000089300000| Untracked 
| 147|0x0000000089300000, 0x0000000089400000, 0x0000000089400000|100%| O|  |TAMS 0x0000000089400000| PB 0x0000000089400000| Updating 
| 148|0x0000000089400000, 0x0000000089500000, 0x0000000089500000|100%| O|  |TAMS 0x0000000089500000| PB 0x0000000089500000| Updating 
| 149|0x0000000089500000, 0x0000000089600000, 0x0000000089600000|100%| O|  |TAMS 0x0000000089600000| PB 0x0000000089600000| Updating 
| 150|0x0000000089600000, 0x0000000089700000, 0x0000000089700000|100%|HS|  |TAMS 0x0000000089700000| PB 0x0000000089600000| Complete 
| 151|0x0000000089700000, 0x0000000089800000, 0x0000000089800000|100%|HC|  |TAMS 0x0000000089800000| PB 0x0000000089700000| Complete 
| 152|0x0000000089800000, 0x0000000089900000, 0x0000000089900000|100%| O|  |TAMS 0x0000000089900000| PB 0x0000000089900000| Updating 
| 153|0x0000000089900000, 0x0000000089a00000, 0x0000000089a00000|100%| O|  |TAMS 0x0000000089a00000| PB 0x0000000089a00000| Updating 
| 154|0x0000000089a00000, 0x0000000089b00000, 0x0000000089b00000|100%| O|  |TAMS 0x0000000089b00000| PB 0x0000000089b00000| Updating 
| 155|0x0000000089b00000, 0x0000000089c00000, 0x0000000089c00000|100%| O|  |TAMS 0x0000000089c00000| PB 0x0000000089c00000| Updating 
| 156|0x0000000089c00000, 0x0000000089d00000, 0x0000000089d00000|100%| O|  |TAMS 0x0000000089d00000| PB 0x0000000089d00000| Untracked 
| 157|0x0000000089d00000, 0x0000000089e00000, 0x0000000089e00000|100%| O|  |TAMS 0x0000000089e00000| PB 0x0000000089e00000| Updating 
| 158|0x0000000089e00000, 0x0000000089f00000, 0x0000000089f00000|100%| O|  |TAMS 0x0000000089f00000| PB 0x0000000089f00000| Updating 
| 159|0x0000000089f00000, 0x000000008a000000, 0x000000008a000000|100%| O|  |TAMS 0x000000008a000000| PB 0x000000008a000000| Updating 
| 160|0x000000008a000000, 0x000000008a100000, 0x000000008a100000|100%| O|  |TAMS 0x000000008a100000| PB 0x000000008a100000| Untracked 
| 161|0x000000008a100000, 0x000000008a200000, 0x000000008a200000|100%|HS|  |TAMS 0x000000008a200000| PB 0x000000008a100000| Complete 
| 162|0x000000008a200000, 0x000000008a300000, 0x000000008a300000|100%| O|  |TAMS 0x000000008a300000| PB 0x000000008a300000| Updating 
| 163|0x000000008a300000, 0x000000008a400000, 0x000000008a400000|100%| O|  |TAMS 0x000000008a400000| PB 0x000000008a400000| Updating 
| 164|0x000000008a400000, 0x000000008a500000, 0x000000008a500000|100%|HS|  |TAMS 0x000000008a500000| PB 0x000000008a400000| Complete 
| 165|0x000000008a500000, 0x000000008a600000, 0x000000008a600000|100%| O|  |TAMS 0x000000008a600000| PB 0x000000008a600000| Untracked 
| 166|0x000000008a600000, 0x000000008a700000, 0x000000008a700000|100%| O|  |TAMS 0x000000008a700000| PB 0x000000008a700000| Untracked 
| 167|0x000000008a700000, 0x000000008a800000, 0x000000008a800000|100%| O|  |TAMS 0x000000008a800000| PB 0x000000008a800000| Untracked 
| 168|0x000000008a800000, 0x000000008a900000, 0x000000008a900000|100%| O|  |TAMS 0x000000008a900000| PB 0x000000008a900000| Untracked 
| 169|0x000000008a900000, 0x000000008aa00000, 0x000000008aa00000|100%| O|  |TAMS 0x000000008aa00000| PB 0x000000008aa00000| Untracked 
| 170|0x000000008aa00000, 0x000000008ab00000, 0x000000008ab00000|100%| O|  |TAMS 0x000000008ab00000| PB 0x000000008ab00000| Untracked 
| 171|0x000000008ab00000, 0x000000008ac00000, 0x000000008ac00000|100%| O|  |TAMS 0x000000008ac00000| PB 0x000000008ac00000| Untracked 
| 172|0x000000008ac00000, 0x000000008ad00000, 0x000000008ad00000|100%| O|  |TAMS 0x000000008ad00000| PB 0x000000008ad00000| Updating 
| 173|0x000000008ad00000, 0x000000008ae00000, 0x000000008ae00000|100%| O|  |TAMS 0x000000008ae00000| PB 0x000000008ae00000| Updating 
| 174|0x000000008ae00000, 0x000000008af00000, 0x000000008af00000|100%| O|  |TAMS 0x000000008af00000| PB 0x000000008af00000| Updating 
| 175|0x000000008af00000, 0x000000008b000000, 0x000000008b000000|100%| O|  |TAMS 0x000000008b000000| PB 0x000000008b000000| Untracked 
| 176|0x000000008b000000, 0x000000008b100000, 0x000000008b100000|100%| O|  |TAMS 0x000000008b100000| PB 0x000000008b100000| Untracked 
| 177|0x000000008b100000, 0x000000008b200000, 0x000000008b200000|100%| O|  |TAMS 0x000000008b200000| PB 0x000000008b200000| Untracked 
| 178|0x000000008b200000, 0x000000008b300000, 0x000000008b300000|100%| O|  |TAMS 0x000000008b300000| PB 0x000000008b300000| Untracked 
| 179|0x000000008b300000, 0x000000008b400000, 0x000000008b400000|100%| O|  |TAMS 0x000000008b400000| PB 0x000000008b400000| Untracked 
| 180|0x000000008b400000, 0x000000008b500000, 0x000000008b500000|100%| O|  |TAMS 0x000000008b500000| PB 0x000000008b500000| Untracked 
| 181|0x000000008b500000, 0x000000008b600000, 0x000000008b600000|100%| O|  |TAMS 0x000000008b600000| PB 0x000000008b600000| Untracked 
| 182|0x000000008b600000, 0x000000008b700000, 0x000000008b700000|100%| O|  |TAMS 0x000000008b700000| PB 0x000000008b700000| Untracked 
| 183|0x000000008b700000, 0x000000008b800000, 0x000000008b800000|100%| O|  |TAMS 0x000000008b800000| PB 0x000000008b800000| Untracked 
| 184|0x000000008b800000, 0x000000008b900000, 0x000000008b900000|100%| O|  |TAMS 0x000000008b900000| PB 0x000000008b900000| Untracked 
| 185|0x000000008b900000, 0x000000008ba00000, 0x000000008ba00000|100%| O|  |TAMS 0x000000008ba00000| PB 0x000000008ba00000| Untracked 
| 186|0x000000008ba00000, 0x000000008bb00000, 0x000000008bb00000|100%| O|  |TAMS 0x000000008bb00000| PB 0x000000008bb00000| Untracked 
| 187|0x000000008bb00000, 0x000000008bc00000, 0x000000008bc00000|100%| O|  |TAMS 0x000000008bc00000| PB 0x000000008bc00000| Untracked 
| 188|0x000000008bc00000, 0x000000008bd00000, 0x000000008bd00000|100%| O|  |TAMS 0x000000008bd00000| PB 0x000000008bd00000| Updating 
| 189|0x000000008bd00000, 0x000000008be00000, 0x000000008be00000|100%| O|  |TAMS 0x000000008be00000| PB 0x000000008be00000| Updating 
| 190|0x000000008be00000, 0x000000008bf00000, 0x000000008bf00000|100%| O|  |TAMS 0x000000008be5f7c0| PB 0x000000008be5f7c0| Updating 
| 191|0x000000008bf00000, 0x000000008c000000, 0x000000008c000000|100%| O|  |TAMS 0x000000008bf00000| PB 0x000000008bf00000| Untracked 
| 192|0x000000008c000000, 0x000000008c100000, 0x000000008c100000|100%| O|  |TAMS 0x000000008c000000| PB 0x000000008c000000| Untracked 
| 193|0x000000008c100000, 0x000000008c200000, 0x000000008c200000|100%| O|  |TAMS 0x000000008c100000| PB 0x000000008c100000| Untracked 
| 194|0x000000008c200000, 0x000000008c300000, 0x000000008c300000|100%| O|  |TAMS 0x000000008c200000| PB 0x000000008c200000| Untracked 
| 195|0x000000008c300000, 0x000000008c400000, 0x000000008c400000|100%| O|  |TAMS 0x000000008c300000| PB 0x000000008c300000| Untracked 
| 196|0x000000008c400000, 0x000000008c492cb0, 0x000000008c500000| 57%| O|  |TAMS 0x000000008c400000| PB 0x000000008c400000| Updating 
| 197|0x000000008c500000, 0x000000008c500000, 0x000000008c600000|  0%| F|  |TAMS 0x000000008c500000| PB 0x000000008c500000| Untracked 
| 198|0x000000008c600000, 0x000000008c600000, 0x000000008c700000|  0%| F|  |TAMS 0x000000008c600000| PB 0x000000008c600000| Untracked 
| 199|0x000000008c700000, 0x000000008c700000, 0x000000008c800000|  0%| F|  |TAMS 0x000000008c700000| PB 0x000000008c700000| Untracked 
| 200|0x000000008c800000, 0x000000008c800000, 0x000000008c900000|  0%| F|  |TAMS 0x000000008c800000| PB 0x000000008c800000| Untracked 
| 201|0x000000008c900000, 0x000000008c900000, 0x000000008ca00000|  0%| F|  |TAMS 0x000000008c900000| PB 0x000000008c900000| Untracked 
| 202|0x000000008ca00000, 0x000000008ca00000, 0x000000008cb00000|  0%| F|  |TAMS 0x000000008ca00000| PB 0x000000008ca00000| Untracked 
| 203|0x000000008cb00000, 0x000000008cb00000, 0x000000008cc00000|  0%| F|  |TAMS 0x000000008cb00000| PB 0x000000008cb00000| Untracked 
| 204|0x000000008cc00000, 0x000000008cc00000, 0x000000008cd00000|  0%| F|  |TAMS 0x000000008cc00000| PB 0x000000008cc00000| Untracked 
| 205|0x000000008cd00000, 0x000000008cd00000, 0x000000008ce00000|  0%| F|  |TAMS 0x000000008cd00000| PB 0x000000008cd00000| Untracked 
| 206|0x000000008ce00000, 0x000000008ce00000, 0x000000008cf00000|  0%| F|  |TAMS 0x000000008ce00000| PB 0x000000008ce00000| Untracked 
| 207|0x000000008cf00000, 0x000000008cf00000, 0x000000008d000000|  0%| F|  |TAMS 0x000000008cf00000| PB 0x000000008cf00000| Untracked 
| 208|0x000000008d000000, 0x000000008d000000, 0x000000008d100000|  0%| F|  |TAMS 0x000000008d000000| PB 0x000000008d000000| Untracked 
| 209|0x000000008d100000, 0x000000008d100000, 0x000000008d200000|  0%| F|  |TAMS 0x000000008d100000| PB 0x000000008d100000| Untracked 
| 210|0x000000008d200000, 0x000000008d200000, 0x000000008d300000|  0%| F|  |TAMS 0x000000008d200000| PB 0x000000008d200000| Untracked 
| 211|0x000000008d300000, 0x000000008d300000, 0x000000008d400000|  0%| F|  |TAMS 0x000000008d300000| PB 0x000000008d300000| Untracked 
| 212|0x000000008d400000, 0x000000008d400000, 0x000000008d500000|  0%| F|  |TAMS 0x000000008d400000| PB 0x000000008d400000| Untracked 
| 213|0x000000008d500000, 0x000000008d500000, 0x000000008d600000|  0%| F|  |TAMS 0x000000008d500000| PB 0x000000008d500000| Untracked 
| 214|0x000000008d600000, 0x000000008d600000, 0x000000008d700000|  0%| F|  |TAMS 0x000000008d600000| PB 0x000000008d600000| Untracked 
| 215|0x000000008d700000, 0x000000008d700000, 0x000000008d800000|  0%| F|  |TAMS 0x000000008d700000| PB 0x000000008d700000| Untracked 
| 216|0x000000008d800000, 0x000000008d800000, 0x000000008d900000|  0%| F|  |TAMS 0x000000008d800000| PB 0x000000008d800000| Untracked 
| 217|0x000000008d900000, 0x000000008d900000, 0x000000008da00000|  0%| F|  |TAMS 0x000000008d900000| PB 0x000000008d900000| Untracked 
| 218|0x000000008da00000, 0x000000008da00000, 0x000000008db00000|  0%| F|  |TAMS 0x000000008da00000| PB 0x000000008da00000| Untracked 
| 219|0x000000008db00000, 0x000000008db00000, 0x000000008dc00000|  0%| F|  |TAMS 0x000000008db00000| PB 0x000000008db00000| Untracked 
| 220|0x000000008dc00000, 0x000000008dc00000, 0x000000008dd00000|  0%| F|  |TAMS 0x000000008dc00000| PB 0x000000008dc00000| Untracked 
| 221|0x000000008dd00000, 0x000000008dd00000, 0x000000008de00000|  0%| F|  |TAMS 0x000000008dd00000| PB 0x000000008dd00000| Untracked 
| 222|0x000000008de00000, 0x000000008de00000, 0x000000008df00000|  0%| F|  |TAMS 0x000000008de00000| PB 0x000000008de00000| Untracked 
| 223|0x000000008df00000, 0x000000008df00000, 0x000000008e000000|  0%| F|  |TAMS 0x000000008df00000| PB 0x000000008df00000| Untracked 
| 224|0x000000008e000000, 0x000000008e000000, 0x000000008e100000|  0%| F|  |TAMS 0x000000008e000000| PB 0x000000008e000000| Untracked 
| 225|0x000000008e100000, 0x000000008e100000, 0x000000008e200000|  0%| F|  |TAMS 0x000000008e100000| PB 0x000000008e100000| Untracked 
| 226|0x000000008e200000, 0x000000008e200000, 0x000000008e300000|  0%| F|  |TAMS 0x000000008e200000| PB 0x000000008e200000| Untracked 
| 227|0x000000008e300000, 0x000000008e300000, 0x000000008e400000|  0%| F|  |TAMS 0x000000008e300000| PB 0x000000008e300000| Untracked 
| 228|0x000000008e400000, 0x000000008e400000, 0x000000008e500000|  0%| F|  |TAMS 0x000000008e400000| PB 0x000000008e400000| Untracked 
| 229|0x000000008e500000, 0x000000008e500000, 0x000000008e600000|  0%| F|  |TAMS 0x000000008e500000| PB 0x000000008e500000| Untracked 
| 230|0x000000008e600000, 0x000000008e700000, 0x000000008e700000|100%| S|CS|TAMS 0x000000008e600000| PB 0x000000008e600000| Complete 
| 231|0x000000008e700000, 0x000000008e800000, 0x000000008e800000|100%| S|CS|TAMS 0x000000008e700000| PB 0x000000008e700000| Complete 
| 232|0x000000008e800000, 0x000000008e900000, 0x000000008e900000|100%| S|CS|TAMS 0x000000008e800000| PB 0x000000008e800000| Complete 
| 233|0x000000008e900000, 0x000000008ea00000, 0x000000008ea00000|100%| S|CS|TAMS 0x000000008e900000| PB 0x000000008e900000| Complete 
| 234|0x000000008ea00000, 0x000000008eb00000, 0x000000008eb00000|100%| S|CS|TAMS 0x000000008ea00000| PB 0x000000008ea00000| Complete 
| 235|0x000000008eb00000, 0x000000008eb00000, 0x000000008ec00000|  0%| F|  |TAMS 0x000000008eb00000| PB 0x000000008eb00000| Untracked 
| 236|0x000000008ec00000, 0x000000008ec00000, 0x000000008ed00000|  0%| F|  |TAMS 0x000000008ec00000| PB 0x000000008ec00000| Untracked 
| 237|0x000000008ed00000, 0x000000008ed00000, 0x000000008ee00000|  0%| F|  |TAMS 0x000000008ed00000| PB 0x000000008ed00000| Untracked 
| 238|0x000000008ee00000, 0x000000008ee00000, 0x000000008ef00000|  0%| F|  |TAMS 0x000000008ee00000| PB 0x000000008ee00000| Untracked 
| 239|0x000000008ef00000, 0x000000008ef00000, 0x000000008f000000|  0%| F|  |TAMS 0x000000008ef00000| PB 0x000000008ef00000| Untracked 
| 240|0x000000008f000000, 0x000000008f000000, 0x000000008f100000|  0%| F|  |TAMS 0x000000008f000000| PB 0x000000008f000000| Untracked 
| 241|0x000000008f100000, 0x000000008f100000, 0x000000008f200000|  0%| F|  |TAMS 0x000000008f100000| PB 0x000000008f100000| Untracked 
| 242|0x000000008f200000, 0x000000008f200000, 0x000000008f300000|  0%| F|  |TAMS 0x000000008f200000| PB 0x000000008f200000| Untracked 
| 243|0x000000008f300000, 0x000000008f300000, 0x000000008f400000|  0%| F|  |TAMS 0x000000008f300000| PB 0x000000008f300000| Untracked 
| 244|0x000000008f400000, 0x000000008f400000, 0x000000008f500000|  0%| F|  |TAMS 0x000000008f400000| PB 0x000000008f400000| Untracked 
| 245|0x000000008f500000, 0x000000008f500000, 0x000000008f600000|  0%| F|  |TAMS 0x000000008f500000| PB 0x000000008f500000| Untracked 
| 246|0x000000008f600000, 0x000000008f600000, 0x000000008f700000|  0%| F|  |TAMS 0x000000008f600000| PB 0x000000008f600000| Untracked 
| 247|0x000000008f700000, 0x000000008f700000, 0x000000008f800000|  0%| F|  |TAMS 0x000000008f700000| PB 0x000000008f700000| Untracked 
| 248|0x000000008f800000, 0x000000008f800000, 0x000000008f900000|  0%| F|  |TAMS 0x000000008f800000| PB 0x000000008f800000| Untracked 
| 249|0x000000008f900000, 0x000000008f900000, 0x000000008fa00000|  0%| F|  |TAMS 0x000000008f900000| PB 0x000000008f900000| Untracked 
| 250|0x000000008fa00000, 0x000000008fa00000, 0x000000008fb00000|  0%| F|  |TAMS 0x000000008fa00000| PB 0x000000008fa00000| Untracked 
| 251|0x000000008fb00000, 0x000000008fb00000, 0x000000008fc00000|  0%| F|  |TAMS 0x000000008fb00000| PB 0x000000008fb00000| Untracked 
| 252|0x000000008fc00000, 0x000000008fc00000, 0x000000008fd00000|  0%| F|  |TAMS 0x000000008fc00000| PB 0x000000008fc00000| Untracked 
| 253|0x000000008fd00000, 0x000000008fd00000, 0x000000008fe00000|  0%| F|  |TAMS 0x000000008fd00000| PB 0x000000008fd00000| Untracked 
| 254|0x000000008fe00000, 0x000000008fe00000, 0x000000008ff00000|  0%| F|  |TAMS 0x000000008fe00000| PB 0x000000008fe00000| Untracked 
| 255|0x000000008ff00000, 0x000000008ff00000, 0x0000000090000000|  0%| F|  |TAMS 0x000000008ff00000| PB 0x000000008ff00000| Untracked 
| 256|0x0000000090000000, 0x0000000090000000, 0x0000000090100000|  0%| F|  |TAMS 0x0000000090000000| PB 0x0000000090000000| Untracked 
| 257|0x0000000090100000, 0x0000000090100000, 0x0000000090200000|  0%| F|  |TAMS 0x0000000090100000| PB 0x0000000090100000| Untracked 
| 258|0x0000000090200000, 0x0000000090200000, 0x0000000090300000|  0%| F|  |TAMS 0x0000000090200000| PB 0x0000000090200000| Untracked 
| 259|0x0000000090300000, 0x0000000090300000, 0x0000000090400000|  0%| F|  |TAMS 0x0000000090300000| PB 0x0000000090300000| Untracked 
| 260|0x0000000090400000, 0x0000000090400000, 0x0000000090500000|  0%| F|  |TAMS 0x0000000090400000| PB 0x0000000090400000| Untracked 
| 261|0x0000000090500000, 0x0000000090500000, 0x0000000090600000|  0%| F|  |TAMS 0x0000000090500000| PB 0x0000000090500000| Untracked 
| 262|0x0000000090600000, 0x0000000090600000, 0x0000000090700000|  0%| F|  |TAMS 0x0000000090600000| PB 0x0000000090600000| Untracked 
| 263|0x0000000090700000, 0x0000000090700000, 0x0000000090800000|  0%| F|  |TAMS 0x0000000090700000| PB 0x0000000090700000| Untracked 
| 264|0x0000000090800000, 0x0000000090800000, 0x0000000090900000|  0%| F|  |TAMS 0x0000000090800000| PB 0x0000000090800000| Untracked 
| 265|0x0000000090900000, 0x0000000090900000, 0x0000000090a00000|  0%| F|  |TAMS 0x0000000090900000| PB 0x0000000090900000| Untracked 
|2015|0x00000000fdf00000, 0x00000000fdf00000, 0x00000000fe000000|  0%| F|  |TAMS 0x00000000fdf00000| PB 0x00000000fdf00000| Untracked 
|2016|0x00000000fe000000, 0x00000000fe000000, 0x00000000fe100000|  0%| F|  |TAMS 0x00000000fe000000| PB 0x00000000fe000000| Untracked 
|2017|0x00000000fe100000, 0x00000000fe200000, 0x00000000fe200000|100%| O|  |TAMS 0x00000000fe200000| PB 0x00000000fe200000| Updating 
|2018|0x00000000fe200000, 0x00000000fe300000, 0x00000000fe300000|100%| O|  |TAMS 0x00000000fe300000| PB 0x00000000fe300000| Updating 
|2019|0x00000000fe300000, 0x00000000fe400000, 0x00000000fe400000|100%| O|  |TAMS 0x00000000fe400000| PB 0x00000000fe400000| Untracked 
|2020|0x00000000fe400000, 0x00000000fe500000, 0x00000000fe500000|100%| O|  |TAMS 0x00000000fe500000| PB 0x00000000fe500000| Untracked 
|2021|0x00000000fe500000, 0x00000000fe600000, 0x00000000fe600000|100%| O|  |TAMS 0x00000000fe600000| PB 0x00000000fe600000| Untracked 
|2022|0x00000000fe600000, 0x00000000fe700000, 0x00000000fe700000|100%| O|  |TAMS 0x00000000fe700000| PB 0x00000000fe700000| Untracked 
|2023|0x00000000fe700000, 0x00000000fe800000, 0x00000000fe800000|100%| O|  |TAMS 0x00000000fe800000| PB 0x00000000fe800000| Untracked 
|2024|0x00000000fe800000, 0x00000000fe900000, 0x00000000fe900000|100%| O|  |TAMS 0x00000000fe900000| PB 0x00000000fe900000| Updating 
|2025|0x00000000fe900000, 0x00000000fe900000, 0x00000000fea00000|  0%| F|  |TAMS 0x00000000fe900000| PB 0x00000000fe900000| Untracked 
|2026|0x00000000fea00000, 0x00000000fea00000, 0x00000000feb00000|  0%| F|  |TAMS 0x00000000fea00000| PB 0x00000000fea00000| Untracked 
|2027|0x00000000feb00000, 0x00000000feb00000, 0x00000000fec00000|  0%| F|  |TAMS 0x00000000feb00000| PB 0x00000000feb00000| Untracked 
|2028|0x00000000fec00000, 0x00000000fec00000, 0x00000000fed00000|  0%| F|  |TAMS 0x00000000fec00000| PB 0x00000000fec00000| Untracked 
|2029|0x00000000fed00000, 0x00000000fed00000, 0x00000000fee00000|  0%| F|  |TAMS 0x00000000fed00000| PB 0x00000000fed00000| Untracked 
|2030|0x00000000fee00000, 0x00000000fee00000, 0x00000000fef00000|  0%| F|  |TAMS 0x00000000fee00000| PB 0x00000000fee00000| Untracked 
|2031|0x00000000fef00000, 0x00000000fef00000, 0x00000000ff000000|  0%| F|  |TAMS 0x00000000fef00000| PB 0x00000000fef00000| Untracked 
|2032|0x00000000ff000000, 0x00000000ff000000, 0x00000000ff100000|  0%| F|  |TAMS 0x00000000ff000000| PB 0x00000000ff000000| Untracked 
|2033|0x00000000ff100000, 0x00000000ff100000, 0x00000000ff200000|  0%| F|  |TAMS 0x00000000ff100000| PB 0x00000000ff100000| Untracked 
|2034|0x00000000ff200000, 0x00000000ff200000, 0x00000000ff300000|  0%| F|  |TAMS 0x00000000ff200000| PB 0x00000000ff200000| Untracked 
|2035|0x00000000ff300000, 0x00000000ff300000, 0x00000000ff400000|  0%| F|  |TAMS 0x00000000ff300000| PB 0x00000000ff300000| Untracked 
|2036|0x00000000ff400000, 0x00000000ff400000, 0x00000000ff500000|  0%| F|  |TAMS 0x00000000ff400000| PB 0x00000000ff400000| Untracked 
|2037|0x00000000ff500000, 0x00000000ff500000, 0x00000000ff600000|  0%| F|  |TAMS 0x00000000ff500000| PB 0x00000000ff500000| Untracked 
|2038|0x00000000ff600000, 0x00000000ff600000, 0x00000000ff700000|  0%| F|  |TAMS 0x00000000ff600000| PB 0x00000000ff600000| Untracked 
|2039|0x00000000ff700000, 0x00000000ff700000, 0x00000000ff800000|  0%| F|  |TAMS 0x00000000ff700000| PB 0x00000000ff700000| Untracked 
|2040|0x00000000ff800000, 0x00000000ff880000, 0x00000000ff900000| 50%| E|  |TAMS 0x00000000ff800000| PB 0x00000000ff800000| Complete 
|2041|0x00000000ff900000, 0x00000000ffa00000, 0x00000000ffa00000|100%| E|CS|TAMS 0x00000000ff900000| PB 0x00000000ff900000| Complete 
|2042|0x00000000ffa00000, 0x00000000ffb00000, 0x00000000ffb00000|100%| E|CS|TAMS 0x00000000ffa00000| PB 0x00000000ffa00000| Complete 
|2043|0x00000000ffb00000, 0x00000000ffc00000, 0x00000000ffc00000|100%| E|CS|TAMS 0x00000000ffb00000| PB 0x00000000ffb00000| Complete 
|2044|0x00000000ffc00000, 0x00000000ffd00000, 0x00000000ffd00000|100%| O|  |TAMS 0x00000000ffd00000| PB 0x00000000ffd00000| Updating 
|2045|0x00000000ffd00000, 0x00000000ffe00000, 0x00000000ffe00000|100%| O|  |TAMS 0x00000000ffe00000| PB 0x00000000ffe00000| Untracked 
|2046|0x00000000ffe00000, 0x00000000fff00000, 0x00000000fff00000|100%| E|CS|TAMS 0x00000000ffe00000| PB 0x00000000ffe00000| Complete 
|2047|0x00000000fff00000, 0x0000000100000000, 0x0000000100000000|100%| E|CS|TAMS 0x00000000fff00000| PB 0x00000000fff00000| Complete 

Card table byte_map: [0x000001e8c69c0000,0x000001e8c6dc0000] _byte_map_base: 0x000001e8c65c0000

Marking Bits: (CMBitMap*) 0x000001e8b2157940
 Bits: [0x000001e8c6dc0000, 0x000001e8c8dc0000)

Polling page: 0x000001e8b1e30000

Metaspace:

Usage:
  Non-class:    139.61 MB used.
      Class:     20.94 MB used.
       Both:    160.56 MB used.

Virtual space:
  Non-class space:      192.00 MB reserved,     140.75 MB ( 73%) committed,  3 nodes.
      Class space:        1.00 GB reserved,      22.00 MB (  2%) committed,  1 nodes.
             Both:        1.19 GB reserved,     162.75 MB ( 13%) committed. 

Chunk freelists:
   Non-Class:  3.22 MB
       Class:  9.94 MB
        Both:  13.16 MB

MaxMetaspaceSize: unlimited
CompressedClassSpaceSize: 1.00 GB
Initial GC threshold: 21.00 MB
Current GC threshold: 259.81 MB
CDS: off
 - commit_granule_bytes: 65536.
 - commit_granule_words: 8192.
 - virtual_space_node_default_size: 8388608.
 - enlarge_chunks_in_place: 1.
 - use_allocation_guard: 0.


Internal statistics:

num_allocs_failed_limit: 9.
num_arena_births: 4346.
num_arena_deaths: 0.
num_vsnodes_births: 4.
num_vsnodes_deaths: 0.
num_space_committed: 2603.
num_space_uncommitted: 0.
num_chunks_returned_to_freelist: 9.
num_chunks_taken_from_freelist: 10752.
num_chunk_merges: 6.
num_chunk_splits: 7638.
num_chunks_enlarged: 5512.
num_inconsistent_stats: 0.

CodeHeap 'non-profiled nmethods': size=120000Kb used=8407Kb max_used=8534Kb free=111592Kb
 bounds [0x000001e8be400000, 0x000001e8bec60000, 0x000001e8c5930000]
CodeHeap 'profiled nmethods': size=120000Kb used=32211Kb max_used=33133Kb free=87788Kb
 bounds [0x000001e8b6930000, 0x000001e8b8990000, 0x000001e8bde60000]
CodeHeap 'non-nmethods': size=5760Kb used=2248Kb max_used=2315Kb free=3511Kb
 bounds [0x000001e8bde60000, 0x000001e8be0d0000, 0x000001e8be400000]
CodeCache: size=245760Kb, used=42866Kb, max_used=43982Kb, free=202891Kb
 total_blobs=15521, nmethods=14420, adapters=1004, full_count=0
Compilation: enabled, stopped_count=0, restarted_count=0

Compilation events (20 events):
Event: 40.112 Thread 0x000001e8d00b39a0 16918       4       org.gradle.internal.io.StreamByteBuffer::totalBytesUnread (52 bytes)
Event: 40.112 Thread 0x000001e8d00b39a0 nmethod 16918 0x000001e8bec52910 code [0x000001e8bec52aa0, 0x000001e8bec52b98]
Event: 40.139 Thread 0x000001e8d00b39a0 16919       4       java.util.jar.JarFile::maybeInstantiateVerifier (42 bytes)
Event: 40.151 Thread 0x000001e8d00b39a0 nmethod 16919 0x000001e8bec52c90 code [0x000001e8bec52e60, 0x000001e8bec533a0]
Event: 40.179 Thread 0x000001e8d00b6450 16920   !   3       jdk.proxy1.$Proxy18::annotationType (29 bytes)
Event: 40.179 Thread 0x000001e8d00b39a0 16922       4       java.util.TreeMap$PrivateEntryIterator::hasNext (13 bytes)
Event: 40.179 Thread 0x000001e8d00b6450 nmethod 16920 0x000001e8b8987d10 code [0x000001e8b8987ee0, 0x000001e8b89882c0]
Event: 40.179 Thread 0x000001e8d00b6450 16921       3       java.lang.Class::enumConstantDirectory (107 bytes)
Event: 40.179 Thread 0x000001e8d00b39a0 nmethod 16922 0x000001e8bec53710 code [0x000001e8bec538a0, 0x000001e8bec53930]
Event: 40.179 Thread 0x000001e8d00b39a0 16923       4       org.gradle.internal.reflect.MutablePropertyDetails::getGetters (8 bytes)
Event: 40.179 Thread 0x000001e8d00b6450 nmethod 16921 0x000001e8b8988490 code [0x000001e8b8988720, 0x000001e8b8989190]
Event: 40.180 Thread 0x000001e8d00b6450 16925       3       org.gradle.internal.instantiation.generator.AsmBackedClassGenerator$ClassBuilderImpl::visitArrayElements (227 bytes)
Event: 40.180 Thread 0x000001e8d00b6450 nmethod 16925 0x000001e8b8989590 code [0x000001e8b89898e0, 0x000001e8b898a920]
Event: 40.182 Thread 0x000001e8d00b39a0 nmethod 16923 0x000001e8bec53a10 code [0x000001e8bec53bc0, 0x000001e8bec53e88]
Event: 40.182 Thread 0x000001e8d00b39a0 16924       4       org.objectweb.asm.ByteVector::encodeUtf8 (337 bytes)
Event: 40.191 Thread 0x000001e8d00b39a0 nmethod 16924 0x000001e8bec54390 code [0x000001e8bec545a0, 0x000001e8bec55088]
Event: 40.191 Thread 0x000001e8d00b39a0 16927       4       java.lang.invoke.DirectMethodHandle$Holder::invokeStatic (20 bytes)
Event: 40.192 Thread 0x000001e8d00b39a0 nmethod 16927 0x000001e8bec55790 code [0x000001e8bec55920, 0x000001e8bec55a20]
Event: 40.210 Thread 0x000001e8d00b6450 16928       3       kotlin.jvm.internal.Lambda::<init> (10 bytes)
Event: 40.211 Thread 0x000001e8d00b6450 nmethod 16928 0x000001e8b898b090 code [0x000001e8b898b240, 0x000001e8b898b3a8]

GC Heap History (20 events):
Event: 24.987 GC heap before
{Heap before GC invocations=42 (full 0):
 garbage-first heap   total 276480K, used 233854K [0x0000000080000000, 0x0000000100000000)
  region size 1024K, 63 young (64512K), 4 survivors (4096K)
 Metaspace       used 139549K, committed 141632K, reserved 1179648K
  class space    used 18581K, committed 19584K, reserved 1048576K
}
Event: 24.993 GC heap after
{Heap after GC invocations=43 (full 0):
 garbage-first heap   total 276480K, used 180593K [0x0000000080000000, 0x0000000100000000)
  region size 1024K, 8 young (8192K), 8 survivors (8192K)
 Metaspace       used 139549K, committed 141632K, reserved 1179648K
  class space    used 18581K, committed 19584K, reserved 1048576K
}
Event: 27.393 GC heap before
{Heap before GC invocations=43 (full 0):
 garbage-first heap   total 276480K, used 253297K [0x0000000080000000, 0x0000000100000000)
  region size 1024K, 77 young (78848K), 8 survivors (8192K)
 Metaspace       used 145726K, committed 147904K, reserved 1179648K
  class space    used 19415K, committed 20480K, reserved 1048576K
}
Event: 27.401 GC heap after
{Heap after GC invocations=44 (full 0):
 garbage-first heap   total 276480K, used 183717K [0x0000000080000000, 0x0000000100000000)
  region size 1024K, 3 young (3072K), 3 survivors (3072K)
 Metaspace       used 145726K, committed 147904K, reserved 1179648K
  class space    used 19415K, committed 20480K, reserved 1048576K
}
Event: 28.385 GC heap before
{Heap before GC invocations=44 (full 0):
 garbage-first heap   total 276480K, used 216485K [0x0000000080000000, 0x0000000100000000)
  region size 1024K, 37 young (37888K), 3 survivors (3072K)
 Metaspace       used 148730K, committed 150912K, reserved 1179648K
  class space    used 19807K, committed 20864K, reserved 1048576K
}
Event: 28.391 GC heap after
{Heap after GC invocations=45 (full 0):
 garbage-first heap   total 276480K, used 186039K [0x0000000080000000, 0x0000000100000000)
  region size 1024K, 5 young (5120K), 5 survivors (5120K)
 Metaspace       used 148730K, committed 150912K, reserved 1179648K
  class space    used 19807K, committed 20864K, reserved 1048576K
}
Event: 29.932 GC heap before
{Heap before GC invocations=46 (full 0):
 garbage-first heap   total 278528K, used 237239K [0x0000000080000000, 0x0000000100000000)
  region size 1024K, 74 young (75776K), 5 survivors (5120K)
 Metaspace       used 152481K, committed 154688K, reserved 1245184K
  class space    used 20317K, committed 21376K, reserved 1048576K
}
Event: 29.943 GC heap after
{Heap after GC invocations=47 (full 0):
 garbage-first heap   total 278528K, used 167039K [0x0000000080000000, 0x0000000100000000)
  region size 1024K, 10 young (10240K), 10 survivors (10240K)
 Metaspace       used 152481K, committed 154688K, reserved 1245184K
  class space    used 20317K, committed 21376K, reserved 1048576K
}
Event: 35.817 GC heap before
{Heap before GC invocations=47 (full 0):
 garbage-first heap   total 278528K, used 257151K [0x0000000080000000, 0x0000000100000000)
  region size 1024K, 90 young (92160K), 10 survivors (10240K)
 Metaspace       used 157197K, committed 159424K, reserved 1245184K
  class space    used 20829K, committed 21888K, reserved 1048576K
}
Event: 35.830 GC heap after
{Heap after GC invocations=48 (full 0):
 garbage-first heap   total 278528K, used 144043K [0x0000000080000000, 0x0000000100000000)
  region size 1024K, 8 young (8192K), 8 survivors (8192K)
 Metaspace       used 157197K, committed 159424K, reserved 1245184K
  class space    used 20829K, committed 21888K, reserved 1048576K
}
Event: 36.954 GC heap before
{Heap before GC invocations=48 (full 0):
 garbage-first heap   total 278528K, used 242347K [0x0000000080000000, 0x0000000100000000)
  region size 1024K, 104 young (106496K), 8 survivors (8192K)
 Metaspace       used 157282K, committed 159488K, reserved 1245184K
  class space    used 20834K, committed 21888K, reserved 1048576K
}
Event: 36.979 GC heap after
{Heap after GC invocations=49 (full 0):
 garbage-first heap   total 287744K, used 175694K [0x0000000080000000, 0x0000000100000000)
  region size 1024K, 13 young (13312K), 13 survivors (13312K)
 Metaspace       used 157282K, committed 159488K, reserved 1245184K
  class space    used 20834K, committed 21888K, reserved 1048576K
}
Event: 36.992 GC heap before
{Heap before GC invocations=49 (full 0):
 garbage-first heap   total 287744K, used 180814K [0x0000000080000000, 0x0000000100000000)
  region size 1024K, 19 young (19456K), 13 survivors (13312K)
 Metaspace       used 157282K, committed 159488K, reserved 1245184K
  class space    used 20834K, committed 21888K, reserved 1048576K
}
Event: 37.002 GC heap after
{Heap after GC invocations=50 (full 0):
 garbage-first heap   total 287744K, used 181494K [0x0000000080000000, 0x0000000100000000)
  region size 1024K, 4 young (4096K), 4 survivors (4096K)
 Metaspace       used 157282K, committed 159488K, reserved 1245184K
  class space    used 20834K, committed 21888K, reserved 1048576K
}
Event: 37.595 GC heap before
{Heap before GC invocations=51 (full 0):
 garbage-first heap   total 306176K, used 241910K [0x0000000080000000, 0x0000000100000000)
  region size 1024K, 62 young (63488K), 4 survivors (4096K)
 Metaspace       used 157782K, committed 160000K, reserved 1245184K
  class space    used 20845K, committed 21952K, reserved 1048576K
}
Event: 37.606 GC heap after
{Heap after GC invocations=52 (full 0):
 garbage-first heap   total 306176K, used 196202K [0x0000000080000000, 0x0000000100000000)
  region size 1024K, 8 young (8192K), 8 survivors (8192K)
 Metaspace       used 157782K, committed 160000K, reserved 1245184K
  class space    used 20845K, committed 21952K, reserved 1048576K
}
Event: 38.859 GC heap before
{Heap before GC invocations=52 (full 0):
 garbage-first heap   total 306176K, used 259690K [0x0000000080000000, 0x0000000100000000)
  region size 1024K, 69 young (70656K), 8 survivors (8192K)
 Metaspace       used 159762K, committed 161984K, reserved 1245184K
  class space    used 20943K, committed 22016K, reserved 1048576K
}
Event: 38.874 GC heap after
{Heap after GC invocations=53 (full 0):
 garbage-first heap   total 306176K, used 210301K [0x0000000080000000, 0x0000000100000000)
  region size 1024K, 9 young (9216K), 9 survivors (9216K)
 Metaspace       used 159762K, committed 161984K, reserved 1245184K
  class space    used 20943K, committed 22016K, reserved 1048576K
}
Event: 40.141 GC heap before
{Heap before GC invocations=53 (full 0):
 garbage-first heap   total 306176K, used 265597K [0x0000000080000000, 0x0000000100000000)
  region size 1024K, 63 young (64512K), 9 survivors (9216K)
 Metaspace       used 164128K, committed 166400K, reserved 1245184K
  class space    used 21400K, committed 22528K, reserved 1048576K
}
Event: 40.149 GC heap after
{Heap after GC invocations=54 (full 0):
 garbage-first heap   total 306176K, used 216651K [0x0000000080000000, 0x0000000100000000)
  region size 1024K, 5 young (5120K), 5 survivors (5120K)
 Metaspace       used 164128K, committed 166400K, reserved 1245184K
  class space    used 21400K, committed 22528K, reserved 1048576K
}

Dll operation events (3 events):
Event: 0.008 Loaded shared library C:\Program Files\Android\Android Studio\jbr\bin\java.dll
Event: 0.012 Loaded shared library C:\Program Files\Android\Android Studio\jbr\bin\zip.dll
Event: 0.656 Loaded shared library C:\Program Files\Android\Android Studio\jbr\bin\verify.dll

Deoptimization events (20 events):
Event: 39.810 Thread 0x000001e8d293eb20 Uncommon trap: trap_request=0xffffffde fr.pc=0x000001e8be5c0f74 relative=0x0000000000000214
Event: 39.810 Thread 0x000001e8d293eb20 Uncommon trap: reason=class_check action=maybe_recompile pc=0x000001e8be5c0f74 method=org.objectweb.asm.MethodVisitor.visitVarInsn(II)V @ 13 c2
Event: 39.810 Thread 0x000001e8d293eb20 DEOPT PACKING pc=0x000001e8be5c0f74 sp=0x000000bd87af4f10
Event: 39.810 Thread 0x000001e8d293eb20 DEOPT UNPACKING pc=0x000001e8bdeb43a2 sp=0x000000bd87af4e50 mode 2
Event: 39.810 Thread 0x000001e8d293eb20 Uncommon trap: trap_request=0xffffffde fr.pc=0x000001e8be5c0f74 relative=0x0000000000000214
Event: 39.810 Thread 0x000001e8d293eb20 Uncommon trap: reason=class_check action=maybe_recompile pc=0x000001e8be5c0f74 method=org.objectweb.asm.MethodVisitor.visitVarInsn(II)V @ 13 c2
Event: 39.810 Thread 0x000001e8d293eb20 DEOPT PACKING pc=0x000001e8be5c0f74 sp=0x000000bd87af4f10
Event: 39.810 Thread 0x000001e8d293eb20 DEOPT UNPACKING pc=0x000001e8bdeb43a2 sp=0x000000bd87af4e50 mode 2
Event: 39.812 Thread 0x000001e8d293eb20 Uncommon trap: trap_request=0xffffff45 fr.pc=0x000001e8be4415e4 relative=0x0000000000000584
Event: 39.812 Thread 0x000001e8d293eb20 Uncommon trap: reason=unstable_if action=reinterpret pc=0x000001e8be4415e4 method=org.objectweb.asm.ClassReader.readUtf(II[C)Ljava/lang/String; @ 41 c2
Event: 39.812 Thread 0x000001e8d293eb20 DEOPT PACKING pc=0x000001e8be4415e4 sp=0x000000bd87af4ec0
Event: 39.812 Thread 0x000001e8d293eb20 DEOPT UNPACKING pc=0x000001e8bdeb43a2 sp=0x000000bd87af4e68 mode 2
Event: 39.889 Thread 0x000001e8d293eb20 Uncommon trap: trap_request=0xffffff45 fr.pc=0x000001e8be877f5c relative=0x00000000000003bc
Event: 39.889 Thread 0x000001e8d293eb20 Uncommon trap: reason=unstable_if action=reinterpret pc=0x000001e8be877f5c method=java.lang.ThreadLocal$ThreadLocalMap.cleanSomeSlots(II)Z @ 37 c2
Event: 39.889 Thread 0x000001e8d293eb20 DEOPT PACKING pc=0x000001e8be877f5c sp=0x000000bd87af7650
Event: 39.889 Thread 0x000001e8d293eb20 DEOPT UNPACKING pc=0x000001e8bdeb43a2 sp=0x000000bd87af7500 mode 2
Event: 39.941 Thread 0x000001e8d293eb20 Uncommon trap: trap_request=0xfffffff4 fr.pc=0x000001e8bea43d14 relative=0x0000000000000074
Event: 39.941 Thread 0x000001e8d293eb20 Uncommon trap: reason=null_check action=make_not_entrant pc=0x000001e8bea43d14 method=java.lang.Class.isAnnotation()Z @ 1 c2
Event: 39.941 Thread 0x000001e8d293eb20 DEOPT PACKING pc=0x000001e8bea43d14 sp=0x000000bd87af63e0
Event: 39.941 Thread 0x000001e8d293eb20 DEOPT UNPACKING pc=0x000001e8bdeb43a2 sp=0x000000bd87af6370 mode 2

Classes loaded (20 events):
Event: 28.368 Loading class java/util/Base64$Decoder
Event: 28.370 Loading class java/util/Base64$Decoder done
Event: 28.370 Loading class java/util/Base64$Encoder
Event: 28.370 Loading class java/util/Base64$Encoder done
Event: 28.371 Loading class java/util/jar/JarVerifier$VerifierStream
Event: 28.372 Loading class java/util/jar/JarVerifier$VerifierStream done
Event: 28.372 Loading class sun/security/util/ManifestEntryVerifier$SunProviderHolder
Event: 28.372 Loading class sun/security/util/ManifestEntryVerifier$SunProviderHolder done
Event: 28.457 Loading class java/security/KeyStore$ProtectionParameter
Event: 28.457 Loading class java/security/KeyStore$ProtectionParameter done
Event: 28.849 Loading class sun/reflect/annotation/AnnotationInvocationHandler$1
Event: 28.872 Loading class sun/reflect/annotation/AnnotationInvocationHandler$1 done
Event: 28.925 Loading class java/lang/foreign/ValueLayout
Event: 28.926 Loading class java/lang/foreign/MemoryLayout
Event: 28.927 Loading class java/lang/foreign/MemoryLayout done
Event: 28.927 Loading class java/lang/foreign/ValueLayout done
Event: 29.547 Loading class java/security/KeyStore
Event: 29.547 Loading class java/security/KeyStore done
Event: 39.656 Loading class java/util/Vector$Itr
Event: 39.657 Loading class java/util/Vector$Itr done

Classes unloaded (0 events):
No events

Classes redefined (0 events):
No events

Internal exceptions (20 events):
Event: 40.199 Thread 0x000001e8d293eb20 Exception <a 'sun/nio/fs/WindowsException'{0x00000000ffafb308}> (0x00000000ffafb308) 
thrown [s\src\hotspot\share\prims\jni.cpp, line 537]
Event: 40.200 Thread 0x000001e8d293eb20 Exception <a 'sun/nio/fs/WindowsException'{0x00000000ff90d598}> (0x00000000ff90d598) 
thrown [s\src\hotspot\share\prims\jni.cpp, line 537]
Event: 40.202 Thread 0x000001e8d293eb20 Exception <a 'sun/nio/fs/WindowsException'{0x00000000ff91eba8}> (0x00000000ff91eba8) 
thrown [s\src\hotspot\share\prims\jni.cpp, line 537]
Event: 40.202 Thread 0x000001e8d293eb20 Exception <a 'sun/nio/fs/WindowsException'{0x00000000ff930480}> (0x00000000ff930480) 
thrown [s\src\hotspot\share\prims\jni.cpp, line 537]
Event: 40.203 Thread 0x000001e8d293eb20 Exception <a 'sun/nio/fs/WindowsException'{0x00000000ff941870}> (0x00000000ff941870) 
thrown [s\src\hotspot\share\prims\jni.cpp, line 537]
Event: 40.204 Thread 0x000001e8d293eb20 Exception <a 'sun/nio/fs/WindowsException'{0x00000000ff951450}> (0x00000000ff951450) 
thrown [s\src\hotspot\share\prims\jni.cpp, line 537]
Event: 40.205 Thread 0x000001e8d293eb20 Exception <a 'sun/nio/fs/WindowsException'{0x00000000ff960598}> (0x00000000ff960598) 
thrown [s\src\hotspot\share\prims\jni.cpp, line 537]
Event: 40.206 Thread 0x000001e8d293eb20 Exception <a 'sun/nio/fs/WindowsException'{0x00000000ff973ea8}> (0x00000000ff973ea8) 
thrown [s\src\hotspot\share\prims\jni.cpp, line 537]
Event: 40.207 Thread 0x000001e8d293eb20 Exception <a 'sun/nio/fs/WindowsException'{0x00000000ff985748}> (0x00000000ff985748) 
thrown [s\src\hotspot\share\prims\jni.cpp, line 537]
Event: 40.208 Thread 0x000001e8d293eb20 Exception <a 'sun/nio/fs/WindowsException'{0x00000000ff996f00}> (0x00000000ff996f00) 
thrown [s\src\hotspot\share\prims\jni.cpp, line 537]
Event: 40.210 Thread 0x000001e8d293eb20 Exception <a 'sun/nio/fs/WindowsException'{0x00000000ff9a66d0}> (0x00000000ff9a66d0) 
thrown [s\src\hotspot\share\prims\jni.cpp, line 537]
Event: 40.211 Thread 0x000001e8d293eb20 Exception <a 'sun/nio/fs/WindowsException'{0x00000000ff9b85a0}> (0x00000000ff9b85a0) 
thrown [s\src\hotspot\share\prims\jni.cpp, line 537]
Event: 40.212 Thread 0x000001e8d293eb20 Exception <a 'sun/nio/fs/WindowsException'{0x00000000ff9c9638}> (0x00000000ff9c9638) 
thrown [s\src\hotspot\share\prims\jni.cpp, line 537]
Event: 40.213 Thread 0x000001e8d293eb20 Exception <a 'sun/nio/fs/WindowsException'{0x00000000ff9d8998}> (0x00000000ff9d8998) 
thrown [s\src\hotspot\share\prims\jni.cpp, line 537]
Event: 40.214 Thread 0x000001e8d293eb20 Exception <a 'sun/nio/fs/WindowsException'{0x00000000ff9ec058}> (0x00000000ff9ec058) 
thrown [s\src\hotspot\share\prims\jni.cpp, line 537]
Event: 40.216 Thread 0x000001e8d293eb20 Exception <a 'sun/nio/fs/WindowsException'{0x00000000ff9fe378}> (0x00000000ff9fe378) 
thrown [s\src\hotspot\share\prims\jni.cpp, line 537]
Event: 40.217 Thread 0x000001e8d293eb20 Exception <a 'sun/nio/fs/WindowsException'{0x00000000ff80f550}> (0x00000000ff80f550) 
thrown [s\src\hotspot\share\prims\jni.cpp, line 537]
Event: 40.218 Thread 0x000001e8d293eb20 Exception <a 'sun/nio/fs/WindowsException'{0x00000000ff81e9a0}> (0x00000000ff81e9a0) 
thrown [s\src\hotspot\share\prims\jni.cpp, line 537]
Event: 40.219 Thread 0x000001e8d293eb20 Exception <a 'sun/nio/fs/WindowsException'{0x00000000ff832018}> (0x00000000ff832018) 
thrown [s\src\hotspot\share\prims\jni.cpp, line 537]
Event: 40.220 Thread 0x000001e8d293eb20 Exception <a 'sun/nio/fs/WindowsException'{0x00000000ff843c30}> (0x00000000ff843c30) 
thrown [s\src\hotspot\share\prims\jni.cpp, line 537]

ZGC Phase Switch (0 events):
No events

VM Operations (20 events):
Event: 38.601 Executing non-safepoint VM operation: HandshakeAllThreads (Deoptimize) done
Event: 38.662 Executing safepoint VM operation: ICBufferFull
Event: 38.662 Executing safepoint VM operation: ICBufferFull done
Event: 38.858 Executing safepoint VM operation: G1CollectForAllocation (G1 Evacuation Pause)
Event: 38.874 Executing safepoint VM operation: G1CollectForAllocation (G1 Evacuation Pause) done
Event: 39.306 Executing safepoint VM operation: ICBufferFull
Event: 39.306 Executing safepoint VM operation: ICBufferFull done
Event: 39.456 Executing non-safepoint VM operation: HandshakeAllThreads (Deoptimize)
Event: 39.457 Executing non-safepoint VM operation: HandshakeAllThreads (Deoptimize) done
Event: 39.478 Executing safepoint VM operation: ICBufferFull
Event: 39.478 Executing safepoint VM operation: ICBufferFull done
Event: 39.577 Executing non-safepoint VM operation: HandshakeAllThreads (Deoptimize)
Event: 39.578 Executing non-safepoint VM operation: HandshakeAllThreads (Deoptimize) done
Event: 39.743 Executing safepoint VM operation: ICBufferFull
Event: 39.743 Executing safepoint VM operation: ICBufferFull done
Event: 39.758 Executing non-safepoint VM operation: HandshakeAllThreads (Deoptimize)
Event: 39.758 Executing non-safepoint VM operation: HandshakeAllThreads (Deoptimize) done
Event: 40.141 Executing safepoint VM operation: G1CollectForAllocation (G1 Evacuation Pause)
Event: 40.149 Executing safepoint VM operation: G1CollectForAllocation (G1 Evacuation Pause) done
Event: 40.221 Executing safepoint VM operation: G1PauseRemark

Memory protections (0 events):
No events

Nmethod flushes (20 events):
Event: 40.226 Thread 0x000001e8d0022040 flushing  nmethod 0x000001e8b6c5e790
Event: 40.226 Thread 0x000001e8d0022040 flushing  nmethod 0x000001e8b6c64f90
Event: 40.226 Thread 0x000001e8d0022040 flushing  nmethod 0x000001e8b6c66710
Event: 40.226 Thread 0x000001e8d0022040 flushing  nmethod 0x000001e8b6dfeb90
Event: 40.226 Thread 0x000001e8d0022040 flushing  nmethod 0x000001e8b6fdc810
Event: 40.226 Thread 0x000001e8d0022040 flushing  nmethod 0x000001e8b70c7910
Event: 40.226 Thread 0x000001e8d0022040 flushing  nmethod 0x000001e8b718bc10
Event: 40.226 Thread 0x000001e8d0022040 flushing  nmethod 0x000001e8b71e6890
Event: 40.226 Thread 0x000001e8d0022040 flushing  nmethod 0x000001e8b7225310
Event: 40.226 Thread 0x000001e8d0022040 flushing  nmethod 0x000001e8b743a490
Event: 40.226 Thread 0x000001e8d0022040 flushing  nmethod 0x000001e8b7810910
Event: 40.226 Thread 0x000001e8d0022040 flushing  nmethod 0x000001e8b7d04910
Event: 40.226 Thread 0x000001e8d0022040 flushing  nmethod 0x000001e8b7e03810
Event: 40.226 Thread 0x000001e8d0022040 flushing  nmethod 0x000001e8b7e04610
Event: 40.226 Thread 0x000001e8d0022040 flushing  nmethod 0x000001e8b7e04d10
Event: 40.226 Thread 0x000001e8d0022040 flushing  nmethod 0x000001e8b7e06190
Event: 40.226 Thread 0x000001e8d0022040 flushing  nmethod 0x000001e8b7e08e10
Event: 40.226 Thread 0x000001e8d0022040 flushing  nmethod 0x000001e8b7e09e90
Event: 40.226 Thread 0x000001e8d0022040 flushing  nmethod 0x000001e8b7e0db10
Event: 40.226 Thread 0x000001e8d0022040 flushing  nmethod 0x000001e8b7e9ef90

Events (20 events):
Event: 28.426 Thread 0x000001e8d00b6450 Thread added: 0x000001e8d6c2abc0
Event: 28.840 Thread 0x000001e8d6c2abc0 Thread exited: 0x000001e8d6c2abc0
Event: 28.844 Thread 0x000001e8d6c29e20 Thread exited: 0x000001e8d6c29e20
Event: 29.482 Thread 0x000001e8d00b6450 Thread added: 0x000001e8d6c2a4f0
Event: 30.101 Thread 0x000001e8d00b6450 Thread added: 0x000001e8d47d1da0
Event: 30.560 Thread 0x000001e8d47d1da0 Thread exited: 0x000001e8d47d1da0
Event: 30.599 Thread 0x000001e8d6c2a4f0 Thread exited: 0x000001e8d6c2a4f0
Event: 31.414 Thread 0x000001e8d00b6450 Thread added: 0x000001e8d47d1da0
Event: 31.738 Thread 0x000001e8d293eb20 Thread added: 0x000001e8ef906bc0
Event: 32.041 Thread 0x000001e8d47d1da0 Thread exited: 0x000001e8d47d1da0
Event: 34.481 Thread 0x000001e8d00b6450 Thread added: 0x000001e8d47d1da0
Event: 35.236 Thread 0x000001e8d47d1da0 Thread exited: 0x000001e8d47d1da0
Event: 35.951 Thread 0x000001e8d00b39a0 Thread added: 0x000001e8d6c43de0
Event: 36.354 Thread 0x000001e8d6c43de0 Thread exited: 0x000001e8d6c43de0
Event: 36.641 Thread 0x000001e8d00b39a0 Thread added: 0x000001e8d6c42970
Event: 37.062 Thread 0x000001e8d00b6450 Thread added: 0x000001e8d6c45920
Event: 39.658 Thread 0x000001e8d6c45920 Thread exited: 0x000001e8d6c45920
Event: 39.658 Thread 0x000001e8d6c42970 Thread exited: 0x000001e8d6c42970
Event: 39.847 Thread 0x000001e8d00b39a0 Thread added: 0x000001e8d6f51850
Event: 40.101 Thread 0x000001e8d6f51850 Thread exited: 0x000001e8d6f51850


Dynamic libraries:
0x00007ff737c40000 - 0x00007ff737c4a000 	C:\Program Files\Android\Android Studio\jbr\bin\java.exe
0x00007ffd4d620000 - 0x00007ffd4d886000 	C:\WINDOWS\SYSTEM32\ntdll.dll
0x00007ffd4c0c0000 - 0x00007ffd4c189000 	C:\WINDOWS\System32\KERNEL32.DLL
0x00007ffd4a970000 - 0x00007ffd4ad6a000 	C:\WINDOWS\System32\KERNELBASE.dll
0x00007ffd4b240000 - 0x00007ffd4b38c000 	C:\WINDOWS\System32\ucrtbase.dll
0x00007ffd23190000 - 0x00007ffd231a8000 	C:\Program Files\Android\Android Studio\jbr\bin\jli.dll
0x00007ffd41ab0000 - 0x00007ffd41acb000 	C:\Program Files\Android\Android Studio\jbr\bin\VCRUNTIME140.dll
0x00007ffd4c6b0000 - 0x00007ffd4c877000 	C:\WINDOWS\System32\USER32.dll
0x00007ffd4ad70000 - 0x00007ffd4ad97000 	C:\WINDOWS\System32\win32u.dll
0x00007ffd4c290000 - 0x00007ffd4c2bb000 	C:\WINDOWS\System32\GDI32.dll
0x00007ffd319a0000 - 0x00007ffd31c32000 	C:\WINDOWS\WinSxS\amd64_microsoft.windows.common-controls_6595b64144ccf1df_6.0.26100.8521_none_3e08b75ce33403b3\COMCTL32.dll
0x00007ffd4af20000 - 0x00007ffd4b04b000 	C:\WINDOWS\System32\gdi32full.dll
0x00007ffd4d470000 - 0x00007ffd4d519000 	C:\WINDOWS\System32\msvcrt.dll
0x00007ffd4b050000 - 0x00007ffd4b0f3000 	C:\WINDOWS\System32\msvcp_win.dll
0x00007ffd4bec0000 - 0x00007ffd4bef2000 	C:\WINDOWS\System32\IMM32.DLL
0x00007ffd47850000 - 0x00007ffd4785c000 	C:\Program Files\Android\Android Studio\jbr\bin\vcruntime140_1.dll
0x00007ffd2aca0000 - 0x00007ffd2ad2d000 	C:\Program Files\Android\Android Studio\jbr\bin\msvcp140.dll
0x00007ffc417a0000 - 0x00007ffc42436000 	C:\Program Files\Android\Android Studio\jbr\bin\server\jvm.dll
0x00007ffd4d3b0000 - 0x00007ffd4d466000 	C:\WINDOWS\System32\ADVAPI32.dll
0x00007ffd4d530000 - 0x00007ffd4d5da000 	C:\WINDOWS\System32\sechost.dll
0x00007ffd4bf10000 - 0x00007ffd4c028000 	C:\WINDOWS\System32\RPCRT4.dll
0x00007ffd4c030000 - 0x00007ffd4c0b0000 	C:\WINDOWS\System32\WS2_32.dll
0x00007ffd4a730000 - 0x00007ffd4a78e000 	C:\WINDOWS\SYSTEM32\POWRPROF.dll
0x00007ffd43270000 - 0x00007ffd4327b000 	C:\WINDOWS\SYSTEM32\VERSION.dll
0x00007ffd41610000 - 0x00007ffd41646000 	C:\WINDOWS\SYSTEM32\WINMM.dll
0x00007ffd4a710000 - 0x00007ffd4a724000 	C:\WINDOWS\SYSTEM32\UMPDC.dll
0x00007ffd49600000 - 0x00007ffd4961b000 	C:\WINDOWS\SYSTEM32\kernel.appcore.dll
0x00007ffd41b00000 - 0x00007ffd41b0a000 	C:\Program Files\Android\Android Studio\jbr\bin\jimage.dll
0x00007ffd40770000 - 0x00007ffd409b2000 	C:\WINDOWS\SYSTEM32\DBGHELP.DLL
0x00007ffd4c320000 - 0x00007ffd4c6a3000 	C:\WINDOWS\System32\combase.dll
0x00007ffd4bb80000 - 0x00007ffd4bc59000 	C:\WINDOWS\System32\OLEAUT32.dll
0x00007ffd31190000 - 0x00007ffd311cb000 	C:\WINDOWS\SYSTEM32\dbgcore.DLL
0x00007ffd4b190000 - 0x00007ffd4b238000 	C:\WINDOWS\System32\bcryptPrimitives.dll
0x00007ffd426d0000 - 0x00007ffd426de000 	C:\Program Files\Android\Android Studio\jbr\bin\instrument.dll
0x00007ffd35080000 - 0x00007ffd350a0000 	C:\Program Files\Android\Android Studio\jbr\bin\java.dll
0x00007ffd2ce90000 - 0x00007ffd2cea8000 	C:\Program Files\Android\Android Studio\jbr\bin\zip.dll
0x00007ffd4c880000 - 0x00007ffd4d004000 	C:\WINDOWS\System32\SHELL32.dll
0x00007ffd48430000 - 0x00007ffd48cb0000 	C:\WINDOWS\SYSTEM32\windows.storage.dll
0x00007ffd4ba80000 - 0x00007ffd4bb76000 	C:\WINDOWS\System32\SHCORE.dll
0x00007ffd4d1f0000 - 0x00007ffd4d257000 	C:\WINDOWS\System32\shlwapi.dll
0x00007ffd4a7d0000 - 0x00007ffd4a7f9000 	C:\WINDOWS\SYSTEM32\profapi.dll
0x00007ffd41ae0000 - 0x00007ffd41af0000 	C:\Program Files\Android\Android Studio\jbr\bin\net.dll
0x00007ffd43670000 - 0x00007ffd43799000 	C:\WINDOWS\SYSTEM32\WINHTTP.dll
0x00007ffd49b50000 - 0x00007ffd49bbc000 	C:\WINDOWS\system32\mswsock.dll
0x00007ffd29de0000 - 0x00007ffd29df6000 	C:\Program Files\Android\Android Studio\jbr\bin\nio.dll
0x00007ffd3bf30000 - 0x00007ffd3bf40000 	C:\Program Files\Android\Android Studio\jbr\bin\verify.dll
0x00007ffd3bec0000 - 0x00007ffd3bee7000 	C:\Users\Kabo\.gradle\native\660c5614fbf4a5f2a75b1949f50a0caf5cd603558e7d8a26e50b933a0cfb79d1\windows-amd64\native-platform.dll
0x00007ffd2ac20000 - 0x00007ffd2ac97000 	C:\Users\Kabo\.gradle\native\0.2.8\x86_64-windows-gnu\gradle-fileevents.dll
0x00007ffd41530000 - 0x00007ffd41539000 	C:\Program Files\Android\Android Studio\jbr\bin\management.dll
0x00007ffd40c80000 - 0x00007ffd40c8b000 	C:\Program Files\Android\Android Studio\jbr\bin\management_ext.dll
0x00007ffd4d520000 - 0x00007ffd4d528000 	C:\WINDOWS\System32\PSAPI.DLL
0x00007ffd48fe0000 - 0x00007ffd49013000 	C:\WINDOWS\SYSTEM32\IPHLPAPI.DLL
0x00007ffd4beb0000 - 0x00007ffd4beba000 	C:\WINDOWS\System32\NSI.dll
0x00007ffd41aa0000 - 0x00007ffd41aa9000 	C:\Program Files\Android\Android Studio\jbr\bin\extnet.dll
0x00007ffd49f50000 - 0x00007ffd49f6b000 	C:\WINDOWS\SYSTEM32\CRYPTSP.dll
0x00007ffd49560000 - 0x00007ffd49599000 	C:\WINDOWS\system32\rsaenh.dll
0x00007ffd49c00000 - 0x00007ffd49c33000 	C:\WINDOWS\SYSTEM32\USERENV.dll
0x00007ffd4a7a0000 - 0x00007ffd4a7ca000 	C:\WINDOWS\SYSTEM32\bcrypt.dll
0x00007ffd49db0000 - 0x00007ffd49dbc000 	C:\WINDOWS\SYSTEM32\CRYPTBASE.dll
0x00007ffd1c010000 - 0x00007ffd1c018000 	C:\WINDOWS\system32\wshunix.dll

JVMTI agents:
C:\Users\Kabo\.gradle\wrapper\dists\gradle-9.3.1-bin\23ovyewtku6u96viwx3xl3oks\gradle-9.3.1\lib\agents\gradle-instrumentation-agent-9.3.1.jar path:C:\Program Files\Android\Android Studio\jbr\bin\instrument.dll, loaded, initialized, instrumentlib options:none

dbghelp: loaded successfully - version: 4.0.5 - missing functions: none
symbol engine: initialized successfully - sym options: 0x614 - pdb path: .;C:\Program Files\Android\Android Studio\jbr\bin;C:\WINDOWS\SYSTEM32;C:\WINDOWS\WinSxS\amd64_microsoft.windows.common-controls_6595b64144ccf1df_6.0.26100.8521_none_3e08b75ce33403b3;C:\Program Files\Android\Android Studio\jbr\bin\server;C:\Users\Kabo\.gradle\native\660c5614fbf4a5f2a75b1949f50a0caf5cd603558e7d8a26e50b933a0cfb79d1\windows-amd64;C:\Users\Kabo\.gradle\native\0.2.8\x86_64-windows-gnu

VM Arguments:
jvm_args: --add-opens=java.base/java.lang=ALL-UNNAMED --add-opens=java.base/java.lang.invoke=ALL-UNNAMED --add-opens=java.base/java.util=ALL-UNNAMED --add-opens=java.prefs/java.util.prefs=ALL-UNNAMED --add-exports=jdk.compiler/com.sun.tools.javac.api=ALL-UNNAMED --add-exports=jdk.compiler/com.sun.tools.javac.util=ALL-UNNAMED --add-opens=java.base/java.util=ALL-UNNAMED --add-opens=java.prefs/java.util.prefs=ALL-UNNAMED --add-opens=java.base/java.nio.charset=ALL-UNNAMED --add-opens=java.base/java.net=ALL-UNNAMED --add-opens=java.base/java.util.concurrent=ALL-UNNAMED --add-opens=java.base/java.util.concurrent.atomic=ALL-UNNAMED --add-opens=java.xml/javax.xml.namespace=ALL-UNNAMED --add-opens=java.base/java.time=ALL-UNNAMED -Xmx2048m -Dfile.encoding=UTF-8 -Duser.country=US -Duser.language=en -Duser.variant -javaagent:C:\Users\Kabo\.gradle\wrapper\dists\gradle-9.3.1-bin\23ovyewtku6u96viwx3xl3oks\gradle-9.3.1\lib\agents\gradle-instrumentation-agent-9.3.1.jar 
java_command: org.gradle.launcher.daemon.bootstrap.GradleDaemon 9.3.1
java_class_path (initial): C:\Users\Kabo\.gradle\wrapper\dists\gradle-9.3.1-bin\23ovyewtku6u96viwx3xl3oks\gradle-9.3.1\lib\gradle-daemon-main-9.3.1.jar
Launcher Type: SUN_STANDARD

[Global flags]
     intx CICompilerCount                          = 4                                         {product} {ergonomic}
     uint ConcGCThreads                            = 3                                         {product} {ergonomic}
     uint G1ConcRefinementThreads                  = 10                                        {product} {ergonomic}
   size_t G1HeapRegionSize                         = 1048576                                   {product} {ergonomic}
    uintx GCDrainStackTargetSize                   = 64                                        {product} {ergonomic}
   size_t InitialHeapSize                          = 123731968                                 {product} {ergonomic}
   size_t MarkStackSize                            = 4194304                                   {product} {ergonomic}
   size_t MaxHeapSize                              = 2147483648                                {product} {command line}
   size_t MaxNewSize                               = 1287651328                                {product} {ergonomic}
   size_t MinHeapDeltaBytes                        = 1048576                                   {product} {ergonomic}
   size_t MinHeapSize                              = 8388608                                   {product} {ergonomic}
    uintx NonNMethodCodeHeapSize                   = 5839372                                {pd product} {ergonomic}
    uintx NonProfiledCodeHeapSize                  = 122909434                              {pd product} {ergonomic}
    uintx ProfiledCodeHeapSize                     = 122909434                              {pd product} {ergonomic}
    uintx ReservedCodeCacheSize                    = 251658240                              {pd product} {ergonomic}
     bool SegmentedCodeCache                       = true                                      {product} {ergonomic}
   size_t SoftMaxHeapSize                          = 2147483648                             {manageable} {ergonomic}
     bool UseCompressedOops                        = true                           {product lp64_product} {ergonomic}
     bool UseG1GC                                  = true                                      {product} {ergonomic}
     bool UseLargePagesIndividualAllocation        = false                                  {pd product} {ergonomic}

Logging:
Log output configuration:
 #0: stdout all=warning uptime,level,tags foldmultilines=false
 #1: stderr all=off uptime,level,tags foldmultilines=false

Release file:
JAVA_VERSION="21.0.10" 
MODULES="java.base java.compiler java.datatransfer java.xml java.prefs java.desktop java.instrument java.logging java.management java.security.sasl java.naming java.rmi java.management.rmi java.net.http java.scripting java.security.jgss java.transaction.xa java.sql java.sql.rowset java.xml.crypto java.se java.smartcardio jdk.accessibility jdk.internal.jvmstat jdk.attach jdk.charsets jdk.internal.opt jdk.zipfs jdk.compiler jdk.crypto.ec jdk.crypto.cryptoki jdk.dynalink jdk.hotspot.agent jdk.httpserver jdk.internal.ed jdk.internal.le jdk.internal.vm.ci jdk.jartool jdk.javadoc jdk.jcmd jdk.jdeps jdk.jdwp.agent jdk.jdi jdk.jfr jdk.jlink jdk.jsobject jdk.localedata jdk.management jdk.management.agent jdk.management.jfr jdk.naming.dns jdk.naming.rmi jdk.net jdk.sctp jdk.security.auth jdk.security.jgss jdk.unsupported jdk.unsupported.desktop jdk.xml.dom" 
IMPLEMENTOR="JetBrains s.r.o." 
JAVA_RUNTIME_VERSION="21.0.10+-14961533-b1163.108" 
LIBC="default" 
OS_ARCH="x86_64" 
OS_NAME="Windows" 
SOURCE=".:git:1351622c2ff2" 

Environment Variables:
JAVA_HOME=C:\Program Files\Java\jdk-23
PATH=C:\Program Files (x86)\NVIDIA Corporation\PhysX\Common;C:\Program Files\Common Files\Oracle\Java\javapath;C:\WINDOWS\system32;C:\WINDOWS;C:\WINDOWS\System32\Wbem;C:\WINDOWS\System32\WindowsPowerShell\v1.0\;C:\WINDOWS\System32\OpenSSH\;C:\msys64\mingw64\bin;C:\Program Files\Git\cmd;C:\Program Files\nodejs\;D:\sql\160\Tools\Binn\;C:\Program Files\Microsoft SQL Server\160\Tools\Binn\;C:\Program Files\Microsoft SQL Server\Client SDK\ODBC\170\Tools\Binn\;C:\Program Files\Microsoft SQL Server\160\DTS\Binn\;C:\Users\Kabo\AppData\Local\Microsoft\WindowsApps;C:\flutter\flutter\bin;C:\Program Files\Git\bin;C:\dart-sdk\bin;C:\Users\Kabo\AppData\Local\Android\Sdk;C:\cmdline-tools\latest\bin;C:\Users\Kabo\AppData\Local\Programs\Microsoft VS Code\bin;C:\Program Files\Java\jdk-23\bin;D:\Program Files\CLion 2025.1.3\bin;;C:\Users\Kabo\AppData\Local\Pub\Cache\bin;C:\Users\Kabo\AppData\Roaming\npm;C:\Users\Kabo\AppData\Local\GitHubDesktop\bin
USERNAME=Kabo
OS=Windows_NT
PROCESSOR_IDENTIFIER=AMD64 Family 23 Model 104 Stepping 1, AuthenticAMD
TMP=C:\Users\Kabo\AppData\Local\Temp
TEMP=C:\Users\Kabo\AppData\Local\Temp




Periodic native trim disabled

JNI global refs:
JNI global refs: 27, weak refs: 0

JNI global refs memory usage: 835, weak refs: 833

Process memory usage:
Resident Set Size: 613064K (7% of 7681736K total physical memory with 1255932K free physical memory)

OOME stack traces (most recent first):
Classloader memory used:
Loader org.gradle.internal.classloader.VisitableURLClassLoader                         : 107M
Loader bootstrap                                                                       : 25978K
Loader org.gradle.internal.classloader.VisitableURLClassLoader$InstrumentingVisitableURLClassLoader: 14476K
Loader org.gradle.initialization.MixInLegacyTypesClassLoader                           : 11962K
Loader org.gradle.internal.classloader.VisitableURLClassLoader                         : 1173K
Loader jdk.internal.reflect.DelegatingClassLoader                                      : 345K
Loader jdk.internal.jrtfs.JrtFileSystemProvider$JrtFsLoader                            : 341K
Loader jdk.internal.loader.ClassLoaders$AppClassLoader                                 : 229K
Loader jdk.internal.loader.ClassLoaders$PlatformClassLoader                            : 215K
Loader org.gradle.groovy.scripts.internal.DefaultScriptCompilationHandler$ScriptClassLoader: 92656B

Classes loaded by more than one classloader:
Class Program                                                                         : loaded 5 times (x 72B)
Class Build_gradle                                                                    : loaded 3 times (x 126B)
Class com.google.common.collect.PeekingIterator                                       : loaded 3 times (x 70B)
Class com.google.common.base.Preconditions                                            : loaded 3 times (x 71B)
Class org.gradle.internal.IoActions                                                   : loaded 3 times (x 71B)
Class org.gradle.api.GradleException                                                  : loaded 3 times (x 82B)
Class org.gradle.api.Action                                                           : loaded 3 times (x 70B)
Class org.gradle.internal.Cast                                                        : loaded 3 times (x 71B)
Class com.google.common.collect.Iterators$9                                           : loaded 3 times (x 81B)
Class com.google.common.collect.ImmutableList                                         : loaded 3 times (x 206B)
Class com.google.common.collect.Lists                                                 : loaded 3 times (x 71B)
Class com.google.common.collect.ImmutableCollection                                   : loaded 3 times (x 125B)
Class com.google.common.collect.Iterators$5                                           : loaded 3 times (x 82B)
Class com.google.common.collect.Iterators$4                                           : loaded 3 times (x 82B)
Class com.google.common.collect.Iterators$1                                           : loaded 3 times (x 81B)
Class com.google.common.collect.Iterators$MergingIterator                             : loaded 3 times (x 81B)
Class com.google.common.collect.UnmodifiableListIterator                              : loaded 3 times (x 95B)
Class com.google.common.collect.AbstractIndexedListIterator                           : loaded 3 times (x 96B)
Class com.google.common.collect.AbstractIterator                                      : loaded 3 times (x 82B)
Class com.google.common.collect.Lists$StringAsImmutableList                           : loaded 3 times (x 207B)
Class com.google.common.collect.Iterators                                             : loaded 3 times (x 71B)
Class com.google.common.collect.Iterators$SingletonIterator                           : loaded 3 times (x 81B)
Class com.google.common.collect.UnmodifiableIterator                                  : loaded 3 times (x 80B)
Class com.google.common.collect.Iterators$ArrayItr                                    : loaded 3 times (x 97B)
Class kotlin.collections.AbstractList$Companion                                       : loaded 2 times (x 71B)
Class org.gradle.internal.classloader.ClassLoaderVisitor                              : loaded 2 times (x 76B)
Class [Lcom.google.common.collect.ImmutableMapEntry;                                  : loaded 2 times (x 69B)
Class org.gradle.api.internal.classpath.EffectiveClassPath                            : loaded 2 times (x 90B)
Class com.google.common.collect.ListMultimap                                          : loaded 2 times (x 70B)
Class com.google.common.collect.ImmutableEnumMap                                      : loaded 2 times (x 126B)
Class org.gradle.tooling.internal.gradle.DefaultProjectIdentifier                     : loaded 2 times (x 86B)
Class com.google.common.collect.Sets$1                                                : loaded 2 times (x 139B)
Class org.objectweb.asm.AnnotationVisitor                                             : loaded 2 times (x 78B)
Class org.gradle.api.internal.DefaultClassPathProvider                                : loaded 2 times (x 76B)
Class com.google.common.collect.Sets$2                                                : loaded 2 times (x 139B)
Class [Lorg.gradle.api.internal.ClassPathProvider;                                    : loaded 2 times (x 69B)
Class org.gradle.api.internal.ClassPathProvider                                       : loaded 2 times (x 70B)
Class [Lorg.objectweb.asm.AnnotationVisitor;                                          : loaded 2 times (x 69B)
Class com.google.common.collect.Sets$3                                                : loaded 2 times (x 139B)
Class com.google.common.cache.LocalCache$LocalLoadingCache                            : loaded 2 times (x 134B)
Class org.gradle.internal.service.UnknownServiceException                             : loaded 2 times (x 83B)
Class com.google.common.collect.Sets$4                                                : loaded 2 times (x 139B)
Class org.objectweb.asm.ModuleVisitor                                                 : loaded 2 times (x 81B)
Class com.google.common.cache.LocalCache$Strength$1                                   : loaded 2 times (x 81B)
Class com.google.common.util.concurrent.SettableFuture                                : loaded 2 times (x 114B)
Class com.google.common.cache.LocalCache$Strength$2                                   : loaded 2 times (x 81B)
Class com.google.common.cache.LocalCache$Strength$3                                   : loaded 2 times (x 81B)
Class com.google.common.collect.MapDifference                                         : loaded 2 times (x 70B)
Class org.objectweb.asm.FieldWriter                                                   : loaded 2 times (x 78B)
Class com.google.common.cache.CacheBuilder$NullListener                               : loaded 2 times (x 82B)
Class org.gradle.internal.classpath.TransformedClassPath                              : loaded 2 times (x 96B)
Class org.gradle.internal.classloader.InstrumentingClassLoader                        : loaded 2 times (x 70B)
Class com.google.common.cache.CacheLoader$FunctionToCacheLoader                       : loaded 2 times (x 75B)
Class org.gradle.internal.classloader.DefaultClassLoaderFactory                       : loaded 2 times (x 82B)
Class com.google.common.collect.ImmutableCollection$Builder                           : loaded 2 times (x 76B)
Class kotlin.enums.EnumEntriesList                                                    : loaded 2 times (x 223B)
Class com.google.common.base.Joiner                                                   : loaded 2 times (x 79B)
Class com.google.common.base.MoreObjects                                              : loaded 2 times (x 71B)
Class com.google.common.collect.Platform                                              : loaded 2 times (x 71B)
Class [Lorg.objectweb.asm.Type;                                                       : loaded 2 times (x 69B)
Class com.google.common.base.Suppliers                                                : loaded 2 times (x 71B)
Class org.gradle.internal.service.ServiceLocator                                      : loaded 2 times (x 70B)
Class com.google.common.base.Ascii                                                    : loaded 2 times (x 71B)
Class com.google.common.collect.SingletonImmutableBiMap                               : loaded 2 times (x 143B)
Class com.google.common.cache.LocalCache$1                                            : loaded 2 times (x 89B)
Class [Lcom.google.common.cache.CacheBuilder$OneWeigher;                              : loaded 2 times (x 69B)
Class com.google.common.collect.AbstractMapEntry                                      : loaded 2 times (x 81B)
Class jdk.internal.jrtfs.JrtFileSystemProvider                                        : loaded 2 times (x 101B)
Class com.intellij.gradle.toolingExtension.util.GradleVersionUtil                     : loaded 2 times (x 71B)
Class org.gradle.tooling.model.UnsupportedMethodException                             : loaded 2 times (x 82B)
Class com.google.common.collect.ImmutableList$Builder                                 : loaded 2 times (x 77B)
Class com.google.common.collect.AbstractMultimap                                      : loaded 2 times (x 123B)
Class com.google.common.cache.LocalCache$2                                            : loaded 2 times (x 142B)
Class com.google.common.collect.RegularImmutableAsList                                : loaded 2 times (x 217B)
Class com.google.common.util.concurrent.AbstractFuture$Trusted                        : loaded 2 times (x 70B)
Class org.objectweb.asm.MethodTooLargeException                                       : loaded 2 times (x 83B)
Class org.gradle.internal.operations.MultipleBuildOperationFailures                   : loaded 2 times (x 95B)
Class com.google.common.util.concurrent.UncheckedExecutionException                   : loaded 2 times (x 82B)
Class org.gradle.kotlin.dsl.VersionCatalogAccessorsKt                                 : loaded 2 times (x 71B)
Class jdk.internal.jimage.ImageLocation                                               : loaded 2 times (x 90B)
Class ijInit1_7kuqguvl5i0dzr882g47jaebj                                               : loaded 2 times (x 171B)
Class org.objectweb.asm.ClassWriter                                                   : loaded 2 times (x 106B)
Class com.google.common.cache.CacheLoader$UnsupportedLoadingOperationException        : loaded 2 times (x 82B)
Class com.google.common.base.CharMatcher$And                                          : loaded 2 times (x 112B)
Class jdk.internal.jimage.ImageBufferCache$1                                          : loaded 2 times (x 83B)
Class org.gradle.internal.time.DefaultTimer                                           : loaded 2 times (x 80B)
Class org.gradle.internal.classloader.ClasspathUtil$1                                 : loaded 2 times (x 76B)
Class org.objectweb.asm.FieldVisitor                                                  : loaded 2 times (x 77B)
Class com.google.common.collect.IndexedImmutableSet                                   : loaded 2 times (x 152B)
Class com.google.common.collect.ImmutableMap$1                                        : loaded 2 times (x 81B)
Class com.google.common.collect.BiMap                                                 : loaded 2 times (x 70B)
Class jdk.internal.jimage.ImageBufferCache$2                                          : loaded 2 times (x 91B)
Class org.gradle.api.internal.classpath.DefaultModuleRegistry$DefaultModule           : loaded 2 times (x 86B)
Class com.google.common.primitives.Ints                                               : loaded 2 times (x 71B)
Class ijInit1_7kuqguvl5i0dzr882g47jaebj$_run_closure1                                 : loaded 2 times (x 140B)
Class com.google.common.collect.ObjectArrays                                          : loaded 2 times (x 71B)
Class com.google.common.math.MathPreconditions                                        : loaded 2 times (x 71B)
Class com.google.common.collect.Multiset                                              : loaded 2 times (x 70B)
Class com.google.common.collect.ArrayListMultimapGwtSerializationDependencies         : loaded 2 times (x 172B)
Class jdk.internal.jimage.decompressor.StringSharingDecompressorFactory               : loaded 2 times (x 74B)
Class org.gradle.internal.time.DefaultCountdownTimer                                  : loaded 2 times (x 88B)
Class com.google.common.collect.ImmutableMapEntrySet                                  : loaded 2 times (x 152B)
Class org.gradle.tooling.internal.gradle.DefaultBuildIdentifier                       : loaded 2 times (x 79B)
Class org.gradle.api.internal.classpath.Module                                        : loaded 2 times (x 70B)
Class com.google.common.cache.Weigher                                                 : loaded 2 times (x 70B)
Class org.gradle.api.internal.classpath.UnknownModuleException                        : loaded 2 times (x 82B)
Class com.google.common.base.Stopwatch                                                : loaded 2 times (x 72B)
Class com.google.common.cache.LocalCache$Strength                                     : loaded 2 times (x 81B)
Class com.google.common.cache.Cache                                                   : loaded 2 times (x 70B)
Class jdk.internal.jimage.ImageHeader                                                 : loaded 2 times (x 71B)
Class com.google.common.util.concurrent.AbstractFuture$Cancellation                   : loaded 2 times (x 72B)
Class com.google.common.collect.ImmutableMap$Builder                                  : loaded 2 times (x 82B)
Class com.google.common.cache.RemovalListener                                         : loaded 2 times (x 70B)
Class org.gradle.tooling.internal.gradle.GradleProjectIdentity                        : loaded 2 times (x 70B)
Class org.gradle.api.internal.DefaultClassPathRegistry                                : loaded 2 times (x 76B)
Class com.google.common.primitives.IntsMethodsForWeb                                  : loaded 2 times (x 71B)
Class com.google.common.collect.Multimap                                              : loaded 2 times (x 70B)
Class org.gradle.api.internal.ClassPathRegistry                                       : loaded 2 times (x 70B)
Class org.gradle.internal.classpath.DefaultClassPath$ImmutableUniqueList              : loaded 2 times (x 199B)
Class jdk.internal.jimage.decompressor.ResourceDecompressor                           : loaded 2 times (x 70B)
Class org.objectweb.asm.ClassVisitor                                                  : loaded 2 times (x 88B)
Class com.google.common.cache.CacheBuilder                                            : loaded 2 times (x 72B)
Class com.google.common.collect.SingletonImmutableList                                : loaded 2 times (x 207B)
Class Settings_gradle$1                                                               : loaded 2 times (x 74B)
Class org.gradle.internal.classpath.ClassPath                                         : loaded 2 times (x 70B)
Class com.google.common.collect.ImmutableList$ReverseImmutableList                    : loaded 2 times (x 209B)
Class org.objectweb.asm.SymbolTable$Entry                                             : loaded 2 times (x 74B)
Class org.objectweb.asm.Edge                                                          : loaded 2 times (x 72B)
Class com.google.common.base.Suppliers$SupplierOfInstance                             : loaded 2 times (x 79B)
Class [Lorg.objectweb.asm.Symbol;                                                     : loaded 2 times (x 69B)
Class jdk.internal.jimage.ImageStringsReader                                          : loaded 2 times (x 80B)
Class org.gradle.tooling.model.Model                                                  : loaded 2 times (x 70B)
Class com.google.common.cache.LocalCache$ComputingValueReference                      : loaded 2 times (x 96B)
Class com.google.common.collect.SingletonImmutableSet                                 : loaded 2 times (x 146B)
Class com.google.common.collect.ImmutableMap$IteratorBasedImmutableMap                : loaded 2 times (x 126B)
Class kotlin.UninitializedPropertyAccessException                                     : loaded 2 times (x 82B)
Class com.google.common.cache.LocalCache$Segment                                      : loaded 2 times (x 154B)
Class jdk.internal.jimage.ImageReader                                                 : loaded 2 times (x 75B)
Class com.google.common.collect.AbstractListMultimap                                  : loaded 2 times (x 172B)
Class [Lorg.objectweb.asm.SymbolTable$Entry;                                          : loaded 2 times (x 69B)
Class com.google.common.cache.CacheLoader                                             : loaded 2 times (x 74B)
Class com.google.common.collect.ImmutableMap$MapViewOfValuesAsSingletonSets           : loaded 2 times (x 126B)
Class com.google.common.collect.ImmutableBiMap                                        : loaded 2 times (x 143B)
Class jdk.internal.jimage.ImageReader$SharedImageReader                               : loaded 2 times (x 95B)
Class org.gradle.api.internal.classpath.ModuleRegistry                                : loaded 2 times (x 70B)
Class org.gradle.internal.installation.GradleInstallation$1                           : loaded 2 times (x 75B)
Class com.google.common.collect.ImmutableSet$JdkBackedSetBuilderImpl                  : loaded 2 times (x 76B)
Class com.google.common.util.concurrent.internal.InternalFutureFailureAccess          : loaded 2 times (x 72B)
Class com.google.common.collect.RegularImmutableMap                                   : loaded 2 times (x 121B)
Class jdk.internal.jimage.decompressor.ResourceDecompressorFactory                    : loaded 2 times (x 74B)
Class com.google.common.cache.LocalCache$LocalManualCache$1                           : loaded 2 times (x 75B)
Class com.google.common.base.CharMatcher$ForPredicate                                 : loaded 2 times (x 112B)
Class com.google.common.base.CharMatcher$AnyOf                                        : loaded 2 times (x 112B)
Class org.gradle.api.internal.classpath.ManifestUtil                                  : loaded 2 times (x 71B)
Class jdk.internal.jimage.ImageReader$Node                                            : loaded 2 times (x 84B)
Class org.gradle.api.internal.classpath.DefaultModuleRegistry                         : loaded 2 times (x 86B)
Class com.google.common.collect.ImmutableList$1                                       : loaded 2 times (x 97B)
Class com.google.common.util.concurrent.ListenableFuture                              : loaded 2 times (x 70B)
Class com.google.common.cache.ReferenceEntry                                          : loaded 2 times (x 70B)
Class com.google.common.base.Converter                                                : loaded 2 times (x 90B)
Class com.google.common.collect.ImmutableSet$CachingAsList                            : loaded 2 times (x 148B)
Class jdk.internal.jimage.BasicImageReader$1                                          : loaded 2 times (x 77B)
Class com.google.common.collect.AbstractMapBasedMultimap                              : loaded 2 times (x 139B)
Class com.google.common.util.concurrent.AbstractFuture                                : loaded 2 times (x 106B)
Class com.google.common.util.concurrent.ExecutionError                                : loaded 2 times (x 82B)
Class com.google.common.collect.ImmutableEnumSet                                      : loaded 2 times (x 146B)
Class com.google.common.collect.ImmutableAsList                                       : loaded 2 times (x 209B)
Class org.objectweb.asm.RecordComponentVisitor                                        : loaded 2 times (x 77B)
Class com.google.common.cache.CacheLoader$SupplierToCacheLoader                       : loaded 2 times (x 75B)
Class jdk.internal.jimage.decompressor.Decompressor                                   : loaded 2 times (x 72B)
Class org.gradle.internal.time.MonotonicClock                                         : loaded 2 times (x 77B)
Class org.gradle.internal.service.ServiceLookupException                              : loaded 2 times (x 82B)
Class [Lcom.google.common.cache.LocalCache$EntryFactory;                              : loaded 2 times (x 69B)
Class org.gradle.internal.classloader.ClassLoaderFactory                              : loaded 2 times (x 70B)
Class com.google.common.cache.LocalCache$LocalManualCache                             : loaded 2 times (x 99B)
Class com.google.common.base.CharMatcher$IsNot                                        : loaded 2 times (x 111B)
Class org.gradle.internal.service.CachingServiceLocator                               : loaded 2 times (x 82B)
Class com.google.common.math.IntMath                                                  : loaded 2 times (x 71B)
Class com.google.common.collect.ImmutableMapEntry                                     : loaded 2 times (x 85B)
Class org.gradle.internal.time.TimeSource                                             : loaded 2 times (x 70B)
Class com.google.common.base.Equivalence                                              : loaded 2 times (x 82B)
Class com.google.common.base.Function                                                 : loaded 2 times (x 70B)
Class com.google.common.collect.ImmutableMapEntry$NonTerminalImmutableMapEntry        : loaded 2 times (x 85B)
Class org.gradle.tooling.internal.gradle.GradleBuildIdentity                          : loaded 2 times (x 70B)
Class kotlin.enums.EnumEntries                                                        : loaded 2 times (x 70B)
Class com.google.common.cache.CacheBuilder$OneWeigher                                 : loaded 2 times (x 82B)
Class com.google.common.collect.RegularImmutableList                                  : loaded 2 times (x 213B)
Class org.gradle.internal.exceptions.ResolutionProvider                               : loaded 2 times (x 70B)
Class jdk.internal.jimage.ImageBufferCache                                            : loaded 2 times (x 71B)
Class jdk.internal.jrtfs.JrtPath                                                      : loaded 2 times (x 118B)
Class org.gradle.tooling.model.ProjectIdentifier                                      : loaded 2 times (x 70B)
Class org.gradle.internal.classloader.ClasspathUtil                                   : loaded 2 times (x 71B)
Class com.google.common.util.concurrent.Uninterruptibles                              : loaded 2 times (x 71B)
Class org.jetbrains.kotlin.tooling.core.HasExtras                                     : loaded 2 times (x 70B)
Class com.google.common.util.concurrent.LazyLogger                                    : loaded 2 times (x 72B)
Class com.google.common.collect.Maps                                                  : loaded 2 times (x 71B)
Class org.gradle.internal.time.TimeSource$1                                           : loaded 2 times (x 77B)
Class kotlin.jvm.internal.DefaultConstructorMarker                                    : loaded 2 times (x 71B)
Class org.gradle.api.specs.Spec                                                       : loaded 2 times (x 70B)
Class [Lcom.google.common.collect.ImmutableEntry;                                     : loaded 2 times (x 69B)
Class com.google.common.cache.LocalCache$LoadingValueReference                        : loaded 2 times (x 96B)
Class jdk.internal.jimage.decompressor.ResourceDecompressorRepository                 : loaded 2 times (x 71B)
Class com.intellij.gradle.toolingExtension.impl.model.utilDummyModel.DummyModel       : loaded 2 times (x 70B)
Class org.gradle.internal.time.Clock                                                  : loaded 2 times (x 70B)
Class [Lorg.objectweb.asm.AnnotationWriter;                                           : loaded 2 times (x 69B)
Class com.google.common.collect.Maps$8                                                : loaded 2 times (x 82B)
Class jdk.internal.jimage.ImageReader$Directory                                       : loaded 2 times (x 84B)
Class kotlin.collections.AbstractList                                                 : loaded 2 times (x 197B)
Class kotlin.collections.AbstractCollection                                           : loaded 2 times (x 117B)
Class com.google.common.collect.Sets$SetView                                          : loaded 2 times (x 138B)
Class com.google.common.cache.LocalCache$StrongValueReference                         : loaded 2 times (x 90B)
Class org.jetbrains.kotlin.tooling.core.Extras                                        : loaded 2 times (x 70B)
Class sync_studio_tooling7_aw0poirgvrho66ouliia53c3e                                  : loaded 2 times (x 171B)
Class org.objectweb.asm.Type                                                          : loaded 2 times (x 72B)
Class org.gradle.internal.classloader.VisitableURLClassLoader$InstrumentingVisitableURLClassLoader: loaded 2 times (x 123B)
Class com.google.common.math.IntMath$1                                                : loaded 2 times (x 71B)
Class org.objectweb.asm.ByteVector                                                    : loaded 2 times (x 79B)
Class [Lcom.google.common.cache.CacheBuilder$NullListener;                            : loaded 2 times (x 69B)
Class org.gradle.internal.classloader.VisitableURLClassLoader$Spec                    : loaded 2 times (x 74B)
Class org.gradle.internal.classpath.DefaultClassPath                                  : loaded 2 times (x 90B)
Class org.objectweb.asm.Symbol                                                        : loaded 2 times (x 73B)
Class jdk.internal.jimage.decompressor.ZipDecompressorFactory                         : loaded 2 times (x 74B)
Class org.gradle.util.internal.DefaultGradleVersion                                   : loaded 2 times (x 82B)
Class com.google.common.base.CharMatcher$BitSetMatcher                                : loaded 2 times (x 112B)
Class com.google.common.collect.ImmutableSet                                          : loaded 2 times (x 145B)
Class com.google.common.collect.RegularImmutableMap$Values                            : loaded 2 times (x 207B)
Class org.gradle.internal.classloader.ClassLoaderSpec                                 : loaded 2 times (x 71B)
Class org.objectweb.asm.AnnotationWriter                                              : loaded 2 times (x 79B)
Class com.google.common.cache.CacheStats                                              : loaded 2 times (x 71B)
Class sync_studio_tooling7_aw0poirgvrho66ouliia53c3e$_run_closure1                    : loaded 2 times (x 139B)
Class org.objectweb.asm.RecordComponentWriter                                         : loaded 2 times (x 78B)
Class com.google.common.util.concurrent.AbstractFuture$Listener                       : loaded 2 times (x 72B)
Class com.google.common.base.CharMatcher$Or                                           : loaded 2 times (x 112B)
Class Settings_gradle$1$1                                                             : loaded 2 times (x 74B)
Class org.objectweb.asm.Attribute                                                     : loaded 2 times (x 77B)
Class com.google.common.base.Supplier                                                 : loaded 2 times (x 70B)
Class org.gradle.internal.classloader.VisitableURLClassLoader                         : loaded 2 times (x 117B)
Class Settings_gradle                                                                 : loaded 2 times (x 124B)
Class org.gradle.internal.classloader.ClassLoaderHierarchy                            : loaded 2 times (x 70B)
Class jdk.internal.jimage.BasicImageReader                                            : loaded 2 times (x 95B)
Class com.google.common.collect.Sets                                                  : loaded 2 times (x 71B)
Class org.objectweb.asm.Handler                                                       : loaded 2 times (x 72B)
Class com.google.common.base.Ticker                                                   : loaded 2 times (x 72B)
Class com.google.common.base.CharMatcher$FastMatcher                                  : loaded 2 times (x 111B)
Class jdk.internal.jimage.decompressor.ZipDecompressor                                : loaded 2 times (x 75B)
Class [Lcom.google.common.cache.LocalCache$Segment;                                   : loaded 2 times (x 69B)
Class [Lcom.google.common.cache.LocalCache$Strength;                                  : loaded 2 times (x 69B)
Class com.google.common.cache.CacheBuilder$1                                          : loaded 2 times (x 85B)
Class com.google.common.base.Predicate                                                : loaded 2 times (x 70B)
Class com.google.common.collect.ImmutableMap                                          : loaded 2 times (x 120B)
Class org.gradle.internal.classpath.DefaultClassPath$ImmutableUniqueList$Builder      : loaded 2 times (x 75B)
Class com.google.common.cache.LocalCache                                              : loaded 2 times (x 187B)
Class com.google.common.cache.CacheBuilder$2                                          : loaded 2 times (x 79B)
Class com.google.common.base.CharMatcher$NegatedFastMatcher                           : loaded 2 times (x 113B)
Class com.google.common.collect.ArrayListMultimap                                     : loaded 2 times (x 172B)
Class com.google.common.cache.CacheBuilder$3                                          : loaded 2 times (x 72B)
Class [Lcom.google.common.collect.AbstractMapEntry;                                   : loaded 2 times (x 69B)
Class com.google.common.collect.ImmutableEntry                                        : loaded 2 times (x 82B)
Class com.google.common.base.CharMatcher$IsEither                                     : loaded 2 times (x 111B)
Class org.gradle.internal.exceptions.NonGradleCauseExceptionsHolder                   : loaded 2 times (x 70B)
Class com.google.common.collect.CollectPreconditions                                  : loaded 2 times (x 71B)
Class jdk.internal.jimage.ImageStrings                                                : loaded 2 times (x 70B)
Class com.google.common.collect.SortedMapDifference                                   : loaded 2 times (x 70B)
Class com.google.common.cache.LocalCache$EntryFactory                                 : loaded 2 times (x 83B)
Class com.google.common.cache.LocalCache$AbstractReferenceEntry                       : loaded 2 times (x 107B)
Class org.jetbrains.kotlin.tooling.core.HasMutableExtras                              : loaded 2 times (x 70B)
Class org.gradle.internal.classloader.FilteringClassLoader                            : loaded 2 times (x 105B)
Class kotlin.enums.EnumEntriesKt                                                      : loaded 2 times (x 71B)
Class org.objectweb.asm.SymbolTable                                                   : loaded 2 times (x 72B)
Class com.google.common.cache.CacheLoader$InvalidCacheLoadException                   : loaded 2 times (x 82B)
Class com.google.common.collect.ImmutableSet$RegularSetBuilderImpl                    : loaded 2 times (x 77B)
Class org.gradle.internal.classloader.SystemClassLoaderSpec                           : loaded 2 times (x 71B)
Class com.google.common.cache.LocalCache$StrongEntry                                  : loaded 2 times (x 108B)
Class com.google.common.util.concurrent.AbstractFuture$TrustedFuture                  : loaded 2 times (x 114B)
Class com.google.common.cache.LoadingCache                                            : loaded 2 times (x 70B)
Class org.gradle.internal.exceptions.MultiCauseException                              : loaded 2 times (x 70B)
Class org.gradle.internal.time.CountdownTimer                                         : loaded 2 times (x 70B)
Class kotlin.jvm.internal.Intrinsics                                                  : loaded 2 times (x 71B)
Class org.objectweb.asm.MethodWriter                                                  : loaded 2 times (x 106B)
Class [Lcom.google.common.cache.Weigher;                                              : loaded 2 times (x 69B)
Class com.google.common.collect.RegularImmutableMap$BucketOverflowException           : loaded 2 times (x 82B)
Class jdk.internal.jrtfs.JrtFileSystem                                                : loaded 2 times (x 102B)
Class org.gradle.tooling.model.ProjectModel                                           : loaded 2 times (x 70B)
Class jdk.internal.jimage.decompressor.CompressedResourceHeader                       : loaded 2 times (x 71B)
Class kotlin.KotlinNullPointerException                                               : loaded 2 times (x 83B)
Class com.google.common.collect.RegularImmutableBiMap                                 : loaded 2 times (x 149B)
Class com.google.common.cache.LocalCache$ValueReference                               : loaded 2 times (x 70B)
Class com.google.common.base.CharMatcher$Negated                                      : loaded 2 times (x 113B)
Class com.google.common.base.CharMatcher$Is                                           : loaded 2 times (x 111B)
Class org.gradle.internal.exceptions.DefaultMultiCauseException                       : loaded 2 times (x 95B)
Class com.google.common.util.concurrent.AbstractFuture$Failure                        : loaded 2 times (x 72B)
Class com.google.common.base.Equivalence$Equals                                       : loaded 2 times (x 82B)
Class com.google.common.collect.Hashing                                               : loaded 2 times (x 71B)
Class kotlin.NotImplementedError                                                      : loaded 2 times (x 82B)
Class com.google.common.base.Joiner$1                                                 : loaded 2 times (x 80B)
Class org.objectweb.asm.Label                                                         : loaded 2 times (x 73B)
Class org.objectweb.asm.CurrentFrame                                                  : loaded 2 times (x 73B)
Class org.objectweb.asm.ClassTooLargeException                                        : loaded 2 times (x 83B)
Class com.google.common.base.CharMatcher                                              : loaded 2 times (x 111B)
Class com.google.common.collect.RegularImmutableMap$KeySet                            : loaded 2 times (x 152B)
Class org.gradle.internal.time.Time                                                   : loaded 2 times (x 71B)
Class com.google.common.base.Joiner$2                                                 : loaded 2 times (x 79B)
Class org.objectweb.asm.Frame                                                         : loaded 2 times (x 73B)
Class org.objectweb.asm.MethodVisitor                                                 : loaded 2 times (x 105B)
Class com.google.common.cache.LocalCache$EntryFactory$1                               : loaded 2 times (x 83B)
Class [Lcom.google.common.cache.RemovalListener;                                      : loaded 2 times (x 69B)
Class com.google.common.base.CharMatcher$1                                            : loaded 2 times (x 113B)
Class com.google.common.base.CharMatcher$NamedFastMatcher                             : loaded 2 times (x 112B)
Class com.google.common.cache.LocalCache$EntryFactory$2                               : loaded 2 times (x 83B)
Class org.gradle.api.internal.classpath.GlobalCacheRootsProvider                      : loaded 2 times (x 70B)
Class org.objectweb.asm.ModuleWriter                                                  : loaded 2 times (x 82B)
Class com.google.common.cache.LocalCache$EntryFactory$3                               : loaded 2 times (x 83B)
Class com.google.common.base.Ticker$1                                                 : loaded 2 times (x 72B)
Class com.google.common.collect.Maps$BiMapConverter                                   : loaded 2 times (x 90B)
Class com.google.common.collect.ImmutableMapEntrySet$RegularEntrySet                  : loaded 2 times (x 152B)
Class org.gradle.tooling.model.BuildIdentifier                                        : loaded 2 times (x 70B)
Class kotlin.NoWhenBranchMatchedException                                             : loaded 2 times (x 82B)
Class com.google.common.collect.ImmutableSet$Builder                                  : loaded 2 times (x 85B)
Class com.google.common.cache.LocalCache$EntryFactory$4                               : loaded 2 times (x 83B)
Class com.google.common.base.CharMatcher$InRange                                      : loaded 2 times (x 111B)
Class com.google.common.cache.LocalCache$EntryFactory$5                               : loaded 2 times (x 83B)
Class com.google.common.base.Equivalence$Identity                                     : loaded 2 times (x 82B)
Class com.google.common.cache.LocalCache$EntryFactory$6                               : loaded 2 times (x 83B)
Class org.gradle.internal.time.Timer                                                  : loaded 2 times (x 70B)
Class kotlin.jvm.internal.markers.KMappedMarker                                       : loaded 2 times (x 70B)
Class org.gradle.internal.installation.CurrentGradleInstallationLocator               : loaded 2 times (x 71B)
Class com.google.common.collect.ImmutableSet$EmptySetBuilderImpl                      : loaded 2 times (x 76B)
Class com.google.common.cache.LocalCache$EntryFactory$7                               : loaded 2 times (x 83B)
Class com.google.common.base.FunctionalEquivalence                                    : loaded 2 times (x 83B)
Class org.gradle.internal.service.DefaultServiceLocator                               : loaded 2 times (x 83B)
Class com.google.common.cache.LocalCache$EntryFactory$8                               : loaded 2 times (x 83B)
Class com.google.common.collect.ImmutableSet$SetBuilderImpl                           : loaded 2 times (x 76B)
Class org.gradle.util.GradleVersion                                                   : loaded 2 times (x 81B)
Class org.gradle.internal.installation.CurrentGradleInstallation                      : loaded 2 times (x 73B)
Class com.google.common.cache.CacheLoader$1                                           : loaded 2 times (x 75B)
Class com.google.common.collect.ImmutableList$SubList                                 : loaded 2 times (x 209B)
Class org.gradle.util.internal.GUtil                                                  : loaded 2 times (x 71B)
Class com.google.common.cache.AbstractCache$StatsCounter                              : loaded 2 times (x 70B)
Class com.google.common.base.PairwiseEquivalence                                      : loaded 2 times (x 83B)
Class com.google.common.collect.RegularImmutableSet                                   : loaded 2 times (x 149B)
Class org.gradle.internal.installation.GradleInstallation                             : loaded 2 times (x 75B)
Class com.google.common.collect.Iterables                                             : loaded 2 times (x 71B)
Class jdk.internal.jimage.decompressor.ResourceDecompressor$StringsProvider           : loaded 2 times (x 70B)

---------------  S Y S T E M  ---------------

OS:
 Windows 11 , 64 bit Build 26100 (10.0.26100.8521)
OS uptime: 6 days 19:24 hours
Hyper-V role detected

CPU: total 12 (initial active 12) (12 cores per cpu, 2 threads per core) family 23 model 104 stepping 1 microcode 0x8608109, cx8, cmov, fxsr, ht, mmx, 3dnowpref, sse, sse2, sse3, ssse3, sse4a, sse4.1, sse4.2, popcnt, lzcnt, tsc, tscinvbit, avx, avx2, aes, clmul, bmi1, bmi2, adx, sha, fma, vzeroupper, clflush, clflushopt, hv, rdtscp, rdpid, f16c
Processor Information for the first 12 processors :
  Max Mhz: 2100, Current Mhz: 2100, Mhz Limit: 2100

Memory: 4k page, system-wide physical 7501M (1223M free)
TotalPageFile size 21837M (AvailPageFile size 64M)
current process WorkingSet (physical memory assigned to process): 602M, peak: 641M
current process commit charge ("private bytes"): 732M, peak: 813M

vm_info: OpenJDK 64-Bit Server VM (21.0.10+-14961533-b1163.108) for windows-amd64 JRE (21.0.10+-14961533-b1163.108), built on 2026-03-02T19:58:50Z by "builder" with MS VC++ 16.10 / 16.11 (VS2019)

END.
