#
# There is insufficient memory for the Java Runtime Environment to continue.
# Native memory allocation (malloc) failed to allocate 1062352 bytes. Error detail: Chunk::new
# Possible reasons:
#   The system is out of physical RAM or swap space
#   This process is running with CompressedOops enabled, and the Java Heap may be blocking the growth of the native heap
# Possible solutions:
#   Reduce memory load on the system
#   Increase physical memory or swap space
#   Check if swap backing store is full
#   Decrease Java heap size (-Xmx/-Xms)
#   Decrease number of Java threads
#   Decrease Java thread stack sizes (-Xss)
#   Set larger code cache with -XX:ReservedCodeCacheSize=
#   JVM is running with Unscaled Compressed Oops mode in which the Java heap is
#     placed in the first 4GB address space. The Java Heap base address is the
#     maximum limit for the native heap growth. Please use -XX:HeapBaseMinAddress
#     to set the Java Heap base and to place the Java Heap above 4GB virtual address.
# This output file may be truncated or incomplete.
#
#  Out of Memory Error (arena.cpp:168), pid=25668, tid=21252
#
# JRE version: OpenJDK Runtime Environment (21.0.10) (build 21.0.10+-14961533-b1163.108)
# Java VM: OpenJDK 64-Bit Server VM (21.0.10+-14961533-b1163.108, mixed mode, tiered, compressed oops, compressed class ptrs, g1 gc, windows-amd64)
# No core dump will be written. Minidumps are not enabled by default on client versions of Windows
#

---------------  S U M M A R Y ------------

Command Line: --add-opens=java.base/java.lang=ALL-UNNAMED --add-opens=java.base/java.lang.invoke=ALL-UNNAMED --add-opens=java.base/java.util=ALL-UNNAMED --add-opens=java.prefs/java.util.prefs=ALL-UNNAMED --add-exports=jdk.compiler/com.sun.tools.javac.api=ALL-UNNAMED --add-exports=jdk.compiler/com.sun.tools.javac.util=ALL-UNNAMED --add-opens=java.base/java.util=ALL-UNNAMED --add-opens=java.prefs/java.util.prefs=ALL-UNNAMED --add-opens=java.base/java.nio.charset=ALL-UNNAMED --add-opens=java.base/java.net=ALL-UNNAMED --add-opens=java.base/java.util.concurrent=ALL-UNNAMED --add-opens=java.base/java.util.concurrent.atomic=ALL-UNNAMED --add-opens=java.xml/javax.xml.namespace=ALL-UNNAMED --add-opens=java.base/java.time=ALL-UNNAMED -Xmx2048m -Dfile.encoding=UTF-8 -Duser.country=US -Duser.language=en -Duser.variant -javaagent:C:\Users\Kabo\.gradle\wrapper\dists\gradle-9.3.1-bin\23ovyewtku6u96viwx3xl3oks\gradle-9.3.1\lib\agents\gradle-instrumentation-agent-9.3.1.jar org.gradle.launcher.daemon.bootstrap.GradleDaemon 9.3.1

Host: AMD Ryzen 5 5500U with Radeon Graphics         , 12 cores, 7G,  Windows 11 , 64 bit Build 26100 (10.0.26100.8737)
Time: Tue Jul 21 02:47:46 2026 Egypt Daylight Time elapsed time: 61.117579 seconds (0d 0h 1m 1s)

---------------  T H R E A D  ---------------

Current thread (0x000002b3840b77f0):  JavaThread "C2 CompilerThread0" daemon [_thread_in_native, id=21252, stack(0x000000dc14400000,0x000000dc14500000) (1024K)]


Current CompileTask:
C2:61117 26130 %     4       com.android.tools.r8.internal.fp::<init> @ 74 (266 bytes)

Stack: [0x000000dc14400000,0x000000dc14500000]
Native frames: (J=compiled Java code, j=interpreted, Vv=VM code, C=native code)
V  [jvm.dll+0x6d78a9]
V  [jvm.dll+0x8665b3]
V  [jvm.dll+0x868bde]
V  [jvm.dll+0x8692c3]
V  [jvm.dll+0x280ee6]
V  [jvm.dll+0xc07cd]
V  [jvm.dll+0xc0d03]
V  [jvm.dll+0x3ba0cb]
V  [jvm.dll+0x385df7]
V  [jvm.dll+0x38526a]
V  [jvm.dll+0x249bd2]
V  [jvm.dll+0x2491a1]
V  [jvm.dll+0x1c76e4]
V  [jvm.dll+0x25891e]
V  [jvm.dll+0x256e66]
V  [jvm.dll+0x3f513e]
V  [jvm.dll+0x80fd28]
V  [jvm.dll+0x6d60fd]
C  [ucrtbase.dll+0x2cd30]
C  [KERNEL32.DLL+0x2e957]
C  [ntdll.dll+0xaad6c]


---------------  P R O C E S S  ---------------

Threads class SMR info:
_java_thread_list=0x000002b39cf06780, length=209, elements={
0x000002b3e3cfb530, 0x000002b384061660, 0x000002b384071880, 0x000002b3840722e0,
0x000002b3840b1020, 0x000002b3840b1a80, 0x000002b3840b28f0, 0x000002b3840b3350,
0x000002b3840b77f0, 0x000002b3840b8290, 0x000002b38439ba40, 0x000002b386f809b0,
0x000002b386fd31d0, 0x000002b385a2f990, 0x000002b386ee1c80, 0x000002b386fc54b0,
0x000002b38707de00, 0x000002b387213750, 0x000002b387093180, 0x000002b387095250,
0x000002b387093810, 0x000002b3870958e0, 0x000002b387096600, 0x000002b387093ea0,
0x000002b387d99570, 0x000002b387d99c00, 0x000002b387d981c0, 0x000002b387d9a290,
0x000002b387d96e10, 0x000002b387d9a920, 0x000002b387d974a0, 0x000002b387d9afb0,
0x000002b387d9c9f0, 0x000002b387d9dda0, 0x000002b387d9e430, 0x000002b387d9d710,
0x000002b388c40d00, 0x000002b388c44180, 0x000002b388c42dd0, 0x000002b388c41390,
0x000002b388c420b0, 0x000002b388c43af0, 0x000002b388c41a20, 0x000002b388c42740,
0x000002b388c43460, 0x000002b388eed830, 0x000002b388eeebe0, 0x000002b388eedec0,
0x000002b388ef1340, 0x000002b388eef900, 0x000002b388eef270, 0x000002b388ef19d0,
0x000002b388ef0cb0, 0x000002b388eee550, 0x000002b388ef2d80, 0x000002b388ef2060,
0x000002b388ef3410, 0x000002b388ef26f0, 0x000002b388eeff90, 0x000002b388ef3aa0,
0x000002b388ef0620, 0x000002b388ef4130, 0x000002b388ef47c0, 0x000002b388ef4e50,
0x000002b388eb0c70, 0x000002b388ead7f0, 0x000002b388eade80, 0x000002b388eb1990,
0x000002b388eb05e0, 0x000002b388eae510, 0x000002b388eaf230, 0x000002b388eb2d40,
0x000002b388eaf8c0, 0x000002b38846ffe0, 0x000002b38846df10, 0x000002b38846e5a0,
0x000002b38846ec30, 0x000002b38846d1f0, 0x000002b388470670, 0x000002b3884720b0,
0x000002b388471390, 0x000002b388470d00, 0x000002b388471a20, 0x000002b388472740,
0x000002b38846f2c0, 0x000002b388473460, 0x000002b388474180, 0x000002b388474810,
0x000002b388472dd0, 0x000002b388473af0, 0x000002b388c56880, 0x000002b388c5a390,
0x000002b388c59670, 0x000002b388c59d00, 0x000002b388c56f10, 0x000002b388c582c0,
0x000002b388c57c30, 0x000002b388c58fe0, 0x000002b388c575a0, 0x000002b388c5aa20,
0x000002b388c5b0b0, 0x000002b388c5b740, 0x000002b388c5bdd0, 0x000002b388c58950,
0x000002b388c5c460, 0x000002b388c5caf0, 0x000002b387638ea0, 0x000002b387639530,
0x000002b387637460, 0x000002b387ade520, 0x000002b387adb0a0, 0x000002b387adc450,
0x000002b387add170, 0x000002b387adcae0, 0x000002b387adebb0, 0x000002b387adde90,
0x000002b387adf240, 0x000002b387adbdc0, 0x000002b387ae2030, 0x000002b387ae1310,
0x000002b387ae19a0, 0x000002b387adf8d0, 0x000002b387ae26c0, 0x000002b387adff60,
0x000002b387ae05f0, 0x000002b387ae0c80, 0x000002b387637af0, 0x000002b387638180,
0x000002b38763e3f0, 0x000002b38763d6d0, 0x000002b38763b600, 0x000002b38763c320,
0x000002b38763dd60, 0x000002b38f3dbb30, 0x000002b38f3dcee0, 0x000002b38f3d9a60,
0x000002b38f3dd570, 0x000002b38f3de290, 0x000002b38f3dae10, 0x000002b38f3ddc00,
0x000002b38f3dc1c0, 0x000002b38f3de920, 0x000002b38f3dc850, 0x000002b38f3db4a0,
0x000002b38f3d4510, 0x000002b38f3d4ba0, 0x000002b38f3d2440, 0x000002b38f3d37f0,
0x000002b38f3d3160, 0x000002b38f3d1720, 0x000002b38f3d5f50, 0x000002b38f3d3e80,
0x000002b38f3d2ad0, 0x000002b38f3d7990, 0x000002b38f3d5230, 0x000002b38f3d6c70,
0x000002b38f3d8d40, 0x000002b38f3d7300, 0x000002b38f3d65e0, 0x000002b38f3d8020,
0x000002b38f3d86b0, 0x000002b38f3d58c0, 0x000002b38f3da0f0, 0x000002b38f3da780,
0x000002b38f3d93d0, 0x000002b38f3defb0, 0x000002b390562a00, 0x000002b390560fc0,
0x000002b39055fc10, 0x000002b390560930, 0x000002b390563720, 0x000002b3905602a0,
0x000002b390564440, 0x000002b390564ad0, 0x000002b3905657f0, 0x000002b390565e80,
0x000002b3896f2620, 0x000002b3909fb690, 0x000002b389cecb10, 0x000002b38f2ef120,
0x000002b38f2ef7b0, 0x000002b38fbee060, 0x000002b38fbef410, 0x000002b38fbee6f0,
0x000002b391745160, 0x000002b391746510, 0x000002b390ae2a10, 0x000002b3909fbd20,
0x000002b395602620, 0x000002b390483460, 0x000002b391c7d660, 0x000002b391da1f40,
0x000002b391da18b0, 0x000002b3909fa970, 0x000002b390482740, 0x000002b39aa0a8a0,
0x000002b39aa0a210, 0x000002b3901bc2a0, 0x000002b391c7e380, 0x000002b391d9fe70,
0x000002b39a092150, 0x000002b390482dd0, 0x000002b39ca42e00, 0x000002b3905599a0,
0x000002b39055ba70, 0x000002b391da0500, 0x000002b395f50600, 0x000002b39ae7a7a0,
0x000002b39ac9acc0
}

Java Threads: ( => current thread )
  0x000002b3e3cfb530 JavaThread "main"                              [_thread_blocked, id=10848, stack(0x000000dc13500000,0x000000dc13600000) (1024K)]
  0x000002b384061660 JavaThread "Common-Cleaner"             daemon [_thread_blocked, id=4940, stack(0x000000dc13d00000,0x000000dc13e00000) (1024K)]
  0x000002b384071880 JavaThread "Reference Handler"          daemon [_thread_blocked, id=26280, stack(0x000000dc13e00000,0x000000dc13f00000) (1024K)]
  0x000002b3840722e0 JavaThread "Finalizer"                  daemon [_thread_blocked, id=17084, stack(0x000000dc13f00000,0x000000dc14000000) (1024K)]
  0x000002b3840b1020 JavaThread "Signal Dispatcher"          daemon [_thread_blocked, id=10508, stack(0x000000dc14000000,0x000000dc14100000) (1024K)]
  0x000002b3840b1a80 JavaThread "Attach Listener"            daemon [_thread_blocked, id=27492, stack(0x000000dc14100000,0x000000dc14200000) (1024K)]
  0x000002b3840b28f0 JavaThread "Service Thread"             daemon [_thread_blocked, id=22328, stack(0x000000dc14200000,0x000000dc14300000) (1024K)]
  0x000002b3840b3350 JavaThread "Monitor Deflation Thread"   daemon [_thread_blocked, id=6972, stack(0x000000dc14300000,0x000000dc14400000) (1024K)]
=>0x000002b3840b77f0 JavaThread "C2 CompilerThread0"         daemon [_thread_in_native, id=21252, stack(0x000000dc14400000,0x000000dc14500000) (1024K)]
  0x000002b3840b8290 JavaThread "C1 CompilerThread0"         daemon [_thread_blocked, id=28620, stack(0x000000dc14500000,0x000000dc14600000) (1024K)]
  0x000002b38439ba40 JavaThread "Notification Thread"        daemon [_thread_blocked, id=25932, stack(0x000000dc14600000,0x000000dc14700000) (1024K)]
  0x000002b386f809b0 JavaThread "Daemon health stats"               [_thread_blocked, id=28416, stack(0x000000dc14f00000,0x000000dc15000000) (1024K)]
  0x000002b386fd31d0 JavaThread "Incoming local TCP Connector on port 49798"        [_thread_in_native, id=12988, stack(0x000000dc15000000,0x000000dc15100000) (1024K)]
  0x000002b385a2f990 JavaThread "Daemon periodic checks"            [_thread_blocked, id=19240, stack(0x000000dc15100000,0x000000dc15200000) (1024K)]
  0x000002b386ee1c80 JavaThread "Daemon"                            [_thread_blocked, id=26552, stack(0x000000dc15200000,0x000000dc15300000) (1024K)]
  0x000002b386fc54b0 JavaThread "Handler for socket connection from /127.0.0.1:49798 to /127.0.0.1:49799"        [_thread_in_native, id=4672, stack(0x000000dc15300000,0x000000dc15400000) (1024K)]
  0x000002b38707de00 JavaThread "Cancel handler"                    [_thread_blocked, id=27012, stack(0x000000dc15400000,0x000000dc15500000) (1024K)]
  0x000002b387213750 JavaThread "Daemon worker"                     [_thread_blocked, id=21648, stack(0x000000dc15800000,0x000000dc15900000) (1024K)]
  0x000002b387093180 JavaThread "Asynchronous log dispatcher for DefaultDaemonConnection: socket connection from /127.0.0.1:49798 to /127.0.0.1:49799"        [_thread_blocked, id=26504, stack(0x000000dc15900000,0x000000dc15a00000) (1024K)]
  0x000002b387095250 JavaThread "Stdin handler"                     [_thread_blocked, id=5996, stack(0x000000dc15a00000,0x000000dc15b00000) (1024K)]
  0x000002b387093810 JavaThread "Daemon client event forwarder"        [_thread_blocked, id=11300, stack(0x000000dc15b00000,0x000000dc15c00000) (1024K)]
  0x000002b3870958e0 JavaThread "Cache worker for journal cache (C:\Users\Kabo\.gradle\caches\journal-1)"        [_thread_blocked, id=27616, stack(0x000000dc15c00000,0x000000dc15d00000) (1024K)]
  0x000002b387096600 JavaThread "File lock request listener"        [_thread_in_native, id=10756, stack(0x000000dc15d00000,0x000000dc15e00000) (1024K)]
  0x000002b387093ea0 JavaThread "Cache worker for file hash cache (C:\Users\Kabo\.gradle\caches\9.3.1\fileHashes)"        [_thread_blocked, id=23412, stack(0x000000dc15e00000,0x000000dc15f00000) (1024K)]
  0x000002b387d99570 JavaThread "Cache worker for file hash cache (D:\Depi\android_projects\24_Makany\.gradle\9.3.1\fileHashes)"        [_thread_blocked, id=1720, stack(0x000000dc15f00000,0x000000dc16000000) (1024K)]
  0x000002b387d99c00 JavaThread "Cache worker for Build Output Cleanup Cache (D:\Depi\android_projects\24_Makany\.gradle\buildOutputCleanup)"        [_thread_blocked, id=27956, stack(0x000000dc16000000,0x000000dc16100000) (1024K)]
  0x000002b387d981c0 JavaThread "File watcher server"        daemon [_thread_in_native, id=26004, stack(0x000000dc16100000,0x000000dc16200000) (1024K)]
  0x000002b387d9a290 JavaThread "File watcher consumer"      daemon [_thread_blocked, id=13004, stack(0x000000dc16200000,0x000000dc16300000) (1024K)]
  0x000002b387d96e10 JavaThread "Cache worker for checksums cache (D:\Depi\android_projects\24_Makany\.gradle\9.3.1\checksums)"        [_thread_blocked, id=26480, stack(0x000000dc16300000,0x000000dc16400000) (1024K)]
  0x000002b387d9a920 JavaThread "Cache worker for file content cache (C:\Users\Kabo\.gradle\caches\9.3.1\fileContent)"        [_thread_blocked, id=25508, stack(0x000000dc16400000,0x000000dc16500000) (1024K)]
  0x000002b387d974a0 JavaThread "Cache worker for cache directory md-supplier (C:\Users\Kabo\.gradle\caches\9.3.1\md-supplier)"        [_thread_blocked, id=24136, stack(0x000000dc16500000,0x000000dc16600000) (1024K)]
  0x000002b387d9afb0 JavaThread "Cache worker for cache directory md-rule (C:\Users\Kabo\.gradle\caches\9.3.1\md-rule)"        [_thread_blocked, id=2184, stack(0x000000dc16600000,0x000000dc16700000) (1024K)]
  0x000002b387d9c9f0 JavaThread "jar transforms"                    [_thread_blocked, id=6864, stack(0x000000dc16700000,0x000000dc16800000) (1024K)]
  0x000002b387d9dda0 JavaThread "jar transforms Thread 2"           [_thread_blocked, id=14204, stack(0x000000dc16800000,0x000000dc16900000) (1024K)]
  0x000002b387d9e430 JavaThread "jar transforms Thread 3"           [_thread_blocked, id=28120, stack(0x000000dc16900000,0x000000dc16a00000) (1024K)]
  0x000002b387d9d710 JavaThread "Unconstrained build operations"        [_thread_blocked, id=4048, stack(0x000000dc16a00000,0x000000dc16b00000) (1024K)]
  0x000002b388c40d00 JavaThread "Unconstrained build operations Thread 2"        [_thread_blocked, id=8116, stack(0x000000dc16b00000,0x000000dc16c00000) (1024K)]
  0x000002b388c44180 JavaThread "Unconstrained build operations Thread 3"        [_thread_blocked, id=1876, stack(0x000000dc16c00000,0x000000dc16d00000) (1024K)]
  0x000002b388c42dd0 JavaThread "Unconstrained build operations Thread 4"        [_thread_blocked, id=22820, stack(0x000000dc16d00000,0x000000dc16e00000) (1024K)]
  0x000002b388c41390 JavaThread "Unconstrained build operations Thread 5"        [_thread_blocked, id=23544, stack(0x000000dc16e00000,0x000000dc16f00000) (1024K)]
  0x000002b388c420b0 JavaThread "Unconstrained build operations Thread 6"        [_thread_blocked, id=10384, stack(0x000000dc16f00000,0x000000dc17000000) (1024K)]
  0x000002b388c43af0 JavaThread "Unconstrained build operations Thread 7"        [_thread_blocked, id=4040, stack(0x000000dc17000000,0x000000dc17100000) (1024K)]
  0x000002b388c41a20 JavaThread "Unconstrained build operations Thread 8"        [_thread_blocked, id=9284, stack(0x000000dc17100000,0x000000dc17200000) (1024K)]
  0x000002b388c42740 JavaThread "Unconstrained build operations Thread 9"        [_thread_blocked, id=6448, stack(0x000000dc17200000,0x000000dc17300000) (1024K)]
  0x000002b388c43460 JavaThread "Unconstrained build operations Thread 10"        [_thread_blocked, id=15656, stack(0x000000dc17300000,0x000000dc17400000) (1024K)]
  0x000002b388eed830 JavaThread "Unconstrained build operations Thread 11"        [_thread_blocked, id=7256, stack(0x000000dc17400000,0x000000dc17500000) (1024K)]
  0x000002b388eeebe0 JavaThread "Unconstrained build operations Thread 12"        [_thread_blocked, id=21912, stack(0x000000dc17500000,0x000000dc17600000) (1024K)]
  0x000002b388eedec0 JavaThread "Unconstrained build operations Thread 13"        [_thread_blocked, id=27372, stack(0x000000dc17600000,0x000000dc17700000) (1024K)]
  0x000002b388ef1340 JavaThread "Unconstrained build operations Thread 14"        [_thread_blocked, id=10232, stack(0x000000dc17700000,0x000000dc17800000) (1024K)]
  0x000002b388eef900 JavaThread "Unconstrained build operations Thread 15"        [_thread_blocked, id=19472, stack(0x000000dc17800000,0x000000dc17900000) (1024K)]
  0x000002b388eef270 JavaThread "Unconstrained build operations Thread 16"        [_thread_blocked, id=17584, stack(0x000000dc17900000,0x000000dc17a00000) (1024K)]
  0x000002b388ef19d0 JavaThread "Unconstrained build operations Thread 17"        [_thread_blocked, id=6584, stack(0x000000dc17a00000,0x000000dc17b00000) (1024K)]
  0x000002b388ef0cb0 JavaThread "Unconstrained build operations Thread 18"        [_thread_blocked, id=26736, stack(0x000000dc17b00000,0x000000dc17c00000) (1024K)]
  0x000002b388eee550 JavaThread "Unconstrained build operations Thread 19"        [_thread_blocked, id=10648, stack(0x000000dc17c00000,0x000000dc17d00000) (1024K)]
  0x000002b388ef2d80 JavaThread "Unconstrained build operations Thread 20"        [_thread_blocked, id=20308, stack(0x000000dc17d00000,0x000000dc17e00000) (1024K)]
  0x000002b388ef2060 JavaThread "jar transforms Thread 4"           [_thread_blocked, id=23852, stack(0x000000dc17e00000,0x000000dc17f00000) (1024K)]
  0x000002b388ef3410 JavaThread "jar transforms Thread 5"           [_thread_blocked, id=23132, stack(0x000000dc17f00000,0x000000dc18000000) (1024K)]
  0x000002b388ef26f0 JavaThread "Unconstrained build operations Thread 21"        [_thread_blocked, id=26700, stack(0x000000dc18000000,0x000000dc18100000) (1024K)]
  0x000002b388eeff90 JavaThread "Unconstrained build operations Thread 22"        [_thread_blocked, id=24492, stack(0x000000dc18100000,0x000000dc18200000) (1024K)]
  0x000002b388ef3aa0 JavaThread "Unconstrained build operations Thread 23"        [_thread_blocked, id=11888, stack(0x000000dc18200000,0x000000dc18300000) (1024K)]
  0x000002b388ef0620 JavaThread "Unconstrained build operations Thread 24"        [_thread_blocked, id=2808, stack(0x000000dc18300000,0x000000dc18400000) (1024K)]
  0x000002b388ef4130 JavaThread "Unconstrained build operations Thread 25"        [_thread_blocked, id=2748, stack(0x000000dc18400000,0x000000dc18500000) (1024K)]
  0x000002b388ef47c0 JavaThread "Unconstrained build operations Thread 26"        [_thread_blocked, id=5944, stack(0x000000dc18500000,0x000000dc18600000) (1024K)]
  0x000002b388ef4e50 JavaThread "Unconstrained build operations Thread 27"        [_thread_blocked, id=12172, stack(0x000000dc18600000,0x000000dc18700000) (1024K)]
  0x000002b388eb0c70 JavaThread "Unconstrained build operations Thread 28"        [_thread_blocked, id=17080, stack(0x000000dc18700000,0x000000dc18800000) (1024K)]
  0x000002b388ead7f0 JavaThread "Unconstrained build operations Thread 29"        [_thread_blocked, id=19956, stack(0x000000dc18800000,0x000000dc18900000) (1024K)]
  0x000002b388eade80 JavaThread "Unconstrained build operations Thread 30"        [_thread_blocked, id=19176, stack(0x000000dc18900000,0x000000dc18a00000) (1024K)]
  0x000002b388eb1990 JavaThread "jar transforms Thread 6"           [_thread_blocked, id=14328, stack(0x000000dc18a00000,0x000000dc18b00000) (1024K)]
  0x000002b388eb05e0 JavaThread "jar transforms Thread 7"           [_thread_blocked, id=13008, stack(0x000000dc18b00000,0x000000dc18c00000) (1024K)]
  0x000002b388eae510 JavaThread "jar transforms Thread 8"           [_thread_blocked, id=22396, stack(0x000000dc18c00000,0x000000dc18d00000) (1024K)]
  0x000002b388eaf230 JavaThread "Unconstrained build operations Thread 31"        [_thread_blocked, id=13564, stack(0x000000dc18e00000,0x000000dc18f00000) (1024K)]
  0x000002b388eb2d40 JavaThread "Unconstrained build operations Thread 32"        [_thread_blocked, id=24280, stack(0x000000dc18f00000,0x000000dc19000000) (1024K)]
  0x000002b388eaf8c0 JavaThread "Unconstrained build operations Thread 33"        [_thread_blocked, id=25656, stack(0x000000dc19000000,0x000000dc19100000) (1024K)]
  0x000002b38846ffe0 JavaThread "Unconstrained build operations Thread 34"        [_thread_blocked, id=26304, stack(0x000000dc19100000,0x000000dc19200000) (1024K)]
  0x000002b38846df10 JavaThread "Unconstrained build operations Thread 35"        [_thread_blocked, id=27828, stack(0x000000dc19200000,0x000000dc19300000) (1024K)]
  0x000002b38846e5a0 JavaThread "Unconstrained build operations Thread 36"        [_thread_blocked, id=16584, stack(0x000000dc19300000,0x000000dc19400000) (1024K)]
  0x000002b38846ec30 JavaThread "Unconstrained build operations Thread 37"        [_thread_blocked, id=22372, stack(0x000000dc19400000,0x000000dc19500000) (1024K)]
  0x000002b38846d1f0 JavaThread "Unconstrained build operations Thread 38"        [_thread_blocked, id=6072, stack(0x000000dc19500000,0x000000dc19600000) (1024K)]
  0x000002b388470670 JavaThread "Unconstrained build operations Thread 39"        [_thread_blocked, id=4396, stack(0x000000dc19600000,0x000000dc19700000) (1024K)]
  0x000002b3884720b0 JavaThread "Unconstrained build operations Thread 40"        [_thread_blocked, id=13272, stack(0x000000dc19700000,0x000000dc19800000) (1024K)]
  0x000002b388471390 JavaThread "Unconstrained build operations Thread 41"        [_thread_blocked, id=27268, stack(0x000000dc19800000,0x000000dc19900000) (1024K)]
  0x000002b388470d00 JavaThread "Unconstrained build operations Thread 42"        [_thread_blocked, id=7700, stack(0x000000dc19900000,0x000000dc19a00000) (1024K)]
  0x000002b388471a20 JavaThread "Unconstrained build operations Thread 43"        [_thread_blocked, id=18944, stack(0x000000dc19a00000,0x000000dc19b00000) (1024K)]
  0x000002b388472740 JavaThread "Unconstrained build operations Thread 44"        [_thread_blocked, id=26112, stack(0x000000dc19b00000,0x000000dc19c00000) (1024K)]
  0x000002b38846f2c0 JavaThread "Unconstrained build operations Thread 45"        [_thread_blocked, id=28644, stack(0x000000dc19c00000,0x000000dc19d00000) (1024K)]
  0x000002b388473460 JavaThread "Unconstrained build operations Thread 46"        [_thread_blocked, id=22588, stack(0x000000dc19d00000,0x000000dc19e00000) (1024K)]
  0x000002b388474180 JavaThread "Unconstrained build operations Thread 47"        [_thread_blocked, id=23340, stack(0x000000dc19e00000,0x000000dc19f00000) (1024K)]
  0x000002b388474810 JavaThread "Unconstrained build operations Thread 48"        [_thread_blocked, id=24656, stack(0x000000dc19f00000,0x000000dc1a000000) (1024K)]
  0x000002b388472dd0 JavaThread "Unconstrained build operations Thread 49"        [_thread_blocked, id=24080, stack(0x000000dc1a000000,0x000000dc1a100000) (1024K)]
  0x000002b388473af0 JavaThread "Unconstrained build operations Thread 50"        [_thread_blocked, id=28024, stack(0x000000dc1a100000,0x000000dc1a200000) (1024K)]
  0x000002b388c56880 JavaThread "Unconstrained build operations Thread 51"        [_thread_blocked, id=28632, stack(0x000000dc1a200000,0x000000dc1a300000) (1024K)]
  0x000002b388c5a390 JavaThread "Unconstrained build operations Thread 52"        [_thread_blocked, id=22444, stack(0x000000dc1a300000,0x000000dc1a400000) (1024K)]
  0x000002b388c59670 JavaThread "Unconstrained build operations Thread 53"        [_thread_blocked, id=13268, stack(0x000000dc1a400000,0x000000dc1a500000) (1024K)]
  0x000002b388c59d00 JavaThread "Unconstrained build operations Thread 54"        [_thread_blocked, id=23952, stack(0x000000dc1a500000,0x000000dc1a600000) (1024K)]
  0x000002b388c56f10 JavaThread "Unconstrained build operations Thread 55"        [_thread_blocked, id=18512, stack(0x000000dc1a600000,0x000000dc1a700000) (1024K)]
  0x000002b388c582c0 JavaThread "Unconstrained build operations Thread 56"        [_thread_blocked, id=24200, stack(0x000000dc1a700000,0x000000dc1a800000) (1024K)]
  0x000002b388c57c30 JavaThread "Unconstrained build operations Thread 57"        [_thread_blocked, id=15256, stack(0x000000dc1a800000,0x000000dc1a900000) (1024K)]
  0x000002b388c58fe0 JavaThread "Unconstrained build operations Thread 58"        [_thread_blocked, id=9740, stack(0x000000dc1a900000,0x000000dc1aa00000) (1024K)]
  0x000002b388c575a0 JavaThread "Unconstrained build operations Thread 59"        [_thread_blocked, id=27916, stack(0x000000dc1aa00000,0x000000dc1ab00000) (1024K)]
  0x000002b388c5aa20 JavaThread "Unconstrained build operations Thread 60"        [_thread_blocked, id=25820, stack(0x000000dc1ab00000,0x000000dc1ac00000) (1024K)]
  0x000002b388c5b0b0 JavaThread "Unconstrained build operations Thread 61"        [_thread_blocked, id=22556, stack(0x000000dc1ac00000,0x000000dc1ad00000) (1024K)]
  0x000002b388c5b740 JavaThread "Unconstrained build operations Thread 62"        [_thread_blocked, id=10884, stack(0x000000dc1ad00000,0x000000dc1ae00000) (1024K)]
  0x000002b388c5bdd0 JavaThread "Unconstrained build operations Thread 63"        [_thread_blocked, id=25236, stack(0x000000dc1ae00000,0x000000dc1af00000) (1024K)]
  0x000002b388c58950 JavaThread "Unconstrained build operations Thread 64"        [_thread_blocked, id=25400, stack(0x000000dc1af00000,0x000000dc1b000000) (1024K)]
  0x000002b388c5c460 JavaThread "Unconstrained build operations Thread 65"        [_thread_blocked, id=24320, stack(0x000000dc1b000000,0x000000dc1b100000) (1024K)]
  0x000002b388c5caf0 JavaThread "Unconstrained build operations Thread 66"        [_thread_blocked, id=24904, stack(0x000000dc1b100000,0x000000dc1b200000) (1024K)]
  0x000002b387638ea0 JavaThread "build event listener"              [_thread_blocked, id=25116, stack(0x000000dc1b200000,0x000000dc1b300000) (1024K)]
  0x000002b387639530 JavaThread "Memory manager"                    [_thread_blocked, id=16360, stack(0x000000dc1b300000,0x000000dc1b400000) (1024K)]
  0x000002b387637460 JavaThread "build event listener"              [_thread_blocked, id=24512, stack(0x000000dc1b400000,0x000000dc1b500000) (1024K)]
  0x000002b387ade520 JavaThread "included builds"                   [_thread_in_native, id=18488, stack(0x000000dc1b500000,0x000000dc1b600000) (1024K)]
  0x000002b387adb0a0 JavaThread "Execution worker"                  [_thread_blocked, id=24924, stack(0x000000dc1b600000,0x000000dc1b700000) (1024K)]
  0x000002b387adc450 JavaThread "Execution worker Thread 2"         [_thread_blocked, id=9652, stack(0x000000dc1b700000,0x000000dc1b800000) (1024K)]
  0x000002b387add170 JavaThread "Execution worker Thread 3"         [_thread_blocked, id=3588, stack(0x000000dc1b800000,0x000000dc1b900000) (1024K)]
  0x000002b387adcae0 JavaThread "Execution worker Thread 4"         [_thread_blocked, id=15304, stack(0x000000dc1b900000,0x000000dc1ba00000) (1024K)]
  0x000002b387adebb0 JavaThread "Execution worker Thread 5"         [_thread_blocked, id=3056, stack(0x000000dc1ba00000,0x000000dc1bb00000) (1024K)]
  0x000002b387adde90 JavaThread "Execution worker Thread 6"         [_thread_blocked, id=27528, stack(0x000000dc1bb00000,0x000000dc1bc00000) (1024K)]
  0x000002b387adf240 JavaThread "Execution worker Thread 7"         [_thread_blocked, id=22404, stack(0x000000dc1bc00000,0x000000dc1bd00000) (1024K)]
  0x000002b387adbdc0 JavaThread "Execution worker Thread 8"         [_thread_blocked, id=26276, stack(0x000000dc1bd00000,0x000000dc1be00000) (1024K)]
  0x000002b387ae2030 JavaThread "Execution worker Thread 9"         [_thread_blocked, id=24176, stack(0x000000dc1be00000,0x000000dc1bf00000) (1024K)]
  0x000002b387ae1310 JavaThread "Execution worker Thread 10"        [_thread_blocked, id=23532, stack(0x000000dc1bf00000,0x000000dc1c000000) (1024K)]
  0x000002b387ae19a0 JavaThread "Execution worker Thread 11"        [_thread_blocked, id=5104, stack(0x000000dc1c000000,0x000000dc1c100000) (1024K)]
  0x000002b387adf8d0 JavaThread "Cache worker for execution history cache (D:\Depi\android_projects\24_Makany\.gradle\9.3.1\executionHistory)"        [_thread_blocked, id=13884, stack(0x000000dc1c100000,0x000000dc1c200000) (1024K)]
  0x000002b387ae26c0 JavaThread "Unconstrained build operations Thread 67"        [_thread_blocked, id=12148, stack(0x000000dc1c200000,0x000000dc1c300000) (1024K)]
  0x000002b387adff60 JavaThread "Unconstrained build operations Thread 68"        [_thread_blocked, id=27716, stack(0x000000dc1c300000,0x000000dc1c400000) (1024K)]
  0x000002b387ae05f0 JavaThread "Unconstrained build operations Thread 69"        [_thread_blocked, id=7008, stack(0x000000dc1c400000,0x000000dc1c500000) (1024K)]
  0x000002b387ae0c80 JavaThread "Unconstrained build operations Thread 70"        [_thread_blocked, id=27824, stack(0x000000dc1c500000,0x000000dc1c600000) (1024K)]
  0x000002b387637af0 JavaThread "Unconstrained build operations Thread 71"        [_thread_blocked, id=26988, stack(0x000000dc1c600000,0x000000dc1c700000) (1024K)]
  0x000002b387638180 JavaThread "Unconstrained build operations Thread 72"        [_thread_blocked, id=14360, stack(0x000000dc1c700000,0x000000dc1c800000) (1024K)]
  0x000002b38763e3f0 JavaThread "Unconstrained build operations Thread 73"        [_thread_blocked, id=25512, stack(0x000000dc1c800000,0x000000dc1c900000) (1024K)]
  0x000002b38763d6d0 JavaThread "Unconstrained build operations Thread 74"        [_thread_blocked, id=23924, stack(0x000000dc1c900000,0x000000dc1ca00000) (1024K)]
  0x000002b38763b600 JavaThread "Unconstrained build operations Thread 75"        [_thread_blocked, id=21460, stack(0x000000dc1ca00000,0x000000dc1cb00000) (1024K)]
  0x000002b38763c320 JavaThread "Unconstrained build operations Thread 76"        [_thread_blocked, id=5592, stack(0x000000dc1cb00000,0x000000dc1cc00000) (1024K)]
  0x000002b38763dd60 JavaThread "Unconstrained build operations Thread 77"        [_thread_blocked, id=26964, stack(0x000000dc1cc00000,0x000000dc1cd00000) (1024K)]
  0x000002b38f3dbb30 JavaThread "Unconstrained build operations Thread 78"        [_thread_blocked, id=9476, stack(0x000000dc1cd00000,0x000000dc1ce00000) (1024K)]
  0x000002b38f3dcee0 JavaThread "Unconstrained build operations Thread 79"        [_thread_blocked, id=18612, stack(0x000000dc1ce00000,0x000000dc1cf00000) (1024K)]
  0x000002b38f3d9a60 JavaThread "Unconstrained build operations Thread 80"        [_thread_blocked, id=27232, stack(0x000000dc1cf00000,0x000000dc1d000000) (1024K)]
  0x000002b38f3dd570 JavaThread "Unconstrained build operations Thread 81"        [_thread_blocked, id=10120, stack(0x000000dc1d000000,0x000000dc1d100000) (1024K)]
  0x000002b38f3de290 JavaThread "Unconstrained build operations Thread 82"        [_thread_blocked, id=19252, stack(0x000000dc1d100000,0x000000dc1d200000) (1024K)]
  0x000002b38f3dae10 JavaThread "Unconstrained build operations Thread 83"        [_thread_blocked, id=26684, stack(0x000000dc1d200000,0x000000dc1d300000) (1024K)]
  0x000002b38f3ddc00 JavaThread "Unconstrained build operations Thread 84"        [_thread_blocked, id=556, stack(0x000000dc1d300000,0x000000dc1d400000) (1024K)]
  0x000002b38f3dc1c0 JavaThread "Unconstrained build operations Thread 85"        [_thread_blocked, id=8520, stack(0x000000dc1d400000,0x000000dc1d500000) (1024K)]
  0x000002b38f3de920 JavaThread "Unconstrained build operations Thread 86"        [_thread_blocked, id=10832, stack(0x000000dc1d500000,0x000000dc1d600000) (1024K)]
  0x000002b38f3dc850 JavaThread "Unconstrained build operations Thread 87"        [_thread_blocked, id=28412, stack(0x000000dc1d600000,0x000000dc1d700000) (1024K)]
  0x000002b38f3db4a0 JavaThread "Unconstrained build operations Thread 88"        [_thread_blocked, id=2372, stack(0x000000dc1d700000,0x000000dc1d800000) (1024K)]
  0x000002b38f3d4510 JavaThread "Unconstrained build operations Thread 89"        [_thread_blocked, id=22276, stack(0x000000dc1d800000,0x000000dc1d900000) (1024K)]
  0x000002b38f3d4ba0 JavaThread "Unconstrained build operations Thread 90"        [_thread_blocked, id=5876, stack(0x000000dc1d900000,0x000000dc1da00000) (1024K)]
  0x000002b38f3d2440 JavaThread "Unconstrained build operations Thread 91"        [_thread_blocked, id=22536, stack(0x000000dc1da00000,0x000000dc1db00000) (1024K)]
  0x000002b38f3d37f0 JavaThread "Unconstrained build operations Thread 92"        [_thread_blocked, id=17764, stack(0x000000dc1db00000,0x000000dc1dc00000) (1024K)]
  0x000002b38f3d3160 JavaThread "Unconstrained build operations Thread 93"        [_thread_blocked, id=27964, stack(0x000000dc1dc00000,0x000000dc1dd00000) (1024K)]
  0x000002b38f3d1720 JavaThread "Unconstrained build operations Thread 94"        [_thread_blocked, id=27760, stack(0x000000dc1dd00000,0x000000dc1de00000) (1024K)]
  0x000002b38f3d5f50 JavaThread "Unconstrained build operations Thread 95"        [_thread_blocked, id=28020, stack(0x000000dc1de00000,0x000000dc1df00000) (1024K)]
  0x000002b38f3d3e80 JavaThread "Unconstrained build operations Thread 96"        [_thread_blocked, id=3428, stack(0x000000dc1df00000,0x000000dc1e000000) (1024K)]
  0x000002b38f3d2ad0 JavaThread "Unconstrained build operations Thread 97"        [_thread_blocked, id=12880, stack(0x000000dc1e000000,0x000000dc1e100000) (1024K)]
  0x000002b38f3d7990 JavaThread "Unconstrained build operations Thread 98"        [_thread_blocked, id=10452, stack(0x000000dc1e100000,0x000000dc1e200000) (1024K)]
  0x000002b38f3d5230 JavaThread "Unconstrained build operations Thread 99"        [_thread_blocked, id=25732, stack(0x000000dc1e200000,0x000000dc1e300000) (1024K)]
  0x000002b38f3d6c70 JavaThread "Unconstrained build operations Thread 100"        [_thread_blocked, id=28420, stack(0x000000dc1e300000,0x000000dc1e400000) (1024K)]
  0x000002b38f3d8d40 JavaThread "Unconstrained build operations Thread 101"        [_thread_blocked, id=17652, stack(0x000000dc1e400000,0x000000dc1e500000) (1024K)]
  0x000002b38f3d7300 JavaThread "Unconstrained build operations Thread 102"        [_thread_blocked, id=16392, stack(0x000000dc1e500000,0x000000dc1e600000) (1024K)]
  0x000002b38f3d65e0 JavaThread "Unconstrained build operations Thread 103"        [_thread_blocked, id=28652, stack(0x000000dc1e600000,0x000000dc1e700000) (1024K)]
  0x000002b38f3d8020 JavaThread "Unconstrained build operations Thread 104"        [_thread_blocked, id=5448, stack(0x000000dc1e700000,0x000000dc1e800000) (1024K)]
  0x000002b38f3d86b0 JavaThread "Unconstrained build operations Thread 105"        [_thread_blocked, id=6464, stack(0x000000dc1e800000,0x000000dc1e900000) (1024K)]
  0x000002b38f3d58c0 JavaThread "Unconstrained build operations Thread 106"        [_thread_blocked, id=26788, stack(0x000000dc1e900000,0x000000dc1ea00000) (1024K)]
  0x000002b38f3da0f0 JavaThread "Unconstrained build operations Thread 107"        [_thread_blocked, id=7272, stack(0x000000dc1ea00000,0x000000dc1eb00000) (1024K)]
  0x000002b38f3da780 JavaThread "Unconstrained build operations Thread 108"        [_thread_blocked, id=14784, stack(0x000000dc1eb00000,0x000000dc1ec00000) (1024K)]
  0x000002b38f3d93d0 JavaThread "Unconstrained build operations Thread 109"        [_thread_blocked, id=304, stack(0x000000dc1ec00000,0x000000dc1ed00000) (1024K)]
  0x000002b38f3defb0 JavaThread "Unconstrained build operations Thread 110"        [_thread_blocked, id=24084, stack(0x000000dc1ed00000,0x000000dc1ee00000) (1024K)]
  0x000002b390562a00 JavaThread "Unconstrained build operations Thread 111"        [_thread_blocked, id=21092, stack(0x000000dc1ee00000,0x000000dc1ef00000) (1024K)]
  0x000002b390560fc0 JavaThread "Unconstrained build operations Thread 112"        [_thread_blocked, id=22392, stack(0x000000dc1ef00000,0x000000dc1f000000) (1024K)]
  0x000002b39055fc10 JavaThread "Unconstrained build operations Thread 113"        [_thread_blocked, id=19800, stack(0x000000dc1f000000,0x000000dc1f100000) (1024K)]
  0x000002b390560930 JavaThread "Unconstrained build operations Thread 114"        [_thread_blocked, id=24752, stack(0x000000dc1f100000,0x000000dc1f200000) (1024K)]
  0x000002b390563720 JavaThread "Unconstrained build operations Thread 115"        [_thread_blocked, id=17000, stack(0x000000dc1f200000,0x000000dc1f300000) (1024K)]
  0x000002b3905602a0 JavaThread "Unconstrained build operations Thread 116"        [_thread_blocked, id=11288, stack(0x000000dc1f300000,0x000000dc1f400000) (1024K)]
  0x000002b390564440 JavaThread "Unconstrained build operations Thread 117"        [_thread_blocked, id=4644, stack(0x000000dc1f400000,0x000000dc1f500000) (1024K)]
  0x000002b390564ad0 JavaThread "Unconstrained build operations Thread 118"        [_thread_blocked, id=9456, stack(0x000000dc1f500000,0x000000dc1f600000) (1024K)]
  0x000002b3905657f0 JavaThread "Unconstrained build operations Thread 119"        [_thread_blocked, id=12940, stack(0x000000dc1f600000,0x000000dc1f700000) (1024K)]
  0x000002b390565e80 JavaThread "Unconstrained build operations Thread 120"        [_thread_blocked, id=12468, stack(0x000000dc1f700000,0x000000dc1f800000) (1024K)]
  0x000002b3896f2620 JavaThread "WorkerExecutor Queue"              [_thread_blocked, id=8944, stack(0x000000dc1f800000,0x000000dc1f900000) (1024K)]
  0x000002b3909fb690 JavaThread "WorkerExecutor Queue Thread 3"        [_thread_blocked, id=16016, stack(0x000000dc1fc00000,0x000000dc1fd00000) (1024K)]
  0x000002b389cecb10 JavaThread "WorkerExecutor Queue Thread 4"        [_thread_blocked, id=19828, stack(0x000000dc1fd00000,0x000000dc1fe00000) (1024K)]
  0x000002b38f2ef120 JavaThread "Periodic tasks thread"      daemon [_thread_blocked, id=22772, stack(0x000000dc1fe00000,0x000000dc1ff00000) (1024K)]
  0x000002b38f2ef7b0 JavaThread "ApplicationImpl pooled thread 1" daemon [_thread_blocked, id=5504, stack(0x000000dc1ff00000,0x000000dc20000000) (1024K)]
  0x000002b38fbee060 JavaThread "WorkerExecutor Queue Thread 6"        [_thread_blocked, id=21476, stack(0x000000dc20100000,0x000000dc20200000) (1024K)]
  0x000002b38fbef410 JavaThread "WorkerExecutor Queue Thread 7"        [_thread_blocked, id=11896, stack(0x000000dc20200000,0x000000dc20300000) (1024K)]
  0x000002b38fbee6f0 JavaThread "WorkerExecutor Queue Thread 8"        [_thread_blocked, id=21324, stack(0x000000dc20300000,0x000000dc20400000) (1024K)]
  0x000002b391745160 JavaThread "WorkerExecutor Queue Thread 9"        [_thread_blocked, id=11944, stack(0x000000dc20400000,0x000000dc20500000) (1024K)]
  0x000002b391746510 JavaThread "WorkerExecutor Queue Thread 10"        [_thread_blocked, id=9944, stack(0x000000dc20500000,0x000000dc20600000) (1024K)]
  0x000002b390ae2a10 JavaThread "WorkerExecutor Queue Thread 12"        [_thread_blocked, id=7688, stack(0x000000dc20700000,0x000000dc20800000) (1024K)]
  0x000002b3909fbd20 JavaThread "Java2D Disposer"            daemon [_thread_blocked, id=24836, stack(0x000000dc20900000,0x000000dc20a00000) (1024K)]
  0x000002b395602620 JavaThread "AWT-Windows"                daemon [_thread_in_native, id=14364, stack(0x000000dc20b00000,0x000000dc20c00000) (1024K)]
  0x000002b390483460 JavaThread "WorkerExecutor Queue Thread 13"        [_thread_blocked, id=21356, stack(0x000000dc20c00000,0x000000dc20d00000) (1024K)]
  0x000002b391c7d660 JavaThread "pool-4-thread-1"                   [_thread_blocked, id=22164, stack(0x000000dc20a00000,0x000000dc20b00000) (1024K)]
  0x000002b391da1f40 JavaThread "stderr"                            [_thread_in_native, id=22364, stack(0x000000dc20d00000,0x000000dc20e00000) (1024K)]
  0x000002b391da18b0 JavaThread "stdout"                            [_thread_in_native, id=17980, stack(0x000000dc20e00000,0x000000dc20f00000) (1024K)]
  0x000002b3909fa970 JavaThread "ForkJoinPool.commonPool-worker-2" daemon [_thread_blocked, id=24788, stack(0x000000dc20f00000,0x000000dc21000000) (1024K)]
  0x000002b390482740 JavaThread "WorkerExecutor Queue Thread 14"        [_thread_blocked, id=15800, stack(0x000000dc20800000,0x000000dc20900000) (1024K)]
  0x000002b39aa0a8a0 JavaThread "ForkJoinPool-1-worker-1"    daemon [_thread_blocked, id=15848, stack(0x000000dc21000000,0x000000dc21100000) (1024K)]
  0x000002b39aa0a210 JavaThread "ForkJoinPool-1-worker-2"    daemon [_thread_blocked, id=11568, stack(0x000000dc21100000,0x000000dc21200000) (1024K)]
  0x000002b3901bc2a0 JavaThread "ForkJoinPool-1-worker-3"    daemon [_thread_blocked, id=24840, stack(0x000000dc21200000,0x000000dc21300000) (1024K)]
  0x000002b391c7e380 JavaThread "ForkJoinPool-1-worker-4"    daemon [_thread_blocked, id=22460, stack(0x000000dc21300000,0x000000dc21400000) (1024K)]
  0x000002b391d9fe70 JavaThread "ForkJoinPool-1-worker-5"    daemon [_thread_blocked, id=23568, stack(0x000000dc21400000,0x000000dc21500000) (1024K)]
  0x000002b39a092150 JavaThread "ForkJoinPool-1-worker-6"    daemon [_thread_blocked, id=28384, stack(0x000000dc21500000,0x000000dc21600000) (1024K)]
  0x000002b390482dd0 JavaThread "ForkJoinPool-1-worker-7"    daemon [_thread_blocked, id=18744, stack(0x000000dc21600000,0x000000dc21700000) (1024K)]
  0x000002b39ca42e00 JavaThread "ForkJoinPool-1-worker-8"    daemon [_thread_blocked, id=20332, stack(0x000000dc21700000,0x000000dc21800000) (1024K)]
  0x000002b3905599a0 JavaThread "ForkJoinPool-1-worker-9"    daemon [_thread_blocked, id=16572, stack(0x000000dc21800000,0x000000dc21900000) (1024K)]
  0x000002b39055ba70 JavaThread "ForkJoinPool-1-worker-10"   daemon [_thread_blocked, id=22796, stack(0x000000dc21900000,0x000000dc21a00000) (1024K)]
  0x000002b391da0500 JavaThread "ForkJoinPool-1-worker-11"   daemon [_thread_blocked, id=9512, stack(0x000000dc21a00000,0x000000dc21b00000) (1024K)]
  0x000002b395f50600 JavaThread "ForkJoinPool-1-worker-12"   daemon [_thread_blocked, id=27500, stack(0x000000dc21b00000,0x000000dc21c00000) (1024K)]
  0x000002b39ae7a7a0 JavaThread "WorkerExecutor Queue Thread 15"        [_thread_blocked, id=7640, stack(0x000000dc1fb00000,0x000000dc1fc00000) (1024K)]
  0x000002b39ac9acc0 JavaThread "Thread-178"                        [_thread_in_native, id=22384, stack(0x000000dc20600000,0x000000dc20700000) (1024K)]
Total: 209

Other Threads:
  0x000002b3fb836d90 VMThread "VM Thread"                           [id=24820, stack(0x000000dc13c00000,0x000000dc13d00000) (1024K)]
  0x000002b3fb7dc620 WatcherThread "VM Periodic Task Thread"        [id=12632, stack(0x000000dc13b00000,0x000000dc13c00000) (1024K)]
  0x000002b3e3d54140 WorkerThread "GC Thread#0"                     [id=27156, stack(0x000000dc13600000,0x000000dc13700000) (1024K)]
  0x000002b3fb836280 WorkerThread "GC Thread#1"                     [id=22620, stack(0x000000dc14700000,0x000000dc14800000) (1024K)]
  0x000002b3fb8369e0 WorkerThread "GC Thread#2"                     [id=4816, stack(0x000000dc14800000,0x000000dc14900000) (1024K)]
  0x000002b3fb836630 WorkerThread "GC Thread#3"                     [id=25908, stack(0x000000dc14900000,0x000000dc14a00000) (1024K)]
  0x000002b3fb837140 WorkerThread "GC Thread#4"                     [id=9680, stack(0x000000dc14a00000,0x000000dc14b00000) (1024K)]
  0x000002b3853639d0 WorkerThread "GC Thread#5"                     [id=13444, stack(0x000000dc14b00000,0x000000dc14c00000) (1024K)]
  0x000002b385364ff0 WorkerThread "GC Thread#6"                     [id=28148, stack(0x000000dc14c00000,0x000000dc14d00000) (1024K)]
  0x000002b3853669c0 WorkerThread "GC Thread#7"                     [id=15064, stack(0x000000dc14d00000,0x000000dc14e00000) (1024K)]
  0x000002b3853644e0 WorkerThread "GC Thread#8"                     [id=25812, stack(0x000000dc14e00000,0x000000dc14f00000) (1024K)]
  0x000002b385365b00 WorkerThread "GC Thread#9"                     [id=2732, stack(0x000000dc15500000,0x000000dc15600000) (1024K)]
  0x000002b3e3d65040 ConcurrentGCThread "G1 Main Marker"            [id=27752, stack(0x000000dc13700000,0x000000dc13800000) (1024K)]
  0x000002b3e3d668a0 WorkerThread "G1 Conc#0"                       [id=25260, stack(0x000000dc13800000,0x000000dc13900000) (1024K)]
  0x000002b3853653a0 WorkerThread "G1 Conc#1"                       [id=19688, stack(0x000000dc15600000,0x000000dc15700000) (1024K)]
  0x000002b385365750 WorkerThread "G1 Conc#2"                       [id=18204, stack(0x000000dc15700000,0x000000dc15800000) (1024K)]
  0x000002b3e3dbe8c0 ConcurrentGCThread "G1 Refine#0"               [id=692, stack(0x000000dc13900000,0x000000dc13a00000) (1024K)]
  0x000002b3fb6ad540 ConcurrentGCThread "G1 Service"                [id=516, stack(0x000000dc13a00000,0x000000dc13b00000) (1024K)]
Total: 18

Threads with active compile tasks:
C2 CompilerThread0  61165 26130 %     4       com.android.tools.r8.internal.fp::<init> @ 74 (266 bytes)
C1 CompilerThread0  61165 31019       2       com.google.common.collect.Iterators::singletonIterator (9 bytes)
Total: 2

VM state: not at safepoint (normal execution)

VM Mutex/Monitor currently owned by a thread:  ([mutex/lock_event])
[0x00007ffc00c270d0] MethodCompileQueue_lock - owner thread: 0x000002b3840b8290
[0x00007ffc00c285d0] CodeCache_lock - owner thread: 0x000002b3840b8290
[0x00007ffc00c28750] Compile_lock - owner thread: 0x000002b3840b8290

Heap address: 0x0000000080000000, size: 2048 MB, Compressed Oops mode: 32-bit

CDS archive(s) not mapped
Compressed class space mapped at: 0x0000000100000000-0x0000000140000000, reserved size: 1073741824
Narrow klass base: 0x0000000000000000, Narrow klass shift: 3, Narrow klass range: 0x140000000

GC Precious Log:
 CardTable entry size: 512
 Card Set container configuration: InlinePtr #cards 5 size 8 Array Of Cards #cards 12 size 40 Howl #buckets 4 coarsen threshold 1843 Howl Bitmap #cards 512 size 80 coarsen threshold 460 Card regions per heap region 1 cards per card region 2048
 CPUs: 12 total, 12 available
 Memory: 7501M
 Large Page Support: Disabled
 NUMA Support: Disabled
 Compressed Oops: Enabled (32-bit)
 Heap Region Size: 1M
 Heap Min Capacity: 8M
 Heap Initial Capacity: 118M
 Heap Max Capacity: 2G
 Pre-touch: Disabled
 Parallel Workers: 10
 Concurrent Workers: 3
 Concurrent Refinement Workers: 10
 Periodic GC: Disabled

Heap:
 garbage-first heap   total 598016K, used 525918K [0x0000000080000000, 0x0000000100000000)
  region size 1024K, 292 young (299008K), 33 survivors (33792K)
 Metaspace       used 215926K, committed 218624K, reserved 1245184K
  class space    used 29548K, committed 30848K, reserved 1048576K

Heap Regions: E=young(eden), S=young(survivor), O=old, HS=humongous(starts), HC=humongous(continues), CS=collection set, F=free, TAMS=top-at-mark-start, PB=parsable bottom
|   0|0x0000000080000000, 0x0000000080100000, 0x0000000080100000|100%|HS|  |TAMS 0x0000000080000000| PB 0x0000000080000000| Complete 
|   1|0x0000000080100000, 0x0000000080200000, 0x0000000080200000|100%|HC|  |TAMS 0x0000000080100000| PB 0x0000000080100000| Complete 
|   2|0x0000000080200000, 0x0000000080300000, 0x0000000080300000|100%|HC|  |TAMS 0x0000000080200000| PB 0x0000000080200000| Complete 
|   3|0x0000000080300000, 0x0000000080400000, 0x0000000080400000|100%|HC|  |TAMS 0x0000000080300000| PB 0x0000000080300000| Complete 
|   4|0x0000000080400000, 0x0000000080500000, 0x0000000080500000|100%| O|  |TAMS 0x0000000080400000| PB 0x0000000080400000| Untracked 
|   5|0x0000000080500000, 0x0000000080600000, 0x0000000080600000|100%| O|  |TAMS 0x0000000080500000| PB 0x0000000080500000| Untracked 
|   6|0x0000000080600000, 0x0000000080700000, 0x0000000080700000|100%| O|  |TAMS 0x0000000080600000| PB 0x0000000080600000| Untracked 
|   7|0x0000000080700000, 0x0000000080800000, 0x0000000080800000|100%|HS|  |TAMS 0x0000000080700000| PB 0x0000000080700000| Complete 
|   8|0x0000000080800000, 0x0000000080900000, 0x0000000080900000|100%| O|  |TAMS 0x0000000080800000| PB 0x0000000080800000| Untracked 
|   9|0x0000000080900000, 0x0000000080a00000, 0x0000000080a00000|100%| O|  |TAMS 0x0000000080900000| PB 0x0000000080900000| Untracked 
|  10|0x0000000080a00000, 0x0000000080b00000, 0x0000000080b00000|100%| O|  |TAMS 0x0000000080a00000| PB 0x0000000080a00000| Untracked 
|  11|0x0000000080b00000, 0x0000000080c00000, 0x0000000080c00000|100%| O|  |TAMS 0x0000000080b00000| PB 0x0000000080b00000| Untracked 
|  12|0x0000000080c00000, 0x0000000080d00000, 0x0000000080d00000|100%| O|  |TAMS 0x0000000080c00000| PB 0x0000000080c00000| Untracked 
|  13|0x0000000080d00000, 0x0000000080e00000, 0x0000000080e00000|100%| O|  |TAMS 0x0000000080d00000| PB 0x0000000080d00000| Untracked 
|  14|0x0000000080e00000, 0x0000000080f00000, 0x0000000080f00000|100%| O|  |TAMS 0x0000000080e00000| PB 0x0000000080e00000| Untracked 
|  15|0x0000000080f00000, 0x0000000081000000, 0x0000000081000000|100%| O|  |TAMS 0x0000000080f00000| PB 0x0000000080f00000| Untracked 
|  16|0x0000000081000000, 0x0000000081100000, 0x0000000081100000|100%| O|  |TAMS 0x0000000081000000| PB 0x0000000081000000| Untracked 
|  17|0x0000000081100000, 0x0000000081200000, 0x0000000081200000|100%| O|  |TAMS 0x0000000081100000| PB 0x0000000081100000| Untracked 
|  18|0x0000000081200000, 0x0000000081300000, 0x0000000081300000|100%| O|  |TAMS 0x0000000081200000| PB 0x0000000081200000| Untracked 
|  19|0x0000000081300000, 0x0000000081400000, 0x0000000081400000|100%| O|  |TAMS 0x0000000081300000| PB 0x0000000081300000| Untracked 
|  20|0x0000000081400000, 0x0000000081500000, 0x0000000081500000|100%| O|  |TAMS 0x0000000081400000| PB 0x0000000081400000| Untracked 
|  21|0x0000000081500000, 0x0000000081600000, 0x0000000081600000|100%| O|  |TAMS 0x0000000081500000| PB 0x0000000081500000| Untracked 
|  22|0x0000000081600000, 0x0000000081700000, 0x0000000081700000|100%| O|  |TAMS 0x0000000081600000| PB 0x0000000081600000| Untracked 
|  23|0x0000000081700000, 0x0000000081800000, 0x0000000081800000|100%| O|  |TAMS 0x0000000081700000| PB 0x0000000081700000| Untracked 
|  24|0x0000000081800000, 0x0000000081900000, 0x0000000081900000|100%| O|  |TAMS 0x0000000081800000| PB 0x0000000081800000| Untracked 
|  25|0x0000000081900000, 0x0000000081a00000, 0x0000000081a00000|100%| O|  |TAMS 0x0000000081900000| PB 0x0000000081900000| Untracked 
|  26|0x0000000081a00000, 0x0000000081b00000, 0x0000000081b00000|100%| O|  |TAMS 0x0000000081a00000| PB 0x0000000081a00000| Untracked 
|  27|0x0000000081b00000, 0x0000000081c00000, 0x0000000081c00000|100%| O|  |TAMS 0x0000000081b00000| PB 0x0000000081b00000| Untracked 
|  28|0x0000000081c00000, 0x0000000081d00000, 0x0000000081d00000|100%| O|  |TAMS 0x0000000081c00000| PB 0x0000000081c00000| Untracked 
|  29|0x0000000081d00000, 0x0000000081e00000, 0x0000000081e00000|100%| O|  |TAMS 0x0000000081d00000| PB 0x0000000081d00000| Untracked 
|  30|0x0000000081e00000, 0x0000000081f00000, 0x0000000081f00000|100%| O|  |TAMS 0x0000000081e00000| PB 0x0000000081e00000| Untracked 
|  31|0x0000000081f00000, 0x0000000082000000, 0x0000000082000000|100%| O|  |TAMS 0x0000000081f00000| PB 0x0000000081f00000| Untracked 
|  32|0x0000000082000000, 0x0000000082100000, 0x0000000082100000|100%| O|  |TAMS 0x0000000082000000| PB 0x0000000082000000| Untracked 
|  33|0x0000000082100000, 0x0000000082200000, 0x0000000082200000|100%| O|  |TAMS 0x0000000082100000| PB 0x0000000082100000| Untracked 
|  34|0x0000000082200000, 0x0000000082300000, 0x0000000082300000|100%| O|  |TAMS 0x0000000082200000| PB 0x0000000082200000| Untracked 
|  35|0x0000000082300000, 0x0000000082400000, 0x0000000082400000|100%|HS|  |TAMS 0x0000000082300000| PB 0x0000000082300000| Complete 
|  36|0x0000000082400000, 0x0000000082500000, 0x0000000082500000|100%|HC|  |TAMS 0x0000000082400000| PB 0x0000000082400000| Complete 
|  37|0x0000000082500000, 0x0000000082600000, 0x0000000082600000|100%| O|  |TAMS 0x0000000082500000| PB 0x0000000082500000| Untracked 
|  38|0x0000000082600000, 0x0000000082700000, 0x0000000082700000|100%| O|  |TAMS 0x0000000082600000| PB 0x0000000082600000| Untracked 
|  39|0x0000000082700000, 0x0000000082800000, 0x0000000082800000|100%|HS|  |TAMS 0x0000000082700000| PB 0x0000000082700000| Complete 
|  40|0x0000000082800000, 0x0000000082900000, 0x0000000082900000|100%| O|  |TAMS 0x0000000082800000| PB 0x0000000082800000| Untracked 
|  41|0x0000000082900000, 0x0000000082a00000, 0x0000000082a00000|100%| O|  |TAMS 0x0000000082900000| PB 0x0000000082900000| Untracked 
|  42|0x0000000082a00000, 0x0000000082b00000, 0x0000000082b00000|100%| O|  |TAMS 0x0000000082a00000| PB 0x0000000082a00000| Untracked 
|  43|0x0000000082b00000, 0x0000000082c00000, 0x0000000082c00000|100%| O|  |TAMS 0x0000000082b00000| PB 0x0000000082b00000| Untracked 
|  44|0x0000000082c00000, 0x0000000082d00000, 0x0000000082d00000|100%|HS|  |TAMS 0x0000000082c00000| PB 0x0000000082c00000| Complete 
|  45|0x0000000082d00000, 0x0000000082e00000, 0x0000000082e00000|100%| O|  |TAMS 0x0000000082d00000| PB 0x0000000082d00000| Untracked 
|  46|0x0000000082e00000, 0x0000000082f00000, 0x0000000082f00000|100%| O|  |TAMS 0x0000000082e00000| PB 0x0000000082e00000| Untracked 
|  47|0x0000000082f00000, 0x0000000083000000, 0x0000000083000000|100%| O|  |TAMS 0x0000000082f00000| PB 0x0000000082f00000| Untracked 
|  48|0x0000000083000000, 0x0000000083100000, 0x0000000083100000|100%| O|  |TAMS 0x0000000083000000| PB 0x0000000083000000| Untracked 
|  49|0x0000000083100000, 0x0000000083200000, 0x0000000083200000|100%| O|  |TAMS 0x0000000083100000| PB 0x0000000083100000| Untracked 
|  50|0x0000000083200000, 0x0000000083300000, 0x0000000083300000|100%| O|  |TAMS 0x0000000083200000| PB 0x0000000083200000| Untracked 
|  51|0x0000000083300000, 0x0000000083400000, 0x0000000083400000|100%| O|  |TAMS 0x0000000083300000| PB 0x0000000083300000| Untracked 
|  52|0x0000000083400000, 0x0000000083500000, 0x0000000083500000|100%| O|  |TAMS 0x0000000083400000| PB 0x0000000083400000| Untracked 
|  53|0x0000000083500000, 0x0000000083600000, 0x0000000083600000|100%| O|  |TAMS 0x0000000083500000| PB 0x0000000083500000| Untracked 
|  54|0x0000000083600000, 0x0000000083700000, 0x0000000083700000|100%| O|  |TAMS 0x0000000083600000| PB 0x0000000083600000| Untracked 
|  55|0x0000000083700000, 0x0000000083800000, 0x0000000083800000|100%| O|  |TAMS 0x0000000083700000| PB 0x0000000083700000| Untracked 
|  56|0x0000000083800000, 0x0000000083900000, 0x0000000083900000|100%|HS|  |TAMS 0x0000000083800000| PB 0x0000000083800000| Complete 
|  57|0x0000000083900000, 0x0000000083a00000, 0x0000000083a00000|100%|HC|  |TAMS 0x0000000083900000| PB 0x0000000083900000| Complete 
|  58|0x0000000083a00000, 0x0000000083b00000, 0x0000000083b00000|100%|HS|  |TAMS 0x0000000083a00000| PB 0x0000000083a00000| Complete 
|  59|0x0000000083b00000, 0x0000000083c00000, 0x0000000083c00000|100%| O|  |TAMS 0x0000000083b00000| PB 0x0000000083b00000| Untracked 
|  60|0x0000000083c00000, 0x0000000083d00000, 0x0000000083d00000|100%| O|  |TAMS 0x0000000083c00000| PB 0x0000000083c00000| Untracked 
|  61|0x0000000083d00000, 0x0000000083e00000, 0x0000000083e00000|100%|HS|  |TAMS 0x0000000083d00000| PB 0x0000000083d00000| Complete 
|  62|0x0000000083e00000, 0x0000000083f00000, 0x0000000083f00000|100%| O|  |TAMS 0x0000000083e00000| PB 0x0000000083e00000| Untracked 
|  63|0x0000000083f00000, 0x0000000084000000, 0x0000000084000000|100%|HS|  |TAMS 0x0000000083f00000| PB 0x0000000083f00000| Complete 
|  64|0x0000000084000000, 0x0000000084100000, 0x0000000084100000|100%|HS|  |TAMS 0x0000000084000000| PB 0x0000000084000000| Complete 
|  65|0x0000000084100000, 0x0000000084200000, 0x0000000084200000|100%| O|  |TAMS 0x0000000084100000| PB 0x0000000084100000| Untracked 
|  66|0x0000000084200000, 0x0000000084300000, 0x0000000084300000|100%| O|  |TAMS 0x0000000084200000| PB 0x0000000084200000| Untracked 
|  67|0x0000000084300000, 0x0000000084400000, 0x0000000084400000|100%| O|  |TAMS 0x0000000084300000| PB 0x0000000084300000| Untracked 
|  68|0x0000000084400000, 0x0000000084500000, 0x0000000084500000|100%| O|  |TAMS 0x0000000084400000| PB 0x0000000084400000| Untracked 
|  69|0x0000000084500000, 0x0000000084600000, 0x0000000084600000|100%| O|  |TAMS 0x0000000084500000| PB 0x0000000084500000| Untracked 
|  70|0x0000000084600000, 0x0000000084700000, 0x0000000084700000|100%| O|  |TAMS 0x0000000084600000| PB 0x0000000084600000| Untracked 
|  71|0x0000000084700000, 0x0000000084800000, 0x0000000084800000|100%| O|  |TAMS 0x0000000084700000| PB 0x0000000084700000| Untracked 
|  72|0x0000000084800000, 0x0000000084900000, 0x0000000084900000|100%| O|  |TAMS 0x0000000084800000| PB 0x0000000084800000| Untracked 
|  73|0x0000000084900000, 0x0000000084a00000, 0x0000000084a00000|100%|HS|  |TAMS 0x0000000084900000| PB 0x0000000084900000| Complete 
|  74|0x0000000084a00000, 0x0000000084b00000, 0x0000000084b00000|100%|HC|  |TAMS 0x0000000084a00000| PB 0x0000000084a00000| Complete 
|  75|0x0000000084b00000, 0x0000000084c00000, 0x0000000084c00000|100%| O|  |TAMS 0x0000000084b00000| PB 0x0000000084b00000| Untracked 
|  76|0x0000000084c00000, 0x0000000084d00000, 0x0000000084d00000|100%| O|  |TAMS 0x0000000084c00000| PB 0x0000000084c00000| Untracked 
|  77|0x0000000084d00000, 0x0000000084e00000, 0x0000000084e00000|100%| O|  |TAMS 0x0000000084d00000| PB 0x0000000084d00000| Untracked 
|  78|0x0000000084e00000, 0x0000000084f00000, 0x0000000084f00000|100%|HS|  |TAMS 0x0000000084e00000| PB 0x0000000084e00000| Complete 
|  79|0x0000000084f00000, 0x0000000085000000, 0x0000000085000000|100%| O|  |TAMS 0x0000000084f00000| PB 0x0000000084f00000| Untracked 
|  80|0x0000000085000000, 0x0000000085100000, 0x0000000085100000|100%| O|  |TAMS 0x0000000085000000| PB 0x0000000085000000| Untracked 
|  81|0x0000000085100000, 0x0000000085200000, 0x0000000085200000|100%| O|  |TAMS 0x0000000085100000| PB 0x0000000085100000| Untracked 
|  82|0x0000000085200000, 0x0000000085300000, 0x0000000085300000|100%| O|  |TAMS 0x0000000085200000| PB 0x0000000085200000| Untracked 
|  83|0x0000000085300000, 0x0000000085400000, 0x0000000085400000|100%| O|  |TAMS 0x0000000085300000| PB 0x0000000085300000| Untracked 
|  84|0x0000000085400000, 0x0000000085500000, 0x0000000085500000|100%| O|  |TAMS 0x0000000085400000| PB 0x0000000085400000| Untracked 
|  85|0x0000000085500000, 0x0000000085600000, 0x0000000085600000|100%| O|  |TAMS 0x0000000085500000| PB 0x0000000085500000| Untracked 
|  86|0x0000000085600000, 0x0000000085700000, 0x0000000085700000|100%| O|  |TAMS 0x0000000085600000| PB 0x0000000085600000| Untracked 
|  87|0x0000000085700000, 0x0000000085800000, 0x0000000085800000|100%| O|  |TAMS 0x0000000085700000| PB 0x0000000085700000| Untracked 
|  88|0x0000000085800000, 0x0000000085900000, 0x0000000085900000|100%| O|  |TAMS 0x0000000085800000| PB 0x0000000085800000| Untracked 
|  89|0x0000000085900000, 0x0000000085a00000, 0x0000000085a00000|100%| O|  |TAMS 0x0000000085900000| PB 0x0000000085900000| Untracked 
|  90|0x0000000085a00000, 0x0000000085b00000, 0x0000000085b00000|100%| O|  |TAMS 0x0000000085a00000| PB 0x0000000085a00000| Untracked 
|  91|0x0000000085b00000, 0x0000000085c00000, 0x0000000085c00000|100%| O|  |TAMS 0x0000000085b00000| PB 0x0000000085b00000| Untracked 
|  92|0x0000000085c00000, 0x0000000085d00000, 0x0000000085d00000|100%| O|  |TAMS 0x0000000085c00000| PB 0x0000000085c00000| Untracked 
|  93|0x0000000085d00000, 0x0000000085e00000, 0x0000000085e00000|100%| O|  |TAMS 0x0000000085d00000| PB 0x0000000085d00000| Untracked 
|  94|0x0000000085e00000, 0x0000000085f00000, 0x0000000085f00000|100%| O|  |TAMS 0x0000000085e00000| PB 0x0000000085e00000| Untracked 
|  95|0x0000000085f00000, 0x0000000086000000, 0x0000000086000000|100%| O|  |TAMS 0x0000000085f00000| PB 0x0000000085f00000| Untracked 
|  96|0x0000000086000000, 0x0000000086100000, 0x0000000086100000|100%| O|  |TAMS 0x0000000086000000| PB 0x0000000086000000| Untracked 
|  97|0x0000000086100000, 0x0000000086200000, 0x0000000086200000|100%| O|  |TAMS 0x0000000086100000| PB 0x0000000086100000| Untracked 
|  98|0x0000000086200000, 0x0000000086300000, 0x0000000086300000|100%| O|  |TAMS 0x0000000086200000| PB 0x0000000086200000| Untracked 
|  99|0x0000000086300000, 0x0000000086400000, 0x0000000086400000|100%| O|  |TAMS 0x0000000086300000| PB 0x0000000086300000| Untracked 
| 100|0x0000000086400000, 0x0000000086500000, 0x0000000086500000|100%| O|  |TAMS 0x0000000086400000| PB 0x0000000086400000| Untracked 
| 101|0x0000000086500000, 0x0000000086600000, 0x0000000086600000|100%| O|  |TAMS 0x0000000086500000| PB 0x0000000086500000| Untracked 
| 102|0x0000000086600000, 0x0000000086700000, 0x0000000086700000|100%| O|  |TAMS 0x0000000086600000| PB 0x0000000086600000| Untracked 
| 103|0x0000000086700000, 0x0000000086800000, 0x0000000086800000|100%| O|  |TAMS 0x0000000086700000| PB 0x0000000086700000| Untracked 
| 104|0x0000000086800000, 0x0000000086900000, 0x0000000086900000|100%| O|  |TAMS 0x0000000086800000| PB 0x0000000086800000| Untracked 
| 105|0x0000000086900000, 0x0000000086a00000, 0x0000000086a00000|100%| O|  |TAMS 0x0000000086900000| PB 0x0000000086900000| Untracked 
| 106|0x0000000086a00000, 0x0000000086b00000, 0x0000000086b00000|100%| O|  |TAMS 0x0000000086a00000| PB 0x0000000086a00000| Untracked 
| 107|0x0000000086b00000, 0x0000000086c00000, 0x0000000086c00000|100%| O|  |TAMS 0x0000000086b00000| PB 0x0000000086b00000| Untracked 
| 108|0x0000000086c00000, 0x0000000086d00000, 0x0000000086d00000|100%| O|  |TAMS 0x0000000086c00000| PB 0x0000000086c00000| Untracked 
| 109|0x0000000086d00000, 0x0000000086e00000, 0x0000000086e00000|100%| O|  |TAMS 0x0000000086d00000| PB 0x0000000086d00000| Untracked 
| 110|0x0000000086e00000, 0x0000000086f00000, 0x0000000086f00000|100%| O|  |TAMS 0x0000000086e00000| PB 0x0000000086e00000| Untracked 
| 111|0x0000000086f00000, 0x0000000087000000, 0x0000000087000000|100%| O|  |TAMS 0x0000000086f00000| PB 0x0000000086f00000| Untracked 
| 112|0x0000000087000000, 0x0000000087100000, 0x0000000087100000|100%| O|  |TAMS 0x0000000087000000| PB 0x0000000087000000| Untracked 
| 113|0x0000000087100000, 0x0000000087200000, 0x0000000087200000|100%| O|  |TAMS 0x0000000087100000| PB 0x0000000087100000| Untracked 
| 114|0x0000000087200000, 0x0000000087300000, 0x0000000087300000|100%| O|  |TAMS 0x0000000087200000| PB 0x0000000087200000| Untracked 
| 115|0x0000000087300000, 0x0000000087400000, 0x0000000087400000|100%| O|  |TAMS 0x0000000087300000| PB 0x0000000087300000| Untracked 
| 116|0x0000000087400000, 0x0000000087500000, 0x0000000087500000|100%| O|  |TAMS 0x0000000087400000| PB 0x0000000087400000| Untracked 
| 117|0x0000000087500000, 0x0000000087600000, 0x0000000087600000|100%| O|  |TAMS 0x0000000087500000| PB 0x0000000087500000| Untracked 
| 118|0x0000000087600000, 0x0000000087700000, 0x0000000087700000|100%| O|  |TAMS 0x0000000087600000| PB 0x0000000087600000| Untracked 
| 119|0x0000000087700000, 0x0000000087800000, 0x0000000087800000|100%| O|  |TAMS 0x0000000087700000| PB 0x0000000087700000| Untracked 
| 120|0x0000000087800000, 0x0000000087900000, 0x0000000087900000|100%|HS|  |TAMS 0x0000000087800000| PB 0x0000000087800000| Complete 
| 121|0x0000000087900000, 0x0000000087a00000, 0x0000000087a00000|100%|HC|  |TAMS 0x0000000087900000| PB 0x0000000087900000| Complete 
| 122|0x0000000087a00000, 0x0000000087b00000, 0x0000000087b00000|100%|HC|  |TAMS 0x0000000087a00000| PB 0x0000000087a00000| Complete 
| 123|0x0000000087b00000, 0x0000000087c00000, 0x0000000087c00000|100%|HC|  |TAMS 0x0000000087b00000| PB 0x0000000087b00000| Complete 
| 124|0x0000000087c00000, 0x0000000087d00000, 0x0000000087d00000|100%|HC|  |TAMS 0x0000000087c00000| PB 0x0000000087c00000| Complete 
| 125|0x0000000087d00000, 0x0000000087e00000, 0x0000000087e00000|100%| O|  |TAMS 0x0000000087d00000| PB 0x0000000087d00000| Untracked 
| 126|0x0000000087e00000, 0x0000000087f00000, 0x0000000087f00000|100%| O|  |TAMS 0x0000000087e00000| PB 0x0000000087e00000| Untracked 
| 127|0x0000000087f00000, 0x0000000088000000, 0x0000000088000000|100%| O|  |TAMS 0x0000000087f00000| PB 0x0000000087f00000| Untracked 
| 128|0x0000000088000000, 0x0000000088000000, 0x0000000088100000|  0%| F|  |TAMS 0x0000000088000000| PB 0x0000000088000000| Untracked 
| 129|0x0000000088100000, 0x0000000088200000, 0x0000000088200000|100%| O|  |TAMS 0x0000000088100000| PB 0x0000000088100000| Untracked 
| 130|0x0000000088200000, 0x0000000088300000, 0x0000000088300000|100%| O|  |TAMS 0x0000000088200000| PB 0x0000000088200000| Untracked 
| 131|0x0000000088300000, 0x0000000088400000, 0x0000000088400000|100%| O|  |TAMS 0x0000000088300000| PB 0x0000000088300000| Untracked 
| 132|0x0000000088400000, 0x0000000088500000, 0x0000000088500000|100%| O|  |TAMS 0x0000000088400000| PB 0x0000000088400000| Untracked 
| 133|0x0000000088500000, 0x0000000088600000, 0x0000000088600000|100%| O|  |TAMS 0x0000000088500000| PB 0x0000000088500000| Untracked 
| 134|0x0000000088600000, 0x0000000088700000, 0x0000000088700000|100%| O|  |TAMS 0x0000000088600000| PB 0x0000000088600000| Untracked 
| 135|0x0000000088700000, 0x0000000088800000, 0x0000000088800000|100%| O|  |TAMS 0x0000000088700000| PB 0x0000000088700000| Untracked 
| 136|0x0000000088800000, 0x0000000088900000, 0x0000000088900000|100%| O|  |TAMS 0x0000000088800000| PB 0x0000000088800000| Untracked 
| 137|0x0000000088900000, 0x0000000088a00000, 0x0000000088a00000|100%| O|  |TAMS 0x0000000088900000| PB 0x0000000088900000| Untracked 
| 138|0x0000000088a00000, 0x0000000088b00000, 0x0000000088b00000|100%| O|  |TAMS 0x0000000088a00000| PB 0x0000000088a00000| Untracked 
| 139|0x0000000088b00000, 0x0000000088c00000, 0x0000000088c00000|100%| O|  |TAMS 0x0000000088b00000| PB 0x0000000088b00000| Untracked 
| 140|0x0000000088c00000, 0x0000000088d00000, 0x0000000088d00000|100%| O|  |TAMS 0x0000000088c00000| PB 0x0000000088c00000| Untracked 
| 141|0x0000000088d00000, 0x0000000088e00000, 0x0000000088e00000|100%| O|  |TAMS 0x0000000088d00000| PB 0x0000000088d00000| Untracked 
| 142|0x0000000088e00000, 0x0000000088f00000, 0x0000000088f00000|100%| O|  |TAMS 0x0000000088e00000| PB 0x0000000088e00000| Untracked 
| 143|0x0000000088f00000, 0x0000000089000000, 0x0000000089000000|100%| O|  |TAMS 0x0000000088f00000| PB 0x0000000088f00000| Untracked 
| 144|0x0000000089000000, 0x0000000089100000, 0x0000000089100000|100%| O|  |TAMS 0x0000000089000000| PB 0x0000000089000000| Untracked 
| 145|0x0000000089100000, 0x0000000089200000, 0x0000000089200000|100%| O|  |TAMS 0x0000000089100000| PB 0x0000000089100000| Untracked 
| 146|0x0000000089200000, 0x0000000089300000, 0x0000000089300000|100%| O|  |TAMS 0x0000000089200000| PB 0x0000000089200000| Untracked 
| 147|0x0000000089300000, 0x0000000089400000, 0x0000000089400000|100%| O|  |TAMS 0x0000000089300000| PB 0x0000000089300000| Untracked 
| 148|0x0000000089400000, 0x0000000089500000, 0x0000000089500000|100%| O|  |TAMS 0x0000000089400000| PB 0x0000000089400000| Untracked 
| 149|0x0000000089500000, 0x0000000089600000, 0x0000000089600000|100%| O|  |TAMS 0x0000000089500000| PB 0x0000000089500000| Untracked 
| 150|0x0000000089600000, 0x0000000089700000, 0x0000000089700000|100%| O|  |TAMS 0x0000000089600000| PB 0x0000000089600000| Untracked 
| 151|0x0000000089700000, 0x0000000089800000, 0x0000000089800000|100%| O|  |TAMS 0x0000000089700000| PB 0x0000000089700000| Untracked 
| 152|0x0000000089800000, 0x0000000089900000, 0x0000000089900000|100%| O|  |TAMS 0x0000000089800000| PB 0x0000000089800000| Untracked 
| 153|0x0000000089900000, 0x0000000089a00000, 0x0000000089a00000|100%| O|  |TAMS 0x0000000089900000| PB 0x0000000089900000| Untracked 
| 154|0x0000000089a00000, 0x0000000089b00000, 0x0000000089b00000|100%| O|  |TAMS 0x0000000089a00000| PB 0x0000000089a00000| Untracked 
| 155|0x0000000089b00000, 0x0000000089c00000, 0x0000000089c00000|100%| O|  |TAMS 0x0000000089b00000| PB 0x0000000089b00000| Untracked 
| 156|0x0000000089c00000, 0x0000000089d00000, 0x0000000089d00000|100%| O|  |TAMS 0x0000000089c00000| PB 0x0000000089c00000| Untracked 
| 157|0x0000000089d00000, 0x0000000089e00000, 0x0000000089e00000|100%| O|  |TAMS 0x0000000089d00000| PB 0x0000000089d00000| Untracked 
| 158|0x0000000089e00000, 0x0000000089f00000, 0x0000000089f00000|100%| O|  |TAMS 0x0000000089e00000| PB 0x0000000089e00000| Untracked 
| 159|0x0000000089f00000, 0x000000008a000000, 0x000000008a000000|100%| O|  |TAMS 0x0000000089f00000| PB 0x0000000089f00000| Untracked 
| 160|0x000000008a000000, 0x000000008a100000, 0x000000008a100000|100%| O|  |TAMS 0x000000008a000000| PB 0x000000008a000000| Untracked 
| 161|0x000000008a100000, 0x000000008a200000, 0x000000008a200000|100%| O|  |TAMS 0x000000008a100000| PB 0x000000008a100000| Untracked 
| 162|0x000000008a200000, 0x000000008a300000, 0x000000008a300000|100%| O|  |TAMS 0x000000008a200000| PB 0x000000008a200000| Untracked 
| 163|0x000000008a300000, 0x000000008a400000, 0x000000008a400000|100%| O|  |TAMS 0x000000008a300000| PB 0x000000008a300000| Untracked 
| 164|0x000000008a400000, 0x000000008a500000, 0x000000008a500000|100%| O|  |TAMS 0x000000008a400000| PB 0x000000008a400000| Untracked 
| 165|0x000000008a500000, 0x000000008a600000, 0x000000008a600000|100%| O|  |TAMS 0x000000008a500000| PB 0x000000008a500000| Untracked 
| 166|0x000000008a600000, 0x000000008a700000, 0x000000008a700000|100%| O|  |TAMS 0x000000008a600000| PB 0x000000008a600000| Untracked 
| 167|0x000000008a700000, 0x000000008a800000, 0x000000008a800000|100%| O|  |TAMS 0x000000008a700000| PB 0x000000008a700000| Untracked 
| 168|0x000000008a800000, 0x000000008a900000, 0x000000008a900000|100%| O|  |TAMS 0x000000008a800000| PB 0x000000008a800000| Untracked 
| 169|0x000000008a900000, 0x000000008aa00000, 0x000000008aa00000|100%| O|  |TAMS 0x000000008a900000| PB 0x000000008a900000| Untracked 
| 170|0x000000008aa00000, 0x000000008aa00000, 0x000000008ab00000|  0%| F|  |TAMS 0x000000008aa00000| PB 0x000000008aa00000| Untracked 
| 171|0x000000008ab00000, 0x000000008ac00000, 0x000000008ac00000|100%| O|  |TAMS 0x000000008ab00000| PB 0x000000008ab00000| Untracked 
| 172|0x000000008ac00000, 0x000000008ad00000, 0x000000008ad00000|100%| O|  |TAMS 0x000000008ac00000| PB 0x000000008ac00000| Untracked 
| 173|0x000000008ad00000, 0x000000008ad00000, 0x000000008ae00000|  0%| F|  |TAMS 0x000000008ad00000| PB 0x000000008ad00000| Untracked 
| 174|0x000000008ae00000, 0x000000008af00000, 0x000000008af00000|100%| O|Cm|TAMS 0x000000008ae00000| PB 0x000000008ae00000| Complete 
| 175|0x000000008af00000, 0x000000008b000000, 0x000000008b000000|100%| O|Cm|TAMS 0x000000008af00000| PB 0x000000008af00000| Complete 
| 176|0x000000008b000000, 0x000000008b100000, 0x000000008b100000|100%| O|Cm|TAMS 0x000000008b000000| PB 0x000000008b000000| Complete 
| 177|0x000000008b100000, 0x000000008b200000, 0x000000008b200000|100%| O|Cm|TAMS 0x000000008b100000| PB 0x000000008b100000| Complete 
| 178|0x000000008b200000, 0x000000008b2ffaa0, 0x000000008b300000| 99%| O|  |TAMS 0x000000008b200000| PB 0x000000008b200000| Untracked 
| 179|0x000000008b300000, 0x000000008b400000, 0x000000008b400000|100%|HS|  |TAMS 0x000000008b300000| PB 0x000000008b300000| Complete 
| 180|0x000000008b400000, 0x000000008b500000, 0x000000008b500000|100%|HC|  |TAMS 0x000000008b400000| PB 0x000000008b400000| Complete 
| 181|0x000000008b500000, 0x000000008b500000, 0x000000008b600000|  0%| F|  |TAMS 0x000000008b500000| PB 0x000000008b500000| Untracked 
| 182|0x000000008b600000, 0x000000008b700000, 0x000000008b700000|100%|HS|  |TAMS 0x000000008b600000| PB 0x000000008b600000| Complete 
| 183|0x000000008b700000, 0x000000008b800000, 0x000000008b800000|100%|HS|  |TAMS 0x000000008b700000| PB 0x000000008b700000| Complete 
| 184|0x000000008b800000, 0x000000008b900000, 0x000000008b900000|100%|HC|  |TAMS 0x000000008b800000| PB 0x000000008b800000| Complete 
| 185|0x000000008b900000, 0x000000008ba00000, 0x000000008ba00000|100%|HC|  |TAMS 0x000000008b900000| PB 0x000000008b900000| Complete 
| 186|0x000000008ba00000, 0x000000008bb00000, 0x000000008bb00000|100%|HC|  |TAMS 0x000000008ba00000| PB 0x000000008ba00000| Complete 
| 187|0x000000008bb00000, 0x000000008bb00000, 0x000000008bc00000|  0%| F|  |TAMS 0x000000008bb00000| PB 0x000000008bb00000| Untracked 
| 188|0x000000008bc00000, 0x000000008bc00000, 0x000000008bd00000|  0%| F|  |TAMS 0x000000008bc00000| PB 0x000000008bc00000| Untracked 
| 189|0x000000008bd00000, 0x000000008bd00000, 0x000000008be00000|  0%| F|  |TAMS 0x000000008bd00000| PB 0x000000008bd00000| Untracked 
| 190|0x000000008be00000, 0x000000008be00000, 0x000000008bf00000|  0%| F|  |TAMS 0x000000008be00000| PB 0x000000008be00000| Untracked 
| 191|0x000000008bf00000, 0x000000008bf00000, 0x000000008c000000|  0%| F|  |TAMS 0x000000008bf00000| PB 0x000000008bf00000| Untracked 
| 192|0x000000008c000000, 0x000000008c000000, 0x000000008c100000|  0%| F|  |TAMS 0x000000008c000000| PB 0x000000008c000000| Untracked 
| 193|0x000000008c100000, 0x000000008c100000, 0x000000008c200000|  0%| F|  |TAMS 0x000000008c100000| PB 0x000000008c100000| Untracked 
| 194|0x000000008c200000, 0x000000008c200000, 0x000000008c300000|  0%| F|  |TAMS 0x000000008c200000| PB 0x000000008c200000| Untracked 
| 195|0x000000008c300000, 0x000000008c300000, 0x000000008c400000|  0%| F|  |TAMS 0x000000008c300000| PB 0x000000008c300000| Untracked 
| 196|0x000000008c400000, 0x000000008c400000, 0x000000008c500000|  0%| F|  |TAMS 0x000000008c400000| PB 0x000000008c400000| Untracked 
| 197|0x000000008c500000, 0x000000008c500000, 0x000000008c600000|  0%| F|  |TAMS 0x000000008c500000| PB 0x000000008c500000| Untracked 
| 198|0x000000008c600000, 0x000000008c600000, 0x000000008c700000|  0%| F|  |TAMS 0x000000008c600000| PB 0x000000008c600000| Untracked 
| 199|0x000000008c700000, 0x000000008c700000, 0x000000008c800000|  0%| F|  |TAMS 0x000000008c700000| PB 0x000000008c700000| Untracked 
| 200|0x000000008c800000, 0x000000008c800000, 0x000000008c900000|  0%| F|  |TAMS 0x000000008c800000| PB 0x000000008c800000| Untracked 
| 201|0x000000008c900000, 0x000000008c900000, 0x000000008ca00000|  0%| F|  |TAMS 0x000000008c900000| PB 0x000000008c900000| Untracked 
| 202|0x000000008ca00000, 0x000000008ca00000, 0x000000008cb00000|  0%| F|  |TAMS 0x000000008ca00000| PB 0x000000008ca00000| Untracked 
| 203|0x000000008cb00000, 0x000000008cb00000, 0x000000008cc00000|  0%| F|  |TAMS 0x000000008cb00000| PB 0x000000008cb00000| Untracked 
| 204|0x000000008cc00000, 0x000000008cc00000, 0x000000008cd00000|  0%| F|  |TAMS 0x000000008cc00000| PB 0x000000008cc00000| Untracked 
| 205|0x000000008cd00000, 0x000000008cd00000, 0x000000008ce00000|  0%| F|  |TAMS 0x000000008cd00000| PB 0x000000008cd00000| Untracked 
| 206|0x000000008ce00000, 0x000000008ce00000, 0x000000008cf00000|  0%| F|  |TAMS 0x000000008ce00000| PB 0x000000008ce00000| Untracked 
| 207|0x000000008cf00000, 0x000000008cf00000, 0x000000008d000000|  0%| F|  |TAMS 0x000000008cf00000| PB 0x000000008cf00000| Untracked 
| 208|0x000000008d000000, 0x000000008d000000, 0x000000008d100000|  0%| F|  |TAMS 0x000000008d000000| PB 0x000000008d000000| Untracked 
| 209|0x000000008d100000, 0x000000008d100000, 0x000000008d200000|  0%| F|  |TAMS 0x000000008d100000| PB 0x000000008d100000| Untracked 
| 210|0x000000008d200000, 0x000000008d200000, 0x000000008d300000|  0%| F|  |TAMS 0x000000008d200000| PB 0x000000008d200000| Untracked 
| 211|0x000000008d300000, 0x000000008d300000, 0x000000008d400000|  0%| F|  |TAMS 0x000000008d300000| PB 0x000000008d300000| Untracked 
| 212|0x000000008d400000, 0x000000008d400000, 0x000000008d500000|  0%| F|  |TAMS 0x000000008d400000| PB 0x000000008d400000| Untracked 
| 213|0x000000008d500000, 0x000000008d500000, 0x000000008d600000|  0%| F|  |TAMS 0x000000008d500000| PB 0x000000008d500000| Untracked 
| 214|0x000000008d600000, 0x000000008d600000, 0x000000008d700000|  0%| F|  |TAMS 0x000000008d600000| PB 0x000000008d600000| Untracked 
| 215|0x000000008d700000, 0x000000008d700000, 0x000000008d800000|  0%| F|  |TAMS 0x000000008d700000| PB 0x000000008d700000| Untracked 
| 216|0x000000008d800000, 0x000000008d800000, 0x000000008d900000|  0%| F|  |TAMS 0x000000008d800000| PB 0x000000008d800000| Untracked 
| 217|0x000000008d900000, 0x000000008d900000, 0x000000008da00000|  0%| F|  |TAMS 0x000000008d900000| PB 0x000000008d900000| Untracked 
| 218|0x000000008da00000, 0x000000008da00000, 0x000000008db00000|  0%| F|  |TAMS 0x000000008da00000| PB 0x000000008da00000| Untracked 
| 219|0x000000008db00000, 0x000000008db00000, 0x000000008dc00000|  0%| F|  |TAMS 0x000000008db00000| PB 0x000000008db00000| Untracked 
| 220|0x000000008dc00000, 0x000000008dc00000, 0x000000008dd00000|  0%| F|  |TAMS 0x000000008dc00000| PB 0x000000008dc00000| Untracked 
| 221|0x000000008dd00000, 0x000000008dd00000, 0x000000008de00000|  0%| F|  |TAMS 0x000000008dd00000| PB 0x000000008dd00000| Untracked 
| 222|0x000000008de00000, 0x000000008de00000, 0x000000008df00000|  0%| F|  |TAMS 0x000000008de00000| PB 0x000000008de00000| Untracked 
| 223|0x000000008df00000, 0x000000008e000000, 0x000000008e000000|100%| O|  |TAMS 0x000000008df00000| PB 0x000000008df00000| Untracked 
| 224|0x000000008e000000, 0x000000008e100000, 0x000000008e100000|100%| O|  |TAMS 0x000000008e000000| PB 0x000000008e000000| Untracked 
| 225|0x000000008e100000, 0x000000008e200000, 0x000000008e200000|100%| O|  |TAMS 0x000000008e100000| PB 0x000000008e100000| Untracked 
| 226|0x000000008e200000, 0x000000008e300000, 0x000000008e300000|100%| O|  |TAMS 0x000000008e200000| PB 0x000000008e200000| Untracked 
| 227|0x000000008e300000, 0x000000008e400000, 0x000000008e400000|100%| O|  |TAMS 0x000000008e300000| PB 0x000000008e300000| Untracked 
| 228|0x000000008e400000, 0x000000008e500000, 0x000000008e500000|100%| O|  |TAMS 0x000000008e400000| PB 0x000000008e400000| Untracked 
| 229|0x000000008e500000, 0x000000008e600000, 0x000000008e600000|100%| O|  |TAMS 0x000000008e500000| PB 0x000000008e500000| Untracked 
| 230|0x000000008e600000, 0x000000008e700000, 0x000000008e700000|100%| O|Cm|TAMS 0x000000008e600000| PB 0x000000008e600000| Complete 
| 231|0x000000008e700000, 0x000000008e800000, 0x000000008e800000|100%| O|  |TAMS 0x000000008e700000| PB 0x000000008e700000| Untracked 
| 232|0x000000008e800000, 0x000000008e900000, 0x000000008e900000|100%| O|  |TAMS 0x000000008e800000| PB 0x000000008e800000| Untracked 
| 233|0x000000008e900000, 0x000000008ea00000, 0x000000008ea00000|100%| O|  |TAMS 0x000000008e900000| PB 0x000000008e900000| Untracked 
| 234|0x000000008ea00000, 0x000000008eb00000, 0x000000008eb00000|100%| O|  |TAMS 0x000000008ea00000| PB 0x000000008ea00000| Untracked 
| 235|0x000000008eb00000, 0x000000008ec00000, 0x000000008ec00000|100%| O|  |TAMS 0x000000008eb00000| PB 0x000000008eb00000| Untracked 
| 236|0x000000008ec00000, 0x000000008ed00000, 0x000000008ed00000|100%| O|  |TAMS 0x000000008ec00000| PB 0x000000008ec00000| Untracked 
| 237|0x000000008ed00000, 0x000000008ee00000, 0x000000008ee00000|100%| O|  |TAMS 0x000000008ed00000| PB 0x000000008ed00000| Untracked 
| 238|0x000000008ee00000, 0x000000008ef00000, 0x000000008ef00000|100%| O|  |TAMS 0x000000008ee00000| PB 0x000000008ee00000| Untracked 
| 239|0x000000008ef00000, 0x000000008f000000, 0x000000008f000000|100%| O|  |TAMS 0x000000008ef00000| PB 0x000000008ef00000| Untracked 
| 240|0x000000008f000000, 0x000000008f100000, 0x000000008f100000|100%| O|  |TAMS 0x000000008f000000| PB 0x000000008f000000| Untracked 
| 241|0x000000008f100000, 0x000000008f200000, 0x000000008f200000|100%| O|  |TAMS 0x000000008f100000| PB 0x000000008f100000| Untracked 
| 242|0x000000008f200000, 0x000000008f300000, 0x000000008f300000|100%| O|  |TAMS 0x000000008f200000| PB 0x000000008f200000| Untracked 
| 243|0x000000008f300000, 0x000000008f400000, 0x000000008f400000|100%| O|  |TAMS 0x000000008f300000| PB 0x000000008f300000| Untracked 
| 244|0x000000008f400000, 0x000000008f400000, 0x000000008f500000|  0%| F|  |TAMS 0x000000008f400000| PB 0x000000008f400000| Untracked 
| 245|0x000000008f500000, 0x000000008f600000, 0x000000008f600000|100%| O|Cm|TAMS 0x000000008f500000| PB 0x000000008f500000| Complete 
| 246|0x000000008f600000, 0x000000008f700000, 0x000000008f700000|100%| O|  |TAMS 0x000000008f600000| PB 0x000000008f600000| Untracked 
| 247|0x000000008f700000, 0x000000008f800000, 0x000000008f800000|100%| O|Cm|TAMS 0x000000008f700000| PB 0x000000008f700000| Complete 
| 248|0x000000008f800000, 0x000000008f900000, 0x000000008f900000|100%| O|  |TAMS 0x000000008f800000| PB 0x000000008f800000| Untracked 
| 249|0x000000008f900000, 0x000000008fa00000, 0x000000008fa00000|100%| O|  |TAMS 0x000000008f900000| PB 0x000000008f900000| Untracked 
| 250|0x000000008fa00000, 0x000000008fa00000, 0x000000008fb00000|  0%| F|  |TAMS 0x000000008fa00000| PB 0x000000008fa00000| Untracked 
| 251|0x000000008fb00000, 0x000000008fb00000, 0x000000008fc00000|  0%| F|  |TAMS 0x000000008fb00000| PB 0x000000008fb00000| Untracked 
| 252|0x000000008fc00000, 0x000000008fc00000, 0x000000008fd00000|  0%| F|  |TAMS 0x000000008fc00000| PB 0x000000008fc00000| Untracked 
| 253|0x000000008fd00000, 0x000000008fd00000, 0x000000008fe00000|  0%| F|  |TAMS 0x000000008fd00000| PB 0x000000008fd00000| Untracked 
| 254|0x000000008fe00000, 0x000000008fe00000, 0x000000008ff00000|  0%| F|  |TAMS 0x000000008fe00000| PB 0x000000008fe00000| Untracked 
| 255|0x000000008ff00000, 0x0000000090000000, 0x0000000090000000|100%| O|  |TAMS 0x000000008ff00000| PB 0x000000008ff00000| Untracked 
| 256|0x0000000090000000, 0x0000000090000000, 0x0000000090100000|  0%| F|  |TAMS 0x0000000090000000| PB 0x0000000090000000| Untracked 
| 257|0x0000000090100000, 0x0000000090100000, 0x0000000090200000|  0%| F|  |TAMS 0x0000000090100000| PB 0x0000000090100000| Untracked 
| 258|0x0000000090200000, 0x0000000090300000, 0x0000000090300000|100%| O|  |TAMS 0x0000000090200000| PB 0x0000000090200000| Untracked 
| 259|0x0000000090300000, 0x0000000090300000, 0x0000000090400000|  0%| F|  |TAMS 0x0000000090300000| PB 0x0000000090300000| Untracked 
| 260|0x0000000090400000, 0x0000000090400000, 0x0000000090500000|  0%| F|  |TAMS 0x0000000090400000| PB 0x0000000090400000| Untracked 
| 261|0x0000000090500000, 0x0000000090600000, 0x0000000090600000|100%| O|Cm|TAMS 0x0000000090500000| PB 0x0000000090500000| Complete 
| 262|0x0000000090600000, 0x0000000090600000, 0x0000000090700000|  0%| F|  |TAMS 0x0000000090600000| PB 0x0000000090600000| Untracked 
| 263|0x0000000090700000, 0x0000000090700000, 0x0000000090800000|  0%| F|  |TAMS 0x0000000090700000| PB 0x0000000090700000| Untracked 
| 264|0x0000000090800000, 0x0000000090800000, 0x0000000090900000|  0%| F|  |TAMS 0x0000000090800000| PB 0x0000000090800000| Untracked 
| 265|0x0000000090900000, 0x0000000090900000, 0x0000000090a00000|  0%| F|  |TAMS 0x0000000090900000| PB 0x0000000090900000| Untracked 
| 266|0x0000000090a00000, 0x0000000090a00000, 0x0000000090b00000|  0%| F|  |TAMS 0x0000000090a00000| PB 0x0000000090a00000| Untracked 
| 267|0x0000000090b00000, 0x0000000090b00000, 0x0000000090c00000|  0%| F|  |TAMS 0x0000000090b00000| PB 0x0000000090b00000| Untracked 
| 268|0x0000000090c00000, 0x0000000090c00000, 0x0000000090d00000|  0%| F|  |TAMS 0x0000000090c00000| PB 0x0000000090c00000| Untracked 
| 269|0x0000000090d00000, 0x0000000090d00000, 0x0000000090e00000|  0%| F|  |TAMS 0x0000000090d00000| PB 0x0000000090d00000| Untracked 
| 270|0x0000000090e00000, 0x0000000090e00000, 0x0000000090f00000|  0%| F|  |TAMS 0x0000000090e00000| PB 0x0000000090e00000| Untracked 
| 271|0x0000000090f00000, 0x0000000090f00000, 0x0000000091000000|  0%| F|  |TAMS 0x0000000090f00000| PB 0x0000000090f00000| Untracked 
| 272|0x0000000091000000, 0x0000000091000000, 0x0000000091100000|  0%| F|  |TAMS 0x0000000091000000| PB 0x0000000091000000| Untracked 
| 273|0x0000000091100000, 0x0000000091198078, 0x0000000091200000| 59%| S|CS|TAMS 0x0000000091100000| PB 0x0000000091100000| Complete 
| 274|0x0000000091200000, 0x0000000091300000, 0x0000000091300000|100%| S|CS|TAMS 0x0000000091200000| PB 0x0000000091200000| Complete 
| 275|0x0000000091300000, 0x0000000091400000, 0x0000000091400000|100%| S|CS|TAMS 0x0000000091300000| PB 0x0000000091300000| Complete 
| 276|0x0000000091400000, 0x0000000091500000, 0x0000000091500000|100%| S|CS|TAMS 0x0000000091400000| PB 0x0000000091400000| Complete 
| 277|0x0000000091500000, 0x0000000091600000, 0x0000000091600000|100%| S|CS|TAMS 0x0000000091500000| PB 0x0000000091500000| Complete 
| 278|0x0000000091600000, 0x0000000091700000, 0x0000000091700000|100%| S|CS|TAMS 0x0000000091600000| PB 0x0000000091600000| Complete 
| 279|0x0000000091700000, 0x0000000091800000, 0x0000000091800000|100%| S|CS|TAMS 0x0000000091700000| PB 0x0000000091700000| Complete 
| 280|0x0000000091800000, 0x0000000091900000, 0x0000000091900000|100%| S|CS|TAMS 0x0000000091800000| PB 0x0000000091800000| Complete 
| 281|0x0000000091900000, 0x0000000091a00000, 0x0000000091a00000|100%| S|CS|TAMS 0x0000000091900000| PB 0x0000000091900000| Complete 
| 282|0x0000000091a00000, 0x0000000091b00000, 0x0000000091b00000|100%| S|CS|TAMS 0x0000000091a00000| PB 0x0000000091a00000| Complete 
| 283|0x0000000091b00000, 0x0000000091c00000, 0x0000000091c00000|100%| S|CS|TAMS 0x0000000091b00000| PB 0x0000000091b00000| Complete 
| 284|0x0000000091c00000, 0x0000000091d00000, 0x0000000091d00000|100%| S|CS|TAMS 0x0000000091c00000| PB 0x0000000091c00000| Complete 
| 285|0x0000000091d00000, 0x0000000091e00000, 0x0000000091e00000|100%| S|CS|TAMS 0x0000000091d00000| PB 0x0000000091d00000| Complete 
| 286|0x0000000091e00000, 0x0000000091f00000, 0x0000000091f00000|100%| S|CS|TAMS 0x0000000091e00000| PB 0x0000000091e00000| Complete 
| 287|0x0000000091f00000, 0x0000000092000000, 0x0000000092000000|100%| S|CS|TAMS 0x0000000091f00000| PB 0x0000000091f00000| Complete 
| 288|0x0000000092000000, 0x0000000092100000, 0x0000000092100000|100%| S|CS|TAMS 0x0000000092000000| PB 0x0000000092000000| Complete 
| 289|0x0000000092100000, 0x0000000092200000, 0x0000000092200000|100%| S|CS|TAMS 0x0000000092100000| PB 0x0000000092100000| Complete 
| 290|0x0000000092200000, 0x0000000092300000, 0x0000000092300000|100%| S|CS|TAMS 0x0000000092200000| PB 0x0000000092200000| Complete 
| 291|0x0000000092300000, 0x0000000092400000, 0x0000000092400000|100%| S|CS|TAMS 0x0000000092300000| PB 0x0000000092300000| Complete 
| 292|0x0000000092400000, 0x0000000092500000, 0x0000000092500000|100%| S|CS|TAMS 0x0000000092400000| PB 0x0000000092400000| Complete 
| 293|0x0000000092500000, 0x0000000092600000, 0x0000000092600000|100%| S|CS|TAMS 0x0000000092500000| PB 0x0000000092500000| Complete 
| 294|0x0000000092600000, 0x0000000092700000, 0x0000000092700000|100%| S|CS|TAMS 0x0000000092600000| PB 0x0000000092600000| Complete 
| 295|0x0000000092700000, 0x0000000092800000, 0x0000000092800000|100%| S|CS|TAMS 0x0000000092700000| PB 0x0000000092700000| Complete 
| 296|0x0000000092800000, 0x0000000092900000, 0x0000000092900000|100%| S|CS|TAMS 0x0000000092800000| PB 0x0000000092800000| Complete 
| 297|0x0000000092900000, 0x0000000092a00000, 0x0000000092a00000|100%| S|CS|TAMS 0x0000000092900000| PB 0x0000000092900000| Complete 
| 298|0x0000000092a00000, 0x0000000092b00000, 0x0000000092b00000|100%| S|CS|TAMS 0x0000000092a00000| PB 0x0000000092a00000| Complete 
| 299|0x0000000092b00000, 0x0000000092c00000, 0x0000000092c00000|100%| S|CS|TAMS 0x0000000092b00000| PB 0x0000000092b00000| Complete 
| 300|0x0000000092c00000, 0x0000000092d00000, 0x0000000092d00000|100%| S|CS|TAMS 0x0000000092c00000| PB 0x0000000092c00000| Complete 
| 301|0x0000000092d00000, 0x0000000092e00000, 0x0000000092e00000|100%| S|CS|TAMS 0x0000000092d00000| PB 0x0000000092d00000| Complete 
| 302|0x0000000092e00000, 0x0000000092f00000, 0x0000000092f00000|100%| S|CS|TAMS 0x0000000092e00000| PB 0x0000000092e00000| Complete 
| 303|0x0000000092f00000, 0x0000000093000000, 0x0000000093000000|100%| S|CS|TAMS 0x0000000092f00000| PB 0x0000000092f00000| Complete 
| 304|0x0000000093000000, 0x0000000093100000, 0x0000000093100000|100%| S|CS|TAMS 0x0000000093000000| PB 0x0000000093000000| Complete 
| 305|0x0000000093100000, 0x0000000093200000, 0x0000000093200000|100%| S|CS|TAMS 0x0000000093100000| PB 0x0000000093100000| Complete 
| 306|0x0000000093200000, 0x0000000093200000, 0x0000000093300000|  0%| F|  |TAMS 0x0000000093200000| PB 0x0000000093200000| Untracked 
| 307|0x0000000093300000, 0x0000000093300000, 0x0000000093400000|  0%| F|  |TAMS 0x0000000093300000| PB 0x0000000093300000| Untracked 
| 308|0x0000000093400000, 0x0000000093400000, 0x0000000093500000|  0%| F|  |TAMS 0x0000000093400000| PB 0x0000000093400000| Untracked 
| 309|0x0000000093500000, 0x0000000093500000, 0x0000000093600000|  0%| F|  |TAMS 0x0000000093500000| PB 0x0000000093500000| Untracked 
| 310|0x0000000093600000, 0x0000000093600000, 0x0000000093700000|  0%| F|  |TAMS 0x0000000093600000| PB 0x0000000093600000| Untracked 
| 311|0x0000000093700000, 0x0000000093700000, 0x0000000093800000|  0%| F|  |TAMS 0x0000000093700000| PB 0x0000000093700000| Untracked 
| 312|0x0000000093800000, 0x0000000093800000, 0x0000000093900000|  0%| F|  |TAMS 0x0000000093800000| PB 0x0000000093800000| Untracked 
| 313|0x0000000093900000, 0x00000000939c07f8, 0x0000000093a00000| 75%| E|  |TAMS 0x0000000093900000| PB 0x0000000093900000| Complete 
| 314|0x0000000093a00000, 0x0000000093b00000, 0x0000000093b00000|100%| E|CS|TAMS 0x0000000093a00000| PB 0x0000000093a00000| Complete 
| 315|0x0000000093b00000, 0x0000000093c00000, 0x0000000093c00000|100%| E|CS|TAMS 0x0000000093b00000| PB 0x0000000093b00000| Complete 
| 316|0x0000000093c00000, 0x0000000093d00000, 0x0000000093d00000|100%| E|CS|TAMS 0x0000000093c00000| PB 0x0000000093c00000| Complete 
| 317|0x0000000093d00000, 0x0000000093e00000, 0x0000000093e00000|100%| E|CS|TAMS 0x0000000093d00000| PB 0x0000000093d00000| Complete 
| 318|0x0000000093e00000, 0x0000000093f00000, 0x0000000093f00000|100%| E|CS|TAMS 0x0000000093e00000| PB 0x0000000093e00000| Complete 
| 319|0x0000000093f00000, 0x0000000094000000, 0x0000000094000000|100%| E|CS|TAMS 0x0000000093f00000| PB 0x0000000093f00000| Complete 
| 320|0x0000000094000000, 0x0000000094100000, 0x0000000094100000|100%| E|CS|TAMS 0x0000000094000000| PB 0x0000000094000000| Complete 
| 321|0x0000000094100000, 0x0000000094200000, 0x0000000094200000|100%| E|CS|TAMS 0x0000000094100000| PB 0x0000000094100000| Complete 
| 322|0x0000000094200000, 0x0000000094300000, 0x0000000094300000|100%| E|CS|TAMS 0x0000000094200000| PB 0x0000000094200000| Complete 
| 323|0x0000000094300000, 0x0000000094400000, 0x0000000094400000|100%| E|CS|TAMS 0x0000000094300000| PB 0x0000000094300000| Complete 
| 324|0x0000000094400000, 0x0000000094500000, 0x0000000094500000|100%| E|CS|TAMS 0x0000000094400000| PB 0x0000000094400000| Complete 
| 325|0x0000000094500000, 0x0000000094600000, 0x0000000094600000|100%| E|CS|TAMS 0x0000000094500000| PB 0x0000000094500000| Complete 
| 326|0x0000000094600000, 0x0000000094700000, 0x0000000094700000|100%| E|CS|TAMS 0x0000000094600000| PB 0x0000000094600000| Complete 
| 327|0x0000000094700000, 0x0000000094800000, 0x0000000094800000|100%| E|CS|TAMS 0x0000000094700000| PB 0x0000000094700000| Complete 
| 328|0x0000000094800000, 0x0000000094900000, 0x0000000094900000|100%| E|CS|TAMS 0x0000000094800000| PB 0x0000000094800000| Complete 
| 329|0x0000000094900000, 0x0000000094a00000, 0x0000000094a00000|100%| E|CS|TAMS 0x0000000094900000| PB 0x0000000094900000| Complete 
| 330|0x0000000094a00000, 0x0000000094b00000, 0x0000000094b00000|100%| E|CS|TAMS 0x0000000094a00000| PB 0x0000000094a00000| Complete 
| 331|0x0000000094b00000, 0x0000000094c00000, 0x0000000094c00000|100%| E|CS|TAMS 0x0000000094b00000| PB 0x0000000094b00000| Complete 
| 332|0x0000000094c00000, 0x0000000094d00000, 0x0000000094d00000|100%| E|CS|TAMS 0x0000000094c00000| PB 0x0000000094c00000| Complete 
| 333|0x0000000094d00000, 0x0000000094e00000, 0x0000000094e00000|100%| E|CS|TAMS 0x0000000094d00000| PB 0x0000000094d00000| Complete 
| 334|0x0000000094e00000, 0x0000000094f00000, 0x0000000094f00000|100%| E|CS|TAMS 0x0000000094e00000| PB 0x0000000094e00000| Complete 
| 335|0x0000000094f00000, 0x0000000095000000, 0x0000000095000000|100%| E|CS|TAMS 0x0000000094f00000| PB 0x0000000094f00000| Complete 
| 336|0x0000000095000000, 0x0000000095100000, 0x0000000095100000|100%| E|CS|TAMS 0x0000000095000000| PB 0x0000000095000000| Complete 
| 337|0x0000000095100000, 0x0000000095200000, 0x0000000095200000|100%| E|CS|TAMS 0x0000000095100000| PB 0x0000000095100000| Complete 
| 338|0x0000000095200000, 0x0000000095300000, 0x0000000095300000|100%| E|CS|TAMS 0x0000000095200000| PB 0x0000000095200000| Complete 
| 339|0x0000000095300000, 0x0000000095400000, 0x0000000095400000|100%| E|CS|TAMS 0x0000000095300000| PB 0x0000000095300000| Complete 
| 340|0x0000000095400000, 0x0000000095500000, 0x0000000095500000|100%| E|CS|TAMS 0x0000000095400000| PB 0x0000000095400000| Complete 
| 341|0x0000000095500000, 0x0000000095600000, 0x0000000095600000|100%| E|CS|TAMS 0x0000000095500000| PB 0x0000000095500000| Complete 
| 342|0x0000000095600000, 0x0000000095700000, 0x0000000095700000|100%| E|CS|TAMS 0x0000000095600000| PB 0x0000000095600000| Complete 
| 343|0x0000000095700000, 0x0000000095800000, 0x0000000095800000|100%| E|CS|TAMS 0x0000000095700000| PB 0x0000000095700000| Complete 
| 344|0x0000000095800000, 0x0000000095900000, 0x0000000095900000|100%| E|CS|TAMS 0x0000000095800000| PB 0x0000000095800000| Complete 
| 345|0x0000000095900000, 0x0000000095a00000, 0x0000000095a00000|100%| E|CS|TAMS 0x0000000095900000| PB 0x0000000095900000| Complete 
| 346|0x0000000095a00000, 0x0000000095b00000, 0x0000000095b00000|100%| E|CS|TAMS 0x0000000095a00000| PB 0x0000000095a00000| Complete 
| 347|0x0000000095b00000, 0x0000000095c00000, 0x0000000095c00000|100%| E|CS|TAMS 0x0000000095b00000| PB 0x0000000095b00000| Complete 
| 348|0x0000000095c00000, 0x0000000095d00000, 0x0000000095d00000|100%| E|CS|TAMS 0x0000000095c00000| PB 0x0000000095c00000| Complete 
| 349|0x0000000095d00000, 0x0000000095e00000, 0x0000000095e00000|100%| E|CS|TAMS 0x0000000095d00000| PB 0x0000000095d00000| Complete 
| 350|0x0000000095e00000, 0x0000000095f00000, 0x0000000095f00000|100%| E|CS|TAMS 0x0000000095e00000| PB 0x0000000095e00000| Complete 
| 351|0x0000000095f00000, 0x0000000096000000, 0x0000000096000000|100%| E|CS|TAMS 0x0000000095f00000| PB 0x0000000095f00000| Complete 
| 352|0x0000000096000000, 0x0000000096100000, 0x0000000096100000|100%| E|CS|TAMS 0x0000000096000000| PB 0x0000000096000000| Complete 
| 353|0x0000000096100000, 0x0000000096200000, 0x0000000096200000|100%| E|CS|TAMS 0x0000000096100000| PB 0x0000000096100000| Complete 
| 354|0x0000000096200000, 0x0000000096300000, 0x0000000096300000|100%| E|CS|TAMS 0x0000000096200000| PB 0x0000000096200000| Complete 
| 355|0x0000000096300000, 0x0000000096400000, 0x0000000096400000|100%| E|CS|TAMS 0x0000000096300000| PB 0x0000000096300000| Complete 
| 356|0x0000000096400000, 0x0000000096500000, 0x0000000096500000|100%| E|CS|TAMS 0x0000000096400000| PB 0x0000000096400000| Complete 
| 357|0x0000000096500000, 0x0000000096600000, 0x0000000096600000|100%| E|CS|TAMS 0x0000000096500000| PB 0x0000000096500000| Complete 
| 358|0x0000000096600000, 0x0000000096700000, 0x0000000096700000|100%| E|CS|TAMS 0x0000000096600000| PB 0x0000000096600000| Complete 
| 359|0x0000000096700000, 0x0000000096800000, 0x0000000096800000|100%| E|CS|TAMS 0x0000000096700000| PB 0x0000000096700000| Complete 
| 360|0x0000000096800000, 0x0000000096900000, 0x0000000096900000|100%| E|CS|TAMS 0x0000000096800000| PB 0x0000000096800000| Complete 
| 361|0x0000000096900000, 0x0000000096a00000, 0x0000000096a00000|100%| E|CS|TAMS 0x0000000096900000| PB 0x0000000096900000| Complete 
| 362|0x0000000096a00000, 0x0000000096b00000, 0x0000000096b00000|100%| E|CS|TAMS 0x0000000096a00000| PB 0x0000000096a00000| Complete 
| 363|0x0000000096b00000, 0x0000000096c00000, 0x0000000096c00000|100%| E|CS|TAMS 0x0000000096b00000| PB 0x0000000096b00000| Complete 
| 364|0x0000000096c00000, 0x0000000096d00000, 0x0000000096d00000|100%| E|CS|TAMS 0x0000000096c00000| PB 0x0000000096c00000| Complete 
| 365|0x0000000096d00000, 0x0000000096e00000, 0x0000000096e00000|100%| E|CS|TAMS 0x0000000096d00000| PB 0x0000000096d00000| Complete 
| 366|0x0000000096e00000, 0x0000000096f00000, 0x0000000096f00000|100%| E|CS|TAMS 0x0000000096e00000| PB 0x0000000096e00000| Complete 
| 367|0x0000000096f00000, 0x0000000097000000, 0x0000000097000000|100%| E|CS|TAMS 0x0000000096f00000| PB 0x0000000096f00000| Complete 
| 368|0x0000000097000000, 0x0000000097100000, 0x0000000097100000|100%| E|CS|TAMS 0x0000000097000000| PB 0x0000000097000000| Complete 
| 369|0x0000000097100000, 0x0000000097200000, 0x0000000097200000|100%| E|CS|TAMS 0x0000000097100000| PB 0x0000000097100000| Complete 
| 370|0x0000000097200000, 0x0000000097300000, 0x0000000097300000|100%| E|CS|TAMS 0x0000000097200000| PB 0x0000000097200000| Complete 
| 371|0x0000000097300000, 0x0000000097400000, 0x0000000097400000|100%| E|CS|TAMS 0x0000000097300000| PB 0x0000000097300000| Complete 
| 372|0x0000000097400000, 0x0000000097500000, 0x0000000097500000|100%| E|CS|TAMS 0x0000000097400000| PB 0x0000000097400000| Complete 
| 373|0x0000000097500000, 0x0000000097600000, 0x0000000097600000|100%| E|CS|TAMS 0x0000000097500000| PB 0x0000000097500000| Complete 
| 374|0x0000000097600000, 0x0000000097700000, 0x0000000097700000|100%| E|CS|TAMS 0x0000000097600000| PB 0x0000000097600000| Complete 
| 375|0x0000000097700000, 0x0000000097800000, 0x0000000097800000|100%| E|CS|TAMS 0x0000000097700000| PB 0x0000000097700000| Complete 
| 376|0x0000000097800000, 0x0000000097900000, 0x0000000097900000|100%| E|CS|TAMS 0x0000000097800000| PB 0x0000000097800000| Complete 
| 377|0x0000000097900000, 0x0000000097a00000, 0x0000000097a00000|100%| E|CS|TAMS 0x0000000097900000| PB 0x0000000097900000| Complete 
| 378|0x0000000097a00000, 0x0000000097b00000, 0x0000000097b00000|100%| E|CS|TAMS 0x0000000097a00000| PB 0x0000000097a00000| Complete 
| 379|0x0000000097b00000, 0x0000000097c00000, 0x0000000097c00000|100%| E|CS|TAMS 0x0000000097b00000| PB 0x0000000097b00000| Complete 
| 380|0x0000000097c00000, 0x0000000097d00000, 0x0000000097d00000|100%| E|CS|TAMS 0x0000000097c00000| PB 0x0000000097c00000| Complete 
| 381|0x0000000097d00000, 0x0000000097e00000, 0x0000000097e00000|100%| E|CS|TAMS 0x0000000097d00000| PB 0x0000000097d00000| Complete 
| 382|0x0000000097e00000, 0x0000000097f00000, 0x0000000097f00000|100%| E|CS|TAMS 0x0000000097e00000| PB 0x0000000097e00000| Complete 
| 383|0x0000000097f00000, 0x0000000098000000, 0x0000000098000000|100%| E|CS|TAMS 0x0000000097f00000| PB 0x0000000097f00000| Complete 
| 384|0x0000000098000000, 0x0000000098100000, 0x0000000098100000|100%| E|CS|TAMS 0x0000000098000000| PB 0x0000000098000000| Complete 
| 385|0x0000000098100000, 0x0000000098200000, 0x0000000098200000|100%| E|CS|TAMS 0x0000000098100000| PB 0x0000000098100000| Complete 
| 386|0x0000000098200000, 0x0000000098300000, 0x0000000098300000|100%| E|CS|TAMS 0x0000000098200000| PB 0x0000000098200000| Complete 
| 387|0x0000000098300000, 0x0000000098400000, 0x0000000098400000|100%| E|CS|TAMS 0x0000000098300000| PB 0x0000000098300000| Complete 
| 388|0x0000000098400000, 0x0000000098500000, 0x0000000098500000|100%| E|CS|TAMS 0x0000000098400000| PB 0x0000000098400000| Complete 
| 389|0x0000000098500000, 0x0000000098600000, 0x0000000098600000|100%| E|CS|TAMS 0x0000000098500000| PB 0x0000000098500000| Complete 
| 390|0x0000000098600000, 0x0000000098700000, 0x0000000098700000|100%| E|CS|TAMS 0x0000000098600000| PB 0x0000000098600000| Complete 
| 391|0x0000000098700000, 0x0000000098800000, 0x0000000098800000|100%| E|CS|TAMS 0x0000000098700000| PB 0x0000000098700000| Complete 
| 392|0x0000000098800000, 0x0000000098900000, 0x0000000098900000|100%| E|CS|TAMS 0x0000000098800000| PB 0x0000000098800000| Complete 
| 393|0x0000000098900000, 0x0000000098a00000, 0x0000000098a00000|100%| E|CS|TAMS 0x0000000098900000| PB 0x0000000098900000| Complete 
| 394|0x0000000098a00000, 0x0000000098b00000, 0x0000000098b00000|100%| E|CS|TAMS 0x0000000098a00000| PB 0x0000000098a00000| Complete 
| 395|0x0000000098b00000, 0x0000000098c00000, 0x0000000098c00000|100%| E|CS|TAMS 0x0000000098b00000| PB 0x0000000098b00000| Complete 
| 396|0x0000000098c00000, 0x0000000098d00000, 0x0000000098d00000|100%| E|CS|TAMS 0x0000000098c00000| PB 0x0000000098c00000| Complete 
| 397|0x0000000098d00000, 0x0000000098e00000, 0x0000000098e00000|100%| E|CS|TAMS 0x0000000098d00000| PB 0x0000000098d00000| Complete 
| 398|0x0000000098e00000, 0x0000000098f00000, 0x0000000098f00000|100%| E|CS|TAMS 0x0000000098e00000| PB 0x0000000098e00000| Complete 
| 399|0x0000000098f00000, 0x0000000099000000, 0x0000000099000000|100%| E|CS|TAMS 0x0000000098f00000| PB 0x0000000098f00000| Complete 
| 400|0x0000000099000000, 0x0000000099100000, 0x0000000099100000|100%| E|CS|TAMS 0x0000000099000000| PB 0x0000000099000000| Complete 
| 401|0x0000000099100000, 0x0000000099200000, 0x0000000099200000|100%| E|CS|TAMS 0x0000000099100000| PB 0x0000000099100000| Complete 
| 402|0x0000000099200000, 0x0000000099300000, 0x0000000099300000|100%| E|CS|TAMS 0x0000000099200000| PB 0x0000000099200000| Complete 
| 403|0x0000000099300000, 0x0000000099400000, 0x0000000099400000|100%| E|CS|TAMS 0x0000000099300000| PB 0x0000000099300000| Complete 
| 404|0x0000000099400000, 0x0000000099500000, 0x0000000099500000|100%| E|CS|TAMS 0x0000000099400000| PB 0x0000000099400000| Complete 
| 405|0x0000000099500000, 0x0000000099600000, 0x0000000099600000|100%| E|CS|TAMS 0x0000000099500000| PB 0x0000000099500000| Complete 
| 406|0x0000000099600000, 0x0000000099700000, 0x0000000099700000|100%| E|CS|TAMS 0x0000000099600000| PB 0x0000000099600000| Complete 
| 407|0x0000000099700000, 0x0000000099800000, 0x0000000099800000|100%| E|CS|TAMS 0x0000000099700000| PB 0x0000000099700000| Complete 
| 408|0x0000000099800000, 0x0000000099900000, 0x0000000099900000|100%| E|CS|TAMS 0x0000000099800000| PB 0x0000000099800000| Complete 
| 409|0x0000000099900000, 0x0000000099a00000, 0x0000000099a00000|100%| E|CS|TAMS 0x0000000099900000| PB 0x0000000099900000| Complete 
| 410|0x0000000099a00000, 0x0000000099b00000, 0x0000000099b00000|100%| E|CS|TAMS 0x0000000099a00000| PB 0x0000000099a00000| Complete 
| 411|0x0000000099b00000, 0x0000000099c00000, 0x0000000099c00000|100%| E|CS|TAMS 0x0000000099b00000| PB 0x0000000099b00000| Complete 
| 412|0x0000000099c00000, 0x0000000099d00000, 0x0000000099d00000|100%| E|CS|TAMS 0x0000000099c00000| PB 0x0000000099c00000| Complete 
| 413|0x0000000099d00000, 0x0000000099e00000, 0x0000000099e00000|100%| E|CS|TAMS 0x0000000099d00000| PB 0x0000000099d00000| Complete 
| 414|0x0000000099e00000, 0x0000000099f00000, 0x0000000099f00000|100%| E|CS|TAMS 0x0000000099e00000| PB 0x0000000099e00000| Complete 
| 415|0x0000000099f00000, 0x000000009a000000, 0x000000009a000000|100%| E|CS|TAMS 0x0000000099f00000| PB 0x0000000099f00000| Complete 
| 416|0x000000009a000000, 0x000000009a100000, 0x000000009a100000|100%| E|CS|TAMS 0x000000009a000000| PB 0x000000009a000000| Complete 
| 417|0x000000009a100000, 0x000000009a200000, 0x000000009a200000|100%| E|CS|TAMS 0x000000009a100000| PB 0x000000009a100000| Complete 
| 418|0x000000009a200000, 0x000000009a300000, 0x000000009a300000|100%| E|CS|TAMS 0x000000009a200000| PB 0x000000009a200000| Complete 
| 419|0x000000009a300000, 0x000000009a400000, 0x000000009a400000|100%| E|CS|TAMS 0x000000009a300000| PB 0x000000009a300000| Complete 
| 420|0x000000009a400000, 0x000000009a500000, 0x000000009a500000|100%| E|CS|TAMS 0x000000009a400000| PB 0x000000009a400000| Complete 
| 421|0x000000009a500000, 0x000000009a600000, 0x000000009a600000|100%| E|CS|TAMS 0x000000009a500000| PB 0x000000009a500000| Complete 
| 422|0x000000009a600000, 0x000000009a700000, 0x000000009a700000|100%| E|CS|TAMS 0x000000009a600000| PB 0x000000009a600000| Complete 
| 423|0x000000009a700000, 0x000000009a800000, 0x000000009a800000|100%| E|CS|TAMS 0x000000009a700000| PB 0x000000009a700000| Complete 
| 424|0x000000009a800000, 0x000000009a900000, 0x000000009a900000|100%| E|CS|TAMS 0x000000009a800000| PB 0x000000009a800000| Complete 
| 425|0x000000009a900000, 0x000000009aa00000, 0x000000009aa00000|100%| E|CS|TAMS 0x000000009a900000| PB 0x000000009a900000| Complete 
| 426|0x000000009aa00000, 0x000000009ab00000, 0x000000009ab00000|100%| E|CS|TAMS 0x000000009aa00000| PB 0x000000009aa00000| Complete 
| 427|0x000000009ab00000, 0x000000009ac00000, 0x000000009ac00000|100%| E|CS|TAMS 0x000000009ab00000| PB 0x000000009ab00000| Complete 
| 428|0x000000009ac00000, 0x000000009ad00000, 0x000000009ad00000|100%| E|CS|TAMS 0x000000009ac00000| PB 0x000000009ac00000| Complete 
| 429|0x000000009ad00000, 0x000000009ae00000, 0x000000009ae00000|100%| E|  |TAMS 0x000000009ad00000| PB 0x000000009ad00000| Complete 
| 430|0x000000009ae00000, 0x000000009af00000, 0x000000009af00000|100%| E|CS|TAMS 0x000000009ae00000| PB 0x000000009ae00000| Complete 
| 431|0x000000009af00000, 0x000000009b000000, 0x000000009b000000|100%| E|CS|TAMS 0x000000009af00000| PB 0x000000009af00000| Complete 
| 432|0x000000009b000000, 0x000000009b100000, 0x000000009b100000|100%| E|CS|TAMS 0x000000009b000000| PB 0x000000009b000000| Complete 
| 433|0x000000009b100000, 0x000000009b200000, 0x000000009b200000|100%| E|CS|TAMS 0x000000009b100000| PB 0x000000009b100000| Complete 
| 434|0x000000009b200000, 0x000000009b300000, 0x000000009b300000|100%| E|CS|TAMS 0x000000009b200000| PB 0x000000009b200000| Complete 
| 435|0x000000009b300000, 0x000000009b400000, 0x000000009b400000|100%| E|CS|TAMS 0x000000009b300000| PB 0x000000009b300000| Complete 
| 436|0x000000009b400000, 0x000000009b500000, 0x000000009b500000|100%| E|CS|TAMS 0x000000009b400000| PB 0x000000009b400000| Complete 
| 437|0x000000009b500000, 0x000000009b600000, 0x000000009b600000|100%| E|CS|TAMS 0x000000009b500000| PB 0x000000009b500000| Complete 
| 438|0x000000009b600000, 0x000000009b700000, 0x000000009b700000|100%| E|CS|TAMS 0x000000009b600000| PB 0x000000009b600000| Complete 
| 439|0x000000009b700000, 0x000000009b800000, 0x000000009b800000|100%| E|CS|TAMS 0x000000009b700000| PB 0x000000009b700000| Complete 
| 440|0x000000009b800000, 0x000000009b900000, 0x000000009b900000|100%| E|CS|TAMS 0x000000009b800000| PB 0x000000009b800000| Complete 
| 441|0x000000009b900000, 0x000000009ba00000, 0x000000009ba00000|100%| E|CS|TAMS 0x000000009b900000| PB 0x000000009b900000| Complete 
| 442|0x000000009ba00000, 0x000000009bb00000, 0x000000009bb00000|100%| E|CS|TAMS 0x000000009ba00000| PB 0x000000009ba00000| Complete 
| 443|0x000000009bb00000, 0x000000009bc00000, 0x000000009bc00000|100%| E|CS|TAMS 0x000000009bb00000| PB 0x000000009bb00000| Complete 
| 444|0x000000009bc00000, 0x000000009bd00000, 0x000000009bd00000|100%| E|CS|TAMS 0x000000009bc00000| PB 0x000000009bc00000| Complete 
| 445|0x000000009bd00000, 0x000000009be00000, 0x000000009be00000|100%| E|CS|TAMS 0x000000009bd00000| PB 0x000000009bd00000| Complete 
| 446|0x000000009be00000, 0x000000009bf00000, 0x000000009bf00000|100%| E|CS|TAMS 0x000000009be00000| PB 0x000000009be00000| Complete 
| 447|0x000000009bf00000, 0x000000009c000000, 0x000000009c000000|100%| E|CS|TAMS 0x000000009bf00000| PB 0x000000009bf00000| Complete 
| 448|0x000000009c000000, 0x000000009c100000, 0x000000009c100000|100%| E|CS|TAMS 0x000000009c000000| PB 0x000000009c000000| Complete 
| 449|0x000000009c100000, 0x000000009c200000, 0x000000009c200000|100%| E|CS|TAMS 0x000000009c100000| PB 0x000000009c100000| Complete 
| 450|0x000000009c200000, 0x000000009c300000, 0x000000009c300000|100%| E|CS|TAMS 0x000000009c200000| PB 0x000000009c200000| Complete 
| 451|0x000000009c300000, 0x000000009c400000, 0x000000009c400000|100%| E|CS|TAMS 0x000000009c300000| PB 0x000000009c300000| Complete 
| 452|0x000000009c400000, 0x000000009c500000, 0x000000009c500000|100%| E|CS|TAMS 0x000000009c400000| PB 0x000000009c400000| Complete 
| 453|0x000000009c500000, 0x000000009c600000, 0x000000009c600000|100%| E|CS|TAMS 0x000000009c500000| PB 0x000000009c500000| Complete 
| 454|0x000000009c600000, 0x000000009c700000, 0x000000009c700000|100%| E|CS|TAMS 0x000000009c600000| PB 0x000000009c600000| Complete 
| 455|0x000000009c700000, 0x000000009c800000, 0x000000009c800000|100%| E|CS|TAMS 0x000000009c700000| PB 0x000000009c700000| Complete 
| 456|0x000000009c800000, 0x000000009c900000, 0x000000009c900000|100%| E|CS|TAMS 0x000000009c800000| PB 0x000000009c800000| Complete 
| 457|0x000000009c900000, 0x000000009ca00000, 0x000000009ca00000|100%| E|CS|TAMS 0x000000009c900000| PB 0x000000009c900000| Complete 
| 458|0x000000009ca00000, 0x000000009cb00000, 0x000000009cb00000|100%| E|CS|TAMS 0x000000009ca00000| PB 0x000000009ca00000| Complete 
| 459|0x000000009cb00000, 0x000000009cc00000, 0x000000009cc00000|100%| E|CS|TAMS 0x000000009cb00000| PB 0x000000009cb00000| Complete 
| 460|0x000000009cc00000, 0x000000009cd00000, 0x000000009cd00000|100%| E|CS|TAMS 0x000000009cc00000| PB 0x000000009cc00000| Complete 
| 461|0x000000009cd00000, 0x000000009ce00000, 0x000000009ce00000|100%| E|CS|TAMS 0x000000009cd00000| PB 0x000000009cd00000| Complete 
| 462|0x000000009ce00000, 0x000000009cf00000, 0x000000009cf00000|100%| E|CS|TAMS 0x000000009ce00000| PB 0x000000009ce00000| Complete 
| 463|0x000000009cf00000, 0x000000009d000000, 0x000000009d000000|100%| E|CS|TAMS 0x000000009cf00000| PB 0x000000009cf00000| Complete 
| 464|0x000000009d000000, 0x000000009d100000, 0x000000009d100000|100%| E|CS|TAMS 0x000000009d000000| PB 0x000000009d000000| Complete 
| 465|0x000000009d100000, 0x000000009d200000, 0x000000009d200000|100%| E|CS|TAMS 0x000000009d100000| PB 0x000000009d100000| Complete 
| 466|0x000000009d200000, 0x000000009d300000, 0x000000009d300000|100%| E|CS|TAMS 0x000000009d200000| PB 0x000000009d200000| Complete 
| 467|0x000000009d300000, 0x000000009d400000, 0x000000009d400000|100%| E|CS|TAMS 0x000000009d300000| PB 0x000000009d300000| Complete 
| 468|0x000000009d400000, 0x000000009d500000, 0x000000009d500000|100%| E|CS|TAMS 0x000000009d400000| PB 0x000000009d400000| Complete 
| 469|0x000000009d500000, 0x000000009d600000, 0x000000009d600000|100%| E|CS|TAMS 0x000000009d500000| PB 0x000000009d500000| Complete 
| 470|0x000000009d600000, 0x000000009d700000, 0x000000009d700000|100%| E|CS|TAMS 0x000000009d600000| PB 0x000000009d600000| Complete 
| 471|0x000000009d700000, 0x000000009d800000, 0x000000009d800000|100%| E|CS|TAMS 0x000000009d700000| PB 0x000000009d700000| Complete 
| 472|0x000000009d800000, 0x000000009d900000, 0x000000009d900000|100%| E|CS|TAMS 0x000000009d800000| PB 0x000000009d800000| Complete 
| 473|0x000000009d900000, 0x000000009da00000, 0x000000009da00000|100%| E|CS|TAMS 0x000000009d900000| PB 0x000000009d900000| Complete 
| 474|0x000000009da00000, 0x000000009db00000, 0x000000009db00000|100%| E|CS|TAMS 0x000000009da00000| PB 0x000000009da00000| Complete 
| 475|0x000000009db00000, 0x000000009dc00000, 0x000000009dc00000|100%| E|CS|TAMS 0x000000009db00000| PB 0x000000009db00000| Complete 
| 476|0x000000009dc00000, 0x000000009dd00000, 0x000000009dd00000|100%| E|CS|TAMS 0x000000009dc00000| PB 0x000000009dc00000| Complete 
| 477|0x000000009dd00000, 0x000000009de00000, 0x000000009de00000|100%| E|CS|TAMS 0x000000009dd00000| PB 0x000000009dd00000| Complete 
| 478|0x000000009de00000, 0x000000009df00000, 0x000000009df00000|100%| E|CS|TAMS 0x000000009de00000| PB 0x000000009de00000| Complete 
| 479|0x000000009df00000, 0x000000009e000000, 0x000000009e000000|100%| E|CS|TAMS 0x000000009df00000| PB 0x000000009df00000| Complete 
| 480|0x000000009e000000, 0x000000009e100000, 0x000000009e100000|100%| E|CS|TAMS 0x000000009e000000| PB 0x000000009e000000| Complete 
| 481|0x000000009e100000, 0x000000009e200000, 0x000000009e200000|100%| E|CS|TAMS 0x000000009e100000| PB 0x000000009e100000| Complete 
| 482|0x000000009e200000, 0x000000009e300000, 0x000000009e300000|100%| E|CS|TAMS 0x000000009e200000| PB 0x000000009e200000| Complete 
| 483|0x000000009e300000, 0x000000009e400000, 0x000000009e400000|100%| E|CS|TAMS 0x000000009e300000| PB 0x000000009e300000| Complete 
| 484|0x000000009e400000, 0x000000009e500000, 0x000000009e500000|100%| E|CS|TAMS 0x000000009e400000| PB 0x000000009e400000| Complete 
| 485|0x000000009e500000, 0x000000009e600000, 0x000000009e600000|100%| E|CS|TAMS 0x000000009e500000| PB 0x000000009e500000| Complete 
| 486|0x000000009e600000, 0x000000009e700000, 0x000000009e700000|100%| E|CS|TAMS 0x000000009e600000| PB 0x000000009e600000| Complete 
| 487|0x000000009e700000, 0x000000009e800000, 0x000000009e800000|100%| E|CS|TAMS 0x000000009e700000| PB 0x000000009e700000| Complete 
| 488|0x000000009e800000, 0x000000009e900000, 0x000000009e900000|100%| E|CS|TAMS 0x000000009e800000| PB 0x000000009e800000| Complete 
| 489|0x000000009e900000, 0x000000009ea00000, 0x000000009ea00000|100%| E|CS|TAMS 0x000000009e900000| PB 0x000000009e900000| Complete 
| 490|0x000000009ea00000, 0x000000009eb00000, 0x000000009eb00000|100%| E|CS|TAMS 0x000000009ea00000| PB 0x000000009ea00000| Complete 
| 491|0x000000009eb00000, 0x000000009ec00000, 0x000000009ec00000|100%| E|CS|TAMS 0x000000009eb00000| PB 0x000000009eb00000| Complete 
| 492|0x000000009ec00000, 0x000000009ed00000, 0x000000009ed00000|100%| E|CS|TAMS 0x000000009ec00000| PB 0x000000009ec00000| Complete 
| 493|0x000000009ed00000, 0x000000009ee00000, 0x000000009ee00000|100%| E|CS|TAMS 0x000000009ed00000| PB 0x000000009ed00000| Complete 
| 494|0x000000009ee00000, 0x000000009ef00000, 0x000000009ef00000|100%| E|CS|TAMS 0x000000009ee00000| PB 0x000000009ee00000| Complete 
| 495|0x000000009ef00000, 0x000000009f000000, 0x000000009f000000|100%| E|CS|TAMS 0x000000009ef00000| PB 0x000000009ef00000| Complete 
| 496|0x000000009f000000, 0x000000009f100000, 0x000000009f100000|100%| E|CS|TAMS 0x000000009f000000| PB 0x000000009f000000| Complete 
| 497|0x000000009f100000, 0x000000009f200000, 0x000000009f200000|100%| E|CS|TAMS 0x000000009f100000| PB 0x000000009f100000| Complete 
| 498|0x000000009f200000, 0x000000009f300000, 0x000000009f300000|100%| E|CS|TAMS 0x000000009f200000| PB 0x000000009f200000| Complete 
| 499|0x000000009f300000, 0x000000009f400000, 0x000000009f400000|100%| E|CS|TAMS 0x000000009f300000| PB 0x000000009f300000| Complete 
| 500|0x000000009f400000, 0x000000009f500000, 0x000000009f500000|100%| E|CS|TAMS 0x000000009f400000| PB 0x000000009f400000| Complete 
| 501|0x000000009f500000, 0x000000009f600000, 0x000000009f600000|100%| E|CS|TAMS 0x000000009f500000| PB 0x000000009f500000| Complete 
| 502|0x000000009f600000, 0x000000009f700000, 0x000000009f700000|100%| E|CS|TAMS 0x000000009f600000| PB 0x000000009f600000| Complete 
| 503|0x000000009f700000, 0x000000009f800000, 0x000000009f800000|100%| E|CS|TAMS 0x000000009f700000| PB 0x000000009f700000| Complete 
| 504|0x000000009f800000, 0x000000009f900000, 0x000000009f900000|100%| E|CS|TAMS 0x000000009f800000| PB 0x000000009f800000| Complete 
| 505|0x000000009f900000, 0x000000009fa00000, 0x000000009fa00000|100%| E|CS|TAMS 0x000000009f900000| PB 0x000000009f900000| Complete 
| 506|0x000000009fa00000, 0x000000009fb00000, 0x000000009fb00000|100%| E|CS|TAMS 0x000000009fa00000| PB 0x000000009fa00000| Complete 
| 507|0x000000009fb00000, 0x000000009fc00000, 0x000000009fc00000|100%| E|CS|TAMS 0x000000009fb00000| PB 0x000000009fb00000| Complete 
| 508|0x000000009fc00000, 0x000000009fd00000, 0x000000009fd00000|100%| E|CS|TAMS 0x000000009fc00000| PB 0x000000009fc00000| Complete 
| 509|0x000000009fd00000, 0x000000009fe00000, 0x000000009fe00000|100%| E|CS|TAMS 0x000000009fd00000| PB 0x000000009fd00000| Complete 
| 510|0x000000009fe00000, 0x000000009ff00000, 0x000000009ff00000|100%| E|CS|TAMS 0x000000009fe00000| PB 0x000000009fe00000| Complete 
| 511|0x000000009ff00000, 0x00000000a0000000, 0x00000000a0000000|100%| E|CS|TAMS 0x000000009ff00000| PB 0x000000009ff00000| Complete 
| 512|0x00000000a0000000, 0x00000000a0100000, 0x00000000a0100000|100%| E|CS|TAMS 0x00000000a0000000| PB 0x00000000a0000000| Complete 
| 513|0x00000000a0100000, 0x00000000a0200000, 0x00000000a0200000|100%| E|CS|TAMS 0x00000000a0100000| PB 0x00000000a0100000| Complete 
| 514|0x00000000a0200000, 0x00000000a0300000, 0x00000000a0300000|100%| E|CS|TAMS 0x00000000a0200000| PB 0x00000000a0200000| Complete 
| 515|0x00000000a0300000, 0x00000000a0400000, 0x00000000a0400000|100%| E|CS|TAMS 0x00000000a0300000| PB 0x00000000a0300000| Complete 
| 516|0x00000000a0400000, 0x00000000a0500000, 0x00000000a0500000|100%| E|CS|TAMS 0x00000000a0400000| PB 0x00000000a0400000| Complete 
| 517|0x00000000a0500000, 0x00000000a0600000, 0x00000000a0600000|100%| E|CS|TAMS 0x00000000a0500000| PB 0x00000000a0500000| Complete 
| 518|0x00000000a0600000, 0x00000000a0700000, 0x00000000a0700000|100%| E|CS|TAMS 0x00000000a0600000| PB 0x00000000a0600000| Complete 
| 519|0x00000000a0700000, 0x00000000a0800000, 0x00000000a0800000|100%| E|CS|TAMS 0x00000000a0700000| PB 0x00000000a0700000| Complete 
| 520|0x00000000a0800000, 0x00000000a0900000, 0x00000000a0900000|100%| E|CS|TAMS 0x00000000a0800000| PB 0x00000000a0800000| Complete 
| 521|0x00000000a0900000, 0x00000000a0a00000, 0x00000000a0a00000|100%| E|CS|TAMS 0x00000000a0900000| PB 0x00000000a0900000| Complete 
| 522|0x00000000a0a00000, 0x00000000a0b00000, 0x00000000a0b00000|100%| E|CS|TAMS 0x00000000a0a00000| PB 0x00000000a0a00000| Complete 
| 523|0x00000000a0b00000, 0x00000000a0c00000, 0x00000000a0c00000|100%| E|CS|TAMS 0x00000000a0b00000| PB 0x00000000a0b00000| Complete 
| 524|0x00000000a0c00000, 0x00000000a0d00000, 0x00000000a0d00000|100%| E|CS|TAMS 0x00000000a0c00000| PB 0x00000000a0c00000| Complete 
| 525|0x00000000a0d00000, 0x00000000a0e00000, 0x00000000a0e00000|100%| E|CS|TAMS 0x00000000a0d00000| PB 0x00000000a0d00000| Complete 
| 526|0x00000000a0e00000, 0x00000000a0f00000, 0x00000000a0f00000|100%| E|CS|TAMS 0x00000000a0e00000| PB 0x00000000a0e00000| Complete 
| 527|0x00000000a0f00000, 0x00000000a1000000, 0x00000000a1000000|100%| E|CS|TAMS 0x00000000a0f00000| PB 0x00000000a0f00000| Complete 
| 528|0x00000000a1000000, 0x00000000a1100000, 0x00000000a1100000|100%| E|CS|TAMS 0x00000000a1000000| PB 0x00000000a1000000| Complete 
| 529|0x00000000a1100000, 0x00000000a1200000, 0x00000000a1200000|100%| E|CS|TAMS 0x00000000a1100000| PB 0x00000000a1100000| Complete 
| 530|0x00000000a1200000, 0x00000000a1300000, 0x00000000a1300000|100%| E|CS|TAMS 0x00000000a1200000| PB 0x00000000a1200000| Complete 
| 531|0x00000000a1300000, 0x00000000a1400000, 0x00000000a1400000|100%| E|CS|TAMS 0x00000000a1300000| PB 0x00000000a1300000| Complete 
| 532|0x00000000a1400000, 0x00000000a1500000, 0x00000000a1500000|100%| E|CS|TAMS 0x00000000a1400000| PB 0x00000000a1400000| Complete 
| 533|0x00000000a1500000, 0x00000000a1600000, 0x00000000a1600000|100%| E|CS|TAMS 0x00000000a1500000| PB 0x00000000a1500000| Complete 
| 534|0x00000000a1600000, 0x00000000a1700000, 0x00000000a1700000|100%| E|CS|TAMS 0x00000000a1600000| PB 0x00000000a1600000| Complete 
| 535|0x00000000a1700000, 0x00000000a1800000, 0x00000000a1800000|100%| E|CS|TAMS 0x00000000a1700000| PB 0x00000000a1700000| Complete 
| 536|0x00000000a1800000, 0x00000000a1900000, 0x00000000a1900000|100%| E|CS|TAMS 0x00000000a1800000| PB 0x00000000a1800000| Complete 
| 537|0x00000000a1900000, 0x00000000a1a00000, 0x00000000a1a00000|100%| E|CS|TAMS 0x00000000a1900000| PB 0x00000000a1900000| Complete 
| 538|0x00000000a1a00000, 0x00000000a1b00000, 0x00000000a1b00000|100%| E|CS|TAMS 0x00000000a1a00000| PB 0x00000000a1a00000| Complete 
| 539|0x00000000a1b00000, 0x00000000a1c00000, 0x00000000a1c00000|100%| E|CS|TAMS 0x00000000a1b00000| PB 0x00000000a1b00000| Complete 
| 540|0x00000000a1c00000, 0x00000000a1d00000, 0x00000000a1d00000|100%| E|CS|TAMS 0x00000000a1c00000| PB 0x00000000a1c00000| Complete 
| 541|0x00000000a1d00000, 0x00000000a1e00000, 0x00000000a1e00000|100%| E|CS|TAMS 0x00000000a1d00000| PB 0x00000000a1d00000| Complete 
| 542|0x00000000a1e00000, 0x00000000a1f00000, 0x00000000a1f00000|100%| E|CS|TAMS 0x00000000a1e00000| PB 0x00000000a1e00000| Complete 
| 543|0x00000000a1f00000, 0x00000000a2000000, 0x00000000a2000000|100%| E|CS|TAMS 0x00000000a1f00000| PB 0x00000000a1f00000| Complete 
| 544|0x00000000a2000000, 0x00000000a2100000, 0x00000000a2100000|100%| E|CS|TAMS 0x00000000a2000000| PB 0x00000000a2000000| Complete 
| 545|0x00000000a2100000, 0x00000000a2200000, 0x00000000a2200000|100%| E|CS|TAMS 0x00000000a2100000| PB 0x00000000a2100000| Complete 
| 546|0x00000000a2200000, 0x00000000a2300000, 0x00000000a2300000|100%| E|CS|TAMS 0x00000000a2200000| PB 0x00000000a2200000| Complete 
| 547|0x00000000a2300000, 0x00000000a2400000, 0x00000000a2400000|100%| E|CS|TAMS 0x00000000a2300000| PB 0x00000000a2300000| Complete 
| 548|0x00000000a2400000, 0x00000000a2500000, 0x00000000a2500000|100%| E|CS|TAMS 0x00000000a2400000| PB 0x00000000a2400000| Complete 
| 549|0x00000000a2500000, 0x00000000a2600000, 0x00000000a2600000|100%| E|CS|TAMS 0x00000000a2500000| PB 0x00000000a2500000| Complete 
| 550|0x00000000a2600000, 0x00000000a2700000, 0x00000000a2700000|100%| E|CS|TAMS 0x00000000a2600000| PB 0x00000000a2600000| Complete 
| 551|0x00000000a2700000, 0x00000000a2800000, 0x00000000a2800000|100%| E|CS|TAMS 0x00000000a2700000| PB 0x00000000a2700000| Complete 
| 552|0x00000000a2800000, 0x00000000a2900000, 0x00000000a2900000|100%| E|CS|TAMS 0x00000000a2800000| PB 0x00000000a2800000| Complete 
| 553|0x00000000a2900000, 0x00000000a2a00000, 0x00000000a2a00000|100%| E|CS|TAMS 0x00000000a2900000| PB 0x00000000a2900000| Complete 
| 554|0x00000000a2a00000, 0x00000000a2b00000, 0x00000000a2b00000|100%| E|CS|TAMS 0x00000000a2a00000| PB 0x00000000a2a00000| Complete 
| 555|0x00000000a2b00000, 0x00000000a2c00000, 0x00000000a2c00000|100%| E|CS|TAMS 0x00000000a2b00000| PB 0x00000000a2b00000| Complete 
| 556|0x00000000a2c00000, 0x00000000a2d00000, 0x00000000a2d00000|100%| E|CS|TAMS 0x00000000a2c00000| PB 0x00000000a2c00000| Complete 
| 557|0x00000000a2d00000, 0x00000000a2e00000, 0x00000000a2e00000|100%| E|CS|TAMS 0x00000000a2d00000| PB 0x00000000a2d00000| Complete 
| 558|0x00000000a2e00000, 0x00000000a2f00000, 0x00000000a2f00000|100%| E|CS|TAMS 0x00000000a2e00000| PB 0x00000000a2e00000| Complete 
| 559|0x00000000a2f00000, 0x00000000a3000000, 0x00000000a3000000|100%| E|CS|TAMS 0x00000000a2f00000| PB 0x00000000a2f00000| Complete 
| 560|0x00000000a3000000, 0x00000000a3100000, 0x00000000a3100000|100%| E|CS|TAMS 0x00000000a3000000| PB 0x00000000a3000000| Complete 
| 561|0x00000000a3100000, 0x00000000a3200000, 0x00000000a3200000|100%| E|CS|TAMS 0x00000000a3100000| PB 0x00000000a3100000| Complete 
| 562|0x00000000a3200000, 0x00000000a3300000, 0x00000000a3300000|100%| E|CS|TAMS 0x00000000a3200000| PB 0x00000000a3200000| Complete 
| 563|0x00000000a3300000, 0x00000000a3400000, 0x00000000a3400000|100%| E|CS|TAMS 0x00000000a3300000| PB 0x00000000a3300000| Complete 
| 564|0x00000000a3400000, 0x00000000a3500000, 0x00000000a3500000|100%| E|CS|TAMS 0x00000000a3400000| PB 0x00000000a3400000| Complete 
| 565|0x00000000a3500000, 0x00000000a3600000, 0x00000000a3600000|100%| E|CS|TAMS 0x00000000a3500000| PB 0x00000000a3500000| Complete 
| 566|0x00000000a3600000, 0x00000000a3700000, 0x00000000a3700000|100%| E|CS|TAMS 0x00000000a3600000| PB 0x00000000a3600000| Complete 
|2031|0x00000000fef00000, 0x00000000ff000000, 0x00000000ff000000|100%| O|  |TAMS 0x00000000fef00000| PB 0x00000000fef00000| Untracked 
|2032|0x00000000ff000000, 0x00000000ff100000, 0x00000000ff100000|100%| E|CS|TAMS 0x00000000ff000000| PB 0x00000000ff000000| Complete 
|2033|0x00000000ff100000, 0x00000000ff200000, 0x00000000ff200000|100%| O|  |TAMS 0x00000000ff100000| PB 0x00000000ff100000| Untracked 
|2034|0x00000000ff200000, 0x00000000ff300000, 0x00000000ff300000|100%| O|  |TAMS 0x00000000ff200000| PB 0x00000000ff200000| Untracked 
|2035|0x00000000ff300000, 0x00000000ff400000, 0x00000000ff400000|100%| O|  |TAMS 0x00000000ff300000| PB 0x00000000ff300000| Untracked 
|2036|0x00000000ff400000, 0x00000000ff500000, 0x00000000ff500000|100%| O|  |TAMS 0x00000000ff400000| PB 0x00000000ff400000| Untracked 
|2037|0x00000000ff500000, 0x00000000ff600000, 0x00000000ff600000|100%| O|  |TAMS 0x00000000ff500000| PB 0x00000000ff500000| Untracked 
|2038|0x00000000ff600000, 0x00000000ff700000, 0x00000000ff700000|100%| E|CS|TAMS 0x00000000ff600000| PB 0x00000000ff600000| Complete 
|2039|0x00000000ff700000, 0x00000000ff800000, 0x00000000ff800000|100%| O|  |TAMS 0x00000000ff700000| PB 0x00000000ff700000| Untracked 
|2040|0x00000000ff800000, 0x00000000ff900000, 0x00000000ff900000|100%| O|  |TAMS 0x00000000ff800000| PB 0x00000000ff800000| Untracked 
|2041|0x00000000ff900000, 0x00000000ffa00000, 0x00000000ffa00000|100%| O|  |TAMS 0x00000000ff900000| PB 0x00000000ff900000| Untracked 
|2042|0x00000000ffa00000, 0x00000000ffb00000, 0x00000000ffb00000|100%| O|  |TAMS 0x00000000ffa00000| PB 0x00000000ffa00000| Untracked 
|2043|0x00000000ffb00000, 0x00000000ffc00000, 0x00000000ffc00000|100%| E|CS|TAMS 0x00000000ffb00000| PB 0x00000000ffb00000| Complete 
|2044|0x00000000ffc00000, 0x00000000ffd00000, 0x00000000ffd00000|100%| E|CS|TAMS 0x00000000ffc00000| PB 0x00000000ffc00000| Complete 
|2045|0x00000000ffd00000, 0x00000000ffe00000, 0x00000000ffe00000|100%| E|CS|TAMS 0x00000000ffd00000| PB 0x00000000ffd00000| Complete 
|2046|0x00000000ffe00000, 0x00000000fff00000, 0x00000000fff00000|100%| O|  |TAMS 0x00000000ffe00000| PB 0x00000000ffe00000| Untracked 
|2047|0x00000000fff00000, 0x0000000100000000, 0x0000000100000000|100%| O|  |TAMS 0x00000000fff00000| PB 0x00000000fff00000| Untracked 

Card table byte_map: [0x000002b3f67b0000,0x000002b3f6bb0000] _byte_map_base: 0x000002b3f63b0000

Marking Bits: (CMBitMap*) 0x000002b3e3d54760
 Bits: [0x000002b3f6bb0000, 0x000002b3f8bb0000)

Polling page: 0x000002b3e1f00000

Metaspace:

Usage:
  Non-class:    182.02 MB used.
      Class:     28.86 MB used.
       Both:    210.88 MB used.

Virtual space:
  Non-class space:      192.00 MB reserved,     183.38 MB ( 96%) committed,  3 nodes.
      Class space:        1.00 GB reserved,      30.12 MB (  3%) committed,  1 nodes.
             Both:        1.19 GB reserved,     213.50 MB ( 18%) committed. 

Chunk freelists:
   Non-Class:  7.95 MB
       Class:  1.89 MB
        Both:  9.84 MB

MaxMetaspaceSize: unlimited
CompressedClassSpaceSize: 1.00 GB
Initial GC threshold: 21.00 MB
Current GC threshold: 349.94 MB
CDS: off
 - commit_granule_bytes: 65536.
 - commit_granule_words: 8192.
 - virtual_space_node_default_size: 8388608.
 - enlarge_chunks_in_place: 1.
 - use_allocation_guard: 0.


Internal statistics:

num_allocs_failed_limit: 14.
num_arena_births: 5264.
num_arena_deaths: 74.
num_vsnodes_births: 4.
num_vsnodes_deaths: 0.
num_space_committed: 3405.
num_space_uncommitted: 3.
num_chunks_returned_to_freelist: 165.
num_chunks_taken_from_freelist: 14705.
num_chunk_merges: 56.
num_chunk_splits: 9580.
num_chunks_enlarged: 5985.
num_inconsistent_stats: 0.

CodeHeap 'non-profiled nmethods': size=120000Kb used=12077Kb max_used=13308Kb free=107922Kb
 bounds [0x000002b3ee930000, 0x000002b3ef670000, 0x000002b3f5e60000]
CodeHeap 'profiled nmethods': size=120000Kb used=45666Kb max_used=51247Kb free=74334Kb
 bounds [0x000002b3e6e60000, 0x000002b3ea070000, 0x000002b3ee390000]
CodeHeap 'non-nmethods': size=5760Kb used=2361Kb max_used=2409Kb free=3398Kb
 bounds [0x000002b3ee390000, 0x000002b3ee610000, 0x000002b3ee930000]
CodeCache: size=245760Kb, used=60104Kb, max_used=66964Kb, free=185654Kb
 total_blobs=24047, nmethods=22849, adapters=1101, full_count=0
Compilation: enabled, stopped_count=0, restarted_count=0

Compilation events (20 events):
Event: 60.014 Thread 0x000002b3840b8290 31003       2       com.android.build.gradle.internal.tasks.MergeNativeLibsTask$Companion$predicate$1::test (9 bytes)
Event: 60.014 Thread 0x000002b3840b8290 nmethod 31003 0x000002b3e94ab610 code [0x000002b3e94ab7c0, 0x000002b3e94ab910]
Event: 60.022 Thread 0x000002b3840b8290 31007       2       org.gradle.api.internal.artifacts.ivyservice.resolveengine.artifact.ParallelResolveArtifactSet$VisitingSet$StartVisitAction::visitResults (43 bytes)
Event: 60.022 Thread 0x000002b3840b8290 nmethod 31007 0x000002b3e94aae90 code [0x000002b3e94ab080, 0x000002b3e94ab300]
Event: 60.025 Thread 0x000002b3840b8290 31008       2       org.gradle.internal.build.event.types.AbstractProgressEvent::<init> (15 bytes)
Event: 60.025 Thread 0x000002b3840b8290 nmethod 31008 0x000002b3e952ea10 code [0x000002b3e952eba0, 0x000002b3e952ecf8]
Event: 60.028 Thread 0x000002b3840b8290 31009       1       org.gradle.internal.logging.slf4j.DefaultContextAwareTaskLogger::setFallbackBuildOperationId (6 bytes)
Event: 60.029 Thread 0x000002b3840b8290 nmethod 31009 0x000002b3ef3b5e10 code [0x000002b3ef3b5fa0, 0x000002b3ef3b60b0]
Event: 60.029 Thread 0x000002b3840b8290 31010       1       org.gradle.api.internal.tasks.execution.EventFiringTaskExecuter::access$100 (5 bytes)
Event: 60.029 Thread 0x000002b3840b8290 nmethod 31010 0x000002b3ef1d7210 code [0x000002b3ef1d73a0, 0x000002b3ef1d7450]
Event: 60.029 Thread 0x000002b3840b8290 31013       2       org.gradle.internal.build.event.types.DefaultTaskDescriptor::getId (5 bytes)
Event: 60.029 Thread 0x000002b3840b8290 nmethod 31013 0x000002b3e952e690 code [0x000002b3e952e820, 0x000002b3e952e928]
Event: 60.029 Thread 0x000002b3840b8290 31012       2       org.gradle.internal.build.event.DefaultBuildEventsListenerRegistry$ForwardingBuildEventConsumer::dispatch (16 bytes)
Event: 60.029 Thread 0x000002b3840b8290 nmethod 31012 0x000002b3e952e210 code [0x000002b3e952e3c0, 0x000002b3e952e578]
Event: 60.029 Thread 0x000002b3840b8290 31011       1       org.gradle.api.internal.tasks.execution.EventFiringTaskExecuter::access$000 (5 bytes)
Event: 60.030 Thread 0x000002b3840b8290 nmethod 31011 0x000002b3ef1d6f10 code [0x000002b3ef1d70a0, 0x000002b3ef1d7150]
Event: 60.030 Thread 0x000002b3840b8290 31014       1       java.util.HashMap::loadFactor (5 bytes)
Event: 60.030 Thread 0x000002b3840b8290 nmethod 31014 0x000002b3ef1d6c10 code [0x000002b3ef1d6da0, 0x000002b3ef1d6e68]
Event: 60.034 Thread 0x000002b3840b8290 31015       2       org.gradle.internal.snapshot.impl.ImplementationSnapshot::of (56 bytes)
Event: 60.035 Thread 0x000002b3840b8290 nmethod 31015 0x000002b3e8c96310 code [0x000002b3e8c96560, 0x000002b3e8c96c98]

GC Heap History (20 events):
Event: 47.540 GC heap before
{Heap before GC invocations=81 (full 0):
 garbage-first heap   total 596992K, used 426384K [0x0000000080000000, 0x0000000100000000)
  region size 1024K, 237 young (242688K), 15 survivors (15360K)
 Metaspace       used 183091K, committed 185600K, reserved 1245184K
  class space    used 24514K, committed 25728K, reserved 1048576K
}
Event: 47.553 GC heap after
{Heap after GC invocations=82 (full 0):
 garbage-first heap   total 596992K, used 209861K [0x0000000080000000, 0x0000000100000000)
  region size 1024K, 24 young (24576K), 24 survivors (24576K)
 Metaspace       used 183091K, committed 185600K, reserved 1245184K
  class space    used 24514K, committed 25728K, reserved 1048576K
}
Event: 51.397 GC heap before
{Heap before GC invocations=83 (full 0):
 garbage-first heap   total 596992K, used 543685K [0x0000000080000000, 0x0000000100000000)
  region size 1024K, 349 young (357376K), 24 survivors (24576K)
 Metaspace       used 205854K, committed 208512K, reserved 1245184K
  class space    used 28315K, committed 29568K, reserved 1048576K
}
Event: 51.435 GC heap after
{Heap after GC invocations=84 (full 0):
 garbage-first heap   total 598016K, used 238091K [0x0000000080000000, 0x0000000100000000)
  region size 1024K, 44 young (45056K), 44 survivors (45056K)
 Metaspace       used 205854K, committed 208512K, reserved 1245184K
  class space    used 28315K, committed 29568K, reserved 1048576K
}
Event: 52.455 GC heap before
{Heap before GC invocations=84 (full 0):
 garbage-first heap   total 598016K, used 543243K [0x0000000080000000, 0x0000000100000000)
  region size 1024K, 343 young (351232K), 44 survivors (45056K)
 Metaspace       used 209864K, committed 212480K, reserved 1245184K
  class space    used 28917K, committed 30144K, reserved 1048576K
}
Event: 52.479 GC heap after
{Heap after GC invocations=85 (full 0):
 garbage-first heap   total 598016K, used 240640K [0x0000000080000000, 0x0000000100000000)
  region size 1024K, 7 young (7168K), 7 survivors (7168K)
 Metaspace       used 209864K, committed 212480K, reserved 1245184K
  class space    used 28917K, committed 30144K, reserved 1048576K
}
Event: 53.200 GC heap before
{Heap before GC invocations=85 (full 0):
 garbage-first heap   total 598016K, used 552960K [0x0000000080000000, 0x0000000100000000)
  region size 1024K, 312 young (319488K), 7 survivors (7168K)
 Metaspace       used 210576K, committed 213248K, reserved 1245184K
  class space    used 28976K, committed 30208K, reserved 1048576K
}
Event: 53.209 GC heap after
{Heap after GC invocations=86 (full 0):
 garbage-first heap   total 598016K, used 242953K [0x0000000080000000, 0x0000000100000000)
  region size 1024K, 10 young (10240K), 10 survivors (10240K)
 Metaspace       used 210576K, committed 213248K, reserved 1245184K
  class space    used 28976K, committed 30208K, reserved 1048576K
}
Event: 54.380 GC heap before
{Heap before GC invocations=87 (full 0):
 garbage-first heap   total 598016K, used 556297K [0x0000000080000000, 0x0000000100000000)
  region size 1024K, 317 young (324608K), 10 survivors (10240K)
 Metaspace       used 210208K, committed 213312K, reserved 1245184K
  class space    used 28883K, committed 30272K, reserved 1048576K
}
Event: 54.389 GC heap after
{Heap after GC invocations=88 (full 0):
 garbage-first heap   total 598016K, used 242873K [0x0000000080000000, 0x0000000100000000)
  region size 1024K, 10 young (10240K), 10 survivors (10240K)
 Metaspace       used 210208K, committed 213312K, reserved 1245184K
  class space    used 28883K, committed 30272K, reserved 1048576K
}
Event: 55.102 GC heap before
{Heap before GC invocations=88 (full 0):
 garbage-first heap   total 598016K, used 565433K [0x0000000080000000, 0x0000000100000000)
  region size 1024K, 324 young (331776K), 10 survivors (10240K)
 Metaspace       used 210455K, committed 213312K, reserved 1245184K
  class space    used 28893K, committed 30272K, reserved 1048576K
}
Event: 55.111 GC heap after
{Heap after GC invocations=89 (full 0):
 garbage-first heap   total 598016K, used 239213K [0x0000000080000000, 0x0000000100000000)
  region size 1024K, 11 young (11264K), 11 survivors (11264K)
 Metaspace       used 210455K, committed 213312K, reserved 1245184K
  class space    used 28893K, committed 30272K, reserved 1048576K
}
Event: 55.703 GC heap before
{Heap before GC invocations=89 (full 0):
 garbage-first heap   total 598016K, used 520813K [0x0000000080000000, 0x0000000100000000)
  region size 1024K, 287 young (293888K), 11 survivors (11264K)
 Metaspace       used 210589K, committed 213312K, reserved 1245184K
  class space    used 28900K, committed 30272K, reserved 1048576K
}
Event: 55.712 GC heap after
{Heap after GC invocations=90 (full 0):
 garbage-first heap   total 598016K, used 238973K [0x0000000080000000, 0x0000000100000000)
  region size 1024K, 11 young (11264K), 11 survivors (11264K)
 Metaspace       used 210589K, committed 213312K, reserved 1245184K
  class space    used 28900K, committed 30272K, reserved 1048576K
}
Event: 56.981 GC heap before
{Heap before GC invocations=91 (full 0):
 garbage-first heap   total 598016K, used 573821K [0x0000000080000000, 0x0000000100000000)
  region size 1024K, 331 young (338944K), 11 survivors (11264K)
 Metaspace       used 211771K, committed 214400K, reserved 1245184K
  class space    used 29023K, committed 30272K, reserved 1048576K
}
Event: 56.994 GC heap after
{Heap after GC invocations=92 (full 0):
 garbage-first heap   total 598016K, used 246129K [0x0000000080000000, 0x0000000100000000)
  region size 1024K, 16 young (16384K), 16 survivors (16384K)
 Metaspace       used 211771K, committed 214400K, reserved 1245184K
  class space    used 29023K, committed 30272K, reserved 1048576K
}
Event: 57.223 GC heap before
{Heap before GC invocations=92 (full 0):
 garbage-first heap   total 598016K, used 565617K [0x0000000080000000, 0x0000000100000000)
  region size 1024K, 329 young (336896K), 16 survivors (16384K)
 Metaspace       used 211842K, committed 214464K, reserved 1245184K
  class space    used 29027K, committed 30272K, reserved 1048576K
}
Event: 57.238 GC heap after
{Heap after GC invocations=93 (full 0):
 garbage-first heap   total 598016K, used 245676K [0x0000000080000000, 0x0000000100000000)
  region size 1024K, 21 young (21504K), 21 survivors (21504K)
 Metaspace       used 211842K, committed 214464K, reserved 1245184K
  class space    used 29027K, committed 30272K, reserved 1048576K
}
Event: 57.974 GC heap before
{Heap before GC invocations=93 (full 0):
 garbage-first heap   total 598016K, used 516012K [0x0000000080000000, 0x0000000100000000)
  region size 1024K, 287 young (293888K), 21 survivors (21504K)
 Metaspace       used 212340K, committed 214976K, reserved 1245184K
  class space    used 29079K, committed 30336K, reserved 1048576K
}
Event: 57.993 GC heap after
{Heap after GC invocations=94 (full 0):
 garbage-first heap   total 598016K, used 256606K [0x0000000080000000, 0x0000000100000000)
  region size 1024K, 33 young (33792K), 33 survivors (33792K)
 Metaspace       used 212340K, committed 214976K, reserved 1245184K
  class space    used 29079K, committed 30336K, reserved 1048576K
}

Dll operation events (4 events):
Event: 0.017 Loaded shared library C:\Program Files\Android\Android Studio\jbr\bin\java.dll
Event: 0.029 Loaded shared library C:\Program Files\Android\Android Studio\jbr\bin\zip.dll
Event: 0.904 Loaded shared library C:\Program Files\Android\Android Studio\jbr\bin\verify.dll
Event: 53.643 Unloaded dll "C:\Users\Kabo\AppData\Local\Temp\sqlite-3.41.2.2-5d1edb99-2599-4447-bcb6-ab302a44c73f-sqlitejdbc.dll" [0x00007ffc4e4b0000]

Deoptimization events (20 events):
Event: 59.668 Thread 0x000002b387ae1310 DEOPT PACKING pc=0x000002b3e8ded0ce sp=0x000000dc1bff9660
Event: 59.668 Thread 0x000002b387ae1310 DEOPT UNPACKING pc=0x000002b3ee3e4b42 sp=0x000000dc1bff8ba8 mode 0
Event: 59.672 Thread 0x000002b39055fc10 DEOPT PACKING pc=0x000002b3e8ded0ce sp=0x000000dc1f0fd080
Event: 59.672 Thread 0x000002b39055fc10 DEOPT UNPACKING pc=0x000002b3ee3e4b42 sp=0x000000dc1f0fc5c8 mode 0
Event: 59.676 Thread 0x000002b388ef3aa0 DEOPT PACKING pc=0x000002b3e8ded0ce sp=0x000000dc182fd490
Event: 59.676 Thread 0x000002b388ef3aa0 DEOPT UNPACKING pc=0x000002b3ee3e4b42 sp=0x000000dc182fc9d8 mode 0
Event: 59.681 Thread 0x000002b388c43460 DEOPT PACKING pc=0x000002b3e8ded0ce sp=0x000000dc173fd430
Event: 59.681 Thread 0x000002b388c43460 DEOPT UNPACKING pc=0x000002b3ee3e4b42 sp=0x000000dc173fc978 mode 0
Event: 59.685 Thread 0x000002b388c41390 DEOPT PACKING pc=0x000002b3e8ded0ce sp=0x000000dc16efd290
Event: 59.685 Thread 0x000002b39055fc10 DEOPT PACKING pc=0x000002b3e8ded0ce sp=0x000000dc1f0fd080
Event: 59.685 Thread 0x000002b388c41390 DEOPT UNPACKING pc=0x000002b3ee3e4b42 sp=0x000000dc16efc7d8 mode 0
Event: 59.685 Thread 0x000002b39055fc10 DEOPT UNPACKING pc=0x000002b3ee3e4b42 sp=0x000000dc1f0fc5c8 mode 0
Event: 59.689 Thread 0x000002b3905602a0 DEOPT PACKING pc=0x000002b3e8ded0ce sp=0x000000dc1f3fd360
Event: 59.689 Thread 0x000002b3905602a0 DEOPT UNPACKING pc=0x000002b3ee3e4b42 sp=0x000000dc1f3fc8a8 mode 0
Event: 59.693 Thread 0x000002b3905657f0 DEOPT PACKING pc=0x000002b3e8ded0ce sp=0x000000dc1f6fd150
Event: 59.693 Thread 0x000002b3905657f0 DEOPT UNPACKING pc=0x000002b3ee3e4b42 sp=0x000000dc1f6fc698 mode 0
Event: 59.697 Thread 0x000002b388c41390 DEOPT PACKING pc=0x000002b3e8ded0ce sp=0x000000dc16efd290
Event: 59.697 Thread 0x000002b387d9d710 DEOPT PACKING pc=0x000002b3e8ded0ce sp=0x000000dc16afd320
Event: 59.697 Thread 0x000002b388c41390 DEOPT UNPACKING pc=0x000002b3ee3e4b42 sp=0x000000dc16efc7d8 mode 0
Event: 59.697 Thread 0x000002b387d9d710 DEOPT UNPACKING pc=0x000002b3ee3e4b42 sp=0x000000dc16afc868 mode 0

Classes loaded (20 events):
Event: 59.211 Loading class java/rmi/RemoteException
Event: 59.212 Loading class java/rmi/RemoteException done
Event: 59.311 Loading class java/rmi/ConnectException
Event: 59.311 Loading class java/rmi/ConnectException done
Event: 59.311 Loading class java/rmi/ConnectIOException
Event: 59.311 Loading class java/rmi/ConnectIOException done
Event: 59.311 Loading class java/rmi/UnmarshalException
Event: 59.312 Loading class java/rmi/UnmarshalException done
Event: 59.327 Loading class java/rmi/server/RMIServerSocketFactory
Event: 59.327 Loading class java/rmi/server/RMIServerSocketFactory done
Event: 59.329 Loading class java/rmi/server/RMIClientSocketFactory
Event: 59.330 Loading class java/rmi/server/RMIClientSocketFactory done
Event: 59.401 Loading class java/lang/IllegalThreadStateException
Event: 59.401 Loading class java/lang/IllegalThreadStateException done
Event: 59.473 Loading class java/lang/ProcessBuilder$NullInputStream
Event: 59.473 Loading class java/lang/ProcessBuilder$NullInputStream done
Event: 59.473 Loading class java/util/concurrent/Semaphore$NonfairSync
Event: 59.474 Loading class java/util/concurrent/Semaphore$Sync
Event: 59.474 Loading class java/util/concurrent/Semaphore$Sync done
Event: 59.474 Loading class java/util/concurrent/Semaphore$NonfairSync done

Classes unloaded (20 events):
Event: 53.441 Thread 0x000002b3fb836d90 Unloading class 0x000000010182aad0 'androidx/room/compiler/processing/ksp/KspProcessingEnv$$Lambda+0x000000010182aad0'
Event: 53.441 Thread 0x000002b3fb836d90 Unloading class 0x000000010182a878 'androidx/room/compiler/processing/ksp/KspProcessingEnv$$Lambda+0x000000010182a878'
Event: 53.441 Thread 0x000002b3fb836d90 Unloading class 0x000000010182a3d8 'androidx/room/compiler/processing/XProcessingEnv$Platform'
Event: 53.441 Thread 0x000002b3fb836d90 Unloading class 0x000000010182a180 'androidx/room/compiler/processing/ksp/KspProcessingEnv$$Lambda+0x000000010182a180'
Event: 53.441 Thread 0x000002b3fb836d90 Unloading class 0x0000000101829ce0 'androidx/room/compiler/processing/XProcessingEnv$Backend'
Event: 53.441 Thread 0x000002b3fb836d90 Unloading class 0x0000000101829aa8 'androidx/room/compiler/processing/XProcessingEnv$Companion'
Event: 53.441 Thread 0x000002b3fb836d90 Unloading class 0x00000001018296e0 'androidx/room/compiler/processing/ksp/KspProcessingEnv'
Event: 53.441 Thread 0x000002b3fb836d90 Unloading class 0x00000001018294b0 'androidx/room/compiler/processing/XProcessingEnv'
Event: 53.441 Thread 0x000002b3fb836d90 Unloading class 0x0000000101829238 'androidx/room/compiler/processing/ksp/KspBasicAnnotationProcessor$DelegateLogger'
Event: 53.441 Thread 0x000002b3fb836d90 Unloading class 0x0000000101828d90 'androidx/room/processor/Context$BooleanProcessorOptions'
Event: 53.441 Thread 0x000002b3fb836d90 Unloading class 0x0000000101828b50 'androidx/room/compiler/processing/XProcessingEnvConfig$Builder'
Event: 53.441 Thread 0x000002b3fb836d90 Unloading class 0x0000000101828918 'androidx/room/compiler/processing/XProcessingEnvConfig$Companion'
Event: 53.441 Thread 0x000002b3fb836d90 Unloading class 0x00000001018286e0 'androidx/room/compiler/processing/XProcessingEnvConfig'
Event: 53.441 Thread 0x000002b3fb836d90 Unloading class 0x00000001018284a8 'androidx/room/DatabaseProcessingStep$Companion'
Event: 53.441 Thread 0x000002b3fb836d90 Unloading class 0x0000000101828230 'androidx/room/DatabaseProcessingStep'
Event: 53.441 Thread 0x000002b3fb836d90 Unloading class 0x0000000101828000 'androidx/room/compiler/processing/XProcessingStep'
Event: 53.441 Thread 0x000002b3fb836d90 Unloading class 0x0000000101820c00 'androidx/room/RoomKspProcessor'
Event: 53.441 Thread 0x000002b3fb836d90 Unloading class 0x000000010121d480 'androidx/room/compiler/processing/ksp/KspBasicAnnotationProcessor'
Event: 53.441 Thread 0x000002b3fb836d90 Unloading class 0x000000010121d250 'androidx/room/compiler/processing/XBasicAnnotationProcessor'
Event: 53.441 Thread 0x000002b3fb836d90 Unloading class 0x000000010121d000 'androidx/room/RoomKspProcessor$Provider'

Classes redefined (0 events):
No events

Internal exceptions (20 events):
Event: 60.034 Thread 0x000002b387ade520 Exception <a 'sun/nio/fs/WindowsException'{0x0000000093da9ab8}> (0x0000000093da9ab8) 
thrown [s\src\hotspot\share\prims\jni.cpp, line 537]
Event: 60.034 Thread 0x000002b387ade520 Exception <a 'sun/nio/fs/WindowsException'{0x0000000093daadd0}> (0x0000000093daadd0) 
thrown [s\src\hotspot\share\prims\jni.cpp, line 537]
Event: 60.035 Thread 0x000002b387ade520 Exception <a 'sun/nio/fs/WindowsException'{0x0000000093db1b98}> (0x0000000093db1b98) 
thrown [s\src\hotspot\share\prims\jni.cpp, line 537]
Event: 60.035 Thread 0x000002b387ade520 Exception <a 'sun/nio/fs/WindowsException'{0x0000000093db3198}> (0x0000000093db3198) 
thrown [s\src\hotspot\share\prims\jni.cpp, line 537]
Event: 60.035 Thread 0x000002b387ade520 Exception <a 'sun/nio/fs/WindowsException'{0x0000000093db4968}> (0x0000000093db4968) 
thrown [s\src\hotspot\share\prims\jni.cpp, line 537]
Event: 60.035 Thread 0x000002b387ade520 Exception <a 'sun/nio/fs/WindowsException'{0x0000000093db65f0}> (0x0000000093db65f0) 
thrown [s\src\hotspot\share\prims\jni.cpp, line 537]
Event: 60.038 Thread 0x000002b387ade520 Exception <a 'sun/nio/fs/WindowsException'{0x0000000093dc8d10}> (0x0000000093dc8d10) 
thrown [s\src\hotspot\share\prims\jni.cpp, line 537]
Event: 60.041 Thread 0x000002b387ade520 Exception <a 'sun/nio/fs/WindowsException'{0x0000000093de4870}> (0x0000000093de4870) 
thrown [s\src\hotspot\share\prims\jni.cpp, line 537]
Event: 60.048 Thread 0x000002b387ade520 Exception <a 'sun/nio/fs/WindowsException'{0x0000000093df0ba0}> (0x0000000093df0ba0) 
thrown [s\src\hotspot\share\prims\jni.cpp, line 537]
Event: 60.050 Thread 0x000002b387ade520 Exception <a 'sun/nio/fs/WindowsException'{0x0000000093c00288}> (0x0000000093c00288) 
thrown [s\src\hotspot\share\prims\jni.cpp, line 537]
Event: 60.054 Thread 0x000002b387ade520 Exception <a 'sun/nio/fs/WindowsException'{0x0000000093c233f0}> (0x0000000093c233f0) 
thrown [s\src\hotspot\share\prims\jni.cpp, line 537]
Event: 60.056 Thread 0x000002b387ade520 Exception <a 'sun/nio/fs/WindowsException'{0x0000000093c2f158}> (0x0000000093c2f158) 
thrown [s\src\hotspot\share\prims\jni.cpp, line 537]
Event: 60.060 Thread 0x000002b387ade520 Exception <a 'sun/nio/fs/WindowsException'{0x0000000093c6b0e8}> (0x0000000093c6b0e8) 
thrown [s\src\hotspot\share\prims\jni.cpp, line 537]
Event: 60.062 Thread 0x000002b387ade520 Exception <a 'sun/nio/fs/WindowsException'{0x0000000093c791c8}> (0x0000000093c791c8) 
thrown [s\src\hotspot\share\prims\jni.cpp, line 537]
Event: 60.063 Thread 0x000002b387ade520 Exception <a 'sun/nio/fs/WindowsException'{0x0000000093c85798}> (0x0000000093c85798) 
thrown [s\src\hotspot\share\prims\jni.cpp, line 537]
Event: 60.064 Thread 0x000002b387ade520 Exception <a 'sun/nio/fs/WindowsException'{0x0000000093c91aa0}> (0x0000000093c91aa0) 
thrown [s\src\hotspot\share\prims\jni.cpp, line 537]
Event: 60.065 Thread 0x000002b387ade520 Exception <a 'sun/nio/fs/WindowsException'{0x0000000093c9e568}> (0x0000000093c9e568) 
thrown [s\src\hotspot\share\prims\jni.cpp, line 537]
Event: 60.066 Thread 0x000002b387ade520 Exception <a 'sun/nio/fs/WindowsException'{0x0000000093cabac0}> (0x0000000093cabac0) 
thrown [s\src\hotspot\share\prims\jni.cpp, line 537]
Event: 60.069 Thread 0x000002b387ade520 Exception <a 'sun/nio/fs/WindowsException'{0x0000000093cba518}> (0x0000000093cba518) 
thrown [s\src\hotspot\share\prims\jni.cpp, line 537]
Event: 60.070 Thread 0x000002b387ade520 Exception <a 'sun/nio/fs/WindowsException'{0x0000000093cc74c8}> (0x0000000093cc74c8) 
thrown [s\src\hotspot\share\prims\jni.cpp, line 537]

ZGC Phase Switch (0 events):
No events

VM Operations (20 events):
Event: 58.113 Executing safepoint VM operation: G1PauseRemark
Event: 58.124 Executing safepoint VM operation: G1PauseRemark done
Event: 58.186 Executing safepoint VM operation: G1PauseCleanup
Event: 58.186 Executing safepoint VM operation: G1PauseCleanup done
Event: 58.830 Executing non-safepoint VM operation: HandshakeAllThreads (Deoptimize)
Event: 58.830 Executing non-safepoint VM operation: HandshakeAllThreads (Deoptimize) done
Event: 59.202 Executing safepoint VM operation: ICBufferFull
Event: 59.202 Executing safepoint VM operation: ICBufferFull done
Event: 59.495 Executing non-safepoint VM operation: HandshakeAllThreads (Deoptimize)
Event: 59.496 Executing non-safepoint VM operation: HandshakeAllThreads (Deoptimize) done
Event: 59.501 Executing non-safepoint VM operation: HandshakeAllThreads (Deoptimize)
Event: 59.502 Executing non-safepoint VM operation: HandshakeAllThreads (Deoptimize) done
Event: 60.047 Executing non-safepoint VM operation: HandshakeAllThreads (Deoptimize)
Event: 60.047 Executing non-safepoint VM operation: HandshakeAllThreads (Deoptimize) done
Event: 60.245 Executing non-safepoint VM operation: HandshakeAllThreads (HandshakeForDeflation)
Event: 60.245 Executing non-safepoint VM operation: HandshakeAllThreads (HandshakeForDeflation) done
Event: 60.245 Executing safepoint VM operation: Cleanup
Event: 60.246 Executing safepoint VM operation: Cleanup done
Event: 60.246 Executing non-safepoint VM operation: RendezvousGCThreads
Event: 60.246 Executing non-safepoint VM operation: RendezvousGCThreads done

Memory protections (0 events):
No events

Nmethod flushes (20 events):
Event: 58.122 Thread 0x000002b3fb836d90 flushing  nmethod 0x000002b3e971cd90
Event: 58.122 Thread 0x000002b3fb836d90 flushing  nmethod 0x000002b3e98d9110
Event: 58.122 Thread 0x000002b3fb836d90 flushing  nmethod 0x000002b3e98d9990
Event: 58.122 Thread 0x000002b3fb836d90 flushing  nmethod 0x000002b3e9a30c90
Event: 58.122 Thread 0x000002b3fb836d90 flushing  nmethod 0x000002b3e9b06f10
Event: 58.122 Thread 0x000002b3fb836d90 flushing  nmethod 0x000002b3e9bd0a10
Event: 58.122 Thread 0x000002b3fb836d90 flushing  nmethod 0x000002b3e9bfd590
Event: 58.122 Thread 0x000002b3fb836d90 flushing  nmethod 0x000002b3e9c6c490
Event: 58.122 Thread 0x000002b3fb836d90 flushing  nmethod 0x000002b3e9c6d210
Event: 58.122 Thread 0x000002b3fb836d90 flushing  nmethod 0x000002b3e9c6e010
Event: 58.122 Thread 0x000002b3fb836d90 flushing  nmethod 0x000002b3e9c6e790
Event: 58.122 Thread 0x000002b3fb836d90 flushing  nmethod 0x000002b3e9c70410
Event: 58.122 Thread 0x000002b3fb836d90 flushing  nmethod 0x000002b3e9c72790
Event: 58.122 Thread 0x000002b3fb836d90 flushing  nmethod 0x000002b3e9ce2190
Event: 58.122 Thread 0x000002b3fb836d90 flushing  nmethod 0x000002b3e9cf9490
Event: 58.122 Thread 0x000002b3fb836d90 flushing  nmethod 0x000002b3e9cfa910
Event: 58.122 Thread 0x000002b3fb836d90 flushing  nmethod 0x000002b3e9cfae90
Event: 58.122 Thread 0x000002b3fb836d90 flushing  nmethod 0x000002b3e9cfd010
Event: 58.122 Thread 0x000002b3fb836d90 flushing  nmethod 0x000002b3e9db3790
Event: 58.122 Thread 0x000002b3fb836d90 flushing  nmethod 0x000002b3e9efa490

Events (20 events):
Event: 49.791 Loaded shared library C:\Users\Kabo\AppData\Local\Temp\sqlite-3.41.2.2-5d1edb99-2599-4447-bcb6-ab302a44c73f-sqlitejdbc.dll
Event: 54.750 Thread 0x000002b395600550 Thread exited: 0x000002b395600550
Event: 56.787 Thread 0x000002b38fbee060 Thread added: 0x000002b390482740
Event: 57.255 Thread 0x000002b390483460 Thread added: 0x000002b39aa0a8a0
Event: 57.271 Thread 0x000002b39aa0a8a0 Thread added: 0x000002b39aa0a210
Event: 57.272 Thread 0x000002b39aa0a210 Thread added: 0x000002b3901bc2a0
Event: 57.285 Thread 0x000002b3901bc2a0 Thread added: 0x000002b391c7e380
Event: 57.318 Thread 0x000002b391c7e380 Thread added: 0x000002b391d9fe70
Event: 57.326 Thread 0x000002b391d9fe70 Thread added: 0x000002b39a092150
Event: 57.351 Thread 0x000002b39a092150 Thread added: 0x000002b390482dd0
Event: 57.366 Thread 0x000002b390482dd0 Thread added: 0x000002b39ca42e00
Event: 57.368 Thread 0x000002b39ca42e00 Thread added: 0x000002b3905599a0
Event: 57.376 Thread 0x000002b3905599a0 Thread added: 0x000002b39055ba70
Event: 57.376 Thread 0x000002b39055ba70 Thread added: 0x000002b391da0500
Event: 57.378 Thread 0x000002b391da0500 Thread added: 0x000002b395f50600
Event: 58.794 Thread 0x000002b39075ef20 Thread exited: 0x000002b39075ef20
Event: 58.794 Thread 0x000002b390ae2380 Thread exited: 0x000002b390ae2380
Event: 59.194 Thread 0x000002b387ae2030 Thread added: 0x000002b39ae7a7a0
Event: 59.517 Thread 0x000002b391745160 Thread added: 0x000002b39ac9acc0
Event: 60.213 Thread 0x000002b3909fb000 Thread exited: 0x000002b3909fb000


Dynamic libraries:
0x00007ff743b60000 - 0x00007ff743b6a000 	C:\Program Files\Android\Android Studio\jbr\bin\java.exe
0x00007ffc856c0000 - 0x00007ffc85926000 	C:\WINDOWS\SYSTEM32\ntdll.dll
0x00007ffc84570000 - 0x00007ffc84639000 	C:\WINDOWS\System32\KERNEL32.DLL
0x00007ffc82cc0000 - 0x00007ffc830c0000 	C:\WINDOWS\System32\KERNELBASE.dll
0x00007ffc82a30000 - 0x00007ffc82b7c000 	C:\WINDOWS\System32\ucrtbase.dll
0x00007ffc73530000 - 0x00007ffc73548000 	C:\Program Files\Android\Android Studio\jbr\bin\jli.dll
0x00007ffc7f650000 - 0x00007ffc7f66b000 	C:\Program Files\Android\Android Studio\jbr\bin\VCRUNTIME140.dll
0x00007ffc83710000 - 0x00007ffc838d7000 	C:\WINDOWS\System32\USER32.dll
0x00007ffc830d0000 - 0x00007ffc830f7000 	C:\WINDOWS\System32\win32u.dll
0x00007ffc699b0000 - 0x00007ffc69c42000 	C:\WINDOWS\WinSxS\amd64_microsoft.windows.common-controls_6595b64144ccf1df_6.0.26100.8737_none_3e092eaee333b772\COMCTL32.dll
0x00007ffc84a40000 - 0x00007ffc84a6b000 	C:\WINDOWS\System32\GDI32.dll
0x00007ffc84900000 - 0x00007ffc849a9000 	C:\WINDOWS\System32\msvcrt.dll
0x00007ffc82b90000 - 0x00007ffc82cb9000 	C:\WINDOWS\System32\gdi32full.dll
0x00007ffc83340000 - 0x00007ffc833e3000 	C:\WINDOWS\System32\msvcp_win.dll
0x00007ffc85210000 - 0x00007ffc85242000 	C:\WINDOWS\System32\IMM32.DLL
0x00007ffc7f640000 - 0x00007ffc7f64c000 	C:\Program Files\Android\Android Studio\jbr\bin\vcruntime140_1.dll
0x00007ffc63930000 - 0x00007ffc639bd000 	C:\Program Files\Android\Android Studio\jbr\bin\msvcp140.dll
0x00007ffc00070000 - 0x00007ffc00d06000 	C:\Program Files\Android\Android Studio\jbr\bin\server\jvm.dll
0x00007ffc83550000 - 0x00007ffc83607000 	C:\WINDOWS\System32\ADVAPI32.dll
0x00007ffc84670000 - 0x00007ffc8471a000 	C:\WINDOWS\System32\sechost.dll
0x00007ffc84450000 - 0x00007ffc84568000 	C:\WINDOWS\System32\RPCRT4.dll
0x00007ffc849b0000 - 0x00007ffc84a30000 	C:\WINDOWS\System32\WS2_32.dll
0x00007ffc82760000 - 0x00007ffc827be000 	C:\WINDOWS\SYSTEM32\POWRPROF.dll
0x00007ffc79e80000 - 0x00007ffc79e8b000 	C:\WINDOWS\SYSTEM32\VERSION.dll
0x00007ffc79550000 - 0x00007ffc79586000 	C:\WINDOWS\SYSTEM32\WINMM.dll
0x00007ffc82740000 - 0x00007ffc82754000 	C:\WINDOWS\SYSTEM32\UMPDC.dll
0x00007ffc81580000 - 0x00007ffc8159b000 	C:\WINDOWS\SYSTEM32\kernel.appcore.dll
0x00007ffc7f600000 - 0x00007ffc7f60a000 	C:\Program Files\Android\Android Studio\jbr\bin\jimage.dll
0x00007ffc767c0000 - 0x00007ffc76a02000 	C:\WINDOWS\SYSTEM32\DBGHELP.DLL
0x00007ffc852c0000 - 0x00007ffc85643000 	C:\WINDOWS\System32\combase.dll
0x00007ffc83a20000 - 0x00007ffc83af9000 	C:\WINDOWS\System32\OLEAUT32.dll
0x00007ffc69490000 - 0x00007ffc694cb000 	C:\WINDOWS\SYSTEM32\dbgcore.DLL
0x00007ffc82970000 - 0x00007ffc82a1c000 	C:\WINDOWS\System32\bcryptPrimitives.dll
0x00007ffc748c0000 - 0x00007ffc748ce000 	C:\Program Files\Android\Android Studio\jbr\bin\instrument.dll
0x00007ffc7d6e0000 - 0x00007ffc7d700000 	C:\Program Files\Android\Android Studio\jbr\bin\java.dll
0x00007ffc797c0000 - 0x00007ffc797d8000 	C:\Program Files\Android\Android Studio\jbr\bin\zip.dll
0x00007ffc84a70000 - 0x00007ffc85202000 	C:\WINDOWS\System32\SHELL32.dll
0x00007ffc80340000 - 0x00007ffc80bd2000 	C:\WINDOWS\SYSTEM32\windows.storage.dll
0x00007ffc833f0000 - 0x00007ffc834e7000 	C:\WINDOWS\System32\SHCORE.dll
0x00007ffc85250000 - 0x00007ffc852b7000 	C:\WINDOWS\System32\shlwapi.dll
0x00007ffc82800000 - 0x00007ffc82829000 	C:\WINDOWS\SYSTEM32\profapi.dll
0x00007ffc7eea0000 - 0x00007ffc7eeb0000 	C:\Program Files\Android\Android Studio\jbr\bin\net.dll
0x00007ffc7b570000 - 0x00007ffc7b699000 	C:\WINDOWS\SYSTEM32\WINHTTP.dll
0x00007ffc81b10000 - 0x00007ffc81b7c000 	C:\WINDOWS\system32\mswsock.dll
0x00007ffc797a0000 - 0x00007ffc797b6000 	C:\Program Files\Android\Android Studio\jbr\bin\nio.dll
0x00007ffc763c0000 - 0x00007ffc763d0000 	C:\Program Files\Android\Android Studio\jbr\bin\verify.dll
0x00007ffc69210000 - 0x00007ffc69237000 	C:\Users\Kabo\.gradle\native\660c5614fbf4a5f2a75b1949f50a0caf5cd603558e7d8a26e50b933a0cfb79d1\windows-amd64\native-platform.dll
0x00007ffc635b0000 - 0x00007ffc63627000 	C:\Users\Kabo\.gradle\native\0.2.8\x86_64-windows-gnu\gradle-fileevents.dll
0x00007ffc79790000 - 0x00007ffc79799000 	C:\Program Files\Android\Android Studio\jbr\bin\management.dll
0x00007ffc766a0000 - 0x00007ffc766ab000 	C:\Program Files\Android\Android Studio\jbr\bin\management_ext.dll
0x00007ffc83b00000 - 0x00007ffc83b08000 	C:\WINDOWS\System32\PSAPI.DLL
0x00007ffc80eb0000 - 0x00007ffc80ee3000 	C:\WINDOWS\SYSTEM32\IPHLPAPI.DLL
0x00007ffc85670000 - 0x00007ffc8567a000 	C:\WINDOWS\System32\NSI.dll
0x00007ffc7d6d0000 - 0x00007ffc7d6d9000 	C:\Program Files\Android\Android Studio\jbr\bin\extnet.dll
0x00007ffc81f40000 - 0x00007ffc81f5b000 	C:\WINDOWS\SYSTEM32\CRYPTSP.dll
0x00007ffc814e0000 - 0x00007ffc81519000 	C:\WINDOWS\system32\rsaenh.dll
0x00007ffc81bd0000 - 0x00007ffc81c02000 	C:\WINDOWS\SYSTEM32\USERENV.dll
0x00007ffc827d0000 - 0x00007ffc827fa000 	C:\WINDOWS\SYSTEM32\bcrypt.dll
0x00007ffc81d80000 - 0x00007ffc81d8c000 	C:\WINDOWS\SYSTEM32\CRYPTBASE.dll
0x00007ffc1c870000 - 0x00007ffc1c878000 	C:\WINDOWS\system32\wshunix.dll
0x00007ffc80ef0000 - 0x00007ffc81045000 	C:\WINDOWS\SYSTEM32\DNSAPI.dll
0x00007ffc81930000 - 0x00007ffc8193d000 	C:\WINDOWS\SYSTEM32\DSPARSE.dll
0x00007ffc7ad60000 - 0x00007ffc7ad6b000 	C:\Windows\System32\rasadhlp.dll
0x00007ffc7c030000 - 0x00007ffc7c0b6000 	C:\WINDOWS\System32\fwpuclnt.dll
0x00007ffc5f510000 - 0x00007ffc5f6a9000 	C:\Program Files\Android\Android Studio\jbr\bin\awt.dll
0x00007ffc7fc60000 - 0x00007ffc7fc8f000 	C:\WINDOWS\SYSTEM32\dwmapi.dll
0x00007ffc73550000 - 0x00007ffc73594000 	C:\Program Files\Android\Android Studio\jbr\bin\nvdaControllerClient64.dll
0x00007ffc4d320000 - 0x00007ffc4d393000 	C:\WINDOWS\SYSTEM32\OLEACC.dll
0x00007ffc7f790000 - 0x00007ffc7f830000 	C:\WINDOWS\SYSTEM32\apphelp.dll
0x00007ffc7f970000 - 0x00007ffc7fa19000 	C:\WINDOWS\system32\uxtheme.dll
0x00007ffc83ba0000 - 0x00007ffc83cfd000 	C:\WINDOWS\System32\MSCTF.dll
0x00007ffc84230000 - 0x00007ffc843c9000 	C:\WINDOWS\System32\ole32.dll
0x00007ffc816b0000 - 0x00007ffc816e6000 	C:\WINDOWS\SYSTEM32\ntmarta.dll

JVMTI agents:
C:\Users\Kabo\.gradle\wrapper\dists\gradle-9.3.1-bin\23ovyewtku6u96viwx3xl3oks\gradle-9.3.1\lib\agents\gradle-instrumentation-agent-9.3.1.jar path:C:\Program Files\Android\Android Studio\jbr\bin\instrument.dll, loaded, initialized, instrumentlib options:none

dbghelp: loaded successfully - version: 4.0.5 - missing functions: none
symbol engine: initialized successfully - sym options: 0x614 - pdb path: .;C:\Program Files\Android\Android Studio\jbr\bin;C:\WINDOWS\SYSTEM32;C:\WINDOWS\WinSxS\amd64_microsoft.windows.common-controls_6595b64144ccf1df_6.0.26100.8737_none_3e092eaee333b772;C:\Program Files\Android\Android Studio\jbr\bin\server;C:\Users\Kabo\.gradle\native\660c5614fbf4a5f2a75b1949f50a0caf5cd603558e7d8a26e50b933a0cfb79d1\windows-amd64;C:\Users\Kabo\.gradle\native\0.2.8\x86_64-windows-gnu;C:\Users\Kabo\AppData\Local\Temp

VM Arguments:
jvm_args: --add-opens=java.base/java.lang=ALL-UNNAMED --add-opens=java.base/java.lang.invoke=ALL-UNNAMED --add-opens=java.base/java.util=ALL-UNNAMED --add-opens=java.prefs/java.util.prefs=ALL-UNNAMED --add-exports=jdk.compiler/com.sun.tools.javac.api=ALL-UNNAMED --add-exports=jdk.compiler/com.sun.tools.javac.util=ALL-UNNAMED --add-opens=java.base/java.util=ALL-UNNAMED --add-opens=java.prefs/java.util.prefs=ALL-UNNAMED --add-opens=java.base/java.nio.charset=ALL-UNNAMED --add-opens=java.base/java.net=ALL-UNNAMED --add-opens=java.base/java.util.concurrent=ALL-UNNAMED --add-opens=java.base/java.util.concurrent.atomic=ALL-UNNAMED --add-opens=java.xml/javax.xml.namespace=ALL-UNNAMED --add-opens=java.base/java.time=ALL-UNNAMED -Xmx2048m -Dfile.encoding=UTF-8 -Duser.country=US -Duser.language=en -Duser.variant -javaagent:C:\Users\Kabo\.gradle\wrapper\dists\gradle-9.3.1-bin\23ovyewtku6u96viwx3xl3oks\gradle-9.3.1\lib\agents\gradle-instrumentation-agent-9.3.1.jar 
java_command: org.gradle.launcher.daemon.bootstrap.GradleDaemon 9.3.1
java_class_path (initial): C:\Users\Kabo\.gradle\wrapper\dists\gradle-9.3.1-bin\23ovyewtku6u96viwx3xl3oks\gradle-9.3.1\lib\gradle-daemon-main-9.3.1.jar
Launcher Type: SUN_STANDARD

[Global flags]
     intx CICompilerCount                          = 4                                         {product} {ergonomic}
     uint ConcGCThreads                            = 3                                         {product} {ergonomic}
     uint G1ConcRefinementThreads                  = 10                                        {product} {ergonomic}
   size_t G1HeapRegionSize                         = 1048576                                   {product} {ergonomic}
    uintx GCDrainStackTargetSize                   = 64                                        {product} {ergonomic}
   size_t InitialHeapSize                          = 123731968                                 {product} {ergonomic}
   size_t MarkStackSize                            = 4194304                                   {product} {ergonomic}
   size_t MaxHeapSize                              = 2147483648                                {product} {command line}
   size_t MaxNewSize                               = 1287651328                                {product} {ergonomic}
   size_t MinHeapDeltaBytes                        = 1048576                                   {product} {ergonomic}
   size_t MinHeapSize                              = 8388608                                   {product} {ergonomic}
    uintx NonNMethodCodeHeapSize                   = 5839372                                {pd product} {ergonomic}
    uintx NonProfiledCodeHeapSize                  = 122909434                              {pd product} {ergonomic}
    uintx ProfiledCodeHeapSize                     = 122909434                              {pd product} {ergonomic}
    uintx ReservedCodeCacheSize                    = 251658240                              {pd product} {ergonomic}
     bool SegmentedCodeCache                       = true                                      {product} {ergonomic}
   size_t SoftMaxHeapSize                          = 2147483648                             {manageable} {ergonomic}
     bool UseCompressedOops                        = true                           {product lp64_product} {ergonomic}
     bool UseG1GC                                  = true                                      {product} {ergonomic}
     bool UseLargePagesIndividualAllocation        = false                                  {pd product} {ergonomic}

Logging:
Log output configuration:
 #0: stdout all=warning uptime,level,tags foldmultilines=false
 #1: stderr all=off uptime,level,tags foldmultilines=false

Release file:
JAVA_VERSION="21.0.10" 
MODULES="java.base java.compiler java.datatransfer java.xml java.prefs java.desktop java.instrument java.logging java.management java.security.sasl java.naming java.rmi java.management.rmi java.net.http java.scripting java.security.jgss java.transaction.xa java.sql java.sql.rowset java.xml.crypto java.se java.smartcardio jdk.accessibility jdk.internal.jvmstat jdk.attach jdk.charsets jdk.internal.opt jdk.zipfs jdk.compiler jdk.crypto.ec jdk.crypto.cryptoki jdk.dynalink jdk.hotspot.agent jdk.httpserver jdk.internal.ed jdk.internal.le jdk.internal.vm.ci jdk.jartool jdk.javadoc jdk.jcmd jdk.jdeps jdk.jdwp.agent jdk.jdi jdk.jfr jdk.jlink jdk.jsobject jdk.localedata jdk.management jdk.management.agent jdk.management.jfr jdk.naming.dns jdk.naming.rmi jdk.net jdk.sctp jdk.security.auth jdk.security.jgss jdk.unsupported jdk.unsupported.desktop jdk.xml.dom" 
IMPLEMENTOR="JetBrains s.r.o." 
JAVA_RUNTIME_VERSION="21.0.10+-14961533-b1163.108" 
LIBC="default" 
OS_ARCH="x86_64" 
OS_NAME="Windows" 
SOURCE=".:git:1351622c2ff2" 

Environment Variables:
JAVA_HOME=C:\Program Files\Java\jdk-23
PATH=C:\Program Files (x86)\NVIDIA Corporation\PhysX\Common;C:\Program Files\Common Files\Oracle\Java\javapath;C:\WINDOWS\system32;C:\WINDOWS;C:\WINDOWS\System32\Wbem;C:\WINDOWS\System32\WindowsPowerShell\v1.0\;C:\WINDOWS\System32\OpenSSH\;C:\msys64\mingw64\bin;C:\Program Files\Git\cmd;C:\Program Files\nodejs\;D:\sql\160\Tools\Binn\;C:\Program Files\Microsoft SQL Server\160\Tools\Binn\;C:\Program Files\Microsoft SQL Server\Client SDK\ODBC\170\Tools\Binn\;C:\Program Files\Microsoft SQL Server\160\DTS\Binn\;C:\Users\Kabo\AppData\Local\Microsoft\WindowsApps;C:\flutter\flutter\bin;C:\Program Files\Git\bin;C:\dart-sdk\bin;C:\Users\Kabo\AppData\Local\Android\Sdk;C:\cmdline-tools\latest\bin;C:\Users\Kabo\AppData\Local\Programs\Microsoft VS Code\bin;C:\Program Files\Java\jdk-23\bin;D:\Program Files\CLion 2025.1.3\bin;;C:\Users\Kabo\AppData\Local\Pub\Cache\bin;C:\Users\Kabo\AppData\Roaming\npm;C:\Users\Kabo\AppData\Local\GitHubDesktop\bin
USERNAME=Kabo
OS=Windows_NT
PROCESSOR_IDENTIFIER=AMD64 Family 23 Model 104 Stepping 1, AuthenticAMD
TMP=C:\Users\Kabo\AppData\Local\Temp
TEMP=C:\Users\Kabo\AppData\Local\Temp




Periodic native trim disabled

JNI global refs:
JNI global refs: 40, weak refs: 258

JNI global refs memory usage: 835, weak refs: 3361

Process memory usage:
Resident Set Size: 1074780K (13% of 7681736K total physical memory with 271060K free physical memory)

OOME stack traces (most recent first):
Classloader memory used:
Loader org.gradle.internal.classloader.VisitableURLClassLoader$InstrumentingVisitableURLClassLoader: 65476K
Loader org.gradle.internal.classloader.VisitableURLClassLoader                         : 49166K
Loader java.net.URLClassLoader                                                         : 48901K
Loader bootstrap                                                                       : 36665K
Loader org.gradle.initialization.MixInLegacyTypesClassLoader                           : 13624K
Loader jdk.internal.reflect.DelegatingClassLoader                                      : 635K
Loader jdk.internal.loader.ClassLoaders$PlatformClassLoader                            : 586K
Loader jdk.internal.jrtfs.JrtFileSystemProvider$JrtFsLoader                            : 288K
Loader org.gradle.internal.classloader.VisitableURLClassLoader                         : 247K
Loader jdk.internal.loader.ClassLoaders$AppClassLoader                                 : 231K
Loader org.gradle.groovy.scripts.internal.DefaultScriptCompilationHandler$ScriptClassLoader: 128K
Loader sun.reflect.misc.MethodUtil                                                     : 2984B

Classes loaded by more than one classloader:
Class Program                                                                         : loaded 5 times (x 72B)
Class Build_gradle                                                                    : loaded 3 times (x 126B)
Class kotlin.sequences.DropTakeSequence                                               : loaded 2 times (x 70B)
Class kotlin.coroutines.jvm.internal.CompletedContinuation                            : loaded 2 times (x 75B)
Class kotlin.text.StringsKt__StringsKt                                                : loaded 2 times (x 71B)
Class kotlin.NotImplementedError                                                      : loaded 2 times (x 82B)
Class com.google.common.io.LineReader                                                 : loaded 2 times (x 72B)
Class com.google.common.base.Equivalence$Identity                                     : loaded 2 times (x 82B)
Class com.google.common.base.PairwiseEquivalence                                      : loaded 2 times (x 83B)
Class com.google.common.collect.RegularImmutableMap$KeySet                            : loaded 2 times (x 152B)
Class ijJvmDebugger1_2vo8nnuqe8yg4l9ak5kr516ns$_run_closure1$_closure2                : loaded 2 times (x 140B)
Class org.gradle.internal.classloader.FilteringClassLoader                            : loaded 2 times (x 105B)
Class jdk.internal.jimage.BasicImageReader                                            : loaded 2 times (x 95B)
Class kotlin.io.FilesKt__FileTreeWalkKt                                               : loaded 2 times (x 71B)
Class kotlin.jvm.internal.CollectionToArray                                           : loaded 2 times (x 71B)
Class kotlin.sequences.FilteringSequence$iterator$1                                   : loaded 2 times (x 79B)
Class kotlin.sequences.SequencesKt__SequenceBuilderKt                                 : loaded 2 times (x 71B)
Class kotlin.collections.CollectionsKt__ReversedViewsKt                               : loaded 2 times (x 71B)
Class [Lcom.google.common.collect.MapMakerInternalMap$Segment;                        : loaded 2 times (x 69B)
Class [Lcom.google.common.base.AbstractIterator$State;                                : loaded 2 times (x 69B)
Class com.google.common.io.FileWriteMode                                              : loaded 2 times (x 79B)
Class com.google.common.base.CharMatcher$IsEither                                     : loaded 2 times (x 111B)
Class org.gradle.internal.classloader.ClassLoaderHierarchy                            : loaded 2 times (x 70B)
Class kotlin.jvm.internal.MutablePropertyReference1                                   : loaded 2 times (x 137B)
Class kotlin.jvm.internal.PropertyReference1Impl                                      : loaded 2 times (x 127B)
Class kotlin.SafePublicationLazyImpl$Companion                                        : loaded 2 times (x 71B)
Class com.google.common.collect.AbstractMapBasedMultimap$WrappedCollection            : loaded 2 times (x 124B)
Class com.google.common.collect.ImmutableEnumSet                                      : loaded 2 times (x 146B)
Class com.google.common.util.concurrent.ExecutionError                                : loaded 2 times (x 82B)
Class com.google.common.collect.ImmutableList$1                                       : loaded 2 times (x 97B)
Class org.gradle.api.internal.classpath.ManifestUtil                                  : loaded 2 times (x 71B)
Class kotlin.collections.builders.MapBuilder                                          : loaded 2 times (x 112B)
Class kotlin.ranges.IntProgression$Companion                                          : loaded 2 times (x 71B)
Class com.google.common.io.ByteArrayDataOutput                                        : loaded 2 times (x 70B)
Class com.google.common.collect.RegularImmutableMap                                   : loaded 2 times (x 121B)
Class com.google.common.collect.ImmutableMap$MapViewOfValuesAsSingletonSets           : loaded 2 times (x 126B)
Class kotlin.sequences.TransformingSequence                                           : loaded 2 times (x 75B)
Class com.google.common.reflect.TypeCapture                                           : loaded 2 times (x 71B)
Class org.apache.commons.io.function.IOFunction                                       : loaded 2 times (x 70B)
Class com.google.common.collect.TransformedListIterator                               : loaded 2 times (x 93B)
Class [Lorg.objectweb.asm.Symbol;                                                     : loaded 2 times (x 69B)
Class org.objectweb.asm.ClassVisitor                                                  : loaded 2 times (x 88B)
Class com.google.common.collect.UnmodifiableListIterator                              : loaded 2 times (x 95B)
Class kotlin.io.LinesSequence                                                         : loaded 2 times (x 75B)
Class [Lkotlin.reflect.KClass;                                                        : loaded 2 times (x 69B)
Class com.google.common.collect.MapMakerInternalMap$StrongKeyDummyValueEntry$LinkedStrongKeyDummyValueEntry: loaded 2 times (x 82B)
Class com.google.common.collect.MapMakerInternalMap$Strength                          : loaded 2 times (x 80B)
Class com.google.common.base.Platform$JdkPatternCompiler                              : loaded 2 times (x 75B)
Class org.objectweb.asm.MethodTooLargeException                                       : loaded 2 times (x 83B)
Class [Lcom.google.common.cache.CacheBuilder$OneWeigher;                              : loaded 2 times (x 69B)
Class com.google.common.base.Suppliers                                                : loaded 2 times (x 71B)
Class org.gradle.internal.classloader.DefaultClassLoaderFactory                       : loaded 2 times (x 82B)
Class kotlin.jvm.internal.FloatCompanionObject                                        : loaded 2 times (x 71B)
Class kotlin.KotlinVersion$Companion                                                  : loaded 2 times (x 71B)
Class kotlin.sequences.SequencesKt___SequencesKt                                      : loaded 2 times (x 71B)
Class kotlin.collections.AbstractList$Companion                                       : loaded 2 times (x 71B)
Class [Lcom.google.common.collect.AbstractIterator$State;                             : loaded 2 times (x 69B)
Class org.apache.commons.io.file.PathUtils                                            : loaded 2 times (x 71B)
Class com.google.common.base.CharMatcher$None                                         : loaded 2 times (x 112B)
Class org.gradle.internal.classloader.ClassLoaderVisitor                              : loaded 2 times (x 76B)
Class kotlin.sequences.SequencesKt___SequencesKt$flatMap$2                            : loaded 2 times (x 125B)
Class kotlin.io.FileTreeWalk$FileTreeWalkIterator                                     : loaded 2 times (x 83B)
Class [Lcom.google.common.collect.ImmutableMapEntry;                                  : loaded 2 times (x 69B)
Class org.gradle.api.internal.classpath.EffectiveClassPath                            : loaded 2 times (x 90B)
Class kotlin.coroutines.ContinuationInterceptor                                       : loaded 2 times (x 70B)
Class kotlin.text.StringsKt__AppendableKt                                             : loaded 2 times (x 71B)
Class [Lorg.apache.commons.io.StandardLineSeparator;                                  : loaded 2 times (x 69B)
Class org.apache.commons.io.output.StringBuilderWriter                                : loaded 2 times (x 100B)
Class com.google.common.collect.ListMultimap                                          : loaded 2 times (x 70B)
Class com.google.common.collect.ImmutableEnumMap                                      : loaded 2 times (x 126B)
Class kotlin.jvm.internal.ArrayIteratorKt                                             : loaded 2 times (x 71B)
Class kotlin.reflect.KProperty$Accessor                                               : loaded 2 times (x 70B)
Class [Lkotlin.reflect.KCallable;                                                     : loaded 2 times (x 69B)
Class kotlin.jvm.internal.AdaptedFunctionReference                                    : loaded 2 times (x 77B)
Class com.google.common.collect.ImmutableSet$SerializedForm                           : loaded 2 times (x 73B)
Class com.google.common.collect.Iterators$EmptyModifiableIterator                     : loaded 2 times (x 86B)
Class com.google.common.base.Splitter                                                 : loaded 2 times (x 72B)
Class com.google.common.collect.Sets$1                                                : loaded 2 times (x 139B)
Class org.objectweb.asm.AnnotationVisitor                                             : loaded 2 times (x 78B)
Class org.gradle.api.internal.DefaultClassPathProvider                                : loaded 2 times (x 76B)
Class kotlin.sequences.SequenceScope                                                  : loaded 2 times (x 73B)
Class kotlin.text.StringsKt__StringNumberConversionsJVMKt                             : loaded 2 times (x 71B)
Class kotlin.sequences.Sequence                                                       : loaded 2 times (x 70B)
Class com.google.common.collect.MapMakerInternalMap$Strength$1                        : loaded 2 times (x 80B)
Class org.apache.commons.io.FilenameUtils                                             : loaded 2 times (x 71B)
Class com.google.common.collect.Maps$ViewCachingAbstractMap                           : loaded 2 times (x 125B)
Class com.google.common.collect.Sets$2                                                : loaded 2 times (x 139B)
Class [Lorg.gradle.api.internal.ClassPathProvider;                                    : loaded 2 times (x 69B)
Class org.gradle.api.internal.ClassPathProvider                                       : loaded 2 times (x 70B)
Class kotlin.jvm.functions.Function20                                                 : loaded 2 times (x 70B)
Class kotlin.collections.CollectionsKt___CollectionsKt$asSequence$$inlined$Sequence$1 : loaded 2 times (x 75B)
Class com.google.common.reflect.Types$ClassOwnership$1                                : loaded 2 times (x 80B)
Class com.google.common.collect.MapMakerInternalMap$Strength$2                        : loaded 2 times (x 80B)
Class com.google.common.base.AbstractIterator$State                                   : loaded 2 times (x 79B)
Class [Lorg.objectweb.asm.AnnotationVisitor;                                          : loaded 2 times (x 69B)
Class com.google.common.collect.Sets$3                                                : loaded 2 times (x 139B)
Class com.google.common.cache.LocalCache$LocalLoadingCache                            : loaded 2 times (x 134B)
Class org.gradle.internal.service.UnknownServiceException                             : loaded 2 times (x 83B)
Class kotlin.jvm.functions.Function21                                                 : loaded 2 times (x 70B)
Class com.google.common.reflect.Types$ClassOwnership$2                                : loaded 2 times (x 80B)
Class com.google.common.reflect.TypeResolver                                          : loaded 2 times (x 72B)
Class com.google.common.io.ByteArrayDataInput                                         : loaded 2 times (x 70B)
Class com.google.common.collect.MapMakerInternalMap$StrongValueEntry                  : loaded 2 times (x 70B)
Class com.google.common.collect.Sets$4                                                : loaded 2 times (x 139B)
Class org.objectweb.asm.ModuleVisitor                                                 : loaded 2 times (x 81B)
Class com.google.common.cache.LocalCache$Strength$1                                   : loaded 2 times (x 81B)
Class kotlin.annotation.AnnotationRetention                                           : loaded 2 times (x 79B)
Class kotlin.jvm.functions.Function22                                                 : loaded 2 times (x 70B)
Class kotlin.collections.MapWithDefault                                               : loaded 2 times (x 70B)
Class kotlin.coroutines.jvm.internal.SuspendLambda                                    : loaded 2 times (x 91B)
Class kotlin.coroutines.jvm.internal.ContinuationImpl                                 : loaded 2 times (x 87B)
Class com.google.common.reflect.Types$ClassOwnership$3                                : loaded 2 times (x 71B)
Class org.apache.commons.io.output.QueueOutputStream                                  : loaded 2 times (x 87B)
Class com.google.common.util.concurrent.SettableFuture                                : loaded 2 times (x 114B)
Class com.google.common.cache.LocalCache$Strength$2                                   : loaded 2 times (x 81B)
Class kotlin.reflect.KTypeParameter                                                   : loaded 2 times (x 70B)
Class kotlin.text.StringsKt__RegexExtensionsJVMKt                                     : loaded 2 times (x 71B)
Class kotlin.collections.ArraysKt___ArraysJvmKt                                       : loaded 2 times (x 71B)
Class kotlin.collections.CollectionsKt__CollectionsKt                                 : loaded 2 times (x 71B)
Class com.google.common.io.ByteStreams                                                : loaded 2 times (x 71B)
Class com.google.common.collect.Interners$InternerImpl                                : loaded 2 times (x 75B)
Class com.google.common.collect.Interner                                              : loaded 2 times (x 70B)
Class com.google.common.collect.TransformedIterator                                   : loaded 2 times (x 80B)
Class com.google.common.base.Splitter$1                                               : loaded 2 times (x 77B)
Class com.google.common.cache.LocalCache$Strength$3                                   : loaded 2 times (x 81B)
Class com.google.common.collect.MapDifference                                         : loaded 2 times (x 70B)
Class kotlin.text.Regex$Companion                                                     : loaded 2 times (x 71B)
Class kotlin._Assertions                                                              : loaded 2 times (x 71B)
Class com.google.common.reflect.Invokable                                             : loaded 2 times (x 103B)
Class com.google.common.collect.MapMaker$Dummy                                        : loaded 2 times (x 79B)
Class org.objectweb.asm.FieldWriter                                                   : loaded 2 times (x 78B)
Class com.google.common.cache.CacheBuilder$NullListener                               : loaded 2 times (x 82B)
Class org.gradle.internal.classpath.TransformedClassPath                              : loaded 2 times (x 96B)
Class org.gradle.internal.classloader.InstrumentingClassLoader                        : loaded 2 times (x 70B)
Class [Lkotlin.annotation.AnnotationTarget;                                           : loaded 2 times (x 69B)
Class kotlin.jvm.internal.FunctionReference                                           : loaded 2 times (x 122B)
Class [Lkotlin.coroutines.intrinsics.CoroutineSingletons;                             : loaded 2 times (x 69B)
Class kotlin.jvm.internal.FunctionBase                                                : loaded 2 times (x 70B)
Class kotlin.enums.EnumEntriesList                                                    : loaded 2 times (x 223B)
Class com.google.common.reflect.Types$ParameterizedTypeImpl                           : loaded 2 times (x 81B)
Class com.google.common.collect.ImmutableListMultimap                                 : loaded 2 times (x 176B)
Class org.apache.commons.io.output.UnsynchronizedByteArrayOutputStream                : loaded 2 times (x 102B)
Class com.google.common.cache.CacheLoader$FunctionToCacheLoader                       : loaded 2 times (x 75B)
Class com.google.common.collect.Iterators$ArrayItr                                    : loaded 2 times (x 97B)
Class com.google.common.collect.ImmutableCollection$Builder                           : loaded 2 times (x 76B)
Class kotlin.sequences.FlatteningSequence                                             : loaded 2 times (x 75B)
Class kotlin.collections.CollectionsKt__IteratorsJVMKt                                : loaded 2 times (x 71B)
Class com.google.common.reflect.TypeResolver$TypeVariableKey                          : loaded 2 times (x 72B)
Class com.google.common.collect.EmptyImmutableListMultimap                            : loaded 2 times (x 176B)
Class com.google.common.collect.BaseImmutableMultimap                                 : loaded 2 times (x 123B)
Class org.apache.commons.io.output.ByteArrayOutputStream                              : loaded 2 times (x 102B)
Class com.google.common.base.Joiner                                                   : loaded 2 times (x 79B)
Class com.google.common.base.MoreObjects                                              : loaded 2 times (x 71B)
Class kotlin.reflect.KProperty0                                                       : loaded 2 times (x 70B)
Class kotlin.Result                                                                   : loaded 2 times (x 72B)
Class com.google.common.collect.Platform                                              : loaded 2 times (x 71B)
Class [Lorg.objectweb.asm.Type;                                                       : loaded 2 times (x 69B)
Class com.google.common.collect.UnmodifiableIterator                                  : loaded 2 times (x 80B)
Class org.gradle.internal.service.ServiceLocator                                      : loaded 2 times (x 70B)
Class jdk.internal.jrtfs.JrtFileSystemProvider                                        : loaded 2 times (x 101B)
Class kotlin.reflect.KProperty1                                                       : loaded 2 times (x 70B)
Class kotlin.reflect.KClass                                                           : loaded 2 times (x 70B)
Class kotlin.sequences.TransformingSequence$iterator$1                                : loaded 2 times (x 79B)
Class kotlin.Pair                                                                     : loaded 2 times (x 72B)
Class org.apache.commons.io.FileExistsException                                       : loaded 2 times (x 82B)
Class com.google.common.base.Ascii                                                    : loaded 2 times (x 71B)
Class com.google.common.cache.LocalCache$1                                            : loaded 2 times (x 89B)
Class com.google.common.collect.SingletonImmutableBiMap                               : loaded 2 times (x 143B)
Class com.google.common.collect.Iterators$SingletonIterator                           : loaded 2 times (x 81B)
Class com.google.common.collect.AbstractMapEntry                                      : loaded 2 times (x 81B)
Class kotlin.sequences.GeneratorSequence$iterator$1                                   : loaded 2 times (x 79B)
Class kotlin.reflect.KProperty2                                                       : loaded 2 times (x 70B)
Class kotlin.collections.CollectionsKt__MutableCollectionsKt                          : loaded 2 times (x 71B)
Class kotlin.io.CloseableKt                                                           : loaded 2 times (x 71B)
Class com.google.common.reflect.TypeToken$SimpleTypeToken                             : loaded 2 times (x 73B)
Class com.google.common.collect.AbstractSetMultimap                                   : loaded 2 times (x 174B)
Class com.google.common.collect.MapMakerInternalMap$AbstractStrongKeyEntry            : loaded 2 times (x 80B)
Class org.apache.commons.io.function.IOSupplier                                       : loaded 2 times (x 70B)
Class com.google.common.collect.Sets$ImprovedAbstractSet                              : loaded 2 times (x 135B)
Class com.google.common.collect.ImmutableList$Builder                                 : loaded 2 times (x 77B)
Class com.google.common.collect.AbstractMultimap                                      : loaded 2 times (x 123B)
Class com.google.common.cache.LocalCache$2                                            : loaded 2 times (x 142B)
Class kotlin.io.TerminateException                                                    : loaded 2 times (x 82B)
Class kotlin.io.FilesKt__FilePathComponentsKt                                         : loaded 2 times (x 71B)
Class kotlin.reflect.KCallable                                                        : loaded 2 times (x 70B)
Class kotlin.coroutines.CoroutineContext$Element                                      : loaded 2 times (x 70B)
Class com.google.common.collect.RegularImmutableAsList                                : loaded 2 times (x 217B)
Class kotlin.io.LinesSequence$iterator$1                                              : loaded 2 times (x 79B)
Class kotlin.collections.AbstractIterator                                             : loaded 2 times (x 83B)
Class kotlin.text.CharsKt                                                             : loaded 2 times (x 71B)
Class com.google.common.base.Optional                                                 : loaded 2 times (x 80B)
Class com.google.common.util.concurrent.AbstractFuture$Trusted                        : loaded 2 times (x 70B)
Class com.google.common.collect.Iterators                                             : loaded 2 times (x 71B)
Class jdk.internal.jimage.ImageLocation                                               : loaded 2 times (x 90B)
Class kotlin.coroutines.ContinuationInterceptor$Key                                   : loaded 2 times (x 71B)
Class kotlin.text.DelimitedRangesSequence$iterator$1                                  : loaded 2 times (x 79B)
Class com.google.common.io.ByteSink$AsCharSink                                        : loaded 2 times (x 80B)
Class com.google.common.collect.Lists$StringAsImmutableList                           : loaded 2 times (x 207B)
Class com.google.common.util.concurrent.UncheckedExecutionException                   : loaded 2 times (x 82B)
Class org.gradle.kotlin.dsl.VersionCatalogAccessorsKt                                 : loaded 2 times (x 71B)
Class kotlin.io.FileTreeWalk$FileTreeWalkIterator$WhenMappings                        : loaded 2 times (x 71B)
Class jdk.internal.jimage.ImageBufferCache$1                                          : loaded 2 times (x 83B)
Class kotlin.collections.ArraysKt___ArraysKt$asSequence$$inlined$Sequence$1           : loaded 2 times (x 75B)
Class kotlin.DeprecationLevel                                                         : loaded 2 times (x 79B)
Class kotlin.time.DurationUnitKt__DurationUnitJvmKt                                   : loaded 2 times (x 71B)
Class kotlin.jvm.JvmStatic                                                            : loaded 2 times (x 70B)
Class kotlin.collections.MapsKt__MapsJVMKt                                            : loaded 2 times (x 71B)
Class kotlin.collections.EmptyList                                                    : loaded 2 times (x 174B)
Class com.google.common.collect.HashMultimapGwtSerializationDependencies              : loaded 2 times (x 174B)
Class com.google.common.collect.AbstractMapBasedMultimap$KeySet$1                     : loaded 2 times (x 82B)
Class org.objectweb.asm.ClassWriter                                                   : loaded 2 times (x 106B)
Class com.google.common.cache.CacheLoader$UnsupportedLoadingOperationException        : loaded 2 times (x 82B)
Class com.google.common.base.CharMatcher$And                                          : loaded 2 times (x 112B)
Class org.gradle.internal.classloader.ClasspathUtil$1                                 : loaded 2 times (x 76B)
Class jdk.internal.jimage.ImageBufferCache$2                                          : loaded 2 times (x 91B)
Class kotlin.collections.builders.ListBuilderKt                                       : loaded 2 times (x 71B)
Class com.google.common.collect.FluentIterable$1                                      : loaded 2 times (x 81B)
Class com.google.common.base.Objects                                                  : loaded 2 times (x 71B)
Class org.objectweb.asm.FieldVisitor                                                  : loaded 2 times (x 77B)
Class com.google.common.collect.IndexedImmutableSet                                   : loaded 2 times (x 152B)
Class com.google.common.collect.BiMap                                                 : loaded 2 times (x 70B)
Class com.google.common.collect.ImmutableMap$1                                        : loaded 2 times (x 81B)
Class org.gradle.api.internal.classpath.DefaultModuleRegistry$DefaultModule           : loaded 2 times (x 86B)
Class kotlin.ResultKt                                                                 : loaded 2 times (x 71B)
Class com.google.common.reflect.Reflection                                            : loaded 2 times (x 71B)
Class com.google.common.base.Absent                                                   : loaded 2 times (x 80B)
Class com.google.common.collect.FluentIterable$2                                      : loaded 2 times (x 81B)
Class com.google.common.primitives.Ints                                               : loaded 2 times (x 71B)
Class com.google.common.collect.AbstractIterator                                      : loaded 2 times (x 82B)
Class kotlin.collections.IndexingIterable                                             : loaded 2 times (x 79B)
Class kotlin.Result$Failure                                                           : loaded 2 times (x 72B)
Class kotlin.collections.ArraysKt__ArraysKt                                           : loaded 2 times (x 71B)
Class com.google.common.collect.FluentIterable$3                                      : loaded 2 times (x 81B)
Class com.google.common.collect.ObjectArrays                                          : loaded 2 times (x 71B)
Class com.google.common.math.MathPreconditions                                        : loaded 2 times (x 71B)
Class com.google.common.collect.Multiset                                              : loaded 2 times (x 70B)
Class com.google.common.collect.ArrayListMultimapGwtSerializationDependencies         : loaded 2 times (x 172B)
Class com.google.common.collect.AbstractIndexedListIterator                           : loaded 2 times (x 96B)
Class kotlin.collections.SetsKt__SetsJVMKt                                            : loaded 2 times (x 71B)
Class kotlin.Function                                                                 : loaded 2 times (x 70B)
Class org.apache.commons.io.output.NullOutputStream                                   : loaded 2 times (x 85B)
Class com.google.common.collect.ImmutableMapEntrySet                                  : loaded 2 times (x 152B)
Class org.gradle.api.internal.classpath.Module                                        : loaded 2 times (x 70B)
Class kotlin.KotlinVersion                                                            : loaded 2 times (x 74B)
Class kotlin.reflect.KMutableProperty                                                 : loaded 2 times (x 70B)
Class kotlin.io.FileAlreadyExistsException                                            : loaded 2 times (x 82B)
Class kotlin.internal.ProgressionUtilKt                                               : loaded 2 times (x 71B)
Class com.google.common.cache.Weigher                                                 : loaded 2 times (x 70B)
Class ijKotlinCoroutineJvmDebugInit1_304z3prfvr8kmkv6gmy1lljlt$_run_closure1          : loaded 2 times (x 139B)
Class org.gradle.api.internal.classpath.UnknownModuleException                        : loaded 2 times (x 82B)
Class jdk.internal.jimage.ImageHeader                                                 : loaded 2 times (x 71B)
Class kotlin.sequences.DistinctIterator                                               : loaded 2 times (x 83B)
Class kotlin.jvm.internal.PropertyReference                                           : loaded 2 times (x 115B)
Class com.google.common.base.Stopwatch                                                : loaded 2 times (x 72B)
Class com.google.common.cache.LocalCache$Strength                                     : loaded 2 times (x 81B)
Class com.google.common.cache.Cache                                                   : loaded 2 times (x 70B)
Class kotlin.collections.IndexingIterator                                             : loaded 2 times (x 79B)
Class org.apache.commons.io.filefilter.IOFileFilter                                   : loaded 2 times (x 70B)
Class com.google.common.io.AppendableWriter                                           : loaded 2 times (x 100B)
Class com.google.common.base.NullnessCasts                                            : loaded 2 times (x 71B)
Class com.google.common.util.concurrent.AbstractFuture$Cancellation                   : loaded 2 times (x 72B)
Class com.google.common.collect.ImmutableMap$Builder                                  : loaded 2 times (x 82B)
Class [Lkotlin.reflect.KAnnotatedElement;                                             : loaded 2 times (x 69B)
Class com.google.common.collect.AbstractMapBasedMultimap$WrappedCollection$WrappedIterator: loaded 2 times (x 84B)
Class com.google.common.base.Present                                                  : loaded 2 times (x 81B)
Class com.google.common.cache.RemovalListener                                         : loaded 2 times (x 70B)
Class org.gradle.api.internal.DefaultClassPathRegistry                                : loaded 2 times (x 76B)
Class kotlin.annotation.AnnotationTarget                                              : loaded 2 times (x 79B)
Class kotlin.jvm.JvmClassMappingKt                                                    : loaded 2 times (x 71B)
Class kotlin.jvm.internal.Reflection                                                  : loaded 2 times (x 71B)
Class kotlin.reflect.KProperty                                                        : loaded 2 times (x 70B)
Class kotlin.ranges.ClosedRange                                                       : loaded 2 times (x 70B)
Class com.google.common.reflect.Invokable$ConstructorInvokable                        : loaded 2 times (x 107B)
Class org.apache.commons.io.file.DeleteOption                                         : loaded 2 times (x 70B)
Class com.google.common.collect.ImmutableMultimap$Keys                                : loaded 2 times (x 166B)
Class com.google.common.primitives.IntsMethodsForWeb                                  : loaded 2 times (x 71B)
Class com.google.common.collect.Multimap                                              : loaded 2 times (x 70B)
Class org.gradle.api.internal.ClassPathRegistry                                       : loaded 2 times (x 70B)
Class org.gradle.internal.classpath.DefaultClassPath$ImmutableUniqueList              : loaded 2 times (x 199B)
Class kotlin.jvm.internal.TypeIntrinsics                                              : loaded 2 times (x 71B)
Class kotlin.collections.IntIterator                                                  : loaded 2 times (x 82B)
Class kotlin.text.StringsKt__StringsJVMKt                                             : loaded 2 times (x 71B)
Class com.google.common.reflect.TypeToken                                             : loaded 2 times (x 73B)
Class com.google.common.collect.NullnessCasts                                         : loaded 2 times (x 71B)
Class com.google.common.collect.MapMakerInternalMap$Segment                           : loaded 2 times (x 142B)
Class com.google.common.base.ExtraObjectsMethodsForWeb                                : loaded 2 times (x 71B)
Class org.apache.commons.io.IOUtils                                                   : loaded 2 times (x 71B)
Class kotlin.time.DurationUnit                                                        : loaded 2 times (x 79B)
Class kotlin.text.StringsKt__IndentKt                                                 : loaded 2 times (x 71B)
Class kotlin.collections.SetsKt                                                       : loaded 2 times (x 71B)
Class kotlin.comparisons.ComparisonsKt___ComparisonsJvmKt                             : loaded 2 times (x 71B)
Class com.google.common.io.ByteSink                                                   : loaded 2 times (x 76B)
Class com.google.common.cache.CacheBuilder                                            : loaded 2 times (x 72B)
Class com.google.common.collect.SingletonImmutableList                                : loaded 2 times (x 207B)
Class Settings_gradle$1                                                               : loaded 2 times (x 74B)
Class org.gradle.internal.classpath.ClassPath                                         : loaded 2 times (x 70B)
Class kotlin.collections.ArrayDeque                                                   : loaded 2 times (x 207B)
Class kotlin.reflect.KFunction                                                        : loaded 2 times (x 70B)
Class [Lcom.google.common.reflect.Types$JavaVersion;                                  : loaded 2 times (x 69B)
Class com.google.common.collect.Interners$InternerBuilder                             : loaded 2 times (x 76B)
Class com.google.common.io.Files$FileByteSource                                       : loaded 2 times (x 85B)
Class com.google.common.base.JdkPattern                                               : loaded 2 times (x 75B)
Class com.google.common.collect.ImmutableList$ReverseImmutableList                    : loaded 2 times (x 209B)
Class kotlin.time.DurationUnitKt__DurationUnitKt                                      : loaded 2 times (x 71B)
Class [Lkotlin.reflect.KDeclarationContainer;                                         : loaded 2 times (x 69B)
Class kotlin.jvm.internal.Lambda                                                      : loaded 2 times (x 75B)
Class kotlin.collections.MapsKt__MapsKt                                               : loaded 2 times (x 71B)
Class com.google.common.io.CharStreams$NullWriter                                     : loaded 2 times (x 99B)
Class org.objectweb.asm.SymbolTable$Entry                                             : loaded 2 times (x 74B)
Class jdk.internal.jimage.ImageStringsReader                                          : loaded 2 times (x 80B)
Class org.objectweb.asm.Edge                                                          : loaded 2 times (x 72B)
Class com.google.common.base.Suppliers$SupplierOfInstance                             : loaded 2 times (x 79B)
Class com.google.common.collect.Iterators$1                                           : loaded 2 times (x 81B)
Class kotlin.properties.Delegates                                                     : loaded 2 times (x 71B)
Class kotlin.Metadata                                                                 : loaded 2 times (x 70B)
Class kotlin.collections.AbstractMutableSet                                           : loaded 2 times (x 142B)
Class com.google.devtools.ksp.processing.KSPJvmConfig                                 : loaded 2 times (x 72B)
Class kotlin.UninitializedPropertyAccessException                                     : loaded 2 times (x 82B)
Class com.google.common.reflect.TypeToken$1                                           : loaded 2 times (x 110B)
Class com.google.common.cache.LocalCache$ComputingValueReference                      : loaded 2 times (x 96B)
Class com.google.common.collect.SingletonImmutableSet                                 : loaded 2 times (x 146B)
Class com.google.common.collect.ImmutableMap$IteratorBasedImmutableMap                : loaded 2 times (x 126B)
Class jdk.internal.jimage.ImageReader                                                 : loaded 2 times (x 75B)
Class kotlin.reflect.KProperty$Getter                                                 : loaded 2 times (x 70B)
Class com.google.common.reflect.TypeToken$2                                           : loaded 2 times (x 110B)
Class com.google.common.cache.LocalCache$Segment                                      : loaded 2 times (x 154B)
Class jdk.internal.jimage.ImageReader$SharedImageReader                               : loaded 2 times (x 95B)
Class kotlin.time.DurationJvmKt                                                       : loaded 2 times (x 71B)
Class kotlin.SafePublicationLazyImpl                                                  : loaded 2 times (x 76B)
Class com.google.common.collect.AbstractListMultimap                                  : loaded 2 times (x 172B)
Class [Lorg.objectweb.asm.SymbolTable$Entry;                                          : loaded 2 times (x 69B)
Class com.google.common.cache.CacheLoader                                             : loaded 2 times (x 74B)
Class com.google.common.collect.Iterators$4                                           : loaded 2 times (x 82B)
Class com.google.common.collect.ImmutableBiMap                                        : loaded 2 times (x 143B)
Class org.gradle.api.internal.classpath.ModuleRegistry                                : loaded 2 times (x 70B)
Class org.gradle.internal.installation.GradleInstallation$1                           : loaded 2 times (x 75B)
Class com.google.devtools.ksp.processing.KSPLogger                                    : loaded 2 times (x 70B)
Class com.google.common.base.Splitter$SplittingIterator                               : loaded 2 times (x 84B)
Class org.apache.commons.io.output.NullWriter                                         : loaded 2 times (x 99B)
Class com.google.common.collect.ImmutableSet$JdkBackedSetBuilderImpl                  : loaded 2 times (x 76B)
Class com.google.common.util.concurrent.internal.InternalFutureFailureAccess          : loaded 2 times (x 72B)
Class com.google.common.collect.Iterators$5                                           : loaded 2 times (x 82B)
Class kotlin.time.Duration$Companion                                                  : loaded 2 times (x 71B)
Class kotlin.coroutines.intrinsics.IntrinsicsKt__IntrinsicsKt                         : loaded 2 times (x 71B)
Class com.google.common.collect.ImmutableMultimap$Values                              : loaded 2 times (x 126B)
Class com.google.common.cache.LocalCache$LocalManualCache$1                           : loaded 2 times (x 75B)
Class com.google.common.base.CharMatcher$ForPredicate                                 : loaded 2 times (x 112B)
Class jdk.internal.jimage.ImageReader$Node                                            : loaded 2 times (x 84B)
Class kotlin.io.FilesKt__UtilsKt                                                      : loaded 2 times (x 71B)
Class kotlin.collections.CollectionsKt__CollectionsJVMKt                              : loaded 2 times (x 71B)
Class com.google.common.base.CharMatcher$AnyOf                                        : loaded 2 times (x 112B)
Class com.google.common.collect.ImmutableCollection                                   : loaded 2 times (x 125B)
Class ijJvmDebugger1_2vo8nnuqe8yg4l9ak5kr516ns                                        : loaded 2 times (x 171B)
Class org.gradle.api.internal.classpath.DefaultModuleRegistry                         : loaded 2 times (x 86B)
Class jdk.internal.jimage.BasicImageReader$1                                          : loaded 2 times (x 77B)
Class kotlin.collections.IndexedValue                                                 : loaded 2 times (x 72B)
Class kotlin.KotlinVersionCurrentValue                                                : loaded 2 times (x 71B)
Class kotlin.collections.builders.MapBuilder$Itr                                      : loaded 2 times (x 72B)
Class kotlin.sequences.SequencesKt                                                    : loaded 2 times (x 71B)
Class kotlin.collections.CollectionsKt__IteratorsKt                                   : loaded 2 times (x 71B)
Class com.google.common.collect.Lists                                                 : loaded 2 times (x 71B)
Class com.google.common.util.concurrent.ListenableFuture                              : loaded 2 times (x 70B)
Class com.google.common.cache.ReferenceEntry                                          : loaded 2 times (x 70B)
Class com.google.common.base.Converter                                                : loaded 2 times (x 90B)
Class com.google.common.collect.ImmutableSet$CachingAsList                            : loaded 2 times (x 148B)
Class kotlin.jvm.internal.markers.KMutableSet                                         : loaded 2 times (x 70B)
Class kotlin.text.StringsKt                                                           : loaded 2 times (x 71B)
Class com.google.common.collect.AbstractMapBasedMultimap                              : loaded 2 times (x 139B)
Class com.google.common.util.concurrent.AbstractFuture                                : loaded 2 times (x 106B)
Class com.google.common.base.FunctionalEquivalence                                    : loaded 2 times (x 83B)
Class com.google.common.collect.Iterators$9                                           : loaded 2 times (x 81B)
Class com.google.common.collect.ImmutableAsList                                       : loaded 2 times (x 209B)
Class kotlin.coroutines.jvm.internal.RestrictedContinuationImpl                       : loaded 2 times (x 87B)
Class kotlin.coroutines.CoroutineContext$Key                                          : loaded 2 times (x 70B)
Class kotlin.LazyKt__LazyJVMKt                                                        : loaded 2 times (x 71B)
Class com.google.common.reflect.TypeResolver$TypeTable                                : loaded 2 times (x 73B)
Class com.google.common.io.CharStreams                                                : loaded 2 times (x 71B)
Class com.google.common.collect.ImmutableMultiset                                     : loaded 2 times (x 163B)
Class org.objectweb.asm.RecordComponentVisitor                                        : loaded 2 times (x 77B)
Class com.google.common.cache.CacheLoader$SupplierToCacheLoader                       : loaded 2 times (x 75B)
Class jdk.internal.jimage.decompressor.Decompressor                                   : loaded 2 times (x 72B)
Class [Lkotlin.Pair;                                                                  : loaded 2 times (x 69B)
Class kotlin.jvm.internal.markers.KMutableList                                        : loaded 2 times (x 70B)
Class kotlin.io.FilesKt__FileReadWriteKt                                              : loaded 2 times (x 71B)
Class kotlin.text.StringsKt__StringNumberConversionsKt                                : loaded 2 times (x 71B)
Class com.google.common.reflect.TypeResolver$TypeTable$1                              : loaded 2 times (x 73B)
Class com.google.common.collect.Maps$EntryTransformer                                 : loaded 2 times (x 70B)
Class org.gradle.internal.service.ServiceLookupException                              : loaded 2 times (x 82B)
Class [Lkotlin.sequences.Sequence;                                                    : loaded 2 times (x 69B)
Class kotlin.jvm.internal.MutablePropertyReference1Impl                               : loaded 2 times (x 137B)
Class [Lcom.google.common.cache.LocalCache$EntryFactory;                              : loaded 2 times (x 69B)
Class org.gradle.internal.classloader.ClassLoaderFactory                              : loaded 2 times (x 70B)
Class org.apache.commons.io.CloseableURLConnection                                    : loaded 2 times (x 116B)
Class com.google.common.base.CommonPattern                                            : loaded 2 times (x 74B)
Class com.google.common.cache.LocalCache$LocalManualCache                             : loaded 2 times (x 99B)
Class com.google.common.base.CharMatcher$IsNot                                        : loaded 2 times (x 111B)
Class org.gradle.internal.service.CachingServiceLocator                               : loaded 2 times (x 82B)
Class kotlin.jvm.internal.CallableReference                                           : loaded 2 times (x 106B)
Class kotlin.collections.AbstractList$IteratorImpl                                    : loaded 2 times (x 82B)
Class com.google.common.collect.AbstractMapBasedMultimap$KeySet                       : loaded 2 times (x 137B)
Class com.google.common.math.IntMath                                                  : loaded 2 times (x 71B)
Class kotlin.properties.ReadOnlyProperty                                              : loaded 2 times (x 70B)
Class kotlin.jvm.internal.markers.KMutableMap                                         : loaded 2 times (x 70B)
Class kotlin.ranges.IntRange                                                          : loaded 2 times (x 93B)
Class com.google.common.reflect.Types$TypeVariableInvocationHandler                   : loaded 2 times (x 75B)
Class com.google.common.collect.MapMakerInternalMap$InternalEntry                     : loaded 2 times (x 70B)
Class com.google.common.collect.ImmutableMapEntry                                     : loaded 2 times (x 85B)
Class kotlin.enums.EnumEntries                                                        : loaded 2 times (x 70B)
Class com.google.common.collect.ImmutableMultimap                                     : loaded 2 times (x 147B)
Class com.google.common.base.Equivalence                                              : loaded 2 times (x 82B)
Class com.google.common.base.Function                                                 : loaded 2 times (x 70B)
Class com.google.common.collect.ImmutableMapEntry$NonTerminalImmutableMapEntry        : loaded 2 times (x 85B)
Class com.google.common.collect.IndexedImmutableSet$1                                 : loaded 2 times (x 213B)
Class org.apache.commons.io.output.AbstractByteArrayOutputStream                      : loaded 2 times (x 102B)
Class com.google.common.cache.CacheBuilder$OneWeigher                                 : loaded 2 times (x 82B)
Class com.google.common.collect.RegularImmutableList                                  : loaded 2 times (x 213B)
Class jdk.internal.jimage.ImageBufferCache                                            : loaded 2 times (x 71B)
Class jdk.internal.jrtfs.JrtPath                                                      : loaded 2 times (x 118B)
Class com.google.common.reflect.Types$ClassOwnership$1LocalClass                      : loaded 2 times (x 71B)
Class org.gradle.internal.classloader.ClasspathUtil                                   : loaded 2 times (x 71B)
Class kotlin.jvm.internal.PropertyReference0                                          : loaded 2 times (x 127B)
Class kotlin.sequences.EmptySequence                                                  : loaded 2 times (x 78B)
Class kotlin.io.FileSystemException                                                   : loaded 2 times (x 82B)
Class com.google.common.util.concurrent.Uninterruptibles                              : loaded 2 times (x 71B)
Class kotlin.sequences.DistinctSequence                                               : loaded 2 times (x 75B)
Class kotlin.jvm.internal.PropertyReference1                                          : loaded 2 times (x 127B)
Class com.google.common.util.concurrent.LazyLogger                                    : loaded 2 times (x 72B)
Class com.google.common.collect.Maps                                                  : loaded 2 times (x 71B)
Class ijJvmDebugger1_2vo8nnuqe8yg4l9ak5kr516ns$_run_closure1                          : loaded 2 times (x 139B)
Class org.gradle.api.specs.Spec                                                       : loaded 2 times (x 70B)
Class kotlin.jvm.internal.MutablePropertyReference                                    : loaded 2 times (x 119B)
Class kotlin.UnsafeLazyImpl                                                           : loaded 2 times (x 76B)
Class kotlin.LazyKt__LazyJVMKt$WhenMappings                                           : loaded 2 times (x 71B)
Class com.google.common.reflect.Types$JavaVersion                                     : loaded 2 times (x 83B)
Class com.google.common.collect.MapMaker                                              : loaded 2 times (x 72B)
Class org.apache.commons.io.file.PathFilter                                           : loaded 2 times (x 70B)
Class [Lcom.google.common.collect.ImmutableEntry;                                     : loaded 2 times (x 69B)
Class kotlin.jvm.internal.ArrayIterator                                               : loaded 2 times (x 79B)
Class kotlin.LazyThreadSafetyMode                                                     : loaded 2 times (x 79B)
Class com.google.common.cache.LocalCache$LoadingValueReference                        : loaded 2 times (x 96B)
Class ijKotlinCoroutineJvmDebugInit1_304z3prfvr8kmkv6gmy1lljlt$_run_closure1$_closure2: loaded 2 times (x 139B)
Class kotlin.jvm.internal.SpreadBuilder                                               : loaded 2 times (x 76B)
Class kotlin.collections.EmptyIterator                                                : loaded 2 times (x 89B)
Class kotlin.text.StringsKt__RegexExtensionsKt                                        : loaded 2 times (x 71B)
Class kotlin.SynchronizedLazyImpl                                                     : loaded 2 times (x 76B)
Class com.google.common.reflect.Invokable$MethodInvokable                             : loaded 2 times (x 107B)
Class com.google.common.collect.MapMakerInternalMap$StrongKeyDummyValueEntry          : loaded 2 times (x 82B)
Class com.google.common.io.LineReader$1                                               : loaded 2 times (x 75B)
Class com.google.common.collect.CollectSpliterators                                   : loaded 2 times (x 71B)
Class com.google.common.collect.AbstractMapBasedMultimap$AsMap                        : loaded 2 times (x 128B)
Class com.google.common.base.Platform                                                 : loaded 2 times (x 71B)
Class jdk.internal.jimage.ImageReader$Directory                                       : loaded 2 times (x 84B)
Class kotlin.io.FilePathComponents                                                    : loaded 2 times (x 72B)
Class kotlin.coroutines.jvm.internal.RestrictedSuspendLambda                          : loaded 2 times (x 91B)
Class kotlin.sequences.SequencesKt__SequencesJVMKt                                    : loaded 2 times (x 71B)
Class kotlin.collections.AbstractList                                                 : loaded 2 times (x 197B)
Class kotlin.collections.AbstractCollection                                           : loaded 2 times (x 117B)
Class com.google.devtools.ksp.processing.KspGradleLogger$Companion                    : loaded 2 times (x 71B)
Class com.google.common.collect.AbstractMapBasedMultimap$WrappedList                  : loaded 2 times (x 205B)
Class [Lorg.objectweb.asm.AnnotationWriter;                                           : loaded 2 times (x 69B)
Class com.google.common.collect.Maps$8                                                : loaded 2 times (x 82B)
Class kotlin.text.Regex                                                               : loaded 2 times (x 72B)
Class kotlin.Triple                                                                   : loaded 2 times (x 72B)
Class kotlin.sequences.SequencesKt__SequenceBuilderKt$sequence$$inlined$Sequence$1    : loaded 2 times (x 75B)
Class kotlin.text.StringsKt__StringBuilderJVMKt                                       : loaded 2 times (x 71B)
Class kotlin.collections.ArrayAsCollection                                            : loaded 2 times (x 105B)
Class kotlin.LazyKt__LazyKt                                                           : loaded 2 times (x 71B)
Class [Lcom.google.common.collect.Iterators$EmptyModifiableIterator;                  : loaded 2 times (x 69B)
Class com.google.common.collect.Sets$SetView                                          : loaded 2 times (x 138B)
Class com.google.common.cache.LocalCache$StrongValueReference                         : loaded 2 times (x 90B)
Class kotlin.jvm.internal.Ref$ObjectRef                                               : loaded 2 times (x 72B)
Class kotlin.jvm.internal.ReflectionFactory                                           : loaded 2 times (x 91B)
Class kotlin.UNINITIALIZED_VALUE                                                      : loaded 2 times (x 71B)
Class com.google.common.graph.SuccessorsFunction                                      : loaded 2 times (x 70B)
Class org.objectweb.asm.Type                                                          : loaded 2 times (x 72B)
Class org.gradle.internal.classloader.VisitableURLClassLoader$InstrumentingVisitableURLClassLoader: loaded 2 times (x 123B)
Class kotlin.comparisons.ComparisonsKt__ComparisonsKt                                 : loaded 2 times (x 71B)
Class kotlin.jvm.internal.ClassBasedDeclarationContainer                              : loaded 2 times (x 70B)
Class kotlin.coroutines.Continuation                                                  : loaded 2 times (x 70B)
Class kotlin.ranges.RangesKt__RangesKt                                                : loaded 2 times (x 71B)
Class kotlin.sequences.SequencesKt__SequencesKt                                       : loaded 2 times (x 71B)
Class kotlin.collections.SetsKt___SetsKt                                              : loaded 2 times (x 71B)
Class com.google.common.collect.MapMakerInternalMap$StrongKeyDummyValueEntry$Helper   : loaded 2 times (x 79B)
Class org.apache.commons.io.FileUtils                                                 : loaded 2 times (x 71B)
Class com.google.common.io.Files$FileByteSink                                         : loaded 2 times (x 77B)
Class com.google.common.math.IntMath$1                                                : loaded 2 times (x 71B)
Class org.objectweb.asm.ByteVector                                                    : loaded 2 times (x 79B)
Class [Lcom.google.common.cache.CacheBuilder$NullListener;                            : loaded 2 times (x 69B)
Class org.gradle.internal.classloader.VisitableURLClassLoader$Spec                    : loaded 2 times (x 74B)
Class org.gradle.internal.classpath.DefaultClassPath                                  : loaded 2 times (x 90B)
Class kotlin.comparisons.ComparisonsKt                                                : loaded 2 times (x 71B)
Class kotlin.comparisons.ComparisonsKt___ComparisonsKt                                : loaded 2 times (x 71B)
Class kotlin.Result$Companion                                                         : loaded 2 times (x 71B)
Class kotlin.coroutines.jvm.internal.BaseContinuationImpl                             : loaded 2 times (x 87B)
Class kotlin.text.CharsKt__CharJVMKt                                                  : loaded 2 times (x 71B)
Class kotlin.sequences.FilteringSequence                                              : loaded 2 times (x 75B)
Class com.google.devtools.ksp.processing.KspGradleLogger                              : loaded 2 times (x 79B)
Class com.google.common.reflect.Types$ClassOwnership                                  : loaded 2 times (x 80B)
Class com.google.common.base.AbstractIterator                                         : loaded 2 times (x 80B)
Class org.objectweb.asm.Symbol                                                        : loaded 2 times (x 73B)
Class kotlin.reflect.KType                                                            : loaded 2 times (x 70B)
Class com.google.common.io.Closer                                                     : loaded 2 times (x 78B)
Class com.google.common.io.Java8Compatibility                                         : loaded 2 times (x 71B)
Class com.google.common.base.CharMatcher$BitSetMatcher                                : loaded 2 times (x 112B)
Class com.google.common.collect.RegularImmutableMap$Values                            : loaded 2 times (x 207B)
Class com.google.common.collect.ImmutableSet                                          : loaded 2 times (x 145B)
Class org.gradle.internal.classloader.ClassLoaderSpec                                 : loaded 2 times (x 71B)
Class kotlin.jvm.internal.FunctionReferenceImpl                                       : loaded 2 times (x 122B)
Class kotlin.text.DelimitedRangesSequence                                             : loaded 2 times (x 75B)
Class kotlin.collections.CollectionsKt___CollectionsJvmKt                             : loaded 2 times (x 71B)
Class org.objectweb.asm.AnnotationWriter                                              : loaded 2 times (x 79B)
Class com.google.common.cache.CacheStats                                              : loaded 2 times (x 71B)
Class kotlin.jdk7.AutoCloseableKt                                                     : loaded 2 times (x 71B)
Class kotlin.time.DurationKt                                                          : loaded 2 times (x 71B)
Class kotlin.TuplesKt                                                                 : loaded 2 times (x 71B)
Class kotlin.jvm.internal.markers.KMutableIterable                                    : loaded 2 times (x 70B)
Class kotlin.sequences.SequencesKt___SequencesJvmKt                                   : loaded 2 times (x 71B)
Class kotlin.Unit                                                                     : loaded 2 times (x 71B)
Class com.google.common.collect.Interners                                             : loaded 2 times (x 71B)
Class com.google.common.io.Closer$Suppressor                                          : loaded 2 times (x 70B)
Class com.google.common.io.LineProcessor                                              : loaded 2 times (x 70B)
Class com.google.common.collect.ImmutableMultisetGwtSerializationDependencies         : loaded 2 times (x 125B)
Class org.objectweb.asm.RecordComponentWriter                                         : loaded 2 times (x 78B)
Class com.google.common.util.concurrent.AbstractFuture$Listener                       : loaded 2 times (x 72B)
Class com.google.common.base.CharMatcher$Or                                           : loaded 2 times (x 112B)
Class Settings_gradle$1$1                                                             : loaded 2 times (x 74B)
Class kotlin.io.FileTreeWalk$DirectoryState                                           : loaded 2 times (x 73B)
Class kotlin.ranges.RangesKt                                                          : loaded 2 times (x 71B)
Class org.objectweb.asm.Attribute                                                     : loaded 2 times (x 77B)
Class com.google.common.base.Supplier                                                 : loaded 2 times (x 70B)
Class org.gradle.internal.classloader.VisitableURLClassLoader                         : loaded 2 times (x 117B)
Class [Lkotlin.DeprecationLevel;                                                      : loaded 2 times (x 69B)
Class kotlin.sequences.GeneratorSequence                                              : loaded 2 times (x 75B)
Class kotlin.sequences.FlatteningSequence$iterator$1                                  : loaded 2 times (x 79B)
Class kotlin.collections.ArraysUtilJVM                                                : loaded 2 times (x 71B)
Class kotlin.jvm.functions.Function0                                                  : loaded 2 times (x 70B)
Class com.google.common.collect.ImmutableList$SerializedForm                          : loaded 2 times (x 73B)
Class Settings_gradle                                                                 : loaded 2 times (x 124B)
Class org.gradle.internal.Cast                                                        : loaded 2 times (x 71B)
Class org.gradle.api.Action                                                           : loaded 2 times (x 70B)
Class kotlin.properties.ReadWriteProperty                                             : loaded 2 times (x 70B)
Class kotlin.collections.AbstractMutableList                                          : loaded 2 times (x 206B)
Class kotlin.jvm.functions.Function1                                                  : loaded 2 times (x 70B)
Class com.google.common.collect.MapMakerInternalMap                                   : loaded 2 times (x 161B)
Class com.google.common.base.Strings                                                  : loaded 2 times (x 71B)
Class com.google.common.collect.Sets                                                  : loaded 2 times (x 71B)
Class org.objectweb.asm.Handler                                                       : loaded 2 times (x 72B)
Class com.google.common.base.Ticker                                                   : loaded 2 times (x 72B)
Class com.google.common.base.CharMatcher$FastMatcher                                  : loaded 2 times (x 111B)
Class kotlin.jvm.internal.markers.KMutableIterator                                    : loaded 2 times (x 70B)
Class kotlin.jvm.functions.Function2                                                  : loaded 2 times (x 70B)
Class kotlin.KotlinNothingValueException                                              : loaded 2 times (x 82B)
Class com.google.devtools.ksp.processing.KSPConfig                                    : loaded 2 times (x 72B)
Class [Lcom.google.common.cache.LocalCache$Segment;                                   : loaded 2 times (x 69B)
Class [Lcom.google.common.cache.LocalCache$Strength;                                  : loaded 2 times (x 69B)
Class com.google.common.cache.CacheBuilder$1                                          : loaded 2 times (x 85B)
Class com.google.common.base.Predicate                                                : loaded 2 times (x 70B)
Class com.google.common.collect.ImmutableMap                                          : loaded 2 times (x 120B)
Class org.gradle.internal.classpath.DefaultClassPath$ImmutableUniqueList$Builder      : loaded 2 times (x 75B)
Class kotlin.jvm.functions.Function3                                                  : loaded 2 times (x 70B)
Class kotlin.io.FileTreeWalk$WalkState                                                : loaded 2 times (x 73B)
Class kotlin.collections.MapsKt___MapsJvmKt                                           : loaded 2 times (x 71B)
Class com.google.common.collect.MapMakerInternalMap$WeakValueReference                : loaded 2 times (x 70B)
Class com.google.common.cache.LocalCache                                              : loaded 2 times (x 187B)
Class com.google.common.cache.CacheBuilder$2                                          : loaded 2 times (x 79B)
Class com.google.common.base.CharMatcher$NegatedFastMatcher                           : loaded 2 times (x 113B)
Class kotlin.annotation.Target                                                        : loaded 2 times (x 70B)
Class kotlin.jvm.functions.Function4                                                  : loaded 2 times (x 70B)
Class kotlin.collections.EmptySet                                                     : loaded 2 times (x 122B)
Class kotlin.collections.CollectionsKt___CollectionsKt                                : loaded 2 times (x 71B)
Class com.google.common.collect.ArrayListMultimap                                     : loaded 2 times (x 172B)
Class com.google.common.cache.CacheBuilder$3                                          : loaded 2 times (x 72B)
Class [Lcom.google.common.collect.AbstractMapEntry;                                   : loaded 2 times (x 69B)
Class com.google.common.collect.ImmutableEntry                                        : loaded 2 times (x 82B)
Class org.gradle.api.GradleException                                                  : loaded 2 times (x 82B)
Class jdk.internal.jimage.ImageStrings                                                : loaded 2 times (x 70B)
Class kotlin.annotation.Retention                                                     : loaded 2 times (x 70B)
Class kotlin.jvm.functions.Function5                                                  : loaded 2 times (x 70B)
Class kotlin.reflect.KDeclarationContainer                                            : loaded 2 times (x 70B)
Class kotlin.text.StringsKt___StringsJvmKt                                            : loaded 2 times (x 71B)
Class com.google.common.base.Suppliers$MemoizingSupplier                              : loaded 2 times (x 79B)
Class org.apache.commons.io.StandardLineSeparator                                     : loaded 2 times (x 79B)
Class com.google.common.collect.CollectPreconditions                                  : loaded 2 times (x 71B)
Class kotlin.jvm.functions.Function6                                                  : loaded 2 times (x 70B)
Class kotlin.io.FilesKt                                                               : loaded 2 times (x 71B)
Class kotlin.collections.ArraysKt___ArraysKt                                          : loaded 2 times (x 71B)
Class kotlin.collections.MapsKt___MapsKt                                              : loaded 2 times (x 71B)
Class [Lcom.google.common.collect.MapMakerInternalMap$Strength;                       : loaded 2 times (x 69B)
Class [Lcom.google.common.io.FileWriteMode;                                           : loaded 2 times (x 69B)
Class com.google.common.collect.SortedMapDifference                                   : loaded 2 times (x 70B)
Class [Lkotlin.time.DurationUnit;                                                     : loaded 2 times (x 69B)
Class kotlin.jvm.functions.Function7                                                  : loaded 2 times (x 70B)
Class kotlin.sequences.SequencesKt___SequencesKt$asIterable$$inlined$Iterable$1       : loaded 2 times (x 79B)
Class kotlin.collections.MapsKt__MapWithDefaultKt                                     : loaded 2 times (x 71B)
Class com.google.common.collect.Iterables$4                                           : loaded 2 times (x 81B)
Class com.google.common.collect.MapMakerInternalMap$StrongKeyDummyValueSegment        : loaded 2 times (x 142B)
Class com.google.common.io.Files                                                      : loaded 2 times (x 71B)
Class com.google.common.cache.LocalCache$EntryFactory                                 : loaded 2 times (x 83B)
Class [Lkotlin.annotation.AnnotationRetention;                                        : loaded 2 times (x 69B)
Class kotlin.jvm.functions.Function8                                                  : loaded 2 times (x 70B)
Class kotlin.collections.builders.MapBuilder$Companion                                : loaded 2 times (x 71B)
Class kotlin.text.StringsKt___StringsKt                                               : loaded 2 times (x 71B)
Class kotlin.collections.CollectionsKt__MutableCollectionsJVMKt                       : loaded 2 times (x 71B)
Class kotlin.enums.EnumEntriesKt                                                      : loaded 2 times (x 71B)
Class com.google.common.reflect.Types$NativeTypeVariableEquals                        : loaded 2 times (x 71B)
Class com.google.common.reflect.TypeParameter                                         : loaded 2 times (x 72B)
Class [Lcom.google.common.collect.MapMaker$Dummy;                                     : loaded 2 times (x 69B)
Class com.google.common.base.CharMatcher$Whitespace                                   : loaded 2 times (x 112B)
Class com.google.common.cache.LocalCache$AbstractReferenceEntry                       : loaded 2 times (x 107B)
Class org.gradle.internal.IoActions                                                   : loaded 2 times (x 71B)
Class kotlin.annotation.MustBeDocumented                                              : loaded 2 times (x 70B)
Class kotlin.jvm.functions.Function10                                                 : loaded 2 times (x 70B)
Class kotlin.jvm.functions.Function9                                                  : loaded 2 times (x 70B)
Class [Lkotlin.reflect.KClassifier;                                                   : loaded 2 times (x 69B)
Class [Lkotlin.LazyThreadSafetyMode;                                                  : loaded 2 times (x 69B)
Class com.google.common.collect.ImmutableMapKeySet                                    : loaded 2 times (x 152B)
Class org.objectweb.asm.SymbolTable                                                   : loaded 2 times (x 72B)
Class com.google.common.cache.CacheLoader$InvalidCacheLoadException                   : loaded 2 times (x 82B)
Class com.google.common.collect.ImmutableSet$RegularSetBuilderImpl                    : loaded 2 times (x 77B)
Class org.gradle.internal.classloader.SystemClassLoaderSpec                           : loaded 2 times (x 71B)
Class kotlin.jvm.functions.Function11                                                 : loaded 2 times (x 70B)
Class kotlin.jvm.internal.PropertyReference0Impl                                      : loaded 2 times (x 127B)
Class kotlin.reflect.KAnnotatedElement                                                : loaded 2 times (x 70B)
Class kotlin.jvm.internal.markers.KMutableCollection                                  : loaded 2 times (x 70B)
Class kotlin.coroutines.intrinsics.IntrinsicsKt                                       : loaded 2 times (x 71B)
Class kotlin.ranges.IntRange$Companion                                                : loaded 2 times (x 71B)
Class kotlin.collections.EmptyMap                                                     : loaded 2 times (x 108B)
Class kotlin.jvm.internal.Intrinsics                                                  : loaded 2 times (x 71B)
Class com.google.common.collect.FluentIterable                                        : loaded 2 times (x 81B)
Class com.google.common.cache.LocalCache$StrongEntry                                  : loaded 2 times (x 108B)
Class com.google.common.util.concurrent.AbstractFuture$TrustedFuture                  : loaded 2 times (x 114B)
Class com.google.common.cache.LoadingCache                                            : loaded 2 times (x 70B)
Class ijKotlinCoroutineJvmDebugInit1_304z3prfvr8kmkv6gmy1lljlt                        : loaded 2 times (x 171B)
Class jdk.internal.jrtfs.JrtFileSystem                                                : loaded 2 times (x 102B)
Class kotlin.jvm.functions.Function12                                                 : loaded 2 times (x 70B)
Class kotlin.io.FileTreeWalk$FileTreeWalkIterator$TopDownDirectoryState               : loaded 2 times (x 74B)
Class kotlin.coroutines.intrinsics.CoroutineSingletons                                : loaded 2 times (x 79B)
Class kotlin.collections.MapsKt                                                       : loaded 2 times (x 71B)
Class kotlin.collections.CollectionsKt__IterablesKt                                   : loaded 2 times (x 71B)
Class com.google.common.io.ByteStreams$LimitedInputStream                             : loaded 2 times (x 92B)
Class com.google.common.base.Suppliers$NonSerializableMemoizingSupplier               : loaded 2 times (x 79B)
Class org.objectweb.asm.MethodWriter                                                  : loaded 2 times (x 106B)
Class [Lcom.google.common.cache.Weigher;                                              : loaded 2 times (x 69B)
Class com.google.common.collect.RegularImmutableMap$BucketOverflowException           : loaded 2 times (x 82B)
Class kotlin.text.Charsets                                                            : loaded 2 times (x 71B)
Class kotlin.jvm.functions.Function13                                                 : loaded 2 times (x 70B)
Class kotlin.sequences.SequenceBuilderIterator                                        : loaded 2 times (x 85B)
Class kotlin.ranges.OpenEndRange                                                      : loaded 2 times (x 70B)
Class kotlin.KotlinNullPointerException                                               : loaded 2 times (x 83B)
Class com.google.common.collect.ImmutableMultimap$1                                   : loaded 2 times (x 82B)
Class com.google.common.collect.AbstractMapBasedMultimap$RandomAccessWrappedList      : loaded 2 times (x 205B)
Class kotlin.jvm.functions.Function14                                                 : loaded 2 times (x 70B)
Class kotlin.ranges.RangesKt___RangesKt                                               : loaded 2 times (x 71B)
Class com.google.common.reflect.Types$JavaVersion$1                                   : loaded 2 times (x 83B)
Class com.google.common.collect.AbstractIterator$State                                : loaded 2 times (x 79B)
Class com.google.common.collect.ImmutableMultimap$2                                   : loaded 2 times (x 81B)
Class com.google.common.cache.LocalCache$ValueReference                               : loaded 2 times (x 70B)
Class com.google.common.base.CharMatcher$Is                                           : loaded 2 times (x 111B)
Class com.google.common.base.CharMatcher$Negated                                      : loaded 2 times (x 113B)
Class com.google.common.collect.RegularImmutableBiMap                                 : loaded 2 times (x 149B)
Class kotlin.collections.ArrayDeque$Companion                                         : loaded 2 times (x 71B)
Class kotlin.jvm.functions.Function15                                                 : loaded 2 times (x 70B)
Class kotlin.text.CharsKt__CharKt                                                     : loaded 2 times (x 71B)
Class kotlin.collections.ArraysKt                                                     : loaded 2 times (x 71B)
Class com.google.common.reflect.Types$JavaVersion$2                                   : loaded 2 times (x 83B)
Class com.google.common.reflect.Types                                                 : loaded 2 times (x 71B)
Class com.google.common.base.PatternCompiler                                          : loaded 2 times (x 70B)
Class com.google.common.util.concurrent.AbstractFuture$Failure                        : loaded 2 times (x 72B)
Class com.google.common.base.Equivalence$Equals                                       : loaded 2 times (x 82B)
Class com.google.common.collect.Hashing                                               : loaded 2 times (x 71B)
Class com.google.common.base.Preconditions                                            : loaded 2 times (x 71B)
Class kotlin.jvm.functions.Function16                                                 : loaded 2 times (x 70B)
Class kotlin.coroutines.EmptyCoroutineContext                                         : loaded 2 times (x 77B)
Class kotlin.collections.SetsKt__SetsKt                                               : loaded 2 times (x 71B)
Class kotlin.LazyKt                                                                   : loaded 2 times (x 71B)
Class com.google.common.reflect.Types$JavaVersion$3                                   : loaded 2 times (x 83B)
Class [Lorg.apache.commons.io.file.DeleteOption;                                      : loaded 2 times (x 69B)
Class com.google.common.io.CharSink                                                   : loaded 2 times (x 79B)
Class com.google.common.base.Joiner$1                                                 : loaded 2 times (x 80B)
Class org.objectweb.asm.Label                                                         : loaded 2 times (x 73B)
Class org.objectweb.asm.CurrentFrame                                                  : loaded 2 times (x 73B)
Class org.objectweb.asm.ClassTooLargeException                                        : loaded 2 times (x 83B)
Class com.google.common.base.CharMatcher                                              : loaded 2 times (x 111B)
Class com.google.common.collect.PeekingIterator                                       : loaded 2 times (x 70B)
Class kotlin.InitializedLazyImpl                                                      : loaded 2 times (x 76B)
Class kotlin.jvm.functions.Function17                                                 : loaded 2 times (x 70B)
Class kotlin.collections.ArraysKt__ArraysJVMKt                                        : loaded 2 times (x 71B)
Class com.google.common.reflect.Types$JavaVersion$4                                   : loaded 2 times (x 83B)
Class com.google.common.collect.MapMakerInternalMap$InternalEntryHelper               : loaded 2 times (x 70B)
Class com.google.common.collect.Table                                                 : loaded 2 times (x 70B)
Class com.google.common.base.Joiner$2                                                 : loaded 2 times (x 79B)
Class org.objectweb.asm.Frame                                                         : loaded 2 times (x 73B)
Class org.objectweb.asm.MethodVisitor                                                 : loaded 2 times (x 105B)
Class com.google.common.cache.LocalCache$EntryFactory$1                               : loaded 2 times (x 83B)
Class [Lcom.google.common.cache.RemovalListener;                                      : loaded 2 times (x 69B)
Class com.google.common.base.CharMatcher$NamedFastMatcher                             : loaded 2 times (x 112B)
Class com.google.common.base.CharMatcher$1                                            : loaded 2 times (x 113B)
Class kotlin.jvm.functions.Function18                                                 : loaded 2 times (x 70B)
Class kotlin.jvm.internal.CallableReference$NoReceiver                                : loaded 2 times (x 71B)
Class kotlin.text.StringsKt__StringBuilderKt                                          : loaded 2 times (x 71B)
Class com.google.common.reflect.Types$JavaVersion$5                                   : loaded 2 times (x 71B)
Class [Lcom.google.common.reflect.Types$ClassOwnership;                               : loaded 2 times (x 69B)
Class com.google.common.cache.LocalCache$EntryFactory$2                               : loaded 2 times (x 83B)
Class org.gradle.api.internal.classpath.GlobalCacheRootsProvider                      : loaded 2 times (x 70B)
Class kotlin.reflect.KMutableProperty$Setter                                          : loaded 2 times (x 70B)
Class kotlin.jvm.functions.Function19                                                 : loaded 2 times (x 70B)
Class kotlin.Lazy                                                                     : loaded 2 times (x 70B)
Class kotlin.NoWhenBranchMatchedException                                             : loaded 2 times (x 82B)
Class org.objectweb.asm.ModuleWriter                                                  : loaded 2 times (x 82B)
Class com.google.common.cache.LocalCache$EntryFactory$3                               : loaded 2 times (x 83B)
Class com.google.common.base.Ticker$1                                                 : loaded 2 times (x 72B)
Class com.google.common.collect.Maps$BiMapConverter                                   : loaded 2 times (x 90B)
Class com.google.common.collect.ImmutableMapEntrySet$RegularEntrySet                  : loaded 2 times (x 152B)
Class com.google.common.collect.SetMultimap                                           : loaded 2 times (x 70B)
Class com.google.common.collect.CollectSpliterators$1                                 : loaded 2 times (x 90B)
Class com.google.common.collect.ImmutableSet$Builder                                  : loaded 2 times (x 85B)
Class com.google.common.cache.LocalCache$EntryFactory$4                               : loaded 2 times (x 83B)
Class com.google.common.base.CharMatcher$InRange                                      : loaded 2 times (x 111B)
Class kotlin.sequences.ConstrainedOnceSequence                                        : loaded 2 times (x 75B)
Class com.google.common.io.ByteStreams$1                                              : loaded 2 times (x 85B)
Class com.google.common.cache.LocalCache$EntryFactory$5                               : loaded 2 times (x 83B)
Class kotlin.time.Duration                                                            : loaded 2 times (x 74B)
Class [Lkotlin.reflect.KProperty;                                                     : loaded 2 times (x 69B)
Class kotlin.jvm.internal.markers.KMappedMarker                                       : loaded 2 times (x 70B)
Class kotlin.io.TextStreamsKt                                                         : loaded 2 times (x 71B)
Class com.google.common.collect.HashMultimap                                          : loaded 2 times (x 174B)
Class org.apache.commons.io.output.AppendableWriter                                   : loaded 2 times (x 100B)
Class com.google.common.cache.LocalCache$EntryFactory$6                               : loaded 2 times (x 83B)
Class org.gradle.internal.installation.CurrentGradleInstallationLocator               : loaded 2 times (x 71B)
Class kotlin.coroutines.jvm.internal.SpillingKt                                       : loaded 2 times (x 71B)
Class [Lkotlin.io.FileWalkDirection;                                                  : loaded 2 times (x 69B)
Class com.google.common.collect.ImmutableMultimap$Builder                             : loaded 2 times (x 86B)
Class org.apache.commons.io.output.ThresholdingOutputStream                           : loaded 2 times (x 95B)
Class com.google.common.collect.Maps$KeySet                                           : loaded 2 times (x 137B)
Class com.google.common.collect.ImmutableSet$EmptySetBuilderImpl                      : loaded 2 times (x 76B)
Class com.google.common.cache.LocalCache$EntryFactory$7                               : loaded 2 times (x 83B)
Class com.google.common.collect.ImmutableList                                         : loaded 2 times (x 206B)
Class org.gradle.internal.service.DefaultServiceLocator                               : loaded 2 times (x 83B)
Class kotlin.reflect.KMutableProperty0                                                : loaded 2 times (x 70B)
Class kotlin.reflect.KClassifier                                                      : loaded 2 times (x 70B)
Class kotlin.io.FileTreeWalk                                                          : loaded 2 times (x 75B)
Class kotlin.coroutines.jvm.internal.SuspendFunction                                  : loaded 2 times (x 70B)
Class com.google.common.cache.LocalCache$SoftValueReference                           : loaded 2 times (x 97B)
Class com.google.common.collect.ImmutableMultimap$EntryCollection                     : loaded 2 times (x 128B)
Class com.google.common.collect.Maps$EntrySet                                         : loaded 2 times (x 136B)
Class com.google.common.cache.LocalCache$EntryFactory$8                               : loaded 2 times (x 83B)
Class com.google.common.collect.ImmutableSet$SetBuilderImpl                           : loaded 2 times (x 76B)
Class org.gradle.internal.installation.CurrentGradleInstallation                      : loaded 2 times (x 73B)
Class kotlin.jvm.internal.Ref$BooleanRef                                              : loaded 2 times (x 71B)
Class kotlin.jvm.internal.StringCompanionObject                                       : loaded 2 times (x 71B)
Class kotlin.reflect.KMutableProperty1                                                : loaded 2 times (x 70B)
Class kotlin.coroutines.intrinsics.IntrinsicsKt__IntrinsicsJvmKt                      : loaded 2 times (x 71B)
Class kotlin.coroutines.jvm.internal.CoroutineStackFrame                              : loaded 2 times (x 70B)
Class com.google.common.cache.CacheLoader$1                                           : loaded 2 times (x 75B)
Class com.google.common.collect.ForwardingObject                                      : loaded 2 times (x 72B)
Class com.google.common.collect.ImmutableList$SubList                                 : loaded 2 times (x 209B)
Class org.gradle.util.internal.GUtil                                                  : loaded 2 times (x 71B)
Class kotlin.reflect.KMutableProperty2                                                : loaded 2 times (x 70B)
Class kotlin.io.NoSuchFileException                                                   : loaded 2 times (x 82B)
Class kotlin.collections.CollectionsKt                                                : loaded 2 times (x 71B)
Class com.google.common.io.ByteSource                                                 : loaded 2 times (x 84B)
Class com.google.common.cache.AbstractCache$StatsCounter                              : loaded 2 times (x 70B)
Class kotlin.time.DurationUnitKt                                                      : loaded 2 times (x 71B)
Class kotlin.ranges.IntProgressionIterator                                            : loaded 2 times (x 82B)
Class kotlin.coroutines.jvm.internal.DebugProbesKt                                    : loaded 2 times (x 71B)
Class kotlin.coroutines.CoroutineContext                                              : loaded 2 times (x 70B)
Class com.google.common.reflect.Types$TypeVariableImpl                                : loaded 2 times (x 72B)
Class com.google.common.collect.MapMakerInternalMap$1                                 : loaded 2 times (x 83B)
Class com.google.common.io.LineBuffer                                                 : loaded 2 times (x 75B)
Class com.google.common.collect.Iterators$MergingIterator                             : loaded 2 times (x 81B)
Class com.google.common.collect.RegularImmutableSet                                   : loaded 2 times (x 149B)
Class org.gradle.internal.installation.GradleInstallation                             : loaded 2 times (x 75B)
Class com.google.common.base.Splitter$Strategy                                        : loaded 2 times (x 70B)
Class com.google.common.collect.Iterables                                             : loaded 2 times (x 71B)
Class kotlin.io.FileWalkDirection                                                     : loaded 2 times (x 79B)
Class kotlin.jvm.KotlinReflectionNotSupportedError                                    : loaded 2 times (x 82B)
Class kotlin.ranges.IntProgression                                                    : loaded 2 times (x 81B)

---------------  S Y S T E M  ---------------

OS:
 Windows 11 , 64 bit Build 26100 (10.0.26100.8737)
OS uptime: 5 days 7:07 hours
Hyper-V role detected

CPU: total 12 (initial active 12) (12 cores per cpu, 2 threads per core) family 23 model 104 stepping 1 microcode 0x8608109, cx8, cmov, fxsr, ht, mmx, 3dnowpref, sse, sse2, sse3, ssse3, sse4a, sse4.1, sse4.2, popcnt, lzcnt, tsc, tscinvbit, avx, avx2, aes, clmul, bmi1, bmi2, adx, sha, fma, vzeroupper, clflush, clflushopt, hv, rdtscp, rdpid, f16c
Processor Information for the first 12 processors :
  Max Mhz: 2100, Current Mhz: 2100, Mhz Limit: 2100

Memory: 4k page, system-wide physical 7501M (261M free)
TotalPageFile size 21837M (AvailPageFile size 36M)
current process WorkingSet (physical memory assigned to process): 1053M, peak: 1079M
current process commit charge ("private bytes"): 1156M, peak: 1176M

vm_info: OpenJDK 64-Bit Server VM (21.0.10+-14961533-b1163.108) for windows-amd64 JRE (21.0.10+-14961533-b1163.108), built on 2026-03-02T19:58:50Z by "builder" with MS VC++ 16.10 / 16.11 (VS2019)

END.
